{"fields":[{"name":"_id","path":"_id","count":562,"types":[{"name":"Number","bsonType":"Number","path":"_id","count":562,"total_count":0,"probability":1}],"total_count":562,"type":"Number","has_duplicates":false,"probability":1},{"name":"Category","path":"Category","count":562,"types":[{"name":"String","bsonType":"String","path":"Category","count":562,"total_count":0,"probability":1}],"total_count":562,"type":"String","has_duplicates":false,"probability":1},{"name":"EmailSentOn","path":"EmailSentOn","count":562,"types":[{"name":"Date","bsonType":"Date","path":"EmailSentOn","count":562,"total_count":0,"probability":1}],"total_count":562,"type":"Date","has_duplicates":false,"probability":1},{"name":"Id","path":"Id","count":562,"types":[{"name":"Number","bsonType":"Number","path":"Id","count":562,"total_count":0,"probability":1}],"total_count":562,"type":"Number","has_duplicates":false,"probability":1},{"name":"TransID","path":"TransID","count":562,"types":[{"name":"String","bsonType":"String","path":"TransID","count":562,"total_count":0,"probability":1}],"total_count":562,"type":"String","has_duplicates":false,"probability":1}],"count":562}