[{"_id":1,"Id":1,"AccountingTool":"Microsoft Dynamics","Property":"BatchID"},{"_id":2,"Id":2,"AccountingTool":"Microsoft Dynamics","Property":"Transaction Date"},{"_id":3,"Id":3,"AccountingTool":"Microsoft Dynamics","Property":"Reference"},{"_id":4,"Id":4,"AccountingTool":"Microsoft Dynamics","Property":"CurrencyID"},{"_id":5,"Id":5,"AccountingTool":"Microsoft Dynamics","Property":"Description"},{"_id":6,"Id":6,"AccountingTool":"Microsoft Dynamics","Property":"Accout"},{"_id":7,"Id":7,"AccountingTool":"Microsoft Dynamics","Property":"Debit"},{"_id":8,"Id":8,"AccountingTool":"Microsoft Dynamics","Property":"Credit"},{"_id":9,"Id":9,"AccountingTool":"QuickBooks Online","Property":"Journal no"},{"_id":10,"Id":10,"AccountingTool":"QuickBooks Online","Property":"Account"},{"_id":11,"Id":11,"AccountingTool":"QuickBooks Online","Property":"Debits"},{"_id":12,"Id":12,"AccountingTool":"QuickBooks Online","Property":"Credits"},{"_id":13,"Id":13,"AccountingTool":"QuickBooks Online","Property":"Description"},{"_id":14,"Id":14,"AccountingTool":"QuickBooks Online","Property":"Journal date"}]