[{"_id":1,"Id":1,"TransID":"b9556416-ac57-e811-810b-063a20171a6f","EmailSentOn":"2018-06-25T17:51:07.717Z","Category":"Expenses"},{"_id":2,"Id":2,"TransID":"46","EmailSentOn":"2018-06-25T18:00:43.907Z","Category":"Journal"},{"_id":3,"Id":3,"TransID":"34d01b59-e272-e811-810b-063a20171a6f","EmailSentOn":"2018-06-25T18:00:49.027Z","Category":"Expenses"},{"_id":4,"Id":4,"TransID":"681","EmailSentOn":"2018-06-25T18:20:44.910Z","Category":"Journal"},{"_id":5,"Id":5,"TransID":"11","EmailSentOn":"2018-07-26T05:19:20.987Z","Category":"Journal"},{"_id":6,"Id":6,"TransID":"95","EmailSentOn":"2018-07-26T05:19:41.410Z","Category":"Journal"},{"_id":7,"Id":7,"TransID":"118","EmailSentOn":"2018-07-26T05:20:04.417Z","Category":"Journal"},{"_id":8,"Id":8,"TransID":"119","EmailSentOn":"2018-07-26T05:20:25.350Z","Category":"Journal"},{"_id":9,"Id":9,"TransID":"141","EmailSentOn":"2018-07-26T05:20:50.840Z","Category":"Journal"},{"_id":10,"Id":10,"TransID":"176","EmailSentOn":"2018-07-26T05:21:10.033Z","Category":"Journal"},{"_id":11,"Id":11,"TransID":"280","EmailSentOn":"2018-07-26T05:21:32.097Z","Category":"Journal"},{"_id":12,"Id":12,"TransID":"340","EmailSentOn":"2018-07-26T05:21:53.853Z","Category":"Journal"},{"_id":13,"Id":13,"TransID":"346","EmailSentOn":"2018-07-26T05:22:13.397Z","Category":"Journal"},{"_id":14,"Id":14,"TransID":"367","EmailSentOn":"2018-07-26T05:22:35.783Z","Category":"Journal"},{"_id":15,"Id":15,"TransID":"426","EmailSentOn":"2018-07-26T05:22:59.457Z","Category":"Journal"},{"_id":16,"Id":16,"TransID":"462","EmailSentOn":"2018-07-26T05:23:22.817Z","Category":"Journal"},{"_id":17,"Id":17,"TransID":"643","EmailSentOn":"2018-07-26T05:23:41.433Z","Category":"Journal"},{"_id":18,"Id":18,"TransID":"712","EmailSentOn":"2018-07-26T05:24:07.447Z","Category":"Journal"},{"_id":19,"Id":19,"TransID":"751","EmailSentOn":"2018-07-26T05:24:27.143Z","Category":"Journal"},{"_id":20,"Id":20,"TransID":"0c061c31-c40c-e811-810a-063a20171a6f","EmailSentOn":"2018-07-26T05:24:44.757Z","Category":"Expenses"},{"_id":21,"Id":21,"TransID":"0e061c31-c40c-e811-810a-063a20171a6f","EmailSentOn":"2018-07-26T05:25:07.820Z","Category":"Expenses"},{"_id":22,"Id":22,"TransID":"10061c31-c40c-e811-810a-063a20171a6f","EmailSentOn":"2018-07-26T05:25:27.630Z","Category":"Expenses"},{"_id":23,"Id":23,"TransID":"12061c31-c40c-e811-810a-063a20171a6f","EmailSentOn":"2018-07-26T05:25:46.057Z","Category":"Expenses"},{"_id":24,"Id":24,"TransID":"14061c31-c40c-e811-810a-063a20171a6f","EmailSentOn":"2018-07-26T05:26:08.837Z","Category":"Expenses"},{"_id":25,"Id":25,"TransID":"16061c31-c40c-e811-810a-063a20171a6f","EmailSentOn":"2018-07-26T05:26:29.103Z","Category":"Expenses"},{"_id":26,"Id":26,"TransID":"18061c31-c40c-e811-810a-063a20171a6f","EmailSentOn":"2018-07-26T05:26:54.657Z","Category":"Expenses"},{"_id":27,"Id":27,"TransID":"f75b74a4-6a0d-e811-810a-063a20171a6f","EmailSentOn":"2018-07-26T05:27:13.673Z","Category":"Expenses"},{"_id":28,"Id":28,"TransID":"f95b74a4-6a0d-e811-810a-063a20171a6f","EmailSentOn":"2018-07-26T05:27:39.690Z","Category":"Expenses"},{"_id":29,"Id":29,"TransID":"fb5b74a4-6a0d-e811-810a-063a20171a6f","EmailSentOn":"2018-07-26T05:27:58.223Z","Category":"Expenses"},{"_id":30,"Id":30,"TransID":"034854b8-8c10-e811-810a-063a20171a6f","EmailSentOn":"2018-07-26T05:28:20.697Z","Category":"Expenses"},{"_id":31,"Id":31,"TransID":"d6b16026-b110-e811-810a-063a20171a6f","EmailSentOn":"2018-07-26T05:28:39.493Z","Category":"Expenses"},{"_id":32,"Id":32,"TransID":"1b207293-df12-e811-810a-063a20171a6f","EmailSentOn":"2018-07-26T05:28:59.140Z","Category":"Expenses"},{"_id":33,"Id":33,"TransID":"40e8fd2a-bd16-e811-810a-063a20171a6f","EmailSentOn":"2018-07-26T05:29:21.733Z","Category":"Expenses"},{"_id":34,"Id":34,"TransID":"9c142c36-bf16-e811-810a-063a20171a6f","EmailSentOn":"2018-07-26T05:29:44.477Z","Category":"Expenses"},{"_id":35,"Id":35,"TransID":"5e0a00e9-c116-e811-810a-063a20171a6f","EmailSentOn":"2018-07-26T05:30:04.100Z","Category":"Expenses"},{"_id":36,"Id":36,"TransID":"344e765a-f816-e811-810a-063a20171a6f","EmailSentOn":"2018-07-26T05:30:23.300Z","Category":"Expenses"},{"_id":37,"Id":37,"TransID":"3d10bee3-ec1a-e811-810a-063a20171a6f","EmailSentOn":"2018-07-26T05:30:47.587Z","Category":"Expenses"},{"_id":38,"Id":38,"TransID":"3f10bee3-ec1a-e811-810a-063a20171a6f","EmailSentOn":"2018-07-26T05:31:07.007Z","Category":"Expenses"},{"_id":39,"Id":39,"TransID":"4110bee3-ec1a-e811-810a-063a20171a6f","EmailSentOn":"2018-07-26T05:31:27.233Z","Category":"Expenses"},{"_id":40,"Id":40,"TransID":"d2831b65-ff1d-e811-810a-063a20171a6f","EmailSentOn":"2018-07-26T05:31:44.797Z","Category":"Expenses"},{"_id":41,"Id":41,"TransID":"3a35ea68-2e20-e811-810a-063a20171a6f","EmailSentOn":"2018-07-26T05:32:08.603Z","Category":"Expenses"},{"_id":42,"Id":42,"TransID":"49f84e48-f420-e811-810a-063a20171a6f","EmailSentOn":"2018-07-26T05:32:27.457Z","Category":"Expenses"},{"_id":43,"Id":43,"TransID":"26cd413b-c125-e811-810a-063a20171a6f","EmailSentOn":"2018-07-26T05:32:51.470Z","Category":"Expenses"},{"_id":44,"Id":44,"TransID":"ca7c37c6-f025-e811-810a-063a20171a6f","EmailSentOn":"2018-07-26T05:33:10.627Z","Category":"Expenses"},{"_id":45,"Id":45,"TransID":"44b7b60b-ff2b-e811-810a-063a20171a6f","EmailSentOn":"2018-07-26T05:33:32.440Z","Category":"Expenses"},{"_id":46,"Id":46,"TransID":"898aa5c5-d630-e811-810a-063a20171a6f","EmailSentOn":"2018-07-26T05:33:53.220Z","Category":"Expenses"},{"_id":47,"Id":47,"TransID":"8b8aa5c5-d630-e811-810a-063a20171a6f","EmailSentOn":"2018-07-26T05:34:18.493Z","Category":"Expenses"},{"_id":48,"Id":48,"TransID":"8d8aa5c5-d630-e811-810a-063a20171a6f","EmailSentOn":"2018-07-26T05:34:37.347Z","Category":"Expenses"},{"_id":49,"Id":49,"TransID":"9772a587-9531-e811-810a-063a20171a6f","EmailSentOn":"2018-07-26T05:35:01.463Z","Category":"Expenses"},{"_id":50,"Id":50,"TransID":"9972a587-9531-e811-810a-063a20171a6f","EmailSentOn":"2018-07-26T05:35:22.490Z","Category":"Expenses"},{"_id":51,"Id":51,"TransID":"9b72a587-9531-e811-810a-063a20171a6f","EmailSentOn":"2018-07-26T05:35:45.873Z","Category":"Expenses"},{"_id":52,"Id":52,"TransID":"9d72a587-9531-e811-810a-063a20171a6f","EmailSentOn":"2018-07-26T05:36:04.590Z","Category":"Expenses"},{"_id":53,"Id":53,"TransID":"9f72a587-9531-e811-810a-063a20171a6f","EmailSentOn":"2018-07-26T05:36:27.733Z","Category":"Expenses"},{"_id":54,"Id":54,"TransID":"a172a587-9531-e811-810a-063a20171a6f","EmailSentOn":"2018-07-26T05:36:50.077Z","Category":"Expenses"},{"_id":55,"Id":55,"TransID":"a372a587-9531-e811-810a-063a20171a6f","EmailSentOn":"2018-07-26T05:37:14.443Z","Category":"Expenses"},{"_id":56,"Id":56,"TransID":"a572a587-9531-e811-810a-063a20171a6f","EmailSentOn":"2018-07-26T05:37:33.687Z","Category":"Expenses"},{"_id":57,"Id":57,"TransID":"9a23fa5c-ba31-e811-810a-063a20171a6f","EmailSentOn":"2018-07-26T05:37:59.630Z","Category":"Expenses"},{"_id":58,"Id":58,"TransID":"0623bab2-fe32-e811-810a-063a20171a6f","EmailSentOn":"2018-07-26T05:38:17.583Z","Category":"Expenses"},{"_id":59,"Id":59,"TransID":"c0fd9475-e933-e811-810a-063a20171a6f","EmailSentOn":"2018-07-26T05:38:42.063Z","Category":"Expenses"},{"_id":60,"Id":60,"TransID":"f7f998fb-4f36-e811-810a-063a20171a6f","EmailSentOn":"2018-07-26T05:39:04.230Z","Category":"Expenses"},{"_id":61,"Id":61,"TransID":"661fed8a-d337-e811-810a-063a20171a6f","EmailSentOn":"2018-07-26T05:39:26.003Z","Category":"Expenses"},{"_id":62,"Id":62,"TransID":"749ae1e0-8e38-e811-810a-063a20171a6f","EmailSentOn":"2018-07-26T05:39:45.520Z","Category":"Expenses"},{"_id":63,"Id":63,"TransID":"bab58cb4-ac3b-e811-810a-063a20171a6f","EmailSentOn":"2018-07-26T05:40:14.657Z","Category":"Expenses"},{"_id":64,"Id":64,"TransID":"6e1bb769-943c-e811-810a-063a20171a6f","EmailSentOn":"2018-07-26T05:40:37.387Z","Category":"Expenses"},{"_id":65,"Id":65,"TransID":"701bb769-943c-e811-810a-063a20171a6f","EmailSentOn":"2018-07-26T05:40:58.507Z","Category":"Expenses"},{"_id":66,"Id":66,"TransID":"8ede0344-533d-e811-810a-063a20171a6f","EmailSentOn":"2018-07-26T05:41:17.457Z","Category":"Expenses"},{"_id":67,"Id":67,"TransID":"90de0344-533d-e811-810a-063a20171a6f","EmailSentOn":"2018-07-26T05:41:43.657Z","Category":"Expenses"},{"_id":68,"Id":68,"TransID":"92de0344-533d-e811-810a-063a20171a6f","EmailSentOn":"2018-07-26T05:42:02.827Z","Category":"Expenses"},{"_id":69,"Id":69,"TransID":"e312c270-3641-e811-810b-063a20171a6f","EmailSentOn":"2018-07-26T05:42:30.630Z","Category":"Expenses"},{"_id":70,"Id":70,"TransID":"e512c270-3641-e811-810b-063a20171a6f","EmailSentOn":"2018-07-26T05:42:51.683Z","Category":"Expenses"},{"_id":71,"Id":71,"TransID":"e712c270-3641-e811-810b-063a20171a6f","EmailSentOn":"2018-07-26T05:43:12.843Z","Category":"Expenses"},{"_id":72,"Id":72,"TransID":"9807b412-0d42-e811-810b-063a20171a6f","EmailSentOn":"2018-07-26T05:43:33.063Z","Category":"Expenses"},{"_id":73,"Id":73,"TransID":"9a07b412-0d42-e811-810b-063a20171a6f","EmailSentOn":"2018-07-26T05:43:59.623Z","Category":"Expenses"},{"_id":74,"Id":74,"TransID":"8183d046-f342-e811-810b-063a20171a6f","EmailSentOn":"2018-07-26T05:44:21.333Z","Category":"Expenses"},{"_id":75,"Id":75,"TransID":"9312bb93-df46-e811-810b-063a20171a6f","EmailSentOn":"2018-07-26T05:44:44.747Z","Category":"Expenses"},{"_id":76,"Id":76,"TransID":"9512bb93-df46-e811-810b-063a20171a6f","EmailSentOn":"2018-07-26T05:45:10.267Z","Category":"Expenses"},{"_id":77,"Id":77,"TransID":"e8c59bdb-7647-e811-810b-063a20171a6f","EmailSentOn":"2018-07-26T05:45:32.410Z","Category":"Expenses"},{"_id":78,"Id":78,"TransID":"eac59bdb-7647-e811-810b-063a20171a6f","EmailSentOn":"2018-07-26T05:45:58.817Z","Category":"Expenses"},{"_id":79,"Id":79,"TransID":"374ff207-7248-e811-810b-063a20171a6f","EmailSentOn":"2018-07-26T05:46:18.183Z","Category":"Expenses"},{"_id":80,"Id":80,"TransID":"d46ef42e-264d-e811-810b-063a20171a6f","EmailSentOn":"2018-07-26T05:46:44.647Z","Category":"Expenses"},{"_id":81,"Id":81,"TransID":"43d91458-044e-e811-810b-063a20171a6f","EmailSentOn":"2018-07-26T05:47:04.900Z","Category":"Expenses"},{"_id":82,"Id":82,"TransID":"6e925390-b452-e811-810b-063a20171a6f","EmailSentOn":"2018-07-26T05:47:30.977Z","Category":"Expenses"},{"_id":83,"Id":83,"TransID":"c4e9c5e9-6f53-e811-810b-063a20171a6f","EmailSentOn":"2018-07-26T05:47:51.313Z","Category":"Expenses"},{"_id":84,"Id":84,"TransID":"c6e9c5e9-6f53-e811-810b-063a20171a6f","EmailSentOn":"2018-07-26T05:48:16.817Z","Category":"Expenses"},{"_id":85,"Id":85,"TransID":"c8e9c5e9-6f53-e811-810b-063a20171a6f","EmailSentOn":"2018-07-26T05:48:40.567Z","Category":"Expenses"},{"_id":86,"Id":86,"TransID":"e9480850-3e54-e811-810b-063a20171a6f","EmailSentOn":"2018-07-26T05:49:03.297Z","Category":"Expenses"},{"_id":87,"Id":87,"TransID":"354bdbdc-4554-e811-810b-063a20171a6f","EmailSentOn":"2018-07-26T05:49:26.983Z","Category":"Expenses"},{"_id":88,"Id":88,"TransID":"32f9c548-d754-e811-810b-063a20171a6f","EmailSentOn":"2018-07-26T05:49:48.427Z","Category":"Expenses"},{"_id":89,"Id":89,"TransID":"f5e4849a-3857-e811-810b-063a20171a6f","EmailSentOn":"2018-07-26T05:50:11.787Z","Category":"Expenses"},{"_id":90,"Id":90,"TransID":"71c7c158-5757-e811-810b-063a20171a6f","EmailSentOn":"2018-07-26T05:50:33.857Z","Category":"Expenses"},{"_id":91,"Id":91,"TransID":"8204f095-8d59-e811-810b-063a20171a6f","EmailSentOn":"2018-07-26T05:50:59.477Z","Category":"Expenses"},{"_id":92,"Id":92,"TransID":"8404f095-8d59-e811-810b-063a20171a6f","EmailSentOn":"2018-07-26T05:51:18.020Z","Category":"Expenses"},{"_id":93,"Id":93,"TransID":"765ed5ff-645a-e811-810b-063a20171a6f","EmailSentOn":"2018-07-26T05:51:45.227Z","Category":"Expenses"},{"_id":94,"Id":94,"TransID":"dd134404-b267-e811-810b-063a20171a6f","EmailSentOn":"2018-07-26T05:52:03.787Z","Category":"Expenses"},{"_id":95,"Id":95,"TransID":"df134404-b267-e811-810b-063a20171a6f","EmailSentOn":"2018-07-26T05:52:30.317Z","Category":"Expenses"},{"_id":96,"Id":96,"TransID":"fbd8e9d0-8768-e811-810b-063a20171a6f","EmailSentOn":"2018-07-26T05:52:48.257Z","Category":"Expenses"},{"_id":97,"Id":97,"TransID":"11138db0-cc72-e811-810b-063a20171a6f","EmailSentOn":"2018-07-26T05:53:15.767Z","Category":"Expenses"},{"_id":98,"Id":98,"TransID":"9a9cc4d9-d07d-e811-810b-063a20171a6f","EmailSentOn":"2018-07-26T05:53:35.410Z","Category":"Expenses"},{"_id":99,"Id":99,"TransID":"c297191f-3f83-e811-810b-063a20171a6f","EmailSentOn":"2018-07-26T05:54:01.547Z","Category":"Expenses"},{"_id":100,"Id":100,"TransID":"7726f3fb-c984-e811-810b-063a20171a6f","EmailSentOn":"2018-07-26T05:54:23.557Z","Category":"Expenses"},{"_id":101,"Id":101,"TransID":"a8a4d9a1-6989-e811-810b-063a20171a6f","EmailSentOn":"2018-07-26T05:54:48.917Z","Category":"Expenses"},{"_id":102,"Id":102,"TransID":"1d2e159a-7d89-e811-810b-063a20171a6f","EmailSentOn":"2018-07-26T05:55:12.557Z","Category":"Expenses"},{"_id":103,"Id":103,"TransID":"252e159a-7d89-e811-810b-063a20171a6f","EmailSentOn":"2018-07-26T05:55:35.313Z","Category":"Expenses"},{"_id":104,"Id":104,"TransID":"848","EmailSentOn":"2018-07-26T18:07:36.437Z","Category":"Journal"},{"_id":105,"Id":105,"TransID":"61394ebe-c8a7-e811-810f-063a20171a6f","EmailSentOn":"2018-08-24T18:10:11.067Z","Category":"Expenses"},{"_id":106,"Id":106,"TransID":"015a13a5-27cc-e811-8114-063a20171a6f 1794","EmailSentOn":"2018-10-10T01:00:31.870Z","Category":"Expenses"},{"_id":107,"Id":107,"TransID":"095a13a5-27cc-e811-8114-063a20171a6f 1798","EmailSentOn":"2018-10-10T01:04:31.373Z","Category":"Expenses"},{"_id":108,"Id":108,"TransID":"14bfe552-afe6-e811-8116-063a20171a6f 1968","EmailSentOn":"2018-11-12T19:34:42.370Z","Category":"Expenses"},{"_id":109,"Id":109,"TransID":"467a70b5-59ec-e811-8116-063a20171a6f 2028","EmailSentOn":"2018-11-20T19:57:57.800Z","Category":"Expenses"},{"_id":110,"Id":110,"TransID":"61c145f3-3afe-e811-811a-063a20171a6f 2128","EmailSentOn":"2018-12-12T23:24:54.983Z","Category":"Expenses"},{"_id":111,"Id":111,"TransID":"f3df84e0-15ff-e811-811a-063a20171a6f 2119","EmailSentOn":"2018-12-13T20:32:46.703Z","Category":"Expenses"},{"_id":112,"Id":112,"TransID":"0cb1fa0d-e602-e911-811c-063a20171a6f 2147","EmailSentOn":"2018-12-18T20:52:41.900Z","Category":"Expenses"},{"_id":113,"Id":113,"TransID":"975","EmailSentOn":"2019-01-01T06:53:14.467Z","Category":"Journal"},{"_id":114,"Id":114,"TransID":"1195","EmailSentOn":"2019-01-01T06:54:11.730Z","Category":"Journal"},{"_id":115,"Id":115,"TransID":"1473","EmailSentOn":"2019-01-01T06:55:01.203Z","Category":"Journal"},{"_id":116,"Id":116,"TransID":"0c061c31-c40c-e811-810a-063a20171a6f 3453","EmailSentOn":"2019-01-01T06:55:49.347Z","Category":"Expenses"},{"_id":117,"Id":117,"TransID":"0e061c31-c40c-e811-810a-063a20171a6f 3454","EmailSentOn":"2019-01-01T06:56:50.200Z","Category":"Expenses"},{"_id":118,"Id":118,"TransID":"10061c31-c40c-e811-810a-063a20171a6f 3455","EmailSentOn":"2019-01-01T06:57:25.300Z","Category":"Expenses"},{"_id":119,"Id":119,"TransID":"12061c31-c40c-e811-810a-063a20171a6f 3456","EmailSentOn":"2019-01-01T06:58:27.730Z","Category":"Expenses"},{"_id":120,"Id":120,"TransID":"14061c31-c40c-e811-810a-063a20171a6f 3457","EmailSentOn":"2019-01-01T06:59:17.960Z","Category":"Expenses"},{"_id":121,"Id":121,"TransID":"16061c31-c40c-e811-810a-063a20171a6f 3458","EmailSentOn":"2019-01-01T07:00:14.953Z","Category":"Expenses"},{"_id":122,"Id":122,"TransID":"18061c31-c40c-e811-810a-063a20171a6f 3459","EmailSentOn":"2019-01-01T07:01:06.130Z","Category":"Expenses"},{"_id":123,"Id":123,"TransID":"f75b74a4-6a0d-e811-810a-063a20171a6f 3460","EmailSentOn":"2019-01-01T07:02:02.470Z","Category":"Expenses"},{"_id":124,"Id":124,"TransID":"f95b74a4-6a0d-e811-810a-063a20171a6f 3461","EmailSentOn":"2019-01-01T07:02:57.823Z","Category":"Expenses"},{"_id":125,"Id":125,"TransID":"fb5b74a4-6a0d-e811-810a-063a20171a6f 3462","EmailSentOn":"2019-01-01T07:03:43.583Z","Category":"Expenses"},{"_id":126,"Id":126,"TransID":"fe150e7d-8623-e911-812d-063a20171a6f 2291","EmailSentOn":"2019-02-04T18:24:31.540Z","Category":"Expenses"},{"_id":127,"Id":127,"TransID":"e5fca8eb-be41-e911-95c7-db8d42db49e7 2410","EmailSentOn":"2019-03-11T19:14:22.917Z","Category":"Expenses"},{"_id":128,"Id":128,"TransID":"e7fca8eb-be41-e911-95c7-db8d42db49e7 2411","EmailSentOn":"2019-03-11T19:14:29.550Z","Category":"Expenses"},{"_id":129,"Id":129,"TransID":"57a7339e-b14c-e911-95c8-cbfbd81cea2c 2519","EmailSentOn":"2019-03-22T17:10:20.847Z","Category":"Expenses"},{"_id":130,"Id":130,"TransID":"5da7339e-b14c-e911-95c8-cbfbd81cea2c 2522","EmailSentOn":"2019-03-22T17:10:45.990Z","Category":"Expenses"},{"_id":131,"Id":131,"TransID":"5ba7339e-b14c-e911-95c8-cbfbd81cea2c 2521","EmailSentOn":"2019-03-22T17:14:46.290Z","Category":"Expenses"},{"_id":132,"Id":132,"TransID":"fd9046a4-b14c-e911-95c8-cbfbd81cea2c 2510","EmailSentOn":"2019-03-22T17:15:47.623Z","Category":"Expenses"},{"_id":133,"Id":133,"TransID":"65a7339e-b14c-e911-95c8-cbfbd81cea2c 2495","EmailSentOn":"2019-03-22T17:17:55.413Z","Category":"Expenses"},{"_id":134,"Id":134,"TransID":"f99046a4-b14c-e911-95c8-cbfbd81cea2c 2508","EmailSentOn":"2019-03-22T17:18:13.930Z","Category":"Expenses"},{"_id":135,"Id":135,"TransID":"9940","EmailSentOn":"2020-03-26T21:26:13.377Z","Category":"Journal"},{"_id":136,"Id":136,"TransID":"9957","EmailSentOn":"2020-03-26T21:26:14.583Z","Category":"Journal"},{"_id":137,"Id":137,"TransID":"9973","EmailSentOn":"2020-03-26T21:26:15.817Z","Category":"Journal"},{"_id":138,"Id":138,"TransID":"9989","EmailSentOn":"2020-03-26T21:26:16.937Z","Category":"Journal"},{"_id":139,"Id":139,"TransID":"9939","EmailSentOn":"2020-03-26T21:29:38.733Z","Category":"Journal"},{"_id":140,"Id":140,"TransID":"9956","EmailSentOn":"2020-03-26T21:29:39.767Z","Category":"Journal"},{"_id":141,"Id":141,"TransID":"9972","EmailSentOn":"2020-03-26T21:29:40.763Z","Category":"Journal"},{"_id":142,"Id":142,"TransID":"9988","EmailSentOn":"2020-03-26T21:29:41.790Z","Category":"Journal"},{"_id":143,"Id":143,"TransID":"2302","EmailSentOn":"2020-03-28T11:39:12.997Z","Category":"Journal"},{"_id":144,"Id":144,"TransID":"3164","EmailSentOn":"2020-03-28T11:41:01.540Z","Category":"Journal"},{"_id":145,"Id":145,"TransID":"5438","EmailSentOn":"2020-03-28T11:42:49.427Z","Category":"Journal"},{"_id":146,"Id":146,"TransID":"5439","EmailSentOn":"2020-03-28T11:44:35.043Z","Category":"Journal"},{"_id":147,"Id":147,"TransID":"6450","EmailSentOn":"2020-03-28T11:46:22.537Z","Category":"Journal"},{"_id":148,"Id":148,"TransID":"6451","EmailSentOn":"2020-03-28T11:48:12.577Z","Category":"Journal"},{"_id":149,"Id":149,"TransID":"7201","EmailSentOn":"2020-03-28T11:50:01.137Z","Category":"Journal"},{"_id":150,"Id":150,"TransID":"7202","EmailSentOn":"2020-03-28T11:51:46.593Z","Category":"Journal"},{"_id":151,"Id":151,"TransID":"7804","EmailSentOn":"2020-03-28T11:53:42.787Z","Category":"Journal"},{"_id":152,"Id":152,"TransID":"7881","EmailSentOn":"2020-03-28T11:55:43.357Z","Category":"Journal"},{"_id":153,"Id":153,"TransID":"9195","EmailSentOn":"2020-03-28T11:57:40.210Z","Category":"Journal"},{"_id":154,"Id":154,"TransID":"9275","EmailSentOn":"2020-03-28T11:59:35.883Z","Category":"Journal"},{"_id":155,"Id":155,"TransID":"9396","EmailSentOn":"2020-03-28T12:01:33.810Z","Category":"Journal"},{"_id":156,"Id":156,"TransID":"9415","EmailSentOn":"2020-03-28T12:03:30.343Z","Category":"Journal"},{"_id":157,"Id":157,"TransID":"9424","EmailSentOn":"2020-03-28T12:05:27.597Z","Category":"Journal"},{"_id":158,"Id":158,"TransID":"9425","EmailSentOn":"2020-03-28T12:07:24.903Z","Category":"Journal"},{"_id":159,"Id":159,"TransID":"d6b16026-b110-e811-810a-063a20171a6f 3464","EmailSentOn":"2020-03-28T12:30:17.093Z","Category":"Expenses"},{"_id":160,"Id":160,"TransID":"1b207293-df12-e811-810a-063a20171a6f 3472","EmailSentOn":"2020-03-28T12:32:08.457Z","Category":"Expenses"},{"_id":161,"Id":161,"TransID":"40e8fd2a-bd16-e811-810a-063a20171a6f AT-50271259","EmailSentOn":"2020-03-28T12:34:06.627Z","Category":"Expenses"},{"_id":162,"Id":162,"TransID":"9c142c36-bf16-e811-810a-063a20171a6f 02619189","EmailSentOn":"2020-03-28T12:36:02.390Z","Category":"Expenses"},{"_id":163,"Id":163,"TransID":"5e0a00e9-c116-e811-810a-063a20171a6f 31813","EmailSentOn":"2020-03-28T12:37:46.900Z","Category":"Expenses"},{"_id":164,"Id":164,"TransID":"344e765a-f816-e811-810a-063a20171a6f MC03452969","EmailSentOn":"2020-03-28T12:39:30.073Z","Category":"Expenses"},{"_id":165,"Id":165,"TransID":"3d10bee3-ec1a-e811-810a-063a20171a6f F8WCNX","EmailSentOn":"2020-03-28T12:41:17.763Z","Category":"Expenses"},{"_id":166,"Id":166,"TransID":"3f10bee3-ec1a-e811-810a-063a20171a6f F82L6C","EmailSentOn":"2020-03-28T12:43:03.720Z","Category":"Expenses"},{"_id":167,"Id":167,"TransID":"4110bee3-ec1a-e811-810a-063a20171a6f F8YFHU","EmailSentOn":"2020-03-28T12:44:50.393Z","Category":"Expenses"},{"_id":168,"Id":168,"TransID":"d2831b65-ff1d-e811-810a-063a20171a6f 3430790939","EmailSentOn":"2020-03-28T12:46:39.260Z","Category":"Expenses"},{"_id":169,"Id":169,"TransID":"199817","EmailSentOn":"2020-03-30T04:48:47.203Z","Category":"Journal"},{"_id":170,"Id":170,"TransID":"199818","EmailSentOn":"2020-03-30T04:49:04.493Z","Category":"Journal"},{"_id":171,"Id":171,"TransID":"199819","EmailSentOn":"2020-03-30T04:49:21.787Z","Category":"Journal"},{"_id":172,"Id":172,"TransID":"199820","EmailSentOn":"2020-03-30T04:49:36.393Z","Category":"Journal"},{"_id":173,"Id":173,"TransID":"199821","EmailSentOn":"2020-03-30T04:49:50.783Z","Category":"Journal"},{"_id":174,"Id":174,"TransID":"199822","EmailSentOn":"2020-03-30T04:50:07.703Z","Category":"Journal"},{"_id":175,"Id":175,"TransID":"199823","EmailSentOn":"2020-03-30T04:50:25.067Z","Category":"Journal"},{"_id":176,"Id":176,"TransID":"199824","EmailSentOn":"2020-03-30T04:50:42.190Z","Category":"Journal"},{"_id":177,"Id":177,"TransID":"199825","EmailSentOn":"2020-03-30T04:50:58.780Z","Category":"Journal"},{"_id":178,"Id":178,"TransID":"199826","EmailSentOn":"2020-03-30T04:51:15.197Z","Category":"Journal"},{"_id":179,"Id":179,"TransID":"199827","EmailSentOn":"2020-03-30T04:51:31.267Z","Category":"Journal"},{"_id":180,"Id":180,"TransID":"199828","EmailSentOn":"2020-03-30T04:51:48.427Z","Category":"Journal"},{"_id":181,"Id":181,"TransID":"199829","EmailSentOn":"2020-03-30T04:52:05.623Z","Category":"Journal"},{"_id":182,"Id":182,"TransID":"199830","EmailSentOn":"2020-03-30T04:52:21.933Z","Category":"Journal"},{"_id":183,"Id":183,"TransID":"199831","EmailSentOn":"2020-03-30T04:52:38.737Z","Category":"Journal"},{"_id":184,"Id":184,"TransID":"199832","EmailSentOn":"2020-03-30T04:52:56.003Z","Category":"Journal"},{"_id":185,"Id":185,"TransID":"199833","EmailSentOn":"2020-03-30T04:53:12.197Z","Category":"Journal"},{"_id":186,"Id":186,"TransID":"199834","EmailSentOn":"2020-03-30T04:53:28.900Z","Category":"Journal"},{"_id":187,"Id":187,"TransID":"199835","EmailSentOn":"2020-03-30T04:53:45.303Z","Category":"Journal"},{"_id":188,"Id":188,"TransID":"199836","EmailSentOn":"2020-03-30T04:54:01.347Z","Category":"Journal"},{"_id":189,"Id":189,"TransID":"199837","EmailSentOn":"2020-03-30T04:54:18.117Z","Category":"Journal"},{"_id":190,"Id":190,"TransID":"199838","EmailSentOn":"2020-03-30T04:54:35.380Z","Category":"Journal"},{"_id":191,"Id":191,"TransID":"199839","EmailSentOn":"2020-03-30T04:54:53.260Z","Category":"Journal"},{"_id":192,"Id":192,"TransID":"199840","EmailSentOn":"2020-03-30T04:55:10.453Z","Category":"Journal"},{"_id":193,"Id":193,"TransID":"199841","EmailSentOn":"2020-03-30T04:55:27.110Z","Category":"Journal"},{"_id":194,"Id":194,"TransID":"199842","EmailSentOn":"2020-03-30T04:55:44.720Z","Category":"Journal"},{"_id":195,"Id":195,"TransID":"199843","EmailSentOn":"2020-03-30T04:56:01.970Z","Category":"Journal"},{"_id":196,"Id":196,"TransID":"199844","EmailSentOn":"2020-03-30T04:56:18.790Z","Category":"Journal"},{"_id":197,"Id":197,"TransID":"199937","EmailSentOn":"2020-03-30T08:04:45.293Z","Category":"Journal"},{"_id":198,"Id":198,"TransID":"199960","EmailSentOn":"2020-04-01T14:59:58.260Z","Category":"Journal"},{"_id":199,"Id":199,"TransID":"199976","EmailSentOn":"2020-04-01T15:00:14.920Z","Category":"Journal"},{"_id":200,"Id":200,"TransID":"199991","EmailSentOn":"2020-04-02T17:25:37.743Z","Category":"Journal"},{"_id":201,"Id":201,"TransID":"3a35ea68-2e20-e811-810a-063a20171a6f MDO-2018-3","EmailSentOn":"2020-04-03T12:41:05.567Z","Category":"Expenses"},{"_id":202,"Id":202,"TransID":"49f84e48-f420-e811-810a-063a20171a6f 1089571","EmailSentOn":"2020-04-03T12:42:54.447Z","Category":"Expenses"},{"_id":203,"Id":203,"TransID":"26cd413b-c125-e811-810a-063a20171a6f 1089625","EmailSentOn":"2020-04-03T12:44:43.103Z","Category":"Expenses"},{"_id":204,"Id":204,"TransID":"ca7c37c6-f025-e811-810a-063a20171a6f LCV18-00032","EmailSentOn":"2020-04-03T12:46:36.020Z","Category":"Expenses"},{"_id":205,"Id":205,"TransID":"44b7b60b-ff2b-e811-810a-063a20171a6f 1475","EmailSentOn":"2020-04-03T12:48:24.920Z","Category":"Expenses"},{"_id":206,"Id":206,"TransID":"898aa5c5-d630-e811-810a-063a20171a6f 1195261","EmailSentOn":"2020-04-03T12:50:13.627Z","Category":"Expenses"},{"_id":207,"Id":207,"TransID":"8b8aa5c5-d630-e811-810a-063a20171a6f 1195875","EmailSentOn":"2020-04-03T12:52:00.920Z","Category":"Expenses"},{"_id":208,"Id":208,"TransID":"200016","EmailSentOn":"2020-04-03T22:55:42.000Z","Category":"Journal"},{"_id":209,"Id":209,"TransID":"200017","EmailSentOn":"2020-04-03T22:56:03.150Z","Category":"Journal"},{"_id":210,"Id":210,"TransID":"200018","EmailSentOn":"2020-04-03T22:56:24.293Z","Category":"Journal"},{"_id":211,"Id":211,"TransID":"200019","EmailSentOn":"2020-04-03T22:56:45.080Z","Category":"Journal"},{"_id":212,"Id":212,"TransID":"200020","EmailSentOn":"2020-04-03T22:57:06.863Z","Category":"Journal"},{"_id":213,"Id":213,"TransID":"200021","EmailSentOn":"2020-04-03T22:57:27.333Z","Category":"Journal"},{"_id":214,"Id":214,"TransID":"200022","EmailSentOn":"2020-04-03T22:57:47.653Z","Category":"Journal"},{"_id":215,"Id":215,"TransID":"200023","EmailSentOn":"2020-04-03T22:58:08.307Z","Category":"Journal"},{"_id":216,"Id":216,"TransID":"200024","EmailSentOn":"2020-04-03T22:58:29.397Z","Category":"Journal"},{"_id":217,"Id":217,"TransID":"200025","EmailSentOn":"2020-04-03T22:58:49.873Z","Category":"Journal"},{"_id":218,"Id":218,"TransID":"200026","EmailSentOn":"2020-04-03T22:59:11.177Z","Category":"Journal"},{"_id":219,"Id":219,"TransID":"200027","EmailSentOn":"2020-04-03T22:59:32.263Z","Category":"Journal"},{"_id":220,"Id":220,"TransID":"200028","EmailSentOn":"2020-04-03T22:59:52.963Z","Category":"Journal"},{"_id":221,"Id":221,"TransID":"200029","EmailSentOn":"2020-04-03T23:00:14.017Z","Category":"Journal"},{"_id":222,"Id":222,"TransID":"200030","EmailSentOn":"2020-04-03T23:00:35.850Z","Category":"Journal"},{"_id":223,"Id":223,"TransID":"200031","EmailSentOn":"2020-04-03T23:00:56.567Z","Category":"Journal"},{"_id":224,"Id":224,"TransID":"200032","EmailSentOn":"2020-04-03T23:01:18.153Z","Category":"Journal"},{"_id":225,"Id":225,"TransID":"200033","EmailSentOn":"2020-04-03T23:01:39.030Z","Category":"Journal"},{"_id":226,"Id":226,"TransID":"200034","EmailSentOn":"2020-04-03T23:02:00.060Z","Category":"Journal"},{"_id":227,"Id":227,"TransID":"200035","EmailSentOn":"2020-04-03T23:02:21.140Z","Category":"Journal"},{"_id":228,"Id":228,"TransID":"200036","EmailSentOn":"2020-04-03T23:02:41.190Z","Category":"Journal"},{"_id":229,"Id":229,"TransID":"10005","EmailSentOn":"2020-04-03T23:04:24.893Z","Category":"Journal"},{"_id":230,"Id":230,"TransID":"10020","EmailSentOn":"2020-04-03T23:04:46.087Z","Category":"Journal"},{"_id":231,"Id":231,"TransID":"10037","EmailSentOn":"2020-04-03T23:05:07.263Z","Category":"Journal"},{"_id":232,"Id":232,"TransID":"199944","EmailSentOn":"2020-04-03T23:05:28.183Z","Category":"Journal"},{"_id":233,"Id":233,"TransID":"199959","EmailSentOn":"2020-04-03T23:05:48.950Z","Category":"Journal"},{"_id":234,"Id":234,"TransID":"199975","EmailSentOn":"2020-04-03T23:06:09.817Z","Category":"Journal"},{"_id":235,"Id":235,"TransID":"199992","EmailSentOn":"2020-04-03T23:06:30.617Z","Category":"Journal"},{"_id":236,"Id":236,"TransID":"200005","EmailSentOn":"2020-04-03T23:06:51.470Z","Category":"Journal"},{"_id":237,"Id":237,"TransID":"200004","EmailSentOn":"2020-04-07T17:31:49.963Z","Category":"Journal"},{"_id":238,"Id":238,"TransID":"200076","EmailSentOn":"2020-04-07T17:32:01.550Z","Category":"Journal"},{"_id":239,"Id":239,"TransID":"200097","EmailSentOn":"2020-04-07T17:37:48.843Z","Category":"Journal"},{"_id":240,"Id":240,"TransID":"200136","EmailSentOn":"2020-04-09T12:42:26.710Z","Category":"Journal"},{"_id":241,"Id":241,"TransID":"200184","EmailSentOn":"2020-04-13T12:56:36.593Z","Category":"Journal"},{"_id":242,"Id":242,"TransID":"200184","EmailSentOn":"2020-04-13T13:02:35.853Z","Category":"Journal"},{"_id":243,"Id":243,"TransID":"200184","EmailSentOn":"2020-04-13T13:08:28.490Z","Category":"Journal"},{"_id":244,"Id":244,"TransID":"200184","EmailSentOn":"2020-04-13T13:14:32.173Z","Category":"Journal"},{"_id":245,"Id":245,"TransID":"200184","EmailSentOn":"2020-04-13T13:20:26.427Z","Category":"Journal"},{"_id":246,"Id":246,"TransID":"200237","EmailSentOn":"2020-04-16T18:42:08.220Z","Category":"Journal"},{"_id":247,"Id":247,"TransID":"200042","EmailSentOn":"2020-04-18T13:46:53.907Z","Category":"Journal"},{"_id":248,"Id":248,"TransID":"200062","EmailSentOn":"2020-04-18T13:47:21.623Z","Category":"Journal"},{"_id":249,"Id":249,"TransID":"200075","EmailSentOn":"2020-04-18T13:47:49.833Z","Category":"Journal"},{"_id":250,"Id":250,"TransID":"200098","EmailSentOn":"2020-04-18T13:48:17.913Z","Category":"Journal"},{"_id":251,"Id":251,"TransID":"200116","EmailSentOn":"2020-04-18T13:48:45.750Z","Category":"Journal"},{"_id":252,"Id":252,"TransID":"200135","EmailSentOn":"2020-04-18T13:49:13.037Z","Category":"Journal"},{"_id":253,"Id":253,"TransID":"200152","EmailSentOn":"2020-04-18T13:49:38.623Z","Category":"Journal"},{"_id":254,"Id":254,"TransID":"200166","EmailSentOn":"2020-04-18T13:50:03.600Z","Category":"Journal"},{"_id":255,"Id":255,"TransID":"200187","EmailSentOn":"2020-04-18T13:50:31.433Z","Category":"Journal"},{"_id":256,"Id":256,"TransID":"200197","EmailSentOn":"2020-04-18T13:50:59.323Z","Category":"Journal"},{"_id":257,"Id":257,"TransID":"200211","EmailSentOn":"2020-04-18T13:51:26.530Z","Category":"Journal"},{"_id":258,"Id":258,"TransID":"200222","EmailSentOn":"2020-04-18T13:51:54.297Z","Category":"Journal"},{"_id":259,"Id":259,"TransID":"200236","EmailSentOn":"2020-04-18T13:52:21.600Z","Category":"Journal"},{"_id":260,"Id":260,"TransID":"200254","EmailSentOn":"2020-04-18T13:52:49.227Z","Category":"Journal"},{"_id":261,"Id":261,"TransID":"200264","EmailSentOn":"2020-04-18T13:53:15.520Z","Category":"Journal"},{"_id":262,"Id":262,"TransID":"200143","EmailSentOn":"2020-04-21T11:20:50.660Z","Category":"Journal"},{"_id":263,"Id":263,"TransID":"8d8aa5c5-d630-e811-810a-063a20171a6f 416789","EmailSentOn":"2020-04-21T12:25:23.867Z","Category":"Expenses"},{"_id":264,"Id":264,"TransID":"9772a587-9531-e811-810a-063a20171a6f 3138010","EmailSentOn":"2020-04-21T12:27:08.450Z","Category":"Expenses"},{"_id":265,"Id":265,"TransID":"9972a587-9531-e811-810a-063a20171a6f 411626","EmailSentOn":"2020-04-21T12:29:01.630Z","Category":"Expenses"},{"_id":266,"Id":266,"TransID":"9b72a587-9531-e811-810a-063a20171a6f 11267","EmailSentOn":"2020-04-21T12:30:58.737Z","Category":"Expenses"},{"_id":267,"Id":267,"TransID":"9d72a587-9531-e811-810a-063a20171a6f 8181","EmailSentOn":"2020-04-21T12:32:45.563Z","Category":"Expenses"},{"_id":268,"Id":268,"TransID":"9f72a587-9531-e811-810a-063a20171a6f AT-51958617","EmailSentOn":"2020-04-21T12:34:31.263Z","Category":"Expenses"},{"_id":269,"Id":269,"TransID":"a172a587-9531-e811-810a-063a20171a6f 4744","EmailSentOn":"2020-04-21T12:36:27.720Z","Category":"Expenses"},{"_id":270,"Id":270,"TransID":"200265","EmailSentOn":"2020-04-27T13:16:07.100Z","Category":"Journal"},{"_id":271,"Id":271,"TransID":"200280","EmailSentOn":"2020-04-27T13:16:15.570Z","Category":"Journal"},{"_id":272,"Id":272,"TransID":"200296","EmailSentOn":"2020-04-27T13:16:23.850Z","Category":"Journal"},{"_id":273,"Id":273,"TransID":"200312","EmailSentOn":"2020-04-27T13:16:31.927Z","Category":"Journal"},{"_id":274,"Id":274,"TransID":"200324","EmailSentOn":"2020-04-27T13:16:40.147Z","Category":"Journal"},{"_id":275,"Id":275,"TransID":"200342","EmailSentOn":"2020-04-27T13:16:48.460Z","Category":"Journal"},{"_id":276,"Id":276,"TransID":"200441","EmailSentOn":"2020-04-27T13:16:56.570Z","Category":"Journal"},{"_id":277,"Id":277,"TransID":"200456","EmailSentOn":"2020-04-27T13:17:04.833Z","Category":"Journal"},{"_id":278,"Id":278,"TransID":"200470","EmailSentOn":"2020-04-27T13:17:13.100Z","Category":"Journal"},{"_id":279,"Id":279,"TransID":"200488","EmailSentOn":"2020-04-27T13:17:20.710Z","Category":"Journal"},{"_id":280,"Id":280,"TransID":"200287","EmailSentOn":"2020-04-27T14:08:15.580Z","Category":"Journal"},{"_id":281,"Id":281,"TransID":"200295","EmailSentOn":"2020-04-27T14:08:43.703Z","Category":"Journal"},{"_id":282,"Id":282,"TransID":"200309","EmailSentOn":"2020-04-27T14:09:13.390Z","Category":"Journal"},{"_id":283,"Id":283,"TransID":"200323","EmailSentOn":"2020-04-27T14:09:42.843Z","Category":"Journal"},{"_id":284,"Id":284,"TransID":"200341","EmailSentOn":"2020-04-27T14:10:12.627Z","Category":"Journal"},{"_id":285,"Id":285,"TransID":"200440","EmailSentOn":"2020-04-27T14:10:42.423Z","Category":"Journal"},{"_id":286,"Id":286,"TransID":"200455","EmailSentOn":"2020-04-27T14:11:11.890Z","Category":"Journal"},{"_id":287,"Id":287,"TransID":"200472","EmailSentOn":"2020-04-27T14:11:41.250Z","Category":"Journal"},{"_id":288,"Id":288,"TransID":"200487","EmailSentOn":"2020-04-27T14:12:11.500Z","Category":"Journal"},{"_id":289,"Id":289,"TransID":"200500","EmailSentOn":"2020-04-28T15:24:33.210Z","Category":"Journal"},{"_id":290,"Id":290,"TransID":"200499","EmailSentOn":"2020-04-28T19:29:22.430Z","Category":"Journal"},{"_id":291,"Id":291,"TransID":"200522","EmailSentOn":"2020-05-05T18:22:05.780Z","Category":"Journal"},{"_id":292,"Id":292,"TransID":"200538","EmailSentOn":"2020-05-05T18:22:14.077Z","Category":"Journal"},{"_id":293,"Id":293,"TransID":"200550","EmailSentOn":"2020-05-05T18:22:22.527Z","Category":"Journal"},{"_id":294,"Id":294,"TransID":"200568","EmailSentOn":"2020-05-05T18:22:31.040Z","Category":"Journal"},{"_id":295,"Id":295,"TransID":"200578","EmailSentOn":"2020-05-05T18:22:39.727Z","Category":"Journal"},{"_id":296,"Id":296,"TransID":"200594","EmailSentOn":"2020-05-05T18:22:47.753Z","Category":"Journal"},{"_id":297,"Id":297,"TransID":"200607","EmailSentOn":"2020-05-05T18:22:56.533Z","Category":"Journal"},{"_id":298,"Id":298,"TransID":"200628","EmailSentOn":"2020-05-06T19:28:32.480Z","Category":"Journal"},{"_id":299,"Id":299,"TransID":"200521","EmailSentOn":"2020-05-07T02:24:18.427Z","Category":"Journal"},{"_id":300,"Id":300,"TransID":"200534","EmailSentOn":"2020-05-07T02:24:55.240Z","Category":"Journal"},{"_id":301,"Id":301,"TransID":"200549","EmailSentOn":"2020-05-07T02:25:31.743Z","Category":"Journal"},{"_id":302,"Id":302,"TransID":"200564","EmailSentOn":"2020-05-07T02:26:08.013Z","Category":"Journal"},{"_id":303,"Id":303,"TransID":"200582","EmailSentOn":"2020-05-07T02:26:45.890Z","Category":"Journal"},{"_id":304,"Id":304,"TransID":"200593","EmailSentOn":"2020-05-07T02:27:22.643Z","Category":"Journal"},{"_id":305,"Id":305,"TransID":"200606","EmailSentOn":"2020-05-07T02:28:00.333Z","Category":"Journal"},{"_id":306,"Id":306,"TransID":"200627","EmailSentOn":"2020-05-07T02:28:37.900Z","Category":"Journal"},{"_id":307,"Id":307,"TransID":"200796","EmailSentOn":"2020-05-08T18:02:03.040Z","Category":"Journal"},{"_id":308,"Id":308,"TransID":"200818","EmailSentOn":"2020-05-08T18:02:41.330Z","Category":"Journal"},{"_id":309,"Id":309,"TransID":"200827","EmailSentOn":"2020-05-08T18:24:00.320Z","Category":"Journal"},{"_id":310,"Id":310,"TransID":"200828","EmailSentOn":"2020-05-08T18:24:04.883Z","Category":"Journal"},{"_id":311,"Id":311,"TransID":"200888","EmailSentOn":"2020-05-12T15:17:03.407Z","Category":"Journal"},{"_id":312,"Id":312,"TransID":"200889","EmailSentOn":"2020-05-12T15:17:09.130Z","Category":"Journal"},{"_id":313,"Id":313,"TransID":"200890","EmailSentOn":"2020-05-12T15:17:14.423Z","Category":"Journal"},{"_id":314,"Id":314,"TransID":"200891","EmailSentOn":"2020-05-12T15:17:19.703Z","Category":"Journal"},{"_id":315,"Id":315,"TransID":"200797","EmailSentOn":"2020-05-12T15:22:21.617Z","Category":"Journal"},{"_id":316,"Id":316,"TransID":"200819","EmailSentOn":"2020-05-12T15:22:32.780Z","Category":"Journal"},{"_id":317,"Id":317,"TransID":"200834","EmailSentOn":"2020-05-12T15:22:44.797Z","Category":"Journal"},{"_id":318,"Id":318,"TransID":"200851","EmailSentOn":"2020-05-12T15:22:56.157Z","Category":"Journal"},{"_id":319,"Id":319,"TransID":"200866","EmailSentOn":"2020-05-12T15:23:07.737Z","Category":"Journal"},{"_id":320,"Id":320,"TransID":"200881","EmailSentOn":"2020-05-12T15:23:19.273Z","Category":"Journal"},{"_id":321,"Id":321,"TransID":"200830","EmailSentOn":"2020-05-12T21:06:57.890Z","Category":"Journal"},{"_id":322,"Id":322,"TransID":"200852","EmailSentOn":"2020-05-12T21:07:38.000Z","Category":"Journal"},{"_id":323,"Id":323,"TransID":"200865","EmailSentOn":"2020-05-12T21:08:17.190Z","Category":"Journal"},{"_id":324,"Id":324,"TransID":"200880","EmailSentOn":"2020-05-12T21:08:56.650Z","Category":"Journal"},{"_id":325,"Id":325,"TransID":"200899","EmailSentOn":"2020-05-19T12:30:11.900Z","Category":"Journal"},{"_id":326,"Id":326,"TransID":"200918","EmailSentOn":"2020-05-19T12:30:25.830Z","Category":"Journal"},{"_id":327,"Id":327,"TransID":"200928","EmailSentOn":"2020-05-19T12:30:39.630Z","Category":"Journal"},{"_id":328,"Id":328,"TransID":"200942","EmailSentOn":"2020-05-19T12:30:53.553Z","Category":"Journal"},{"_id":329,"Id":329,"TransID":"200957","EmailSentOn":"2020-05-19T12:31:07.313Z","Category":"Journal"},{"_id":330,"Id":330,"TransID":"200974","EmailSentOn":"2020-05-19T12:31:21.160Z","Category":"Journal"},{"_id":331,"Id":331,"TransID":"201039","EmailSentOn":"2020-05-19T12:31:35.093Z","Category":"Journal"},{"_id":332,"Id":332,"TransID":"200898","EmailSentOn":"2020-05-19T17:10:01.797Z","Category":"Journal"},{"_id":333,"Id":333,"TransID":"200915","EmailSentOn":"2020-05-19T17:10:15.250Z","Category":"Journal"},{"_id":334,"Id":334,"TransID":"200927","EmailSentOn":"2020-05-19T17:10:29.267Z","Category":"Journal"},{"_id":335,"Id":335,"TransID":"200941","EmailSentOn":"2020-05-19T17:10:43.447Z","Category":"Journal"},{"_id":336,"Id":336,"TransID":"200959","EmailSentOn":"2020-05-19T17:10:57.083Z","Category":"Journal"},{"_id":337,"Id":337,"TransID":"200973","EmailSentOn":"2020-05-19T17:11:10.720Z","Category":"Journal"},{"_id":338,"Id":338,"TransID":"201038","EmailSentOn":"2020-05-19T17:11:24.730Z","Category":"Journal"},{"_id":339,"Id":339,"TransID":"201052","EmailSentOn":"2020-05-21T07:49:12.317Z","Category":"Journal"},{"_id":340,"Id":340,"TransID":"201053","EmailSentOn":"2020-05-21T08:04:48.583Z","Category":"Journal"},{"_id":341,"Id":341,"TransID":"201065","EmailSentOn":"2020-05-21T08:05:00.843Z","Category":"Journal"},{"_id":342,"Id":342,"TransID":"201077","EmailSentOn":"2020-05-22T14:52:23.817Z","Category":"Journal"},{"_id":343,"Id":343,"TransID":"201094","EmailSentOn":"2020-05-22T14:52:39.797Z","Category":"Journal"},{"_id":344,"Id":344,"TransID":"201095","EmailSentOn":"2020-05-22T15:06:11.040Z","Category":"Journal"},{"_id":345,"Id":345,"TransID":"201102","EmailSentOn":"2020-05-22T15:15:30.767Z","Category":"Journal"},{"_id":346,"Id":346,"TransID":"201103","EmailSentOn":"2020-05-22T15:15:38.193Z","Category":"Journal"},{"_id":347,"Id":347,"TransID":"201104","EmailSentOn":"2020-05-22T15:15:45.580Z","Category":"Journal"},{"_id":348,"Id":348,"TransID":"201105","EmailSentOn":"2020-05-22T15:15:52.747Z","Category":"Journal"},{"_id":349,"Id":349,"TransID":"201106","EmailSentOn":"2020-05-22T15:15:59.743Z","Category":"Journal"},{"_id":350,"Id":350,"TransID":"201107","EmailSentOn":"2020-05-22T15:16:06.747Z","Category":"Journal"},{"_id":351,"Id":351,"TransID":"201108","EmailSentOn":"2020-05-22T15:16:14.227Z","Category":"Journal"},{"_id":352,"Id":352,"TransID":"201109","EmailSentOn":"2020-05-22T15:16:21.593Z","Category":"Journal"},{"_id":353,"Id":353,"TransID":"201110","EmailSentOn":"2020-05-22T15:16:28.707Z","Category":"Journal"},{"_id":354,"Id":354,"TransID":"201111","EmailSentOn":"2020-05-22T15:16:35.750Z","Category":"Journal"},{"_id":355,"Id":355,"TransID":"201120","EmailSentOn":"2020-05-29T15:12:37.343Z","Category":"Journal"},{"_id":356,"Id":356,"TransID":"201134","EmailSentOn":"2020-05-29T15:12:51.673Z","Category":"Journal"},{"_id":357,"Id":357,"TransID":"201162","EmailSentOn":"2020-05-29T15:13:06.257Z","Category":"Journal"},{"_id":358,"Id":358,"TransID":"201179","EmailSentOn":"2020-05-29T15:13:20.727Z","Category":"Journal"},{"_id":359,"Id":359,"TransID":"201207","EmailSentOn":"2020-05-29T15:13:35.053Z","Category":"Journal"},{"_id":360,"Id":360,"TransID":"201233","EmailSentOn":"2020-05-29T15:13:49.093Z","Category":"Journal"},{"_id":361,"Id":361,"TransID":"201252","EmailSentOn":"2020-05-29T15:14:03.113Z","Category":"Journal"},{"_id":362,"Id":362,"TransID":"201261","EmailSentOn":"2020-05-29T17:02:45.117Z","Category":"Journal"},{"_id":363,"Id":363,"TransID":"201262","EmailSentOn":"2020-05-29T17:02:52.313Z","Category":"Journal"},{"_id":364,"Id":364,"TransID":"201263","EmailSentOn":"2020-05-29T17:02:59.933Z","Category":"Journal"},{"_id":365,"Id":365,"TransID":"201264","EmailSentOn":"2020-05-29T17:03:07.423Z","Category":"Journal"},{"_id":366,"Id":366,"TransID":"201265","EmailSentOn":"2020-05-29T17:03:14.710Z","Category":"Journal"},{"_id":367,"Id":367,"TransID":"201266","EmailSentOn":"2020-05-29T17:03:22.267Z","Category":"Journal"},{"_id":368,"Id":368,"TransID":"201267","EmailSentOn":"2020-05-29T17:03:30.157Z","Category":"Journal"},{"_id":369,"Id":369,"TransID":"201119","EmailSentOn":"2020-05-29T18:46:24.907Z","Category":"Journal"},{"_id":370,"Id":370,"TransID":"201150","EmailSentOn":"2020-05-29T18:46:41.443Z","Category":"Journal"},{"_id":371,"Id":371,"TransID":"201161","EmailSentOn":"2020-05-29T18:46:59.237Z","Category":"Journal"},{"_id":372,"Id":372,"TransID":"201178","EmailSentOn":"2020-05-29T18:47:16.457Z","Category":"Journal"},{"_id":373,"Id":373,"TransID":"201205","EmailSentOn":"2020-05-29T18:47:34.277Z","Category":"Journal"},{"_id":374,"Id":374,"TransID":"201224","EmailSentOn":"2020-05-29T18:47:51.460Z","Category":"Journal"},{"_id":375,"Id":375,"TransID":"201251","EmailSentOn":"2020-05-29T18:48:09.010Z","Category":"Journal"},{"_id":376,"Id":376,"TransID":"201275","EmailSentOn":"2020-06-10T20:05:30.340Z","Category":"Journal"},{"_id":377,"Id":377,"TransID":"201296","EmailSentOn":"2020-06-10T20:05:52.960Z","Category":"Journal"},{"_id":378,"Id":378,"TransID":"201312","EmailSentOn":"2020-06-10T20:06:15.557Z","Category":"Journal"},{"_id":379,"Id":379,"TransID":"201329","EmailSentOn":"2020-06-10T20:06:38.087Z","Category":"Journal"},{"_id":380,"Id":380,"TransID":"201349","EmailSentOn":"2020-06-10T20:07:01.387Z","Category":"Journal"},{"_id":381,"Id":381,"TransID":"201369","EmailSentOn":"2020-06-10T20:07:23.910Z","Category":"Journal"},{"_id":382,"Id":382,"TransID":"201387","EmailSentOn":"2020-06-10T20:07:47.147Z","Category":"Journal"},{"_id":383,"Id":383,"TransID":"201404","EmailSentOn":"2020-06-10T20:08:08.830Z","Category":"Journal"},{"_id":384,"Id":384,"TransID":"201425","EmailSentOn":"2020-06-10T20:08:31.700Z","Category":"Journal"},{"_id":385,"Id":385,"TransID":"201437","EmailSentOn":"2020-06-10T20:08:54.980Z","Category":"Journal"},{"_id":386,"Id":386,"TransID":"201457","EmailSentOn":"2020-06-10T20:09:17.937Z","Category":"Journal"},{"_id":387,"Id":387,"TransID":"201476","EmailSentOn":"2020-06-10T20:09:40.647Z","Category":"Journal"},{"_id":388,"Id":388,"TransID":"201276","EmailSentOn":"2020-06-10T20:33:38.920Z","Category":"Journal"},{"_id":389,"Id":389,"TransID":"201292","EmailSentOn":"2020-06-10T20:33:58.117Z","Category":"Journal"},{"_id":390,"Id":390,"TransID":"201313","EmailSentOn":"2020-06-10T20:34:17.133Z","Category":"Journal"},{"_id":391,"Id":391,"TransID":"201335","EmailSentOn":"2020-06-10T20:34:36.303Z","Category":"Journal"},{"_id":392,"Id":392,"TransID":"201350","EmailSentOn":"2020-06-10T20:34:55.663Z","Category":"Journal"},{"_id":393,"Id":393,"TransID":"201370","EmailSentOn":"2020-06-10T20:35:14.520Z","Category":"Journal"},{"_id":394,"Id":394,"TransID":"201388","EmailSentOn":"2020-06-10T20:35:34.263Z","Category":"Journal"},{"_id":395,"Id":395,"TransID":"201405","EmailSentOn":"2020-06-10T20:35:53.443Z","Category":"Journal"},{"_id":396,"Id":396,"TransID":"201419","EmailSentOn":"2020-06-10T20:36:12.413Z","Category":"Journal"},{"_id":397,"Id":397,"TransID":"201438","EmailSentOn":"2020-06-10T20:36:31.383Z","Category":"Journal"},{"_id":398,"Id":398,"TransID":"201458","EmailSentOn":"2020-06-10T20:36:49.873Z","Category":"Journal"},{"_id":399,"Id":399,"TransID":"201477","EmailSentOn":"2020-06-10T20:37:09.147Z","Category":"Journal"},{"_id":400,"Id":400,"TransID":"201988","EmailSentOn":"2020-07-03T16:11:08.997Z","Category":"Journal"},{"_id":401,"Id":401,"TransID":"201989","EmailSentOn":"2020-07-03T16:11:25.950Z","Category":"Journal"},{"_id":402,"Id":402,"TransID":"201990","EmailSentOn":"2020-07-03T16:11:41.933Z","Category":"Journal"},{"_id":403,"Id":403,"TransID":"201991","EmailSentOn":"2020-07-03T16:11:57.783Z","Category":"Journal"},{"_id":404,"Id":404,"TransID":"201992","EmailSentOn":"2020-07-03T16:12:13.540Z","Category":"Journal"},{"_id":405,"Id":405,"TransID":"201993","EmailSentOn":"2020-07-03T16:12:31.790Z","Category":"Journal"},{"_id":406,"Id":406,"TransID":"201994","EmailSentOn":"2020-07-03T16:12:48.217Z","Category":"Journal"},{"_id":407,"Id":407,"TransID":"201995","EmailSentOn":"2020-07-03T16:13:05.303Z","Category":"Journal"},{"_id":408,"Id":408,"TransID":"201996","EmailSentOn":"2020-07-03T16:13:21.800Z","Category":"Journal"},{"_id":409,"Id":409,"TransID":"201997","EmailSentOn":"2020-07-03T16:13:38.933Z","Category":"Journal"},{"_id":410,"Id":410,"TransID":"201998","EmailSentOn":"2020-07-03T16:13:55.973Z","Category":"Journal"},{"_id":411,"Id":411,"TransID":"201999","EmailSentOn":"2020-07-03T16:14:12.567Z","Category":"Journal"},{"_id":412,"Id":412,"TransID":"202000","EmailSentOn":"2020-07-03T16:14:29.810Z","Category":"Journal"},{"_id":413,"Id":413,"TransID":"202001","EmailSentOn":"2020-07-03T16:14:46.507Z","Category":"Journal"},{"_id":414,"Id":414,"TransID":"202002","EmailSentOn":"2020-07-03T16:15:01.670Z","Category":"Journal"},{"_id":415,"Id":415,"TransID":"202003","EmailSentOn":"2020-07-03T16:15:17.277Z","Category":"Journal"},{"_id":416,"Id":416,"TransID":"202004","EmailSentOn":"2020-07-03T16:15:31.943Z","Category":"Journal"},{"_id":417,"Id":417,"TransID":"202005","EmailSentOn":"2020-07-03T16:15:47.860Z","Category":"Journal"},{"_id":418,"Id":418,"TransID":"202006","EmailSentOn":"2020-07-03T16:16:05.187Z","Category":"Journal"},{"_id":419,"Id":419,"TransID":"202007","EmailSentOn":"2020-07-03T16:16:21.263Z","Category":"Journal"},{"_id":420,"Id":420,"TransID":"202008","EmailSentOn":"2020-07-03T16:16:37.807Z","Category":"Journal"},{"_id":421,"Id":421,"TransID":"202009","EmailSentOn":"2020-07-03T16:16:53.073Z","Category":"Journal"},{"_id":422,"Id":422,"TransID":"202010","EmailSentOn":"2020-07-03T16:17:08.277Z","Category":"Journal"},{"_id":423,"Id":423,"TransID":"202011","EmailSentOn":"2020-07-03T16:17:23.950Z","Category":"Journal"},{"_id":424,"Id":424,"TransID":"202012","EmailSentOn":"2020-07-03T16:17:39.087Z","Category":"Journal"},{"_id":425,"Id":425,"TransID":"202013","EmailSentOn":"2020-07-03T16:17:54.013Z","Category":"Journal"},{"_id":426,"Id":426,"TransID":"202014","EmailSentOn":"2020-07-03T16:18:07.500Z","Category":"Journal"},{"_id":427,"Id":427,"TransID":"202015","EmailSentOn":"2020-07-03T16:18:25.430Z","Category":"Journal"},{"_id":428,"Id":428,"TransID":"202016","EmailSentOn":"2020-07-03T16:18:41.807Z","Category":"Journal"},{"_id":429,"Id":429,"TransID":"202017","EmailSentOn":"2020-07-03T16:18:57.633Z","Category":"Journal"},{"_id":430,"Id":430,"TransID":"202018","EmailSentOn":"2020-07-03T16:19:12.797Z","Category":"Journal"},{"_id":431,"Id":431,"TransID":"202019","EmailSentOn":"2020-07-03T16:19:28.217Z","Category":"Journal"},{"_id":432,"Id":432,"TransID":"202020","EmailSentOn":"2020-07-03T16:19:44.767Z","Category":"Journal"},{"_id":433,"Id":433,"TransID":"202021","EmailSentOn":"2020-07-03T16:20:00.687Z","Category":"Journal"},{"_id":434,"Id":434,"TransID":"202022","EmailSentOn":"2020-07-03T16:20:17.440Z","Category":"Journal"},{"_id":435,"Id":435,"TransID":"201497","EmailSentOn":"2020-07-03T17:34:02.600Z","Category":"Journal"},{"_id":436,"Id":436,"TransID":"201521","EmailSentOn":"2020-07-03T17:34:35.870Z","Category":"Journal"},{"_id":437,"Id":437,"TransID":"201533","EmailSentOn":"2020-07-03T17:35:09.263Z","Category":"Journal"},{"_id":438,"Id":438,"TransID":"201548","EmailSentOn":"2020-07-03T17:35:43.287Z","Category":"Journal"},{"_id":439,"Id":439,"TransID":"201563","EmailSentOn":"2020-07-03T17:36:15.340Z","Category":"Journal"},{"_id":440,"Id":440,"TransID":"201597","EmailSentOn":"2020-07-03T17:36:47.877Z","Category":"Journal"},{"_id":441,"Id":441,"TransID":"201612","EmailSentOn":"2020-07-03T17:37:19.573Z","Category":"Journal"},{"_id":442,"Id":442,"TransID":"201629","EmailSentOn":"2020-07-03T17:37:55.207Z","Category":"Journal"},{"_id":443,"Id":443,"TransID":"201651","EmailSentOn":"2020-07-03T17:38:27.240Z","Category":"Journal"},{"_id":444,"Id":444,"TransID":"201664","EmailSentOn":"2020-07-03T17:39:01.230Z","Category":"Journal"},{"_id":445,"Id":445,"TransID":"201677","EmailSentOn":"2020-07-03T17:39:34.947Z","Category":"Journal"},{"_id":446,"Id":446,"TransID":"201694","EmailSentOn":"2020-07-03T17:40:07.647Z","Category":"Journal"},{"_id":447,"Id":447,"TransID":"201711","EmailSentOn":"2020-07-03T17:40:42.197Z","Category":"Journal"},{"_id":448,"Id":448,"TransID":"201734","EmailSentOn":"2020-07-03T17:41:16.153Z","Category":"Journal"},{"_id":449,"Id":449,"TransID":"201745","EmailSentOn":"2020-07-03T17:41:49.657Z","Category":"Journal"},{"_id":450,"Id":450,"TransID":"201761","EmailSentOn":"2020-07-03T17:42:22.723Z","Category":"Journal"},{"_id":451,"Id":451,"TransID":"201776","EmailSentOn":"2020-07-03T17:42:55.370Z","Category":"Journal"},{"_id":452,"Id":452,"TransID":"201791","EmailSentOn":"2020-07-03T17:43:27.980Z","Category":"Journal"},{"_id":453,"Id":453,"TransID":"201819","EmailSentOn":"2020-07-03T17:44:01.053Z","Category":"Journal"},{"_id":454,"Id":454,"TransID":"201835","EmailSentOn":"2020-07-03T17:44:34.017Z","Category":"Journal"},{"_id":455,"Id":455,"TransID":"201855","EmailSentOn":"2020-07-03T17:45:06.810Z","Category":"Journal"},{"_id":456,"Id":456,"TransID":"201874","EmailSentOn":"2020-07-03T17:45:40.037Z","Category":"Journal"},{"_id":457,"Id":457,"TransID":"201977","EmailSentOn":"2020-07-03T17:46:11.570Z","Category":"Journal"},{"_id":458,"Id":458,"TransID":"201496","EmailSentOn":"2020-07-03T18:31:16.823Z","Category":"Journal"},{"_id":459,"Id":459,"TransID":"201509","EmailSentOn":"2020-07-03T18:31:54.263Z","Category":"Journal"},{"_id":460,"Id":460,"TransID":"201532","EmailSentOn":"2020-07-03T18:32:31.757Z","Category":"Journal"},{"_id":461,"Id":461,"TransID":"201552","EmailSentOn":"2020-07-03T18:33:08.007Z","Category":"Journal"},{"_id":462,"Id":462,"TransID":"201560","EmailSentOn":"2020-07-03T18:33:43.703Z","Category":"Journal"},{"_id":463,"Id":463,"TransID":"201596","EmailSentOn":"2020-07-03T18:34:21.677Z","Category":"Journal"},{"_id":464,"Id":464,"TransID":"201611","EmailSentOn":"2020-07-03T18:34:58.800Z","Category":"Journal"},{"_id":465,"Id":465,"TransID":"201627","EmailSentOn":"2020-07-03T18:35:35.550Z","Category":"Journal"},{"_id":466,"Id":466,"TransID":"201650","EmailSentOn":"2020-07-03T18:36:13.290Z","Category":"Journal"},{"_id":467,"Id":467,"TransID":"201665","EmailSentOn":"2020-07-03T18:36:52.757Z","Category":"Journal"},{"_id":468,"Id":468,"TransID":"201676","EmailSentOn":"2020-07-03T18:37:29.893Z","Category":"Journal"},{"_id":469,"Id":469,"TransID":"201693","EmailSentOn":"2020-07-03T18:38:07.797Z","Category":"Journal"},{"_id":470,"Id":470,"TransID":"201710","EmailSentOn":"2020-07-03T18:38:45.397Z","Category":"Journal"},{"_id":471,"Id":471,"TransID":"201733","EmailSentOn":"2020-07-03T18:39:23.133Z","Category":"Journal"},{"_id":472,"Id":472,"TransID":"201740","EmailSentOn":"2020-07-03T18:40:00.513Z","Category":"Journal"},{"_id":473,"Id":473,"TransID":"201760","EmailSentOn":"2020-07-03T18:40:38.953Z","Category":"Journal"},{"_id":474,"Id":474,"TransID":"201775","EmailSentOn":"2020-07-03T18:41:17.673Z","Category":"Journal"},{"_id":475,"Id":475,"TransID":"201792","EmailSentOn":"2020-07-03T18:41:55.750Z","Category":"Journal"},{"_id":476,"Id":476,"TransID":"201818","EmailSentOn":"2020-07-03T18:42:33.483Z","Category":"Journal"},{"_id":477,"Id":477,"TransID":"201834","EmailSentOn":"2020-07-03T18:43:11.030Z","Category":"Journal"},{"_id":478,"Id":478,"TransID":"201854","EmailSentOn":"2020-07-03T18:43:47.723Z","Category":"Journal"},{"_id":479,"Id":479,"TransID":"201873","EmailSentOn":"2020-07-03T18:44:24.107Z","Category":"Journal"},{"_id":480,"Id":480,"TransID":"201976","EmailSentOn":"2020-07-03T18:45:00.363Z","Category":"Journal"},{"_id":481,"Id":481,"TransID":"202031","EmailSentOn":"2020-07-11T00:02:10.863Z","Category":"Journal"},{"_id":482,"Id":482,"TransID":"202143","EmailSentOn":"2020-07-11T01:02:23.587Z","Category":"Journal"},{"_id":483,"Id":483,"TransID":"202144","EmailSentOn":"2020-07-11T01:02:38.633Z","Category":"Journal"},{"_id":484,"Id":484,"TransID":"202145","EmailSentOn":"2020-07-11T01:02:53.387Z","Category":"Journal"},{"_id":485,"Id":485,"TransID":"202146","EmailSentOn":"2020-07-11T01:03:08.553Z","Category":"Journal"},{"_id":486,"Id":486,"TransID":"202147","EmailSentOn":"2020-07-11T01:03:23.117Z","Category":"Journal"},{"_id":487,"Id":487,"TransID":"202148","EmailSentOn":"2020-07-11T01:03:38.703Z","Category":"Journal"},{"_id":488,"Id":488,"TransID":"202149","EmailSentOn":"2020-07-11T01:03:53.920Z","Category":"Journal"},{"_id":489,"Id":489,"TransID":"202032","EmailSentOn":"2020-07-11T01:38:29.360Z","Category":"Journal"},{"_id":490,"Id":490,"TransID":"202045","EmailSentOn":"2020-07-11T01:39:02.093Z","Category":"Journal"},{"_id":491,"Id":491,"TransID":"202062","EmailSentOn":"2020-07-11T01:39:34.827Z","Category":"Journal"},{"_id":492,"Id":492,"TransID":"202076","EmailSentOn":"2020-07-11T01:40:07.370Z","Category":"Journal"},{"_id":493,"Id":493,"TransID":"202090","EmailSentOn":"2020-07-11T01:40:41.647Z","Category":"Journal"},{"_id":494,"Id":494,"TransID":"202116","EmailSentOn":"2020-07-11T01:41:16.533Z","Category":"Journal"},{"_id":495,"Id":495,"TransID":"202132","EmailSentOn":"2020-07-11T01:41:50.267Z","Category":"Journal"},{"_id":496,"Id":496,"TransID":"202154","EmailSentOn":"2020-07-13T19:17:36.740Z","Category":"Journal"},{"_id":497,"Id":497,"TransID":"202171","EmailSentOn":"2020-07-13T19:18:11.353Z","Category":"Journal"},{"_id":498,"Id":498,"TransID":"202190","EmailSentOn":"2020-07-13T19:18:45.747Z","Category":"Journal"},{"_id":499,"Id":499,"TransID":"202236","EmailSentOn":"2020-07-15T15:17:43.847Z","Category":"Journal"},{"_id":500,"Id":500,"TransID":"202237","EmailSentOn":"2020-07-15T15:18:01.203Z","Category":"Journal"},{"_id":501,"Id":501,"TransID":"202238","EmailSentOn":"2020-07-15T15:18:18.560Z","Category":"Journal"},{"_id":502,"Id":502,"TransID":"202239","EmailSentOn":"2020-07-15T15:18:35.137Z","Category":"Journal"},{"_id":503,"Id":503,"TransID":"202240","EmailSentOn":"2020-07-15T15:18:51.037Z","Category":"Journal"},{"_id":504,"Id":504,"TransID":"202300","EmailSentOn":"2020-07-19T03:49:33.257Z","Category":"Journal"},{"_id":505,"Id":505,"TransID":"202301","EmailSentOn":"2020-07-19T03:49:48.957Z","Category":"Journal"},{"_id":506,"Id":506,"TransID":"202302","EmailSentOn":"2020-07-19T03:50:04.257Z","Category":"Journal"},{"_id":507,"Id":507,"TransID":"202208","EmailSentOn":"2020-07-19T04:33:45.633Z","Category":"Journal"},{"_id":508,"Id":508,"TransID":"202228","EmailSentOn":"2020-07-19T04:34:20.683Z","Category":"Journal"},{"_id":509,"Id":509,"TransID":"202255","EmailSentOn":"2020-07-19T04:34:56.980Z","Category":"Journal"},{"_id":510,"Id":510,"TransID":"202274","EmailSentOn":"2020-07-19T04:35:33.527Z","Category":"Journal"},{"_id":511,"Id":511,"TransID":"202292","EmailSentOn":"2020-07-19T04:36:11.443Z","Category":"Journal"},{"_id":512,"Id":512,"TransID":"202311","EmailSentOn":"2020-07-22T16:50:30.600Z","Category":"Journal"},{"_id":513,"Id":513,"TransID":"202327","EmailSentOn":"2020-07-22T16:51:12.427Z","Category":"Journal"},{"_id":514,"Id":514,"TransID":"202342","EmailSentOn":"2020-07-22T16:51:54.217Z","Category":"Journal"},{"_id":515,"Id":515,"TransID":"202359","EmailSentOn":"2020-07-22T16:52:37.737Z","Category":"Journal"},{"_id":516,"Id":516,"TransID":"202570","EmailSentOn":"2020-08-03T15:57:40.390Z","Category":"Journal"},{"_id":517,"Id":517,"TransID":"202571","EmailSentOn":"2020-08-03T15:58:01.397Z","Category":"Journal"},{"_id":518,"Id":518,"TransID":"202572","EmailSentOn":"2020-08-03T15:58:21.930Z","Category":"Journal"},{"_id":519,"Id":519,"TransID":"202573","EmailSentOn":"2020-08-03T15:58:42.190Z","Category":"Journal"},{"_id":520,"Id":520,"TransID":"202574","EmailSentOn":"2020-08-03T15:59:03.710Z","Category":"Journal"},{"_id":521,"Id":521,"TransID":"202575","EmailSentOn":"2020-08-03T15:59:24.867Z","Category":"Journal"},{"_id":522,"Id":522,"TransID":"202576","EmailSentOn":"2020-08-03T15:59:45.580Z","Category":"Journal"},{"_id":523,"Id":523,"TransID":"202577","EmailSentOn":"2020-08-03T16:00:07.667Z","Category":"Journal"},{"_id":524,"Id":524,"TransID":"202578","EmailSentOn":"2020-08-03T16:00:30.020Z","Category":"Journal"},{"_id":525,"Id":525,"TransID":"202579","EmailSentOn":"2020-08-03T16:00:51.573Z","Category":"Journal"},{"_id":526,"Id":526,"TransID":"202580","EmailSentOn":"2020-08-03T16:01:15.597Z","Category":"Journal"},{"_id":527,"Id":527,"TransID":"202581","EmailSentOn":"2020-08-03T16:01:38.933Z","Category":"Journal"},{"_id":528,"Id":528,"TransID":"202582","EmailSentOn":"2020-08-03T16:02:02.187Z","Category":"Journal"},{"_id":529,"Id":529,"TransID":"202583","EmailSentOn":"2020-08-03T16:02:25.287Z","Category":"Journal"},{"_id":530,"Id":530,"TransID":"202584","EmailSentOn":"2020-08-03T16:02:45.863Z","Category":"Journal"},{"_id":531,"Id":531,"TransID":"202585","EmailSentOn":"2020-08-03T16:03:08.857Z","Category":"Journal"},{"_id":532,"Id":532,"TransID":"202050","EmailSentOn":"2020-08-04T20:42:20.357Z","Category":"Journal"},{"_id":533,"Id":533,"TransID":"202061","EmailSentOn":"2020-08-04T20:43:17.717Z","Category":"Journal"},{"_id":534,"Id":534,"TransID":"202075","EmailSentOn":"2020-08-04T20:44:13.157Z","Category":"Journal"},{"_id":535,"Id":535,"TransID":"202089","EmailSentOn":"2020-08-04T20:45:10.080Z","Category":"Journal"},{"_id":536,"Id":536,"TransID":"202115","EmailSentOn":"2020-08-04T20:46:07.867Z","Category":"Journal"},{"_id":537,"Id":537,"TransID":"202131","EmailSentOn":"2020-08-04T20:47:06.453Z","Category":"Journal"},{"_id":538,"Id":538,"TransID":"202153","EmailSentOn":"2020-08-04T20:48:04.313Z","Category":"Journal"},{"_id":539,"Id":539,"TransID":"202177","EmailSentOn":"2020-08-04T20:49:01.850Z","Category":"Journal"},{"_id":540,"Id":540,"TransID":"202189","EmailSentOn":"2020-08-04T20:49:56.837Z","Category":"Journal"},{"_id":541,"Id":541,"TransID":"202207","EmailSentOn":"2020-08-04T20:50:58.360Z","Category":"Journal"},{"_id":542,"Id":542,"TransID":"202227","EmailSentOn":"2020-08-04T20:51:56.997Z","Category":"Journal"},{"_id":543,"Id":543,"TransID":"202254","EmailSentOn":"2020-08-04T20:52:56.023Z","Category":"Journal"},{"_id":544,"Id":544,"TransID":"202273","EmailSentOn":"2020-08-04T20:53:57.077Z","Category":"Journal"},{"_id":545,"Id":545,"TransID":"202291","EmailSentOn":"2020-08-04T20:54:55.867Z","Category":"Journal"},{"_id":546,"Id":546,"TransID":"202310","EmailSentOn":"2020-08-04T20:55:55.273Z","Category":"Journal"},{"_id":547,"Id":547,"TransID":"202326","EmailSentOn":"2020-08-04T20:56:53.530Z","Category":"Journal"},{"_id":548,"Id":548,"TransID":"202350","EmailSentOn":"2020-08-04T20:57:52.193Z","Category":"Journal"},{"_id":549,"Id":549,"TransID":"202357","EmailSentOn":"2020-08-04T20:58:53.303Z","Category":"Journal"},{"_id":550,"Id":550,"TransID":"202374","EmailSentOn":"2020-08-04T20:59:55.340Z","Category":"Journal"},{"_id":551,"Id":551,"TransID":"202393","EmailSentOn":"2020-08-04T21:00:56.730Z","Category":"Journal"},{"_id":552,"Id":552,"TransID":"202418","EmailSentOn":"2020-08-04T21:01:56.660Z","Category":"Journal"},{"_id":553,"Id":553,"TransID":"202425","EmailSentOn":"2020-08-04T21:02:57.550Z","Category":"Journal"},{"_id":554,"Id":554,"TransID":"202453","EmailSentOn":"2020-08-04T21:03:57.347Z","Category":"Journal"},{"_id":555,"Id":555,"TransID":"202460","EmailSentOn":"2020-08-04T21:04:52.087Z","Category":"Journal"},{"_id":556,"Id":556,"TransID":"202474","EmailSentOn":"2020-08-04T21:05:48.087Z","Category":"Journal"},{"_id":557,"Id":557,"TransID":"202493","EmailSentOn":"2020-08-04T21:06:45.883Z","Category":"Journal"},{"_id":558,"Id":558,"TransID":"202510","EmailSentOn":"2020-08-04T21:07:42.340Z","Category":"Journal"},{"_id":559,"Id":559,"TransID":"202533","EmailSentOn":"2020-08-04T21:08:39.910Z","Category":"Journal"},{"_id":560,"Id":560,"TransID":"202551","EmailSentOn":"2020-08-04T21:09:35.297Z","Category":"Journal"},{"_id":561,"Id":561,"TransID":"202562","EmailSentOn":"2020-08-04T21:10:32.627Z","Category":"Journal"},{"_id":562,"Id":562,"TransID":"202594","EmailSentOn":"2020-08-04T21:11:29.337Z","Category":"Journal"}]