{"fields":[{"name":"_id","path":"_id","count":20000,"types":[{"name":"Number","bsonType":"Number","path":"_id","count":20000,"total_count":0,"probability":1}],"total_count":20000,"type":"Number","has_duplicates":false,"probability":1},{"name":"ADRProjectedME","path":"ADRProjectedME","count":20000,"types":[{"name":"Null","bsonType":"Null","path":"ADRProjectedME","count":20000,"total_count":0,"probability":1,"unique":1,"has_duplicates":true}],"total_count":20000,"type":"Null","has_duplicates":true,"probability":1},{"name":"BudgetADR","path":"BudgetADR","count":20000,"types":[{"name":"Number","bsonType":"Number","path":"BudgetADR","count":20000,"total_count":0,"probability":1}],"total_count":20000,"type":"Number","has_duplicates":false,"probability":1},{"name":"BudgetADRMTD","path":"BudgetADRMTD","count":20000,"types":[{"name":"Number","bsonType":"Number","path":"BudgetADRMTD","count":20000,"total_count":0,"probability":1}],"total_count":20000,"type":"Number","has_duplicates":false,"probability":1},{"name":"BudgetADRTTM","path":"BudgetADRTTM","count":20000,"types":[{"name":"Null","bsonType":"Null","path":"BudgetADRTTM","count":19998,"total_count":0,"probability":0.9999,"unique":1,"has_duplicates":true},{"name":"Number","bsonType":"Number","path":"BudgetADRTTM","count":2,"total_count":0,"probability":0.0001}],"total_count":20000,"type":["Null","Number"],"has_duplicates":true,"probability":1},{"name":"BudgetADRYTD","path":"BudgetADRYTD","count":20000,"types":[{"name":"Number","bsonType":"Number","path":"BudgetADRYTD","count":20000,"total_count":0,"probability":1}],"total_count":20000,"type":"Number","has_duplicates":false,"probability":1},{"name":"BudgetFANDBRevenue","path":"BudgetFANDBRevenue","count":20000,"types":[{"name":"Number","bsonType":"Number","path":"BudgetFANDBRevenue","count":20000,"total_count":0,"probability":1}],"total_count":20000,"type":"Number","has_duplicates":false,"probability":1},{"name":"BudgetNumberofAvailableRooms","path":"BudgetNumberofAvailableRooms","count":20000,"types":[{"name":"Number","bsonType":"Number","path":"BudgetNumberofAvailableRooms","count":20000,"total_count":0,"probability":1}],"total_count":20000,"type":"Number","has_duplicates":false,"probability":1},{"name":"BudgetOccupancy","path":"BudgetOccupancy","count":20000,"types":[{"name":"Number","bsonType":"Number","path":"BudgetOccupancy","count":20000,"total_count":0,"probability":1}],"total_count":20000,"type":"Number","has_duplicates":false,"probability":1},{"name":"BudgetOccupancyMTD","path":"BudgetOccupancyMTD","count":20000,"types":[{"name":"Number","bsonType":"Number","path":"BudgetOccupancyMTD","count":20000,"total_count":0,"probability":1}],"total_count":20000,"type":"Number","has_duplicates":false,"probability":1},{"name":"BudgetOccupancyTTM","path":"BudgetOccupancyTTM","count":20000,"types":[{"name":"Null","bsonType":"Null","path":"BudgetOccupancyTTM","count":19998,"total_count":0,"probability":0.9999,"unique":1,"has_duplicates":true},{"name":"Number","bsonType":"Number","path":"BudgetOccupancyTTM","count":2,"total_count":0,"probability":0.0001}],"total_count":20000,"type":["Null","Number"],"has_duplicates":true,"probability":1},{"name":"BudgetOccupancyYTD","path":"BudgetOccupancyYTD","count":20000,"types":[{"name":"Number","bsonType":"Number","path":"BudgetOccupancyYTD","count":20000,"total_count":0,"probability":1}],"total_count":20000,"type":"Number","has_duplicates":false,"probability":1},{"name":"BudgetOtherRevenue","path":"BudgetOtherRevenue","count":20000,"types":[{"name":"Number","bsonType":"Number","path":"BudgetOtherRevenue","count":20000,"total_count":0,"probability":1}],"total_count":20000,"type":"Number","has_duplicates":false,"probability":1},{"name":"BudgetRoomRevenue","path":"BudgetRoomRevenue","count":20000,"types":[{"name":"Number","bsonType":"Number","path":"BudgetRoomRevenue","count":20000,"total_count":0,"probability":1}],"total_count":20000,"type":"Number","has_duplicates":false,"probability":1},{"name":"BudgetRoomSold","path":"BudgetRoomSold","count":20000,"types":[{"name":"Number","bsonType":"Number","path":"BudgetRoomSold","count":20000,"total_count":0,"probability":1}],"total_count":20000,"type":"Number","has_duplicates":false,"probability":1},{"name":"BudgetTotalRevenue","path":"BudgetTotalRevenue","count":20000,"types":[{"name":"Number","bsonType":"Number","path":"BudgetTotalRevenue","count":20000,"total_count":0,"probability":1}],"total_count":20000,"type":"Number","has_duplicates":false,"probability":1},{"name":"Date","path":"Date","count":20000,"types":[{"name":"Date","bsonType":"Date","path":"Date","count":20000,"total_count":0,"probability":1}],"total_count":20000,"type":"Date","has_duplicates":false,"probability":1},{"name":"FNBMonthHotelBudget","path":"FNBMonthHotelBudget","count":20000,"types":[{"name":"Null","bsonType":"Null","path":"FNBMonthHotelBudget","count":19998,"total_count":0,"probability":0.9999,"unique":1,"has_duplicates":true},{"name":"Number","bsonType":"Number","path":"FNBMonthHotelBudget","count":2,"total_count":0,"probability":0.0001}],"total_count":20000,"type":["Null","Number"],"has_duplicates":true,"probability":1},{"name":"FNBMonthHotelForecast","path":"FNBMonthHotelForecast","count":20000,"types":[{"name":"Null","bsonType":"Null","path":"FNBMonthHotelForecast","count":19998,"total_count":0,"probability":0.9999,"unique":1,"has_duplicates":true},{"name":"Number","bsonType":"Number","path":"FNBMonthHotelForecast","count":2,"total_count":0,"probability":0.0001}],"total_count":20000,"type":["Null","Number"],"has_duplicates":true,"probability":1},{"name":"FNBNextMonthHotelForecast","path":"FNBNextMonthHotelForecast","count":20000,"types":[{"name":"Null","bsonType":"Null","path":"FNBNextMonthHotelForecast","count":20000,"total_count":0,"probability":1,"unique":1,"has_duplicates":true}],"total_count":20000,"type":"Null","has_duplicates":true,"probability":1},{"name":"FNBNextToNextMonthHotelForecast","path":"FNBNextToNextMonthHotelForecast","count":20000,"types":[{"name":"Null","bsonType":"Null","path":"FNBNextToNextMonthHotelForecast","count":20000,"total_count":0,"probability":1,"unique":1,"has_duplicates":true}],"total_count":20000,"type":"Null","has_duplicates":true,"probability":1},{"name":"FNBRevenueCurrentWeekForcast","path":"FNBRevenueCurrentWeekForcast","count":20000,"types":[{"name":"Null","bsonType":"Null","path":"FNBRevenueCurrentWeekForcast","count":20000,"total_count":0,"probability":1,"unique":1,"has_duplicates":true}],"total_count":20000,"type":"Null","has_duplicates":true,"probability":1},{"name":"FNBRevenueNextWeekForcast","path":"FNBRevenueNextWeekForcast","count":20000,"types":[{"name":"Null","bsonType":"Null","path":"FNBRevenueNextWeekForcast","count":20000,"total_count":0,"probability":1,"unique":1,"has_duplicates":true}],"total_count":20000,"type":"Null","has_duplicates":true,"probability":1},{"name":"ForecastADR","path":"ForecastADR","count":20000,"types":[{"name":"Number","bsonType":"Number","path":"ForecastADR","count":20000,"total_count":0,"probability":1}],"total_count":20000,"type":"Number","has_duplicates":false,"probability":1},{"name":"ForecastADRMTD","path":"ForecastADRMTD","count":20000,"types":[{"name":"Null","bsonType":"Null","path":"ForecastADRMTD","count":19998,"total_count":0,"probability":0.9999,"unique":1,"has_duplicates":true},{"name":"Number","bsonType":"Number","path":"ForecastADRMTD","count":2,"total_count":0,"probability":0.0001}],"total_count":20000,"type":["Null","Number"],"has_duplicates":true,"probability":1},{"name":"ForecastADRTTM","path":"ForecastADRTTM","count":20000,"types":[{"name":"Null","bsonType":"Null","path":"ForecastADRTTM","count":19998,"total_count":0,"probability":0.9999,"unique":1,"has_duplicates":true},{"name":"Number","bsonType":"Number","path":"ForecastADRTTM","count":2,"total_count":0,"probability":0.0001}],"total_count":20000,"type":["Null","Number"],"has_duplicates":true,"probability":1},{"name":"ForecastADRYTD","path":"ForecastADRYTD","count":20000,"types":[{"name":"Null","bsonType":"Null","path":"ForecastADRYTD","count":19998,"total_count":0,"probability":0.9999,"unique":1,"has_duplicates":true},{"name":"Number","bsonType":"Number","path":"ForecastADRYTD","count":2,"total_count":0,"probability":0.0001}],"total_count":20000,"type":["Null","Number"],"has_duplicates":true,"probability":1},{"name":"ForecastFANDBRevenue","path":"ForecastFANDBRevenue","count":20000,"types":[{"name":"Number","bsonType":"Number","path":"ForecastFANDBRevenue","count":20000,"total_count":0,"probability":1}],"total_count":20000,"type":"Number","has_duplicates":false,"probability":1},{"name":"ForecastOccupancy","path":"ForecastOccupancy","count":20000,"types":[{"name":"Number","bsonType":"Number","path":"ForecastOccupancy","count":20000,"total_count":0,"probability":1}],"total_count":20000,"type":"Number","has_duplicates":false,"probability":1},{"name":"ForecastOccupancyMTD","path":"ForecastOccupancyMTD","count":20000,"types":[{"name":"Null","bsonType":"Null","path":"ForecastOccupancyMTD","count":19998,"total_count":0,"probability":0.9999,"unique":1,"has_duplicates":true},{"name":"Number","bsonType":"Number","path":"ForecastOccupancyMTD","count":2,"total_count":0,"probability":0.0001}],"total_count":20000,"type":["Null","Number"],"has_duplicates":true,"probability":1},{"name":"ForecastOccupancyTTM","path":"ForecastOccupancyTTM","count":20000,"types":[{"name":"Null","bsonType":"Null","path":"ForecastOccupancyTTM","count":19998,"total_count":0,"probability":0.9999,"unique":1,"has_duplicates":true},{"name":"Number","bsonType":"Number","path":"ForecastOccupancyTTM","count":2,"total_count":0,"probability":0.0001}],"total_count":20000,"type":["Null","Number"],"has_duplicates":true,"probability":1},{"name":"ForecastOccupancyYTD","path":"ForecastOccupancyYTD","count":20000,"types":[{"name":"Null","bsonType":"Null","path":"ForecastOccupancyYTD","count":19998,"total_count":0,"probability":0.9999,"unique":1,"has_duplicates":true},{"name":"Number","bsonType":"Number","path":"ForecastOccupancyYTD","count":2,"total_count":0,"probability":0.0001}],"total_count":20000,"type":["Null","Number"],"has_duplicates":true,"probability":1},{"name":"ForecastOtherRevenue","path":"ForecastOtherRevenue","count":20000,"types":[{"name":"Number","bsonType":"Number","path":"ForecastOtherRevenue","count":20000,"total_count":0,"probability":1}],"total_count":20000,"type":"Number","has_duplicates":false,"probability":1},{"name":"ForecastRoomRevenue","path":"ForecastRoomRevenue","count":20000,"types":[{"name":"Number","bsonType":"Number","path":"ForecastRoomRevenue","count":20000,"total_count":0,"probability":1}],"total_count":20000,"type":"Number","has_duplicates":false,"probability":1},{"name":"ForecastRoomSold","path":"ForecastRoomSold","count":20000,"types":[{"name":"Number","bsonType":"Number","path":"ForecastRoomSold","count":20000,"total_count":0,"probability":1}],"total_count":20000,"type":"Number","has_duplicates":false,"probability":1},{"name":"ForecastTotalRevenue","path":"ForecastTotalRevenue","count":20000,"types":[{"name":"Number","bsonType":"Number","path":"ForecastTotalRevenue","count":20000,"total_count":0,"probability":1}],"total_count":20000,"type":"Number","has_duplicates":false,"probability":1},{"name":"HotelID","path":"HotelID","count":20000,"types":[{"name":"Number","bsonType":"Number","path":"HotelID","count":20000,"total_count":0,"probability":1}],"total_count":20000,"type":"Number","has_duplicates":false,"probability":1},{"name":"ID","path":"ID","count":20000,"types":[{"name":"Number","bsonType":"Number","path":"ID","count":20000,"total_count":0,"probability":1}],"total_count":20000,"type":"Number","has_duplicates":false,"probability":1},{"name":"MonthHotelBudget","path":"MonthHotelBudget","count":20000,"types":[{"name":"Number","bsonType":"Number","path":"MonthHotelBudget","count":20000,"total_count":0,"probability":1}],"total_count":20000,"type":"Number","has_duplicates":false,"probability":1},{"name":"MonthHotelForecast","path":"MonthHotelForecast","count":20000,"types":[{"name":"Number","bsonType":"Number","path":"MonthHotelForecast","count":20000,"total_count":0,"probability":1}],"total_count":20000,"type":"Number","has_duplicates":false,"probability":1},{"name":"MTDBudget","path":"MTDBudget","count":20000,"types":[{"name":"Number","bsonType":"Number","path":"MTDBudget","count":20000,"total_count":0,"probability":1}],"total_count":20000,"type":"Number","has_duplicates":false,"probability":1},{"name":"MTDBudgetBOB","path":"MTDBudgetBOB","count":20000,"types":[{"name":"Number","bsonType":"Number","path":"MTDBudgetBOB","count":20000,"total_count":0,"probability":1}],"total_count":20000,"type":"Number","has_duplicates":false,"probability":1},{"name":"MTDBudgetBOBNextMonth","path":"MTDBudgetBOBNextMonth","count":20000,"types":[{"name":"Number","bsonType":"Number","path":"MTDBudgetBOBNextMonth","count":20000,"total_count":0,"probability":1}],"total_count":20000,"type":"Number","has_duplicates":false,"probability":1},{"name":"MTDBudgetBOBNextMonthRoomSold","path":"MTDBudgetBOBNextMonthRoomSold","count":20000,"types":[{"name":"Null","bsonType":"Null","path":"MTDBudgetBOBNextMonthRoomSold","count":20000,"total_count":0,"probability":1,"unique":1,"has_duplicates":true}],"total_count":20000,"type":"Null","has_duplicates":true,"probability":1},{"name":"MTDBudgetBOBNextToNextMonth","path":"MTDBudgetBOBNextToNextMonth","count":20000,"types":[{"name":"Null","bsonType":"Null","path":"MTDBudgetBOBNextToNextMonth","count":20000,"total_count":0,"probability":1,"unique":1,"has_duplicates":true}],"total_count":20000,"type":"Null","has_duplicates":true,"probability":1},{"name":"MTDBudgetBOBNextToNextMonthRoomSold","path":"MTDBudgetBOBNextToNextMonthRoomSold","count":20000,"types":[{"name":"Null","bsonType":"Null","path":"MTDBudgetBOBNextToNextMonthRoomSold","count":20000,"total_count":0,"probability":1,"unique":1,"has_duplicates":true}],"total_count":20000,"type":"Null","has_duplicates":true,"probability":1},{"name":"MTDBudgetBOBRoomSold","path":"MTDBudgetBOBRoomSold","count":20000,"types":[{"name":"Null","bsonType":"Null","path":"MTDBudgetBOBRoomSold","count":20000,"total_count":0,"probability":1,"unique":1,"has_duplicates":true}],"total_count":20000,"type":"Null","has_duplicates":true,"probability":1},{"name":"MTDBudgetRooms","path":"MTDBudgetRooms","count":20000,"types":[{"name":"Number","bsonType":"Number","path":"MTDBudgetRooms","count":13816,"total_count":0,"probability":0.6908},{"name":"Null","bsonType":"Null","path":"MTDBudgetRooms","count":6184,"total_count":0,"probability":0.3092,"unique":1,"has_duplicates":true}],"total_count":20000,"type":["Number","Null"],"has_duplicates":true,"probability":1},{"name":"MTDFANDBRevenue","path":"MTDFANDBRevenue","count":20000,"types":[{"name":"Null","bsonType":"Null","path":"MTDFANDBRevenue","count":19998,"total_count":0,"probability":0.9999,"unique":1,"has_duplicates":true},{"name":"Number","bsonType":"Number","path":"MTDFANDBRevenue","count":2,"total_count":0,"probability":0.0001}],"total_count":20000,"type":["Null","Number"],"has_duplicates":true,"probability":1},{"name":"MTDForecastFANDBRevenue","path":"MTDForecastFANDBRevenue","count":20000,"types":[{"name":"Null","bsonType":"Null","path":"MTDForecastFANDBRevenue","count":20000,"total_count":0,"probability":1,"unique":1,"has_duplicates":true}],"total_count":20000,"type":"Null","has_duplicates":true,"probability":1},{"name":"MTDForecastOtherRevenue","path":"MTDForecastOtherRevenue","count":20000,"types":[{"name":"Null","bsonType":"Null","path":"MTDForecastOtherRevenue","count":19998,"total_count":0,"probability":0.9999,"unique":1,"has_duplicates":true},{"name":"Number","bsonType":"Number","path":"MTDForecastOtherRevenue","count":2,"total_count":0,"probability":0.0001}],"total_count":20000,"type":["Null","Number"],"has_duplicates":true,"probability":1},{"name":"MTDForecastRoomRevenue","path":"MTDForecastRoomRevenue","count":20000,"types":[{"name":"Null","bsonType":"Null","path":"MTDForecastRoomRevenue","count":19998,"total_count":0,"probability":0.9999,"unique":1,"has_duplicates":true},{"name":"Number","bsonType":"Number","path":"MTDForecastRoomRevenue","count":2,"total_count":0,"probability":0.0001}],"total_count":20000,"type":["Null","Number"],"has_duplicates":true,"probability":1},{"name":"MTDForecastRoomSold","path":"MTDForecastRoomSold","count":20000,"types":[{"name":"Null","bsonType":"Null","path":"MTDForecastRoomSold","count":20000,"total_count":0,"probability":1,"unique":1,"has_duplicates":true}],"total_count":20000,"type":"Null","has_duplicates":true,"probability":1},{"name":"MTDForecastTotalRevenue","path":"MTDForecastTotalRevenue","count":20000,"types":[{"name":"Null","bsonType":"Null","path":"MTDForecastTotalRevenue","count":19998,"total_count":0,"probability":0.9999,"unique":1,"has_duplicates":true},{"name":"Number","bsonType":"Number","path":"MTDForecastTotalRevenue","count":2,"total_count":0,"probability":0.0001}],"total_count":20000,"type":["Null","Number"],"has_duplicates":true,"probability":1},{"name":"MTDOtherRevenue","path":"MTDOtherRevenue","count":20000,"types":[{"name":"Null","bsonType":"Null","path":"MTDOtherRevenue","count":19998,"total_count":0,"probability":0.9999,"unique":1,"has_duplicates":true},{"name":"Number","bsonType":"Number","path":"MTDOtherRevenue","count":2,"total_count":0,"probability":0.0001}],"total_count":20000,"type":["Null","Number"],"has_duplicates":true,"probability":1},{"name":"MTDTotalRevenue","path":"MTDTotalRevenue","count":20000,"types":[{"name":"Null","bsonType":"Null","path":"MTDTotalRevenue","count":19998,"total_count":0,"probability":0.9999,"unique":1,"has_duplicates":true},{"name":"Number","bsonType":"Number","path":"MTDTotalRevenue","count":2,"total_count":0,"probability":0.0001}],"total_count":20000,"type":["Null","Number"],"has_duplicates":true,"probability":1},{"name":"NextMonthHotelForecast","path":"NextMonthHotelForecast","count":20000,"types":[{"name":"Null","bsonType":"Null","path":"NextMonthHotelForecast","count":20000,"total_count":0,"probability":1,"unique":1,"has_duplicates":true}],"total_count":20000,"type":"Null","has_duplicates":true,"probability":1},{"name":"NextToNextMonthHotelForecast","path":"NextToNextMonthHotelForecast","count":20000,"types":[{"name":"Null","bsonType":"Null","path":"NextToNextMonthHotelForecast","count":20000,"total_count":0,"probability":1,"unique":1,"has_duplicates":true}],"total_count":20000,"type":"Null","has_duplicates":true,"probability":1},{"name":"OccupancyProjectedME","path":"OccupancyProjectedME","count":20000,"types":[{"name":"Null","bsonType":"Null","path":"OccupancyProjectedME","count":20000,"total_count":0,"probability":1,"unique":1,"has_duplicates":true}],"total_count":20000,"type":"Null","has_duplicates":true,"probability":1},{"name":"OtherMonthHotelBudget","path":"OtherMonthHotelBudget","count":20000,"types":[{"name":"Null","bsonType":"Null","path":"OtherMonthHotelBudget","count":19998,"total_count":0,"probability":0.9999,"unique":1,"has_duplicates":true},{"name":"Number","bsonType":"Number","path":"OtherMonthHotelBudget","count":2,"total_count":0,"probability":0.0001}],"total_count":20000,"type":["Null","Number"],"has_duplicates":true,"probability":1},{"name":"OtherMonthHotelForecast","path":"OtherMonthHotelForecast","count":20000,"types":[{"name":"Null","bsonType":"Null","path":"OtherMonthHotelForecast","count":19998,"total_count":0,"probability":0.9999,"unique":1,"has_duplicates":true},{"name":"Number","bsonType":"Number","path":"OtherMonthHotelForecast","count":2,"total_count":0,"probability":0.0001}],"total_count":20000,"type":["Null","Number"],"has_duplicates":true,"probability":1},{"name":"OtherNextMonthHotelForecast","path":"OtherNextMonthHotelForecast","count":20000,"types":[{"name":"Null","bsonType":"Null","path":"OtherNextMonthHotelForecast","count":20000,"total_count":0,"probability":1,"unique":1,"has_duplicates":true}],"total_count":20000,"type":"Null","has_duplicates":true,"probability":1},{"name":"OtherNextToNextMonthHotelForecast","path":"OtherNextToNextMonthHotelForecast","count":20000,"types":[{"name":"Null","bsonType":"Null","path":"OtherNextToNextMonthHotelForecast","count":20000,"total_count":0,"probability":1,"unique":1,"has_duplicates":true}],"total_count":20000,"type":"Null","has_duplicates":true,"probability":1},{"name":"OtherRevenueCurrentWeekForcast","path":"OtherRevenueCurrentWeekForcast","count":20000,"types":[{"name":"Null","bsonType":"Null","path":"OtherRevenueCurrentWeekForcast","count":20000,"total_count":0,"probability":1,"unique":1,"has_duplicates":true}],"total_count":20000,"type":"Null","has_duplicates":true,"probability":1},{"name":"OtherRevenueNextWeekForcast","path":"OtherRevenueNextWeekForcast","count":20000,"types":[{"name":"Null","bsonType":"Null","path":"OtherRevenueNextWeekForcast","count":20000,"total_count":0,"probability":1,"unique":1,"has_duplicates":true}],"total_count":20000,"type":"Null","has_duplicates":true,"probability":1},{"name":"RoomRevenueCurrentWeekForcast","path":"RoomRevenueCurrentWeekForcast","count":20000,"types":[{"name":"Null","bsonType":"Null","path":"RoomRevenueCurrentWeekForcast","count":20000,"total_count":0,"probability":1,"unique":1,"has_duplicates":true}],"total_count":20000,"type":"Null","has_duplicates":true,"probability":1},{"name":"RoomRevenueMonthHotelBudget","path":"RoomRevenueMonthHotelBudget","count":20000,"types":[{"name":"Null","bsonType":"Null","path":"RoomRevenueMonthHotelBudget","count":19998,"total_count":0,"probability":0.9999,"unique":1,"has_duplicates":true},{"name":"Number","bsonType":"Number","path":"RoomRevenueMonthHotelBudget","count":2,"total_count":0,"probability":0.0001}],"total_count":20000,"type":["Null","Number"],"has_duplicates":true,"probability":1},{"name":"RoomRevenueMonthHotelForecast","path":"RoomRevenueMonthHotelForecast","count":20000,"types":[{"name":"Null","bsonType":"Null","path":"RoomRevenueMonthHotelForecast","count":19998,"total_count":0,"probability":0.9999,"unique":1,"has_duplicates":true},{"name":"Number","bsonType":"Number","path":"RoomRevenueMonthHotelForecast","count":2,"total_count":0,"probability":0.0001}],"total_count":20000,"type":["Null","Number"],"has_duplicates":true,"probability":1},{"name":"RoomRevenueNextMonthHotelForecast","path":"RoomRevenueNextMonthHotelForecast","count":20000,"types":[{"name":"Null","bsonType":"Null","path":"RoomRevenueNextMonthHotelForecast","count":20000,"total_count":0,"probability":1,"unique":1,"has_duplicates":true}],"total_count":20000,"type":"Null","has_duplicates":true,"probability":1},{"name":"RoomRevenueNextoextMonthHotelForecast","path":"RoomRevenueNextoextMonthHotelForecast","count":20000,"types":[{"name":"Null","bsonType":"Null","path":"RoomRevenueNextoextMonthHotelForecast","count":20000,"total_count":0,"probability":1,"unique":1,"has_duplicates":true}],"total_count":20000,"type":"Null","has_duplicates":true,"probability":1},{"name":"RoomRevenueNextWeekForcast","path":"RoomRevenueNextWeekForcast","count":20000,"types":[{"name":"Null","bsonType":"Null","path":"RoomRevenueNextWeekForcast","count":20000,"total_count":0,"probability":1,"unique":1,"has_duplicates":true}],"total_count":20000,"type":"Null","has_duplicates":true,"probability":1},{"name":"RoomRevenueToMakeBudget","path":"RoomRevenueToMakeBudget","count":20000,"types":[{"name":"Null","bsonType":"Null","path":"RoomRevenueToMakeBudget","count":20000,"total_count":0,"probability":1,"unique":1,"has_duplicates":true}],"total_count":20000,"type":"Null","has_duplicates":true,"probability":1},{"name":"RoomsSoldFuture","path":"RoomsSoldFuture","count":20000,"types":[{"name":"Null","bsonType":"Null","path":"RoomsSoldFuture","count":20000,"total_count":0,"probability":1,"unique":1,"has_duplicates":true}],"total_count":20000,"type":"Null","has_duplicates":true,"probability":1},{"name":"RoomsSoldFutureRevenue","path":"RoomsSoldFutureRevenue","count":20000,"types":[{"name":"Null","bsonType":"Null","path":"RoomsSoldFutureRevenue","count":20000,"total_count":0,"probability":1,"unique":1,"has_duplicates":true}],"total_count":20000,"type":"Null","has_duplicates":true,"probability":1},{"name":"TTMBudget","path":"TTMBudget","count":20000,"types":[{"name":"Null","bsonType":"Null","path":"TTMBudget","count":20000,"total_count":0,"probability":1,"unique":1,"has_duplicates":true}],"total_count":20000,"type":"Null","has_duplicates":true,"probability":1},{"name":"TTMBudgetRooms","path":"TTMBudgetRooms","count":20000,"types":[{"name":"Null","bsonType":"Null","path":"TTMBudgetRooms","count":20000,"total_count":0,"probability":1,"unique":1,"has_duplicates":true}],"total_count":20000,"type":"Null","has_duplicates":true,"probability":1},{"name":"TTMFANDBRevenue","path":"TTMFANDBRevenue","count":20000,"types":[{"name":"Null","bsonType":"Null","path":"TTMFANDBRevenue","count":19998,"total_count":0,"probability":0.9999,"unique":1,"has_duplicates":true},{"name":"Number","bsonType":"Number","path":"TTMFANDBRevenue","count":2,"total_count":0,"probability":0.0001}],"total_count":20000,"type":["Null","Number"],"has_duplicates":true,"probability":1},{"name":"TTMForecastFANDBRevenue","path":"TTMForecastFANDBRevenue","count":20000,"types":[{"name":"Null","bsonType":"Null","path":"TTMForecastFANDBRevenue","count":19998,"total_count":0,"probability":0.9999,"unique":1,"has_duplicates":true},{"name":"Number","bsonType":"Number","path":"TTMForecastFANDBRevenue","count":2,"total_count":0,"probability":0.0001}],"total_count":20000,"type":["Null","Number"],"has_duplicates":true,"probability":1},{"name":"TTMForecastOtherRevenue","path":"TTMForecastOtherRevenue","count":20000,"types":[{"name":"Null","bsonType":"Null","path":"TTMForecastOtherRevenue","count":19998,"total_count":0,"probability":0.9999,"unique":1,"has_duplicates":true},{"name":"Number","bsonType":"Number","path":"TTMForecastOtherRevenue","count":2,"total_count":0,"probability":0.0001}],"total_count":20000,"type":["Null","Number"],"has_duplicates":true,"probability":1},{"name":"TTMForecastRoomRevenue","path":"TTMForecastRoomRevenue","count":20000,"types":[{"name":"Null","bsonType":"Null","path":"TTMForecastRoomRevenue","count":19998,"total_count":0,"probability":0.9999,"unique":1,"has_duplicates":true},{"name":"Number","bsonType":"Number","path":"TTMForecastRoomRevenue","count":2,"total_count":0,"probability":0.0001}],"total_count":20000,"type":["Null","Number"],"has_duplicates":true,"probability":1},{"name":"TTMForecastRoomSold","path":"TTMForecastRoomSold","count":20000,"types":[{"name":"Null","bsonType":"Null","path":"TTMForecastRoomSold","count":20000,"total_count":0,"probability":1,"unique":1,"has_duplicates":true}],"total_count":20000,"type":"Null","has_duplicates":true,"probability":1},{"name":"TTMForecastTotalRevenue","path":"TTMForecastTotalRevenue","count":20000,"types":[{"name":"Null","bsonType":"Null","path":"TTMForecastTotalRevenue","count":19998,"total_count":0,"probability":0.9999,"unique":1,"has_duplicates":true},{"name":"Number","bsonType":"Number","path":"TTMForecastTotalRevenue","count":2,"total_count":0,"probability":0.0001}],"total_count":20000,"type":["Null","Number"],"has_duplicates":true,"probability":1},{"name":"TTMOtherRevenue","path":"TTMOtherRevenue","count":20000,"types":[{"name":"Null","bsonType":"Null","path":"TTMOtherRevenue","count":19998,"total_count":0,"probability":0.9999,"unique":1,"has_duplicates":true},{"name":"Number","bsonType":"Number","path":"TTMOtherRevenue","count":2,"total_count":0,"probability":0.0001}],"total_count":20000,"type":["Null","Number"],"has_duplicates":true,"probability":1},{"name":"TTMTotalRevenue","path":"TTMTotalRevenue","count":20000,"types":[{"name":"Null","bsonType":"Null","path":"TTMTotalRevenue","count":19998,"total_count":0,"probability":0.9999,"unique":1,"has_duplicates":true},{"name":"Number","bsonType":"Number","path":"TTMTotalRevenue","count":2,"total_count":0,"probability":0.0001}],"total_count":20000,"type":["Null","Number"],"has_duplicates":true,"probability":1},{"name":"UpdatedBy","path":"UpdatedBy","count":20000,"types":[{"name":"String","bsonType":"String","path":"UpdatedBy","count":20000,"total_count":0,"probability":1}],"total_count":20000,"type":"String","has_duplicates":false,"probability":1},{"name":"UpdatedDateTime","path":"UpdatedDateTime","count":20000,"types":[{"name":"Date","bsonType":"Date","path":"UpdatedDateTime","count":20000,"total_count":0,"probability":1}],"total_count":20000,"type":"Date","has_duplicates":false,"probability":1},{"name":"YTDBudget","path":"YTDBudget","count":20000,"types":[{"name":"Number","bsonType":"Number","path":"YTDBudget","count":19763,"total_count":0,"probability":0.98815},{"name":"Null","bsonType":"Null","path":"YTDBudget","count":237,"total_count":0,"probability":0.01185,"unique":1,"has_duplicates":true}],"total_count":20000,"type":["Number","Null"],"has_duplicates":true,"probability":1},{"name":"YTDBudgetRooms","path":"YTDBudgetRooms","count":20000,"types":[{"name":"Number","bsonType":"Number","path":"YTDBudgetRooms","count":13816,"total_count":0,"probability":0.6908},{"name":"Null","bsonType":"Null","path":"YTDBudgetRooms","count":6184,"total_count":0,"probability":0.3092,"unique":1,"has_duplicates":true}],"total_count":20000,"type":["Number","Null"],"has_duplicates":true,"probability":1},{"name":"YTDFANDBRevenue","path":"YTDFANDBRevenue","count":20000,"types":[{"name":"Null","bsonType":"Null","path":"YTDFANDBRevenue","count":19998,"total_count":0,"probability":0.9999,"unique":1,"has_duplicates":true},{"name":"Number","bsonType":"Number","path":"YTDFANDBRevenue","count":2,"total_count":0,"probability":0.0001}],"total_count":20000,"type":["Null","Number"],"has_duplicates":true,"probability":1},{"name":"YTDForecastFANDBRevenue","path":"YTDForecastFANDBRevenue","count":20000,"types":[{"name":"Null","bsonType":"Null","path":"YTDForecastFANDBRevenue","count":19998,"total_count":0,"probability":0.9999,"unique":1,"has_duplicates":true},{"name":"Number","bsonType":"Number","path":"YTDForecastFANDBRevenue","count":2,"total_count":0,"probability":0.0001}],"total_count":20000,"type":["Null","Number"],"has_duplicates":true,"probability":1},{"name":"YTDForecastOtherRevenue","path":"YTDForecastOtherRevenue","count":20000,"types":[{"name":"Null","bsonType":"Null","path":"YTDForecastOtherRevenue","count":19998,"total_count":0,"probability":0.9999,"unique":1,"has_duplicates":true},{"name":"Number","bsonType":"Number","path":"YTDForecastOtherRevenue","count":2,"total_count":0,"probability":0.0001}],"total_count":20000,"type":["Null","Number"],"has_duplicates":true,"probability":1},{"name":"YTDForecastRoomRevenue","path":"YTDForecastRoomRevenue","count":20000,"types":[{"name":"Null","bsonType":"Null","path":"YTDForecastRoomRevenue","count":19998,"total_count":0,"probability":0.9999,"unique":1,"has_duplicates":true},{"name":"Number","bsonType":"Number","path":"YTDForecastRoomRevenue","count":2,"total_count":0,"probability":0.0001}],"total_count":20000,"type":["Null","Number"],"has_duplicates":true,"probability":1},{"name":"YTDForecastRoomSold","path":"YTDForecastRoomSold","count":20000,"types":[{"name":"Null","bsonType":"Null","path":"YTDForecastRoomSold","count":20000,"total_count":0,"probability":1,"unique":1,"has_duplicates":true}],"total_count":20000,"type":"Null","has_duplicates":true,"probability":1},{"name":"YTDForecastTotalRevenue","path":"YTDForecastTotalRevenue","count":20000,"types":[{"name":"Null","bsonType":"Null","path":"YTDForecastTotalRevenue","count":19998,"total_count":0,"probability":0.9999,"unique":1,"has_duplicates":true},{"name":"Number","bsonType":"Number","path":"YTDForecastTotalRevenue","count":2,"total_count":0,"probability":0.0001}],"total_count":20000,"type":["Null","Number"],"has_duplicates":true,"probability":1},{"name":"YTDOtherRevenue","path":"YTDOtherRevenue","count":20000,"types":[{"name":"Null","bsonType":"Null","path":"YTDOtherRevenue","count":19998,"total_count":0,"probability":0.9999,"unique":1,"has_duplicates":true},{"name":"Number","bsonType":"Number","path":"YTDOtherRevenue","count":2,"total_count":0,"probability":0.0001}],"total_count":20000,"type":["Null","Number"],"has_duplicates":true,"probability":1},{"name":"YTDTotalRevenue","path":"YTDTotalRevenue","count":20000,"types":[{"name":"Null","bsonType":"Null","path":"YTDTotalRevenue","count":19998,"total_count":0,"probability":0.9999,"unique":1,"has_duplicates":true},{"name":"Number","bsonType":"Number","path":"YTDTotalRevenue","count":2,"total_count":0,"probability":0.0001}],"total_count":20000,"type":["Null","Number"],"has_duplicates":true,"probability":1}],"count":20000}