{"fields":[{"name":"_id","path":"_id","count":4,"types":[{"name":"Number","bsonType":"Number","path":"_id","count":4,"total_count":0,"probability":1}],"total_count":4,"type":"Number","has_duplicates":false,"probability":1},{"name":"AccountingTool","path":"AccountingTool","count":4,"types":[{"name":"String","bsonType":"String","path":"AccountingTool","count":4,"total_count":0,"probability":1}],"total_count":4,"type":"String","has_duplicates":false,"probability":1},{"name":"Id","path":"Id","count":4,"types":[{"name":"Number","bsonType":"Number","path":"Id","count":4,"total_count":0,"probability":1}],"total_count":4,"type":"Number","has_duplicates":false,"probability":1}],"count":4}