[{"_id":73,"Id":73,"Description":"Four Points-Fairview Heights, IL","Code":"THU","HotelID":938},{"_id":74,"Id":74,"Description":"Four Points-Huntersville / Charlotte, NC ","Code":"U5W","HotelID":937},{"_id":75,"Id":75,"Description":"Hampton Inn Plymouth Meeting","Code":"U5R","HotelID":918},{"_id":78,"Id":78,"Description":"Hampton Inn Philadelphia Airport","Code":"U5U","HotelID":917},{"_id":80,"Id":80,"Description":"Pensacola Grand ","Code":"8KR","HotelID":971},{"_id":81,"Id":81,"Description":"Island House Hotel-Orange Beach","Code":"QG3","HotelID":913},{"_id":82,"Id":82,"Description":"Fairfield Inn & Suites Uncasville","Code":"QXU","HotelID":893},{"_id":83,"Id":83,"Description":"Candlewood Suites-Macon","Code":"QVU","HotelID":925},{"_id":84,"Id":84,"Description":"Courtyard-Buford/Mall of Georgia","Code":"QP6","HotelID":866},{"_id":85,"Id":85,"Description":"Courtyard-McDonough","Code":"QLB","HotelID":868},{"_id":87,"Id":87,"Description":"Fairfield Inn & Suites-Alamogordo","Code":"QLC","HotelID":874},{"_id":88,"Id":88,"Description":"Fairfield Inn & Suites-Alamogordo","Code":"QVM","HotelID":874},{"_id":89,"Id":89,"Description":"Fairfield Inn & Suites-Buford/MOG","Code":"QVK","HotelID":876},{"_id":90,"Id":90,"Description":"Fairfield Inn & Suites-ColoradoSprings N","Code":"QLA","HotelID":878},{"_id":91,"Id":91,"Description":"Fairfield Inn & Suites-ColoradoSprings N","Code":"RGB","HotelID":878},{"_id":92,"Id":92,"Description":"Fairfield Inn & Suites-Gainesville","Code":"QVJ","HotelID":884},{"_id":93,"Id":93,"Description":"Fairfield Inn & Suites-Lynchburg","Code":"QLJ","HotelID":885},{"_id":94,"Id":94,"Description":"Fairfield Inn & Suites-Marianna","Code":"QLH","HotelID":886},{"_id":95,"Id":95,"Description":"Fairfield Inn & Suites-Scottsbluff","Code":"QPK","HotelID":888},{"_id":96,"Id":96,"Description":"Fairfield Inn & Suites-Tifton","Code":"QP3","HotelID":891},{"_id":97,"Id":97,"Description":"Fairfield Inn & Suites-Waxahachie, TX","Code":"QXE","HotelID":894},{"_id":98,"Id":98,"Description":"Fairfield Inn-Aransas Pass, TX","Code":"Q4J","HotelID":875},{"_id":99,"Id":99,"Description":"Fairfield Inn-St. Petersburg Clearwater","Code":"QL8","HotelID":889},{"_id":100,"Id":100,"Description":"Four Points-Atlanta/Airport, GA","Code":"R3U","HotelID":935},{"_id":101,"Id":101,"Description":"Hampton Inn -Dalton","Code":"TJB","HotelID":915},{"_id":102,"Id":102,"Description":"Hampton Inn-Gainesville","Code":"TJF","HotelID":895},{"_id":103,"Id":103,"Description":"Home2 Suites-St.Louis/Forest Park","Code":"RLM","HotelID":923},{"_id":104,"Id":104,"Description":"Residence Inn -ATLPerimeterCenter/Dunwdy","Code":"RM7","HotelID":896},{"_id":105,"Id":105,"Description":"SpringHill Suites-Hwy.290/Cypress, TX","Code":"RX8","HotelID":899},{"_id":106,"Id":106,"Description":"SpringHill Suites-Hwy.290/Cypress, TX","Code":"UPZ","HotelID":899},{"_id":107,"Id":107,"Description":"SpringHill Suites-Pensacola Beach","Code":"RDT","HotelID":900},{"_id":108,"Id":108,"Description":"SpringHill Suites-Pensacola Beach","Code":"RX8","HotelID":900},{"_id":109,"Id":109,"Description":"SpringHill Suites- St. Pete-Clearwater","Code":"RB9","HotelID":901},{"_id":110,"Id":110,"Description":"Fairfield Inn & Suites Dublin","Code":"RLL","HotelID":880},{"_id":111,"Id":111,"Description":"Fairfield Inn & Suites N Charleston Univ","Code":"QXV","HotelID":877},{"_id":112,"Id":112,"Description":"Home 2 Suites-Carbondale, IL","Code":"RFV","HotelID":921},{"_id":113,"Id":113,"Description":"TownePlace Suites-Tallahassee, FL","Code":"TD5","HotelID":904},{"_id":114,"Id":114,"Description":"SpringHill Suites Houston Medical Center","Code":"RWW","HotelID":898},{"_id":115,"Id":115,"Description":"Fairfield Inn Gastonia","Code":"TCV","HotelID":872},{"_id":116,"Id":116,"Description":"Fairfield Inn GRVL/Spartanburg Airport","Code":"TJ5","HotelID":873},{"_id":117,"Id":117,"Description":"Courtyard GRVL-Spartanburg Airport","Code":"TQP","HotelID":867},{"_id":118,"Id":118,"Description":"Fairfield Inn Tulsa","Code":"UBG","HotelID":892},{"_id":119,"Id":119,"Description":"Courtyard Marriott Tampa NW Expressway","Code":"TW4","HotelID":870},{"_id":121,"Id":121,"Description":"Four Points Long Island City","Code":"TVY","HotelID":null},{"_id":122,"Id":122,"Description":"Hampton Inn & Suites Snellville","Code":"U98","HotelID":920},{"_id":123,"Id":123,"Description":"Courtyard by Marriott Avalon/Alpharetta","Code":"UBC","HotelID":865},{"_id":124,"Id":124,"Description":"Fairfield Inn & Suites El Reno","Code":"U97","HotelID":883},{"_id":125,"Id":125,"Description":"Courtyard Dallas Midlothian Conf Center","Code":"ULA","HotelID":869},{"_id":126,"Id":126,"Description":"Fairfield Inn & Suites Decatur Conf Ctr","Code":"U8U","HotelID":879},{"_id":127,"Id":127,"Description":"Home2 Suites Houston/Sugarland, TX","Code":"UL9","HotelID":922},{"_id":129,"Id":129,"Description":"Fairfield Inn & Suites Battle Creek MI","Code":"UBR","HotelID":871},{"_id":130,"Id":130,"Description":"Fairfield Inn & Suites Mobile AL","Code":"UBE","HotelID":null},{"_id":131,"Id":131,"Description":"TownePlace Suites Mobile AL","Code":"R8C","HotelID":null},{"_id":132,"Id":132,"Description":"Four Points Bakersfield","Code":"THT","HotelID":936},{"_id":133,"Id":133,"Description":"Four Points Fairview Heights ","Code":"THU","HotelID":938},{"_id":134,"Id":134,"Description":"La Quinta Spring - Houston, TX ","Code":"U5V","HotelID":942},{"_id":135,"Id":135,"Description":"Spring Hill Suites St Louis","Code":"U01","HotelID":897},{"_id":136,"Id":136,"Description":"Fairfield Inn & Suites Tolleson Avadale","Code":"D2A","HotelID":985},{"_id":137,"Id":137,"Description":"Holiday Inn Express Pensacola","Code":"FDX","HotelID":929},{"_id":140,"Id":140,"Description":"Residence Inn- Ft Worth","Code":"EMD","HotelID":909},{"_id":141,"Id":141,"Description":"Hampton Inn & Suites Ft Worth ","Code":"7T2","HotelID":null},{"_id":142,"Id":142,"Description":"Pensacola Grand ","Code":"8KR","HotelID":971},{"_id":143,"Id":143,"Description":"Island Hotel RL  Ft Walton","Code":"7LV","HotelID":970},{"_id":144,"Id":144,"Description":"Courtyard Mobile","Code":"7FV","HotelID":984},{"_id":145,"Id":145,"Description":"Doubletree by Hilton Arlington DFW South","Code":"QLK","HotelID":965},{"_id":146,"Id":146,"Description":"Fairfield Inn & Suites by Marriott Terrell","Code":"UBS","HotelID":890},{"_id":147,"Id":147,"Description":"Fairfield Inn and Suites Federal Plaza (UPA)","Code":"UPA","HotelID":912},{"_id":148,"Id":148,"Description":"Staybridge Suites - Davie","Code":"WZJ","HotelID":934},{"_id":149,"Id":149,"Description":"Tru By Hilton Cypress Houston","Code":"UPZ","HotelID":924},{"_id":150,"Id":150,"Description":"Holiday Inn & Suites West Edmonton","Code":"8FAD","HotelID":927},{"_id":151,"Id":151,"Description":"Holiday Inn & Suites Lloydminster","Code":"8FAE","HotelID":926},{"_id":152,"Id":152,"Description":"Hampton Inn by Hilton Lloydminster","Code":"8FAJ","HotelID":916},{"_id":153,"Id":153,"Description":"Holiday Inn Express & Suites Drayton Valley","Code":"8FAF","HotelID":928},{"_id":154,"Id":154,"Description":"Ramada Edson","Code":"8GYV","HotelID":933},{"_id":155,"Id":155,"Description":"Holiday Inn Express &amp; Suites Slave Lake","Code":"8FAG","HotelID":930},{"_id":156,"Id":156,"Description":"Holiday Inn Express &amp; Suites Whitecourt YWCAB","Code":"8FAH","HotelID":931},{"_id":157,"Id":157,"Description":"Super 8 Fox Creek","Code":"8GYU","HotelID":947},{"_id":158,"Id":158,"Description":"Best Western Wainwright Inn","Code":"8EZU","HotelID":941},{"_id":159,"Id":159,"Description":"Holiday Inn Canmore","Code":"8EZT","HotelID":932},{"_id":160,"Id":160,"Description":"Comfort Suites Saskatoon","Code":"8FRB","HotelID":946},{"_id":161,"Id":161,"Description":"Comfort Suites Kelowna","Code":"8FRC","HotelID":945},{"_id":162,"Id":162,"Description":"Comfort Suites Regina","Code":"8FRF","HotelID":944},{"_id":163,"Id":163,"Description":"Comfort Inn Suites","Code":"8FRE","HotelID":943},{"_id":164,"Id":164,"Description":"Towneplace Suites By Marriott","Code":"8GS4","HotelID":1058},{"_id":165,"Id":165,"Description":"Townplace Suites Edmonton South","Code":"TF1Y","HotelID":902},{"_id":166,"Id":166,"Description":"Fairfield Inn & Suites by Marriott","Code":"TF1Z","HotelID":882},{"_id":167,"Id":167,"Description":"TownePlace Suites by Marriott Edmonton South","Code":"TF1Y","HotelID":902},{"_id":168,"Id":168,"Description":"Hampton Inn & Suites Keller Town Center","Code":"LEP","HotelID":1865},{"_id":169,"Id":169,"Description":"Hotel Indigo Winston-Salem Downtown","Code":"67Z","HotelID":1341},{"_id":170,"Id":170,"Description":"Comfort Inn Alma","Code":"30AL","HotelID":1006},{"_id":171,"Id":171,"Description":"Comfort Inn Amherst","Code":"30A3","HotelID":1007},{"_id":172,"Id":172,"Description":"Comfort Inn Ancienne-Lorette","Code":"30BL","HotelID":1008},{"_id":173,"Id":173,"Description":"Comfort Inn Baie-Comeau","Code":"30AM","HotelID":1009},{"_id":175,"Id":175,"Description":"Comfort Inn Boucherville","Code":"3BGX","HotelID":1011},{"_id":176,"Id":176,"Description":"Comfort Inn Brandon","Code":"30BF","HotelID":1012},{"_id":177,"Id":177,"Description":"Comfort Inn Brossard (Comfort Inn South)","Code":"30BH","HotelID":1013},{"_id":178,"Id":178,"Description":"Comfort Inn Cambridge","Code":"3BGP","HotelID":1014},{"_id":179,"Id":179,"Description":"Comfort Inn Charlottetown","Code":"30C0","HotelID":1015},{"_id":180,"Id":180,"Description":"Comfort Inn Chicoutimi","Code":"30A9","HotelID":1016},{"_id":181,"Id":181,"Description":"Comfort Inn Cobourg","Code":"30B3","HotelID":1017},{"_id":182,"Id":182,"Description":"Comfort Inn Corner Brook","Code":"30A5","HotelID":1018},{"_id":183,"Id":183,"Description":"Comfort Inn Drummondville","Code":"3BGW","HotelID":1019},{"_id":184,"Id":184,"Description":"Comfort Inn Dryden","Code":"30BD","HotelID":1020},{"_id":185,"Id":185,"Description":"Comfort Inn Edmonton West","Code":"30C4","HotelID":1021},{"_id":186,"Id":186,"Description":"Comfort Inn Edmundston","Code":"30BX","HotelID":1022},{"_id":187,"Id":187,"Description":"Comfort Inn Fredericton","Code":"30BR","HotelID":1023},{"_id":188,"Id":188,"Description":"Comfort Inn Gatineau","Code":"30B6","HotelID":1024},{"_id":189,"Id":189,"Description":"Comfort Inn Hamilton","Code":"30AC","HotelID":1025},{"_id":190,"Id":190,"Description":"Comfort Inn Kanata","Code":"3CW0","HotelID":1026},{"_id":191,"Id":191,"Description":"Comfort Inn Kapuskasing","Code":"30BN","HotelID":1027},{"_id":192,"Id":192,"Description":"Comfort Inn Kenora (Comfort Inn Kingston I)","Code":"30C3","HotelID":1028},{"_id":193,"Id":193,"Description":"Comfort Inn Kingston II (Comfort Inn Hwy. 401)","Code":"RF16","HotelID":1029},{"_id":194,"Id":194,"Description":"Comfort Inn Laval","Code":"30B1","HotelID":1030},{"_id":195,"Id":195,"Description":"Comfort Inn Moncton I (Magnetic Hill)","Code":"30BQ","HotelID":1031},{"_id":196,"Id":196,"Description":"Comfort Inn Moncton II East","Code":"30B2","HotelID":1032},{"_id":197,"Id":197,"Description":"Comfort Inn New Glasgow","Code":"3BGV","HotelID":1033},{"_id":198,"Id":198,"Description":"Comfort Inn Newmarket","Code":"30AX","HotelID":995},{"_id":199,"Id":199,"Description":"Comfort Inn Orillia","Code":"30BY","HotelID":1034},{"_id":200,"Id":200,"Description":"Comfort Inn Ottawa East","Code":"30BB","HotelID":1035},{"_id":201,"Id":201,"Description":"Comfort Inn Parry Sound","Code":"30BZ","HotelID":1036},{"_id":202,"Id":202,"Description":"Comfort Inn Pembroke","Code":"30AR","HotelID":1037},{"_id":203,"Id":203,"Description":"Comfort Inn Pickering","Code":"30AG","HotelID":953},{"_id":204,"Id":204,"Description":"Comfort Inn Prince Albert","Code":"30BV","HotelID":1038},{"_id":205,"Id":205,"Description":"Comfort Inn Regina","Code":"3BGS","HotelID":1039},{"_id":206,"Id":206,"Description":"Comfort Inn Saskatoon","Code":"3BGT","HotelID":1040},{"_id":207,"Id":207,"Description":"Comfort Inn Sault Ste. Marie","Code":"3BGN","HotelID":1041},{"_id":208,"Id":208,"Description":"Comfort Inn Sept-Iles","Code":"30AP","HotelID":1042},{"_id":209,"Id":209,"Description":"Comfort Inn Sherbrooke","Code":"30AE","HotelID":1043},{"_id":210,"Id":210,"Description":"Comfort Inn Simcoe","Code":"30BJ","HotelID":1044},{"_id":211,"Id":211,"Description":"Comfort Inn Sudbury","Code":"30AJ","HotelID":1045},{"_id":212,"Id":212,"Description":"Comfort Inn Sudbury East","Code":"30AK","HotelID":1046},{"_id":213,"Id":213,"Description":"Comfort Inn Swift Current","Code":"30BW","HotelID":1047},{"_id":214,"Id":214,"Description":"Comfort Inn Sydney","Code":"30AZ","HotelID":1048},{"_id":215,"Id":215,"Description":"Comfort Inn Thetford Mines","Code":"30AN","HotelID":1049},{"_id":216,"Id":216,"Description":"Comfort Inn Thunder Bay","Code":"3BGU","HotelID":1050},{"_id":217,"Id":217,"Description":"Comfort Inn Timmins","Code":"30B5","HotelID":1051},{"_id":218,"Id":218,"Description":"Comfort Inn Truro","Code":"30B0","HotelID":1052},{"_id":219,"Id":219,"Description":"Comfort Inn Val D'Or","Code":"30B7","HotelID":1053},{"_id":220,"Id":220,"Description":"Comfort Inn Waterloo","Code":"30BE","HotelID":1054},{"_id":221,"Id":221,"Description":"Comfort Inn Winnipeg Airport","Code":"30BT","HotelID":1056},{"_id":222,"Id":222,"Description":"Comfort Inn Winnipeg South","Code":"3BGY","HotelID":1055},{"_id":223,"Id":223,"Description":"Comfort Inn Yarmouth","Code":"30AY","HotelID":1057},{"_id":224,"Id":224,"Description":"Delta Hotels by Marriott London Armouries","Code":"R0FS","HotelID":956},{"_id":225,"Id":225,"Description":"Fairfield Inn & Suites by Marriott Belleville","Code":"9DDQ","HotelID":1124},{"_id":226,"Id":226,"Description":"Hilton Garden Inn Toronto/Burlington","Code":"8L1B","HotelID":955},{"_id":227,"Id":227,"Description":"Holiday Inn & Suites Ottawa Kanata","Code":"3CW0","HotelID":1101},{"_id":228,"Id":228,"Description":"Holiday Inn Barrie","Code":"8BD5","HotelID":1109},{"_id":229,"Id":229,"Description":"Holiday Inn Burlington Hotel and Conference Centre","Code":"3CW7","HotelID":954},{"_id":230,"Id":230,"Description":"Holiday Inn Calgary-Macleod Trail South","Code":"3CW6","HotelID":1135},{"_id":231,"Id":231,"Description":"Holiday Inn Express & Suites North Bay","Code":"81D9","HotelID":1157},{"_id":232,"Id":232,"Description":"Holiday Inn Guelph Hotel & Conference Ctr","Code":"3CW5","HotelID":1108},{"_id":233,"Id":233,"Description":"Holiday Inn Kingston-Waterfront","Code":"3CW4","HotelID":1121},{"_id":234,"Id":234,"Description":"Holiday Inn Laval - Montreal","Code":"T1NP","HotelID":1134},{"_id":235,"Id":235,"Description":"Holiday Inn Toronto Downtown Centre","Code":"3CHF","HotelID":1294},{"_id":236,"Id":236,"Description":"Homewood Suites by Hilton Burlington","Code":"8L1C","HotelID":1107},{"_id":237,"Id":237,"Description":"Les Suites Hotel Ottawa","Code":"8BD9","HotelID":1864},{"_id":238,"Id":238,"Description":"Courtyard by Marriott Winston-Salem Downtown\t","Code":"LPS","HotelID":2869},{"_id":239,"Id":239,"Description":"Fairfield by Marriott Edmonton International Airport","Code":"8DTZ","HotelID":908},{"_id":240,"Id":240,"Description":"Best Western West Kelowna\r\n","Code":"8FRD","HotelID":939},{"_id":241,"Id":241,"Description":"Courtyard Tuscaloosa","Code":"67X","HotelID":2877},{"_id":242,"Id":242,"Description":"Fairfield Inn Tuscaloosa","Code":"67W","HotelID":2876},{"_id":244,"Id":244,"Description":"Comfort Inn Kanata","Code":"30AB","HotelID":1026},{"_id":247,"Id":247,"Description":"Homewood Suites by Hilton Coralville - Iowa River Landing, IA","Code":"LF3","HotelID":1144},{"_id":246,"Id":246,"Description":"Staybridge Suites Des Moines Downtown","Code":"LES","HotelID":1138},{"_id":245,"Id":245,"Description":"Home2 Suites by Hilton Iowa City Coralville","Code":"L75","HotelID":1100},{"_id":248,"Id":248,"Description":"Hampton Inn Lincoln - South/Heritage Park","Code":"7Lz","HotelID":1110},{"_id":249,"Id":249,"Description":"Holiday Inn Boone University Area","Code":"CDA","HotelID":2962},{"_id":278,"Id":278,"Description":"Fairfield Inn & Suites Dayton North","Code":"DK0","HotelID":3207},{"_id":279,"Id":279,"Description":"700 - Hilton Garden Inn Downtown Calgary","Code":"9DCA","HotelID":1557}]