{"fields":[{"name":"_id","path":"_id","count":169,"types":[{"name":"Number","bsonType":"Number","path":"_id","count":169,"total_count":0,"probability":1}],"total_count":169,"type":"Number","has_duplicates":false,"probability":1},{"name":"Code","path":"Code","count":169,"types":[{"name":"String","bsonType":"String","path":"Code","count":169,"total_count":0,"probability":1}],"total_count":169,"type":"String","has_duplicates":false,"probability":1},{"name":"Description","path":"Description","count":169,"types":[{"name":"String","bsonType":"String","path":"Description","count":169,"total_count":0,"probability":1}],"total_count":169,"type":"String","has_duplicates":false,"probability":1},{"name":"HotelID","path":"HotelID","count":169,"types":[{"name":"Number","bsonType":"Number","path":"HotelID","count":165,"total_count":0,"probability":0.9763313609467456},{"name":"Null","bsonType":"Null","path":"HotelID","count":4,"total_count":0,"probability":0.023668639053254437,"unique":1,"has_duplicates":true}],"total_count":169,"type":["Number","Null"],"has_duplicates":true,"probability":1},{"name":"Id","path":"Id","count":169,"types":[{"name":"Number","bsonType":"Number","path":"Id","count":169,"total_count":0,"probability":1}],"total_count":169,"type":"Number","has_duplicates":false,"probability":1}],"count":169}