[{"_id":"5e468aa66dd6edb93dda4c56","tablename":"createowntablemappingsgroups","__v":0,"sequence_value":102},{"_id":"5e4515da6dd6edb93dc69b94","tablename":"createowntablemappings","__v":0,"sequence_value":1000000006},{"_id":"5e69af749b619e0cbc3fb77b","tablename":"createpropertydashboardtablemappings","__v":0,"sequence_value":728},{"_id":"5e46420d6dd6edb93dd6469a","tablename":"Createowntablemappingmaster","__v":0,"sequence_value":1000000008},{"_id":"5f144bf430a36591d9803717","tablename":"propertychartconfig","__v":0,"sequence_value":92},{"_id":"5f85acc9b6ea1566101ebdc9","tablename":"screenshotschedulers","__v":0,"sequence_value":3},{"_id":"5fa27f64e7b152dbec64f08c","tablename":"mdoglcodemaster","__v":0,"sequence_value":1136},{"_id":"5fce51646f5050c7b576a910","tablename":"createpnltablemappings","__v":0,"sequence_value":96}]