{"fields":[{"name":"_id","path":"_id","count":20000,"types":[{"name":"Number","bsonType":"Number","path":"_id","count":20000,"total_count":0,"probability":1}],"total_count":20000,"type":"Number","has_duplicates":false,"probability":1},{"name":"AuthToken","path":"AuthToken","count":20000,"types":[{"name":"String","bsonType":"String","path":"AuthToken","count":20000,"total_count":0,"probability":1}],"total_count":20000,"type":"String","has_duplicates":false,"probability":1},{"name":"ExpiresOn","path":"ExpiresOn","count":20000,"types":[{"name":"Date","bsonType":"Date","path":"ExpiresOn","count":20000,"total_count":0,"probability":1}],"total_count":20000,"type":"Date","has_duplicates":false,"probability":1},{"name":"IssuedOn","path":"IssuedOn","count":20000,"types":[{"name":"Date","bsonType":"Date","path":"IssuedOn","count":20000,"total_count":0,"probability":1}],"total_count":20000,"type":"Date","has_duplicates":false,"probability":1},{"name":"TokenId","path":"TokenId","count":20000,"types":[{"name":"Number","bsonType":"Number","path":"TokenId","count":20000,"total_count":0,"probability":1}],"total_count":20000,"type":"Number","has_duplicates":false,"probability":1},{"name":"Type","path":"Type","count":20000,"types":[{"name":"Null","bsonType":"Null","path":"Type","count":20000,"total_count":0,"probability":1,"unique":1,"has_duplicates":true}],"total_count":20000,"type":"Null","has_duplicates":true,"probability":1},{"name":"UserId","path":"UserId","count":20000,"types":[{"name":"Number","bsonType":"Number","path":"UserId","count":20000,"total_count":0,"probability":1}],"total_count":20000,"type":"Number","has_duplicates":false,"probability":1}],"count":20000}