[{"_id":4,"BoardcastMessageID":4,"UserID":105,"OrgID":105,"Message":"Hello, you can send out a message to your entire team using a broadcast message.","StartDate":"2018-03-07T00:00:00.000Z","EndDate":"2018-03-30T00:00:00.000Z","IsActive":true,"UpdatedDateTime":"2018-03-07T15:54:51.710Z","UpdatedBy":"info@mydigitaloffice.ca"},{"_id":5,"BoardcastMessageID":5,"UserID":639,"OrgID":615,"Message":"Email innsofsdao@gmail.com when you see this message. I would like to see if it works.","StartDate":"2018-04-05T00:00:00.000Z","EndDate":"2018-04-12T00:00:00.000Z","IsActive":true,"UpdatedDateTime":"2018-04-05T18:39:01.293Z","UpdatedBy":"innsofsdao@gmail.com"},{"_id":6,"BoardcastMessageID":6,"UserID":105,"OrgID":105,"Message":"All end of month documents must be received by corporate office no later than the 2nd day of the new month.  Thanks.","StartDate":"2017-03-26T00:00:00.000Z","EndDate":"2018-06-30T00:00:00.000Z","IsActive":true,"UpdatedDateTime":"2018-04-16T13:54:34.287Z","UpdatedBy":"info@mydigitaloffice.ca"},{"_id":7,"BoardcastMessageID":7,"UserID":105,"OrgID":105,"Message":"Thanks for all your hard work, we achieved our goals for March.  Go team!!","StartDate":"2017-08-01T00:00:00.000Z","EndDate":"2018-04-30T00:00:00.000Z","IsActive":true,"UpdatedDateTime":"2018-04-16T14:40:04.793Z","UpdatedBy":"info@mydigitaloffice.ca"},{"_id":8,"BoardcastMessageID":8,"UserID":2,"OrgID":2,"Message":"Hello Everyone","StartDate":"2018-05-17T00:00:00.000Z","EndDate":"2018-05-18T00:00:00.000Z","IsActive":true,"UpdatedDateTime":"2018-05-17T15:15:45.277Z","UpdatedBy":"superadmin@mydigitaloffice.ca"},{"_id":9,"BoardcastMessageID":9,"UserID":183,"OrgID":2,"Message":"Depending on when you logged on today, you may have noticed 0 values on your dashboard. This was caused by a Windows Update this morning. This issue has been rectified. If you still notice any discrepancies, please reach out to support@mydigitaloffice.com.","StartDate":"2018-05-30T00:00:00.000Z","EndDate":"2018-05-30T00:00:00.000Z","IsActive":true,"UpdatedDateTime":"2018-05-30T14:53:06.137Z","UpdatedBy":"denise@mydigitaloffice.ca"},{"_id":10,"BoardcastMessageID":10,"UserID":183,"OrgID":30,"Message":"Hilton Hotel (OnQ Properties) alert: The Lobby is experiencing an outage. If your hotel has zero values this morning, it may be due to this outage. We are aware of the issue and your values will be loaded as soon as we receive the Ops Audit report. If your hotel has zero values for another reason, please contact support@mydigitaloffice.com.","StartDate":"2018-06-28T00:00:00.000Z","EndDate":"2018-06-28T00:00:00.000Z","IsActive":true,"UpdatedDateTime":"2018-06-28T16:43:06.450Z","UpdatedBy":"denise@mydigitaloffice.ca"},{"_id":23,"BoardcastMessageID":23,"UserID":183,"OrgID":2,"Message":"IHG Opera properties are having a delay in sending automated reports this morning. Opera is working on a resolution. We do not have an ETA at this time.\r\n\r\nYou do not need to re-send the reports. Once the reports send our processes will handle them.","StartDate":"2018-09-05T00:00:00.000Z","EndDate":"2018-09-05T00:00:00.000Z","IsActive":true,"UpdatedDateTime":"2018-09-05T13:38:41.597Z","UpdatedBy":"denise@mydigitaloffice.ca"},{"_id":24,"BoardcastMessageID":24,"UserID":105,"OrgID":105,"Message":"Test broadcast message","StartDate":"2018-10-16T00:00:00.000Z","EndDate":"2018-10-18T00:00:00.000Z","IsActive":true,"UpdatedDateTime":"2018-10-17T07:16:28.560Z","UpdatedBy":"info@mydigitaloffice.ca"},{"_id":25,"BoardcastMessageID":25,"UserID":105,"OrgID":105,"Message":"Test 123","StartDate":"2018-10-09T00:00:00.000Z","EndDate":"2018-10-24T00:00:00.000Z","IsActive":true,"UpdatedDateTime":"2018-10-17T07:50:50.237Z","UpdatedBy":"info@mydigitaloffice.ca"},{"_id":28,"BoardcastMessageID":28,"UserID":1049,"OrgID":1042,"Message":"Team- a friendly reminder that revenue budgets (1st draft) are due today to your RPM. \r\n\r\n\r\nThank you, \r\nJason D'Agostino\r\n","StartDate":"2018-11-16T00:00:00.000Z","EndDate":"2018-11-16T00:00:00.000Z","IsActive":true,"UpdatedDateTime":"2018-11-16T17:09:22.587Z","UpdatedBy":"jdagostino@visions-hotels.com"},{"_id":29,"BoardcastMessageID":29,"UserID":1049,"OrgID":1042,"Message":"Team- a friendly reminder that revenue budgets (1st draft) are due today to your RPM. \r\n\r\n\r\nThank you, \r\nJason D'Agostino\r\n","StartDate":"2018-11-16T00:00:00.000Z","EndDate":"2018-11-16T00:00:00.000Z","IsActive":true,"UpdatedDateTime":"2018-11-16T17:09:26.137Z","UpdatedBy":"jdagostino@visions-hotels.com"},{"_id":30,"BoardcastMessageID":30,"UserID":1049,"OrgID":1042,"Message":"Team- a friendly reminder that revenue budgets (1st draft) are due today to your RPM. \r\n\r\n\r\nThank you, \r\nJason D'Agostino\r\n","StartDate":"2018-11-16T00:00:00.000Z","EndDate":"2018-11-16T00:00:00.000Z","IsActive":true,"UpdatedDateTime":"2018-11-16T17:09:29.270Z","UpdatedBy":"jdagostino@visions-hotels.com"},{"_id":31,"BoardcastMessageID":31,"UserID":845,"OrgID":824,"Message":"Testing","StartDate":"2018-11-25T00:00:00.000Z","EndDate":"2018-11-27T00:00:00.000Z","IsActive":true,"UpdatedDateTime":"2018-11-26T16:26:01.893Z","UpdatedBy":"aashmore@commonwealthhotels.com"},{"_id":32,"BoardcastMessageID":32,"UserID":105,"OrgID":105,"Message":"Tax Exempt is due Wednesday 11/28/18","StartDate":"2018-11-26T00:00:00.000Z","EndDate":"2018-11-29T00:00:00.000Z","IsActive":true,"UpdatedDateTime":"2018-11-26T22:01:23.897Z","UpdatedBy":"info@mydigitaloffice.ca"},{"_id":33,"BoardcastMessageID":33,"UserID":227,"OrgID":105,"Message":"Test","StartDate":"2018-11-28T00:00:00.000Z","EndDate":"2018-11-30T00:00:00.000Z","IsActive":true,"UpdatedDateTime":"2018-11-29T07:49:28.943Z","UpdatedBy":"nibaya@mydigitaloffice.ca"},{"_id":34,"BoardcastMessageID":34,"UserID":1049,"OrgID":1042,"Message":"Good morning team, \r\nA friendly reminder to post Marriott Reward Redemptions before the year ends. \r\n\r\nThank you, \r\nJason D’Agostino\r\n","StartDate":"2018-12-21T00:00:00.000Z","EndDate":"2018-12-23T00:00:00.000Z","IsActive":true,"UpdatedDateTime":"2018-12-21T13:39:37.593Z","UpdatedBy":"jdagostino@visions-hotels.com"},{"_id":35,"BoardcastMessageID":35,"UserID":105,"OrgID":105,"Message":"Tax Exempt forms and back up documents must be submitted via night audit so the forms are available for accounting no later than 1/5/2019.","StartDate":"2018-12-27T00:00:00.000Z","EndDate":"2019-01-05T00:00:00.000Z","IsActive":true,"UpdatedDateTime":"2018-12-28T12:37:49.570Z","UpdatedBy":"info@mydigitaloffice.ca"},{"_id":36,"BoardcastMessageID":36,"UserID":227,"OrgID":105,"Message":"Test message for Dev","StartDate":"2019-01-08T00:00:00.000Z","EndDate":"2019-04-08T00:00:00.000Z","IsActive":true,"UpdatedDateTime":"2019-01-09T05:25:37.643Z","UpdatedBy":"nibaya@mydigitaloffice.ca"},{"_id":37,"BoardcastMessageID":37,"UserID":1128,"OrgID":1128,"Message":"retetetert","StartDate":"2019-02-01T00:00:00.000Z","EndDate":"2019-02-07T00:00:00.000Z","IsActive":true,"UpdatedDateTime":"2019-02-06T17:31:52.993Z","UpdatedBy":"manomi@mydigitaloffice.lk"},{"_id":47,"BoardcastMessageID":47,"UserID":2332,"OrgID":105,"Message":"abc","StartDate":"2019-03-11T00:00:00.000Z","EndDate":"2019-03-12T00:00:00.000Z","IsActive":true,"UpdatedDateTime":"2019-03-18T11:53:52.957Z","UpdatedBy":"KPMGAdmin1@mydigitaloffice.com"},{"_id":49,"BoardcastMessageID":49,"UserID":183,"OrgID":2,"Message":"Maintenance Outage - March 29, 2019 1am est - 4am est\r\nPlease send or upload your reports as normal.\r\n\r\nThis maintenance could potentially delay your data appearing on the Dashboard by the usual time. We will do everything possible to prevent any delays.","StartDate":"2019-03-28T00:00:00.000Z","EndDate":"2019-03-30T00:00:00.000Z","IsActive":true,"UpdatedDateTime":"2019-03-28T13:36:13.033Z","UpdatedBy":"denise@mydigitaloffice.ca"},{"_id":51,"BoardcastMessageID":51,"UserID":183,"OrgID":2,"Message":"For Hilton branded hotels, we are aware Operations Audit has not been received for several days. We are in contact with Hilton Support to resolve the issue. We will be contacting hotels to retrieve the missing days.","StartDate":"2019-05-20T00:00:00.000Z","EndDate":"2019-05-24T00:00:00.000Z","IsActive":true,"UpdatedDateTime":"2019-05-20T12:30:42.163Z","UpdatedBy":"denise@mydigitaloffice.ca"},{"_id":53,"BoardcastMessageID":53,"UserID":183,"OrgID":2,"Message":"Hilton Hotels (OnQ) are experiencing an outage with Ops Audit again this morning. If your hotel has zero values this morning, it may be due to this outage. We are aware of the issue and your values will be loaded as soon as we receive the Ops Audit report. If your hotel has zero values for another reason, please contact support@mydigitaloffice.com.","StartDate":"2019-05-30T00:00:00.000Z","EndDate":"2019-05-30T00:00:00.000Z","IsActive":true,"UpdatedDateTime":"2019-05-30T11:52:32.327Z","UpdatedBy":"denise@mydigitaloffice.ca"},{"_id":54,"BoardcastMessageID":54,"UserID":2174,"OrgID":2174,"Message":"Corporate will be receiving the dashboards effective on 6.24.19.  Please ensure your teams are uploading information properly. Thanks - wendy","StartDate":"2019-06-05T00:00:00.000Z","EndDate":"2019-06-21T00:00:00.000Z","IsActive":true,"UpdatedDateTime":"2019-06-05T02:55:11.287Z","UpdatedBy":"wnorris@valenciagroup.com"},{"_id":55,"BoardcastMessageID":55,"UserID":275,"OrgID":238,"Message":"test","StartDate":"2019-06-27T00:00:00.000Z","EndDate":"2019-06-27T00:00:00.000Z","IsActive":true,"UpdatedDateTime":"2019-06-27T19:38:39.723Z","UpdatedBy":"shawn@insigniamgmt.com"},{"_id":56,"BoardcastMessageID":56,"UserID":275,"OrgID":238,"Message":"get it together Tara","StartDate":"2019-06-27T00:00:00.000Z","EndDate":"2019-06-27T00:00:00.000Z","IsActive":true,"UpdatedDateTime":"2019-06-27T19:46:06.250Z","UpdatedBy":"shawn@insigniamgmt.com"},{"_id":59,"BoardcastMessageID":59,"UserID":183,"OrgID":2,"Message":"There is a Hilton enterprise wide delay in delivery of the Ops Audit files since 07July. Hilton is aware of the issue and working to resolve it.\r\nIf you have questions or other issues, please feel free to reach out to support@mydigitaloffice.com.\r\nThank you for your patience as we work with Hilton Ops Audit Support to resolve the issue. ","StartDate":"2019-07-07T00:00:00.000Z","EndDate":"2019-07-10T00:00:00.000Z","IsActive":true,"UpdatedDateTime":"2019-07-09T13:28:09.333Z","UpdatedBy":"denise@mydigitaloffice.ca"},{"_id":60,"BoardcastMessageID":60,"UserID":183,"OrgID":2,"Message":"Earlier today 10/14/19, we were notified by Hilton that Operations Audit has not received the daily PMS Rooms Revenue Transmissions due to issues with the OnQ Data Flow. Hilton Ops Audit is working to resolve the issue.","StartDate":"2019-10-14T00:00:00.000Z","EndDate":"2019-10-15T00:00:00.000Z","IsActive":true,"UpdatedDateTime":"2019-10-14T13:36:01.163Z","UpdatedBy":"denise@mydigitaloffice.ca"},{"_id":61,"BoardcastMessageID":61,"UserID":1049,"OrgID":1042,"Message":"Good day, \r\nA friendly reminder that all Monthly and Weekly STR reports need to be uploaded to Egnyte. \r\n\r\nThank you, \r\n\r\nJason D'Agostino ","StartDate":"2019-12-19T00:00:00.000Z","EndDate":"2019-12-20T00:00:00.000Z","IsActive":true,"UpdatedDateTime":"2019-12-19T13:18:21.280Z","UpdatedBy":"jdagostino@visions-hotels.com"},{"_id":62,"BoardcastMessageID":62,"UserID":105,"OrgID":105,"Message":"Test","StartDate":"2020-03-25T00:00:00.000Z","EndDate":"2020-03-26T00:00:00.000Z","IsActive":true,"UpdatedDateTime":"2020-03-25T21:16:07.627Z","UpdatedBy":"info@mydigitaloffice.ca"},{"_id":63,"BoardcastMessageID":63,"UserID":105,"OrgID":105,"Message":"Test","StartDate":"2020-03-25T00:00:00.000Z","EndDate":"2020-03-26T00:00:00.000Z","IsActive":true,"UpdatedDateTime":"2020-03-25T21:16:28.197Z","UpdatedBy":"info@mydigitaloffice.ca"},{"_id":64,"BoardcastMessageID":64,"UserID":56,"OrgID":2,"Message":"Due to scheduled maintenance, you may experience a delay in data loading and email reports being sent. Thank you for your patience. ","StartDate":"2020-05-09T00:00:00.000Z","EndDate":"2020-05-10T00:00:00.000Z","IsActive":true,"UpdatedDateTime":"2020-05-09T12:35:12.233Z","UpdatedBy":"ali@mydigitaloffice.ca"},{"_id":65,"BoardcastMessageID":65,"UserID":5345,"OrgID":105,"Message":"TEST","StartDate":"2020-07-06T00:00:00.000Z","EndDate":"2020-07-06T00:00:00.000Z","IsActive":true,"UpdatedDateTime":"2020-07-06T09:23:37.157Z","UpdatedBy":"mehimash@gmail.com"},{"_id":66,"BoardcastMessageID":66,"UserID":5345,"OrgID":105,"Message":"TEST","StartDate":"2020-07-06T00:00:00.000Z","EndDate":"2020-07-06T00:00:00.000Z","IsActive":true,"UpdatedDateTime":"2020-07-06T09:24:39.853Z","UpdatedBy":"mehimash@gmail.com"},{"_id":67,"BoardcastMessageID":67,"UserID":5345,"OrgID":105,"Message":"efwef","StartDate":"2020-07-28T00:00:00.000Z","EndDate":"2020-07-31T00:00:00.000Z","IsActive":true,"UpdatedDateTime":"2020-07-06T09:25:41.257Z","UpdatedBy":"mehimash@gmail.com"},{"_id":68,"BoardcastMessageID":68,"UserID":5345,"OrgID":105,"Message":"efwef","StartDate":"2020-07-28T00:00:00.000Z","EndDate":"2020-07-31T00:00:00.000Z","IsActive":true,"UpdatedDateTime":"2020-07-06T09:26:20.857Z","UpdatedBy":"mehimash@gmail.com"}]