{"fields":[{"name":"_id","path":"_id","count":37,"types":[{"name":"Number","bsonType":"Number","path":"_id","count":37,"total_count":0,"probability":1}],"total_count":37,"type":"Number","has_duplicates":false,"probability":1},{"name":"BoardcastMessageID","path":"BoardcastMessageID","count":37,"types":[{"name":"Number","bsonType":"Number","path":"BoardcastMessageID","count":37,"total_count":0,"probability":1}],"total_count":37,"type":"Number","has_duplicates":false,"probability":1},{"name":"EndDate","path":"EndDate","count":37,"types":[{"name":"Date","bsonType":"Date","path":"EndDate","count":37,"total_count":0,"probability":1}],"total_count":37,"type":"Date","has_duplicates":false,"probability":1},{"name":"IsActive","path":"IsActive","count":37,"types":[{"name":"Boolean","bsonType":"Boolean","path":"IsActive","count":37,"total_count":0,"probability":1}],"total_count":37,"type":"Boolean","has_duplicates":false,"probability":1},{"name":"Message","path":"Message","count":37,"types":[{"name":"String","bsonType":"String","path":"Message","count":37,"total_count":0,"probability":1}],"total_count":37,"type":"String","has_duplicates":false,"probability":1},{"name":"OrgID","path":"OrgID","count":37,"types":[{"name":"Number","bsonType":"Number","path":"OrgID","count":37,"total_count":0,"probability":1}],"total_count":37,"type":"Number","has_duplicates":false,"probability":1},{"name":"StartDate","path":"StartDate","count":37,"types":[{"name":"Date","bsonType":"Date","path":"StartDate","count":37,"total_count":0,"probability":1}],"total_count":37,"type":"Date","has_duplicates":false,"probability":1},{"name":"UpdatedBy","path":"UpdatedBy","count":37,"types":[{"name":"String","bsonType":"String","path":"UpdatedBy","count":37,"total_count":0,"probability":1}],"total_count":37,"type":"String","has_duplicates":false,"probability":1},{"name":"UpdatedDateTime","path":"UpdatedDateTime","count":37,"types":[{"name":"Date","bsonType":"Date","path":"UpdatedDateTime","count":37,"total_count":0,"probability":1}],"total_count":37,"type":"Date","has_duplicates":false,"probability":1},{"name":"UserID","path":"UserID","count":37,"types":[{"name":"Number","bsonType":"Number","path":"UserID","count":37,"total_count":0,"probability":1}],"total_count":37,"type":"Number","has_duplicates":false,"probability":1}],"count":37}