[{"_id":11,"BoardcastMessageLogID":11,"BoardcastMessageID":3,"UserID":105,"UpdatedDateTime":"2018-02-20T19:06:41.090Z","UpdatedBy":"info@mydigitaloffice.ca"},{"_id":13,"BoardcastMessageLogID":13,"BoardcastMessageID":4,"UserID":105,"UpdatedDateTime":"2018-03-13T18:53:33.547Z","UpdatedBy":"info@mydigitaloffice.ca"},{"_id":15,"BoardcastMessageLogID":15,"BoardcastMessageID":4,"UserID":940,"UpdatedDateTime":"2018-03-30T06:53:40.453Z","UpdatedBy":"mahendra@infosoft.lk"},{"_id":19,"BoardcastMessageLogID":19,"BoardcastMessageID":5,"UserID":640,"UpdatedDateTime":"2018-04-05T19:23:15.390Z","UpdatedBy":"innsofsd@gmail.com"},{"_id":21,"BoardcastMessageLogID":21,"BoardcastMessageID":5,"UserID":639,"UpdatedDateTime":"2018-04-10T18:43:28.153Z","UpdatedBy":"innsofsdao@gmail.com"},{"_id":25,"BoardcastMessageLogID":25,"BoardcastMessageID":5,"UserID":624,"UpdatedDateTime":"2018-04-13T02:08:57.863Z","UpdatedBy":"sarahck2219@gmail.com"},{"_id":37,"BoardcastMessageLogID":37,"BoardcastMessageID":7,"UserID":105,"UpdatedDateTime":"2018-04-18T23:16:46.787Z","UpdatedBy":"info@mydigitaloffice.ca"},{"_id":39,"BoardcastMessageLogID":39,"BoardcastMessageID":6,"UserID":974,"UpdatedDateTime":"2018-05-01T10:04:02.147Z","UpdatedBy":"krishanthan@gmail.com"},{"_id":43,"BoardcastMessageLogID":43,"BoardcastMessageID":6,"UserID":567,"UpdatedDateTime":"2018-05-01T12:03:15.853Z","UpdatedBy":"gm@mydigitaloffice.ca"},{"_id":45,"BoardcastMessageLogID":45,"BoardcastMessageID":6,"UserID":568,"UpdatedDateTime":"2018-05-01T12:07:29.647Z","UpdatedBy":"rgm@mydigitaloffice.ca"},{"_id":47,"BoardcastMessageLogID":47,"BoardcastMessageID":6,"UserID":569,"UpdatedDateTime":"2018-05-01T12:11:51.680Z","UpdatedBy":"corporate@mydigitaloffice.ca"},{"_id":58,"BoardcastMessageLogID":58,"BoardcastMessageID":8,"UserID":349,"UpdatedDateTime":"2018-05-17T15:17:29.137Z","UpdatedBy":"josh@mydigitaloffice.ca"},{"_id":61,"BoardcastMessageLogID":61,"BoardcastMessageID":8,"UserID":227,"UpdatedDateTime":"2018-05-17T15:17:50.870Z","UpdatedBy":"nibaya@mydigitaloffice.ca"},{"_id":73,"BoardcastMessageLogID":73,"BoardcastMessageID":8,"UserID":586,"UpdatedDateTime":"2018-05-17T15:21:28.373Z","UpdatedBy":"sanjay@mydigitaloffice.com"},{"_id":76,"BoardcastMessageLogID":76,"BoardcastMessageID":8,"UserID":248,"UpdatedDateTime":"2018-05-17T15:25:53.547Z","UpdatedBy":"ankur@insigniamgmt.com"},{"_id":77,"BoardcastMessageLogID":77,"BoardcastMessageID":8,"UserID":738,"UpdatedDateTime":"2018-05-17T16:07:19.643Z","UpdatedBy":"amar@anvayagroup.com"},{"_id":78,"BoardcastMessageLogID":78,"BoardcastMessageID":8,"UserID":623,"UpdatedDateTime":"2018-05-17T16:27:34.950Z","UpdatedBy":"yinka@mydigitaloffice.com"},{"_id":81,"BoardcastMessageLogID":81,"BoardcastMessageID":8,"UserID":704,"UpdatedDateTime":"2018-05-17T17:33:41.013Z","UpdatedBy":"darrell@globiwest.com"},{"_id":82,"BoardcastMessageLogID":82,"BoardcastMessageID":8,"UserID":58,"UpdatedDateTime":"2018-05-17T19:40:32.820Z","UpdatedBy":"sheila@mydigitaloffice.ca"},{"_id":87,"BoardcastMessageLogID":87,"BoardcastMessageID":8,"UserID":861,"UpdatedDateTime":"2018-05-17T20:08:37.340Z","UpdatedBy":"jdenman@commonwealthhotels.com"},{"_id":94,"BoardcastMessageLogID":94,"BoardcastMessageID":8,"UserID":2,"UpdatedDateTime":"2018-05-18T04:53:17.983Z","UpdatedBy":"superadmin@mydigitaloffice.ca"},{"_id":95,"BoardcastMessageLogID":95,"BoardcastMessageID":8,"UserID":749,"UpdatedDateTime":"2018-05-18T14:26:12.373Z","UpdatedBy":"hiescottgm@sunrayms.com"},{"_id":96,"BoardcastMessageLogID":96,"BoardcastMessageID":8,"UserID":105,"UpdatedDateTime":"2018-05-18T15:19:38.237Z","UpdatedBy":"info@mydigitaloffice.ca"},{"_id":98,"BoardcastMessageLogID":98,"BoardcastMessageID":8,"UserID":954,"UpdatedDateTime":"2018-05-18T17:22:45.467Z","UpdatedBy":"mark@ponderosahotels.com"},{"_id":101,"BoardcastMessageLogID":101,"BoardcastMessageID":8,"UserID":874,"UpdatedDateTime":"2018-05-18T19:04:16.167Z","UpdatedBy":"david.michel@hilton.com"},{"_id":104,"BoardcastMessageLogID":104,"BoardcastMessageID":8,"UserID":983,"UpdatedDateTime":"2018-05-18T23:04:37.933Z","UpdatedBy":"fernando@htl587.com"},{"_id":107,"BoardcastMessageLogID":107,"BoardcastMessageID":8,"UserID":542,"UpdatedDateTime":"2018-05-18T23:11:05.290Z","UpdatedBy":"christine.mcgrath@bwcedarbluff.com"},{"_id":108,"BoardcastMessageLogID":108,"BoardcastMessageID":8,"UserID":884,"UpdatedDateTime":"2018-05-19T00:11:02.043Z","UpdatedBy":"dan@globiwest.com"},{"_id":112,"BoardcastMessageLogID":112,"BoardcastMessageID":9,"UserID":623,"UpdatedDateTime":"2018-05-30T15:11:01.113Z","UpdatedBy":"yinka@mydigitaloffice.com"},{"_id":113,"BoardcastMessageLogID":113,"BoardcastMessageID":9,"UserID":183,"UpdatedDateTime":"2018-05-30T15:27:29.207Z","UpdatedBy":"denise@mydigitaloffice.ca"},{"_id":114,"BoardcastMessageLogID":114,"BoardcastMessageID":9,"UserID":213,"UpdatedDateTime":"2018-05-30T15:28:06.947Z","UpdatedBy":"DPrice@discovercharlestonwv.com"},{"_id":115,"BoardcastMessageLogID":115,"BoardcastMessageID":9,"UserID":349,"UpdatedDateTime":"2018-05-30T15:33:53.153Z","UpdatedBy":"josh@mydigitaloffice.ca"},{"_id":118,"BoardcastMessageLogID":118,"BoardcastMessageID":9,"UserID":227,"UpdatedDateTime":"2018-05-30T16:05:44.443Z","UpdatedBy":"nibaya@mydigitaloffice.ca"},{"_id":119,"BoardcastMessageLogID":119,"BoardcastMessageID":9,"UserID":331,"UpdatedDateTime":"2018-05-30T16:25:31.437Z","UpdatedBy":"mcarnemolla@discovercharlestonwv.com"},{"_id":120,"BoardcastMessageLogID":120,"BoardcastMessageID":9,"UserID":248,"UpdatedDateTime":"2018-05-30T16:31:55.877Z","UpdatedBy":"ankur@insigniamgmt.com"},{"_id":121,"BoardcastMessageLogID":121,"BoardcastMessageID":9,"UserID":93,"UpdatedDateTime":"2018-05-30T17:19:29.213Z","UpdatedBy":"susan.bell@hilton.com"},{"_id":122,"BoardcastMessageLogID":122,"BoardcastMessageID":9,"UserID":58,"UpdatedDateTime":"2018-05-30T21:38:26.830Z","UpdatedBy":"sheila@mydigitaloffice.ca"},{"_id":124,"BoardcastMessageLogID":124,"BoardcastMessageID":6,"UserID":1036,"UpdatedDateTime":"2018-06-06T10:29:30.810Z","UpdatedBy":"mudith.c@mydigitaloffice.lk"},{"_id":127,"BoardcastMessageLogID":127,"BoardcastMessageID":6,"UserID":585,"UpdatedDateTime":"2018-06-11T05:58:54.880Z","UpdatedBy":"kashumi@mydigitaloffice.ca"},{"_id":130,"BoardcastMessageLogID":130,"BoardcastMessageID":6,"UserID":105,"UpdatedDateTime":"2018-06-29T14:15:52.430Z","UpdatedBy":"info@mydigitaloffice.ca"},{"_id":131,"BoardcastMessageLogID":131,"BoardcastMessageID":11,"UserID":1049,"UpdatedDateTime":"2018-07-13T15:50:14.433Z","UpdatedBy":"jdagostino@visions-hotels.com"},{"_id":144,"BoardcastMessageLogID":144,"BoardcastMessageID":12,"UserID":1054,"UpdatedDateTime":"2018-07-13T15:50:58.323Z","UpdatedBy":"ashah@visions-hotels.com"},{"_id":145,"BoardcastMessageLogID":145,"BoardcastMessageID":11,"UserID":1054,"UpdatedDateTime":"2018-07-13T15:50:58.393Z","UpdatedBy":"ashah@visions-hotels.com"},{"_id":150,"BoardcastMessageLogID":150,"BoardcastMessageID":12,"UserID":1221,"UpdatedDateTime":"2018-07-13T15:51:06.193Z","UpdatedBy":"bshively@visions-hotels.com"},{"_id":151,"BoardcastMessageLogID":151,"BoardcastMessageID":11,"UserID":1221,"UpdatedDateTime":"2018-07-13T15:51:06.200Z","UpdatedBy":"bshively@visions-hotels.com"},{"_id":166,"BoardcastMessageLogID":166,"BoardcastMessageID":12,"UserID":1042,"UpdatedDateTime":"2018-07-13T15:51:31.573Z","UpdatedBy":"hhpatel@visions-hotels.com"},{"_id":167,"BoardcastMessageLogID":167,"BoardcastMessageID":11,"UserID":1042,"UpdatedDateTime":"2018-07-13T15:51:31.583Z","UpdatedBy":"hhpatel@visions-hotels.com"},{"_id":178,"BoardcastMessageLogID":178,"BoardcastMessageID":12,"UserID":1048,"UpdatedDateTime":"2018-07-13T15:52:34.203Z","UpdatedBy":"pcompton@visions-hotels.com"},{"_id":179,"BoardcastMessageLogID":179,"BoardcastMessageID":11,"UserID":1048,"UpdatedDateTime":"2018-07-13T15:52:34.210Z","UpdatedBy":"pcompton@visions-hotels.com"},{"_id":180,"BoardcastMessageLogID":180,"BoardcastMessageID":13,"UserID":1046,"UpdatedDateTime":"2018-07-13T15:53:00.217Z","UpdatedBy":"rpatel@visions-hotels.com"},{"_id":181,"BoardcastMessageLogID":181,"BoardcastMessageID":12,"UserID":1046,"UpdatedDateTime":"2018-07-13T15:53:00.223Z","UpdatedBy":"rpatel@visions-hotels.com"},{"_id":182,"BoardcastMessageLogID":182,"BoardcastMessageID":11,"UserID":1046,"UpdatedDateTime":"2018-07-13T15:53:00.237Z","UpdatedBy":"rpatel@visions-hotels.com"},{"_id":183,"BoardcastMessageLogID":183,"BoardcastMessageID":13,"UserID":1047,"UpdatedDateTime":"2018-07-13T15:53:05.613Z","UpdatedBy":"bbixby@visions-hotels.com"},{"_id":184,"BoardcastMessageLogID":184,"BoardcastMessageID":12,"UserID":1047,"UpdatedDateTime":"2018-07-13T15:53:05.627Z","UpdatedBy":"bbixby@visions-hotels.com"},{"_id":185,"BoardcastMessageLogID":185,"BoardcastMessageID":11,"UserID":1047,"UpdatedDateTime":"2018-07-13T15:53:05.637Z","UpdatedBy":"bbixby@visions-hotels.com"},{"_id":194,"BoardcastMessageLogID":194,"BoardcastMessageID":14,"UserID":1046,"UpdatedDateTime":"2018-07-20T13:15:19.890Z","UpdatedBy":"rpatel@visions-hotels.com"},{"_id":211,"BoardcastMessageLogID":211,"BoardcastMessageID":14,"UserID":1122,"UpdatedDateTime":"2018-07-20T13:39:37.537Z","UpdatedBy":"kfoster@visions-hotels.com"},{"_id":224,"BoardcastMessageLogID":224,"BoardcastMessageID":14,"UserID":1165,"UpdatedDateTime":"2018-07-20T15:35:43.363Z","UpdatedBy":"dcrever@visions-hotels.com"},{"_id":233,"BoardcastMessageLogID":233,"BoardcastMessageID":15,"UserID":1232,"UpdatedDateTime":"2018-07-20T18:23:24.487Z","UpdatedBy":"mhpatel@visions-hotels.com"},{"_id":234,"BoardcastMessageLogID":234,"BoardcastMessageID":14,"UserID":1232,"UpdatedDateTime":"2018-07-20T18:23:24.493Z","UpdatedBy":"mhpatel@visions-hotels.com"},{"_id":237,"BoardcastMessageLogID":237,"BoardcastMessageID":15,"UserID":1054,"UpdatedDateTime":"2018-07-20T18:37:52.170Z","UpdatedBy":"ashah@visions-hotels.com"},{"_id":238,"BoardcastMessageLogID":238,"BoardcastMessageID":14,"UserID":1054,"UpdatedDateTime":"2018-07-20T18:37:52.180Z","UpdatedBy":"ashah@visions-hotels.com"},{"_id":241,"BoardcastMessageLogID":241,"BoardcastMessageID":15,"UserID":1048,"UpdatedDateTime":"2018-07-20T18:51:32.467Z","UpdatedBy":"pcompton@visions-hotels.com"},{"_id":242,"BoardcastMessageLogID":242,"BoardcastMessageID":14,"UserID":1048,"UpdatedDateTime":"2018-07-20T18:51:32.477Z","UpdatedBy":"pcompton@visions-hotels.com"},{"_id":247,"BoardcastMessageLogID":247,"BoardcastMessageID":14,"UserID":1047,"UpdatedDateTime":"2018-07-23T17:11:55.100Z","UpdatedBy":"bbixby@visions-hotels.com"},{"_id":249,"BoardcastMessageLogID":249,"BoardcastMessageID":14,"UserID":1060,"UpdatedDateTime":"2018-07-23T18:43:34.540Z","UpdatedBy":"Jsynrod@visions-hotels.com"},{"_id":250,"BoardcastMessageLogID":250,"BoardcastMessageID":16,"UserID":1054,"UpdatedDateTime":"2018-07-27T13:52:45.477Z","UpdatedBy":"ashah@visions-hotels.com"},{"_id":252,"BoardcastMessageLogID":252,"BoardcastMessageID":16,"UserID":1232,"UpdatedDateTime":"2018-07-27T13:53:15.537Z","UpdatedBy":"mhpatel@visions-hotels.com"},{"_id":253,"BoardcastMessageLogID":253,"BoardcastMessageID":16,"UserID":1101,"UpdatedDateTime":"2018-07-27T14:41:12.320Z","UpdatedBy":"tparks@visions-hotels.com"},{"_id":254,"BoardcastMessageLogID":254,"BoardcastMessageID":16,"UserID":1091,"UpdatedDateTime":"2018-07-27T15:58:38.330Z","UpdatedBy":"cpenrose@visions-hotels.com"},{"_id":265,"BoardcastMessageLogID":265,"BoardcastMessageID":18,"UserID":105,"UpdatedDateTime":"2018-08-07T05:26:00.040Z","UpdatedBy":"info@mydigitaloffice.ca"},{"_id":270,"BoardcastMessageLogID":270,"BoardcastMessageID":19,"UserID":1054,"UpdatedDateTime":"2018-08-07T13:30:39.743Z","UpdatedBy":"ashah@visions-hotels.com"},{"_id":273,"BoardcastMessageLogID":273,"BoardcastMessageID":19,"UserID":1097,"UpdatedDateTime":"2018-08-07T14:32:35.797Z","UpdatedBy":"jcoleman@visions-hotels.com"},{"_id":274,"BoardcastMessageLogID":274,"BoardcastMessageID":19,"UserID":1120,"UpdatedDateTime":"2018-08-07T14:45:42.883Z","UpdatedBy":"lrogowski@visions-hotels.com"},{"_id":276,"BoardcastMessageLogID":276,"BoardcastMessageID":19,"UserID":1232,"UpdatedDateTime":"2018-08-07T15:47:55.667Z","UpdatedBy":"mhpatel@visions-hotels.com"},{"_id":277,"BoardcastMessageLogID":277,"BoardcastMessageID":18,"UserID":254,"UpdatedDateTime":"2018-08-07T20:49:06.510Z","UpdatedBy":"denise.box@gmail.com"},{"_id":278,"BoardcastMessageLogID":278,"BoardcastMessageID":19,"UserID":1048,"UpdatedDateTime":"2018-08-08T13:35:49.593Z","UpdatedBy":"pcompton@visions-hotels.com"},{"_id":279,"BoardcastMessageLogID":279,"BoardcastMessageID":19,"UserID":1151,"UpdatedDateTime":"2018-08-08T13:59:44.453Z","UpdatedBy":"apulvermiller@visions-hotels.com"},{"_id":280,"BoardcastMessageLogID":280,"BoardcastMessageID":19,"UserID":1091,"UpdatedDateTime":"2018-08-09T18:25:18.287Z","UpdatedBy":"cpenrose@visions-hotels.com"},{"_id":282,"BoardcastMessageLogID":282,"BoardcastMessageID":20,"UserID":1054,"UpdatedDateTime":"2018-08-10T14:03:41.633Z","UpdatedBy":"ashah@visions-hotels.com"},{"_id":284,"BoardcastMessageLogID":284,"BoardcastMessageID":20,"UserID":1151,"UpdatedDateTime":"2018-08-11T14:04:51.400Z","UpdatedBy":"apulvermiller@visions-hotels.com"},{"_id":285,"BoardcastMessageLogID":285,"BoardcastMessageID":20,"UserID":1142,"UpdatedDateTime":"2018-08-11T14:59:01.903Z","UpdatedBy":"cptak@visions-hotels.com"},{"_id":288,"BoardcastMessageLogID":288,"BoardcastMessageID":20,"UserID":1060,"UpdatedDateTime":"2018-08-13T14:29:13.120Z","UpdatedBy":"Jsynrod@visions-hotels.com"},{"_id":290,"BoardcastMessageLogID":290,"BoardcastMessageID":20,"UserID":1232,"UpdatedDateTime":"2018-08-13T17:29:36.787Z","UpdatedBy":"mhpatel@visions-hotels.com"},{"_id":291,"BoardcastMessageLogID":291,"BoardcastMessageID":20,"UserID":1048,"UpdatedDateTime":"2018-08-13T21:15:24.060Z","UpdatedBy":"pcompton@visions-hotels.com"},{"_id":293,"BoardcastMessageLogID":293,"BoardcastMessageID":20,"UserID":1049,"UpdatedDateTime":"2018-08-14T10:28:32.317Z","UpdatedBy":"jdagostino@visions-hotels.com"},{"_id":294,"BoardcastMessageLogID":294,"BoardcastMessageID":20,"UserID":1088,"UpdatedDateTime":"2018-08-14T20:24:53.803Z","UpdatedBy":"kkline@visions-hotels.com"},{"_id":295,"BoardcastMessageLogID":295,"BoardcastMessageID":21,"UserID":1054,"UpdatedDateTime":"2018-08-17T12:04:28.563Z","UpdatedBy":"ashah@visions-hotels.com"},{"_id":296,"BoardcastMessageLogID":296,"BoardcastMessageID":21,"UserID":1232,"UpdatedDateTime":"2018-08-17T12:40:26.797Z","UpdatedBy":"mhpatel@visions-hotels.com"},{"_id":297,"BoardcastMessageLogID":297,"BoardcastMessageID":21,"UserID":1046,"UpdatedDateTime":"2018-08-18T15:56:32.137Z","UpdatedBy":"rpatel@visions-hotels.com"},{"_id":298,"BoardcastMessageLogID":298,"BoardcastMessageID":21,"UserID":1064,"UpdatedDateTime":"2018-08-21T13:54:23.600Z","UpdatedBy":"hhayes@visions-hotels.com"},{"_id":299,"BoardcastMessageLogID":299,"BoardcastMessageID":21,"UserID":1122,"UpdatedDateTime":"2018-08-21T14:33:06.273Z","UpdatedBy":"kfoster@visions-hotels.com"},{"_id":300,"BoardcastMessageLogID":300,"BoardcastMessageID":21,"UserID":1102,"UpdatedDateTime":"2018-08-21T14:47:14.230Z","UpdatedBy":"cflynn@visions-hotels.com"},{"_id":301,"BoardcastMessageLogID":301,"BoardcastMessageID":21,"UserID":1146,"UpdatedDateTime":"2018-08-21T15:15:54.883Z","UpdatedBy":"ckelly@visions-hotels.com"},{"_id":303,"BoardcastMessageLogID":303,"BoardcastMessageID":21,"UserID":1233,"UpdatedDateTime":"2018-08-21T15:24:09.830Z","UpdatedBy":"ademor@visions-hotels.com"},{"_id":304,"BoardcastMessageLogID":304,"BoardcastMessageID":21,"UserID":1088,"UpdatedDateTime":"2018-08-21T19:17:29.790Z","UpdatedBy":"kkline@visions-hotels.com"},{"_id":306,"BoardcastMessageLogID":306,"BoardcastMessageID":22,"UserID":1054,"UpdatedDateTime":"2018-08-31T11:58:03.727Z","UpdatedBy":"ashah@visions-hotels.com"},{"_id":308,"BoardcastMessageLogID":308,"BoardcastMessageID":22,"UserID":1232,"UpdatedDateTime":"2018-08-31T12:53:51.990Z","UpdatedBy":"mhpatel@visions-hotels.com"},{"_id":309,"BoardcastMessageLogID":309,"BoardcastMessageID":23,"UserID":183,"UpdatedDateTime":"2018-09-05T13:38:46.607Z","UpdatedBy":"denise@mydigitaloffice.ca"},{"_id":310,"BoardcastMessageLogID":310,"BoardcastMessageID":23,"UserID":837,"UpdatedDateTime":"2018-09-05T13:39:45.913Z","UpdatedBy":"jseitz@commonwealthhotels.com"},{"_id":312,"BoardcastMessageLogID":312,"BoardcastMessageID":23,"UserID":56,"UpdatedDateTime":"2018-09-05T13:42:17.097Z","UpdatedBy":"ali@mydigitaloffice.ca"},{"_id":313,"BoardcastMessageLogID":313,"BoardcastMessageID":23,"UserID":227,"UpdatedDateTime":"2018-09-05T13:42:25.667Z","UpdatedBy":"nibaya@mydigitaloffice.ca"},{"_id":314,"BoardcastMessageLogID":314,"BoardcastMessageID":23,"UserID":275,"UpdatedDateTime":"2018-09-05T13:50:12.487Z","UpdatedBy":"shawn@insigniamgmt.com"},{"_id":316,"BoardcastMessageLogID":316,"BoardcastMessageID":23,"UserID":1054,"UpdatedDateTime":"2018-09-05T14:06:09.753Z","UpdatedBy":"ashah@visions-hotels.com"},{"_id":317,"BoardcastMessageLogID":317,"BoardcastMessageID":23,"UserID":349,"UpdatedDateTime":"2018-09-05T15:02:54.400Z","UpdatedBy":"josh@mydigitaloffice.ca"},{"_id":318,"BoardcastMessageLogID":318,"BoardcastMessageID":23,"UserID":1232,"UpdatedDateTime":"2018-09-05T15:28:04.103Z","UpdatedBy":"mhpatel@visions-hotels.com"},{"_id":319,"BoardcastMessageLogID":319,"BoardcastMessageID":23,"UserID":2,"UpdatedDateTime":"2018-09-05T16:56:31.490Z","UpdatedBy":"superadmin@mydigitaloffice.ca"},{"_id":320,"BoardcastMessageLogID":320,"BoardcastMessageID":23,"UserID":844,"UpdatedDateTime":"2018-09-05T17:05:29.990Z","UpdatedBy":"dtempco@commonwealthhotels.com"},{"_id":324,"BoardcastMessageLogID":324,"BoardcastMessageID":23,"UserID":1049,"UpdatedDateTime":"2018-09-05T18:12:59.100Z","UpdatedBy":"jdagostino@visions-hotels.com"},{"_id":325,"BoardcastMessageLogID":325,"BoardcastMessageID":23,"UserID":248,"UpdatedDateTime":"2018-09-05T18:37:04.170Z","UpdatedBy":"ankur@insigniamgmt.com"},{"_id":326,"BoardcastMessageLogID":326,"BoardcastMessageID":23,"UserID":1045,"UpdatedDateTime":"2018-09-05T19:25:07.027Z","UpdatedBy":"mtpatel@visions-hotels.com"},{"_id":328,"BoardcastMessageLogID":328,"BoardcastMessageID":23,"UserID":254,"UpdatedDateTime":"2018-09-05T19:46:39.653Z","UpdatedBy":"denise.box@gmail.com"},{"_id":330,"BoardcastMessageLogID":330,"BoardcastMessageID":23,"UserID":261,"UpdatedDateTime":"2018-09-05T21:47:23.867Z","UpdatedBy":"bindya@insigniamgmt.com"},{"_id":331,"BoardcastMessageLogID":331,"BoardcastMessageID":23,"UserID":775,"UpdatedDateTime":"2018-09-05T22:21:51.727Z","UpdatedBy":"jed@crestpointco.com"},{"_id":337,"BoardcastMessageLogID":337,"BoardcastMessageID":24,"UserID":105,"UpdatedDateTime":"2018-10-17T07:53:24.643Z","UpdatedBy":"info@mydigitaloffice.ca"},{"_id":338,"BoardcastMessageLogID":338,"BoardcastMessageID":25,"UserID":105,"UpdatedDateTime":"2018-10-19T19:30:20.257Z","UpdatedBy":"info@mydigitaloffice.ca"},{"_id":340,"BoardcastMessageLogID":340,"BoardcastMessageID":26,"UserID":105,"UpdatedDateTime":"2018-10-26T19:04:10.940Z","UpdatedBy":"info@mydigitaloffice.ca"},{"_id":344,"BoardcastMessageLogID":344,"BoardcastMessageID":30,"UserID":1049,"UpdatedDateTime":"2018-11-16T17:09:45.233Z","UpdatedBy":"jdagostino@visions-hotels.com"},{"_id":345,"BoardcastMessageLogID":345,"BoardcastMessageID":29,"UserID":1049,"UpdatedDateTime":"2018-11-16T17:09:45.240Z","UpdatedBy":"jdagostino@visions-hotels.com"},{"_id":346,"BoardcastMessageLogID":346,"BoardcastMessageID":28,"UserID":1049,"UpdatedDateTime":"2018-11-16T17:09:45.247Z","UpdatedBy":"jdagostino@visions-hotels.com"},{"_id":350,"BoardcastMessageLogID":350,"BoardcastMessageID":30,"UserID":1984,"UpdatedDateTime":"2018-11-16T17:39:52.297Z","UpdatedBy":"bshively@visions-hotels.com"},{"_id":351,"BoardcastMessageLogID":351,"BoardcastMessageID":29,"UserID":1984,"UpdatedDateTime":"2018-11-16T17:39:52.303Z","UpdatedBy":"bshively@visions-hotels.com"},{"_id":352,"BoardcastMessageLogID":352,"BoardcastMessageID":28,"UserID":1984,"UpdatedDateTime":"2018-11-16T17:39:52.310Z","UpdatedBy":"bshively@visions-hotels.com"},{"_id":353,"BoardcastMessageLogID":353,"BoardcastMessageID":31,"UserID":845,"UpdatedDateTime":"2018-11-26T16:27:33.573Z","UpdatedBy":"aashmore@commonwealthhotels.com"},{"_id":355,"BoardcastMessageLogID":355,"BoardcastMessageID":33,"UserID":105,"UpdatedDateTime":"2018-11-29T07:52:41.587Z","UpdatedBy":"info@mydigitaloffice.ca"},{"_id":356,"BoardcastMessageLogID":356,"BoardcastMessageID":32,"UserID":105,"UpdatedDateTime":"2018-11-29T07:52:41.600Z","UpdatedBy":"info@mydigitaloffice.ca"},{"_id":359,"BoardcastMessageLogID":359,"BoardcastMessageID":34,"UserID":1054,"UpdatedDateTime":"2018-12-21T14:11:41.643Z","UpdatedBy":"ashah@visions-hotels.com"},{"_id":361,"BoardcastMessageLogID":361,"BoardcastMessageID":34,"UserID":1984,"UpdatedDateTime":"2018-12-21T14:47:57.937Z","UpdatedBy":"bshively@visions-hotels.com"},{"_id":363,"BoardcastMessageLogID":363,"BoardcastMessageID":34,"UserID":1417,"UpdatedDateTime":"2018-12-21T15:00:00.897Z","UpdatedBy":"33162@mydigitaloffice.com"},{"_id":364,"BoardcastMessageLogID":364,"BoardcastMessageID":34,"UserID":1062,"UpdatedDateTime":"2018-12-21T15:59:49.693Z","UpdatedBy":"Kfata@visions-hotels.com"},{"_id":365,"BoardcastMessageLogID":365,"BoardcastMessageID":34,"UserID":1092,"UpdatedDateTime":"2018-12-21T18:59:29.597Z","UpdatedBy":"cbenjamin@visions-hotels.com"},{"_id":366,"BoardcastMessageLogID":366,"BoardcastMessageID":34,"UserID":2069,"UpdatedDateTime":"2018-12-21T22:12:03.337Z","UpdatedBy":"syrnhreports@gmail.com"},{"_id":368,"BoardcastMessageLogID":368,"BoardcastMessageID":34,"UserID":1999,"UpdatedDateTime":"2018-12-22T15:20:16.180Z","UpdatedBy":"ggoode.hie@gmail.com"},{"_id":369,"BoardcastMessageLogID":369,"BoardcastMessageID":34,"UserID":2114,"UpdatedDateTime":"2018-12-23T04:29:30.977Z","UpdatedBy":"jsullivan@visions-hotels.com"},{"_id":370,"BoardcastMessageLogID":370,"BoardcastMessageID":34,"UserID":1423,"UpdatedDateTime":"2018-12-23T04:33:20.857Z","UpdatedBy":"BGMFI@mydigitaloffice.com"},{"_id":371,"BoardcastMessageLogID":371,"BoardcastMessageID":34,"UserID":1443,"UpdatedDateTime":"2018-12-23T07:51:56.467Z","UpdatedBy":"ROCJR@mydigitaloffice.com"},{"_id":376,"BoardcastMessageLogID":376,"BoardcastMessageID":34,"UserID":1428,"UpdatedDateTime":"2018-12-24T04:52:01.070Z","UpdatedBy":"ELMCH@mydigitaloffice.com"},{"_id":378,"BoardcastMessageLogID":378,"BoardcastMessageID":35,"UserID":105,"UpdatedDateTime":"2018-12-31T03:30:37.743Z","UpdatedBy":"info@mydigitaloffice.ca"},{"_id":383,"BoardcastMessageLogID":383,"BoardcastMessageID":36,"UserID":105,"UpdatedDateTime":"2019-01-17T09:27:52.137Z","UpdatedBy":"info@mydigitaloffice.ca"},{"_id":386,"BoardcastMessageLogID":386,"BoardcastMessageID":36,"UserID":2173,"UpdatedDateTime":"2019-01-26T23:34:36.807Z","UpdatedBy":"info@mydigitaloffice.com"},{"_id":389,"BoardcastMessageLogID":389,"BoardcastMessageID":36,"UserID":1496,"UpdatedDateTime":"2019-02-06T06:53:09.177Z","UpdatedBy":"heshan@mydigitaloffice.ca"},{"_id":390,"BoardcastMessageLogID":390,"BoardcastMessageID":37,"UserID":1128,"UpdatedDateTime":"2019-02-07T03:41:05.440Z","UpdatedBy":"manomi@mydigitaloffice.lk"},{"_id":397,"BoardcastMessageLogID":397,"BoardcastMessageID":36,"UserID":2290,"UpdatedDateTime":"2019-02-19T00:28:05.127Z","UpdatedBy":"joseph.c.stern@gmail.com"},{"_id":399,"BoardcastMessageLogID":399,"BoardcastMessageID":36,"UserID":2293,"UpdatedDateTime":"2019-02-20T03:17:11.147Z","UpdatedBy":"samplegroup@test.com"},{"_id":401,"BoardcastMessageLogID":401,"BoardcastMessageID":36,"UserID":454,"UpdatedDateTime":"2019-02-26T15:26:35.873Z","UpdatedBy":"s41391121@gmail.com"},{"_id":402,"BoardcastMessageLogID":402,"BoardcastMessageID":36,"UserID":2198,"UpdatedDateTime":"2019-02-27T03:18:57.227Z","UpdatedBy":"demo@mydigitaloffice.com"},{"_id":412,"BoardcastMessageLogID":412,"BoardcastMessageID":36,"UserID":2335,"UpdatedDateTime":"2019-03-01T04:21:18.757Z","UpdatedBy":"KPMGTest2@mydigitaloffice.com"},{"_id":437,"BoardcastMessageLogID":437,"BoardcastMessageID":36,"UserID":2336,"UpdatedDateTime":"2019-03-01T06:47:07.080Z","UpdatedBy":"midas@mydigitaloffice.ca"},{"_id":459,"BoardcastMessageLogID":459,"BoardcastMessageID":40,"UserID":2334,"UpdatedDateTime":"2019-03-11T09:29:05.987Z","UpdatedBy":"KPMGTest1@mydigitaloffice.com"},{"_id":461,"BoardcastMessageLogID":461,"BoardcastMessageID":40,"UserID":2332,"UpdatedDateTime":"2019-03-11T09:29:49.310Z","UpdatedBy":"KPMGAdmin1@mydigitaloffice.com"},{"_id":462,"BoardcastMessageLogID":462,"BoardcastMessageID":36,"UserID":2332,"UpdatedDateTime":"2019-03-11T09:29:49.313Z","UpdatedBy":"KPMGAdmin1@mydigitaloffice.com"},{"_id":466,"BoardcastMessageLogID":466,"BoardcastMessageID":41,"UserID":2223,"UpdatedDateTime":"2019-03-12T13:18:44.837Z","UpdatedBy":"demouser@mydigitalofice.ca"},{"_id":467,"BoardcastMessageLogID":467,"BoardcastMessageID":40,"UserID":2223,"UpdatedDateTime":"2019-03-12T13:18:44.843Z","UpdatedBy":"demouser@mydigitalofice.ca"},{"_id":470,"BoardcastMessageLogID":470,"BoardcastMessageID":36,"UserID":2361,"UpdatedDateTime":"2019-03-14T12:00:03.497Z","UpdatedBy":"ruwanthawin32@gmail.com"},{"_id":471,"BoardcastMessageLogID":471,"BoardcastMessageID":36,"UserID":2334,"UpdatedDateTime":"2019-03-18T11:44:51.990Z","UpdatedBy":"KPMGTest1@mydigitaloffice.com"},{"_id":472,"BoardcastMessageLogID":472,"BoardcastMessageID":36,"UserID":2223,"UpdatedDateTime":"2019-03-21T06:03:02.287Z","UpdatedBy":"demouser@mydigitalofice.ca"},{"_id":473,"BoardcastMessageLogID":473,"BoardcastMessageID":48,"UserID":183,"UpdatedDateTime":"2019-03-28T13:23:19.807Z","UpdatedBy":"denise@mydigitaloffice.ca"},{"_id":474,"BoardcastMessageLogID":474,"BoardcastMessageID":48,"UserID":1970,"UpdatedDateTime":"2019-03-28T13:28:27.240Z","UpdatedBy":"chris.c@millenniumhospitality.com"},{"_id":476,"BoardcastMessageLogID":476,"BoardcastMessageID":48,"UserID":227,"UpdatedDateTime":"2019-03-28T13:30:17.303Z","UpdatedBy":"nibaya@mydigitaloffice.ca"},{"_id":477,"BoardcastMessageLogID":477,"BoardcastMessageID":49,"UserID":183,"UpdatedDateTime":"2019-03-28T13:36:17.737Z","UpdatedBy":"denise@mydigitaloffice.ca"},{"_id":481,"BoardcastMessageLogID":481,"BoardcastMessageID":49,"UserID":2,"UpdatedDateTime":"2019-03-28T13:48:15.587Z","UpdatedBy":"superadmin@mydigitaloffice.ca"},{"_id":482,"BoardcastMessageLogID":482,"BoardcastMessageID":49,"UserID":1993,"UpdatedDateTime":"2019-03-28T13:51:58.840Z","UpdatedBy":"maricia.r@millenniumhospitality.com"},{"_id":483,"BoardcastMessageLogID":483,"BoardcastMessageID":49,"UserID":623,"UpdatedDateTime":"2019-03-28T14:20:52.287Z","UpdatedBy":"yinka@mydigitaloffice.com"},{"_id":486,"BoardcastMessageLogID":486,"BoardcastMessageID":49,"UserID":2145,"UpdatedDateTime":"2019-03-28T15:20:22.330Z","UpdatedBy":"dennis.d@millenniumhospitality.com"},{"_id":487,"BoardcastMessageLogID":487,"BoardcastMessageID":49,"UserID":2371,"UpdatedDateTime":"2019-03-28T15:37:34.177Z","UpdatedBy":"jpsalazar@valenciagroup.com"},{"_id":489,"BoardcastMessageLogID":489,"BoardcastMessageID":49,"UserID":845,"UpdatedDateTime":"2019-03-28T16:13:22.857Z","UpdatedBy":"aashmore@commonwealthhotels.com"},{"_id":490,"BoardcastMessageLogID":490,"BoardcastMessageID":49,"UserID":2386,"UpdatedDateTime":"2019-03-28T16:15:56.120Z","UpdatedBy":"cwyre@valenciagroup.com"},{"_id":491,"BoardcastMessageLogID":491,"BoardcastMessageID":49,"UserID":1046,"UpdatedDateTime":"2019-03-28T16:31:24.117Z","UpdatedBy":"rpatel@visions-hotels.com"},{"_id":494,"BoardcastMessageLogID":494,"BoardcastMessageID":49,"UserID":227,"UpdatedDateTime":"2019-03-28T16:37:00.550Z","UpdatedBy":"nibaya@mydigitaloffice.ca"},{"_id":496,"BoardcastMessageLogID":496,"BoardcastMessageID":49,"UserID":2220,"UpdatedDateTime":"2019-03-28T17:40:16.157Z","UpdatedBy":"tony@mydigitaloffice.com"},{"_id":497,"BoardcastMessageLogID":497,"BoardcastMessageID":49,"UserID":756,"UpdatedDateTime":"2019-03-28T19:21:20.427Z","UpdatedBy":"monica@hamptonriverside.com"},{"_id":498,"BoardcastMessageLogID":498,"BoardcastMessageID":49,"UserID":2221,"UpdatedDateTime":"2019-03-28T20:27:25.717Z","UpdatedBy":"plejune@columbiahospitality.com"},{"_id":499,"BoardcastMessageLogID":499,"BoardcastMessageID":49,"UserID":248,"UpdatedDateTime":"2019-03-28T21:42:25.767Z","UpdatedBy":"ankur@insigniamgmt.com"},{"_id":500,"BoardcastMessageLogID":500,"BoardcastMessageID":49,"UserID":1423,"UpdatedDateTime":"2019-03-29T06:21:28.737Z","UpdatedBy":"BGMFI@mydigitaloffice.com"},{"_id":501,"BoardcastMessageLogID":501,"BoardcastMessageID":49,"UserID":1165,"UpdatedDateTime":"2019-03-29T07:03:56.083Z","UpdatedBy":"dcrever@visions-hotels.com"},{"_id":503,"BoardcastMessageLogID":503,"BoardcastMessageID":49,"UserID":1437,"UpdatedDateTime":"2019-03-29T07:04:31.083Z","UpdatedBy":"ROCCN@mydigitaloffice.com"},{"_id":504,"BoardcastMessageLogID":504,"BoardcastMessageID":49,"UserID":2129,"UpdatedDateTime":"2019-03-29T07:47:58.430Z","UpdatedBy":"SYRTC@mydigitaloffice.com"},{"_id":505,"BoardcastMessageLogID":505,"BoardcastMessageID":49,"UserID":2424,"UpdatedDateTime":"2019-03-29T11:55:11.380Z","UpdatedBy":"Vera@mydigitaloffice.com"},{"_id":506,"BoardcastMessageLogID":506,"BoardcastMessageID":49,"UserID":1145,"UpdatedDateTime":"2019-03-29T12:21:37.940Z","UpdatedBy":"kcomfort@visions-hotels.com"},{"_id":507,"BoardcastMessageLogID":507,"BoardcastMessageID":49,"UserID":1120,"UpdatedDateTime":"2019-03-29T12:50:07.810Z","UpdatedBy":"lrogowski@visions-hotels.com"},{"_id":509,"BoardcastMessageLogID":509,"BoardcastMessageID":49,"UserID":1970,"UpdatedDateTime":"2019-03-29T12:54:38.980Z","UpdatedBy":"chris.c@millenniumhospitality.com"},{"_id":510,"BoardcastMessageLogID":510,"BoardcastMessageID":49,"UserID":261,"UpdatedDateTime":"2019-03-29T13:10:17.347Z","UpdatedBy":"bindya@insigniamgmt.com"},{"_id":511,"BoardcastMessageLogID":511,"BoardcastMessageID":49,"UserID":846,"UpdatedDateTime":"2019-03-29T13:26:16.687Z","UpdatedBy":"dfarrell@commonwealthhotels.com"},{"_id":513,"BoardcastMessageLogID":513,"BoardcastMessageID":49,"UserID":290,"UpdatedDateTime":"2019-03-29T13:54:52.337Z","UpdatedBy":"brandonbye@fchhotels.com"},{"_id":515,"BoardcastMessageLogID":515,"BoardcastMessageID":49,"UserID":2432,"UpdatedDateTime":"2019-03-29T14:10:52.897Z","UpdatedBy":"filseta@mydigitaloffice.ca"},{"_id":517,"BoardcastMessageLogID":517,"BoardcastMessageID":49,"UserID":2292,"UpdatedDateTime":"2019-03-29T15:09:03.113Z","UpdatedBy":"jade@mydigitaloffice.com"},{"_id":518,"BoardcastMessageLogID":518,"BoardcastMessageID":49,"UserID":1037,"UpdatedDateTime":"2019-03-29T15:14:15.020Z","UpdatedBy":"todd.smith@aloftphoenixairport.com"},{"_id":520,"BoardcastMessageLogID":520,"BoardcastMessageID":49,"UserID":882,"UpdatedDateTime":"2019-03-29T15:22:19.173Z","UpdatedBy":"gm@aloftcalgaryuniversity.com"},{"_id":521,"BoardcastMessageLogID":521,"BoardcastMessageID":49,"UserID":1928,"UpdatedDateTime":"2019-03-29T15:36:09.247Z","UpdatedBy":"vicki.barker@lin-gate.com"},{"_id":522,"BoardcastMessageLogID":522,"BoardcastMessageID":49,"UserID":282,"UpdatedDateTime":"2019-03-29T16:56:27.300Z","UpdatedBy":"dana@insigniamgmt.com"},{"_id":524,"BoardcastMessageLogID":524,"BoardcastMessageID":49,"UserID":1446,"UpdatedDateTime":"2019-03-30T07:16:05.013Z","UpdatedBy":"SYRAU@mydigitaloffice.com"},{"_id":525,"BoardcastMessageLogID":525,"BoardcastMessageID":49,"UserID":1432,"UpdatedDateTime":"2019-03-30T07:56:50.150Z","UpdatedBy":"ELMPP@mydigitaloffice.com"},{"_id":526,"BoardcastMessageLogID":526,"BoardcastMessageID":49,"UserID":2131,"UpdatedDateTime":"2019-03-30T15:21:07.000Z","UpdatedBy":"Greg@americanlifeinc.com"},{"_id":527,"BoardcastMessageLogID":527,"BoardcastMessageID":36,"UserID":254,"UpdatedDateTime":"2019-04-03T20:28:40.350Z","UpdatedBy":"denise.box@gmail.com"},{"_id":531,"BoardcastMessageLogID":531,"BoardcastMessageID":50,"UserID":227,"UpdatedDateTime":"2019-05-20T12:29:53.437Z","UpdatedBy":"nibaya@mydigitaloffice.ca"},{"_id":534,"BoardcastMessageLogID":534,"BoardcastMessageID":51,"UserID":183,"UpdatedDateTime":"2019-05-20T12:30:48.023Z","UpdatedBy":"denise@mydigitaloffice.ca"},{"_id":535,"BoardcastMessageLogID":535,"BoardcastMessageID":50,"UserID":183,"UpdatedDateTime":"2019-05-20T12:30:48.037Z","UpdatedBy":"denise@mydigitaloffice.ca"},{"_id":536,"BoardcastMessageLogID":536,"BoardcastMessageID":51,"UserID":227,"UpdatedDateTime":"2019-05-20T12:37:24.473Z","UpdatedBy":"nibaya@mydigitaloffice.ca"},{"_id":537,"BoardcastMessageLogID":537,"BoardcastMessageID":51,"UserID":1153,"UpdatedDateTime":"2019-05-20T12:53:20.707Z","UpdatedBy":"smcguire@visions-hotels.com"},{"_id":539,"BoardcastMessageLogID":539,"BoardcastMessageID":51,"UserID":1060,"UpdatedDateTime":"2019-05-20T13:17:27.220Z","UpdatedBy":"Jsynrod@visions-hotels.com"},{"_id":540,"BoardcastMessageLogID":540,"BoardcastMessageID":51,"UserID":1970,"UpdatedDateTime":"2019-05-20T13:21:53.027Z","UpdatedBy":"chris.c@millenniumhospitality.com"},{"_id":541,"BoardcastMessageLogID":541,"BoardcastMessageID":51,"UserID":2424,"UpdatedDateTime":"2019-05-20T13:28:37.357Z","UpdatedBy":"Vera@mydigitaloffice.com"},{"_id":543,"BoardcastMessageLogID":543,"BoardcastMessageID":51,"UserID":349,"UpdatedDateTime":"2019-05-20T13:34:19.433Z","UpdatedBy":"josh@mydigitaloffice.ca"},{"_id":545,"BoardcastMessageLogID":545,"BoardcastMessageID":51,"UserID":56,"UpdatedDateTime":"2019-05-20T14:10:12.853Z","UpdatedBy":"ali@mydigitaloffice.ca"},{"_id":547,"BoardcastMessageLogID":547,"BoardcastMessageID":51,"UserID":290,"UpdatedDateTime":"2019-05-20T14:19:55.117Z","UpdatedBy":"brandonbye@fchhotels.com"},{"_id":548,"BoardcastMessageLogID":548,"BoardcastMessageID":51,"UserID":248,"UpdatedDateTime":"2019-05-20T14:23:49.077Z","UpdatedBy":"ankur@insigniamgmt.com"},{"_id":549,"BoardcastMessageLogID":549,"BoardcastMessageID":51,"UserID":1985,"UpdatedDateTime":"2019-05-20T15:00:19.023Z","UpdatedBy":"rdemarzo@visions-hotels.com"},{"_id":550,"BoardcastMessageLogID":550,"BoardcastMessageID":51,"UserID":623,"UpdatedDateTime":"2019-05-20T15:22:39.430Z","UpdatedBy":"yinka@mydigitaloffice.com"},{"_id":551,"BoardcastMessageLogID":551,"BoardcastMessageID":51,"UserID":282,"UpdatedDateTime":"2019-05-20T15:32:04.907Z","UpdatedBy":"dana@insigniamgmt.com"},{"_id":553,"BoardcastMessageLogID":553,"BoardcastMessageID":51,"UserID":1984,"UpdatedDateTime":"2019-05-20T15:37:20.750Z","UpdatedBy":"bshively@visions-hotels.com"},{"_id":558,"BoardcastMessageLogID":558,"BoardcastMessageID":51,"UserID":2182,"UpdatedDateTime":"2019-05-20T17:07:49.873Z","UpdatedBy":"mjannasch@valenciagroup.com"},{"_id":560,"BoardcastMessageLogID":560,"BoardcastMessageID":51,"UserID":2220,"UpdatedDateTime":"2019-05-20T17:59:26.627Z","UpdatedBy":"tony@mydigitaloffice.com"},{"_id":561,"BoardcastMessageLogID":561,"BoardcastMessageID":51,"UserID":2152,"UpdatedDateTime":"2019-05-20T18:18:29.330Z","UpdatedBy":"cbutler@visions-hotels.com"},{"_id":569,"BoardcastMessageLogID":569,"BoardcastMessageID":51,"UserID":1059,"UpdatedDateTime":"2019-05-20T18:38:57.857Z","UpdatedBy":"admin@unyq.org"},{"_id":570,"BoardcastMessageLogID":570,"BoardcastMessageID":51,"UserID":969,"UpdatedDateTime":"2019-05-20T18:53:53.387Z","UpdatedBy":"hlucas@cwsstclairsville.com"},{"_id":571,"BoardcastMessageLogID":571,"BoardcastMessageID":51,"UserID":1417,"UpdatedDateTime":"2019-05-21T04:41:33.927Z","UpdatedBy":"33162@mydigitaloffice.com"},{"_id":572,"BoardcastMessageLogID":572,"BoardcastMessageID":51,"UserID":1430,"UpdatedDateTime":"2019-05-21T05:42:50.710Z","UpdatedBy":"ELMFI@mydigitaloffice.com"},{"_id":573,"BoardcastMessageLogID":573,"BoardcastMessageID":51,"UserID":2,"UpdatedDateTime":"2019-05-21T05:49:30.330Z","UpdatedBy":"superadmin@mydigitaloffice.ca"},{"_id":583,"BoardcastMessageLogID":583,"BoardcastMessageID":51,"UserID":1054,"UpdatedDateTime":"2019-05-21T11:25:57.370Z","UpdatedBy":"ashah@visions-hotels.com"},{"_id":585,"BoardcastMessageLogID":585,"BoardcastMessageID":51,"UserID":1155,"UpdatedDateTime":"2019-05-21T12:54:24.430Z","UpdatedBy":"pkessler@visions-hotels.com"},{"_id":586,"BoardcastMessageLogID":586,"BoardcastMessageID":51,"UserID":1091,"UpdatedDateTime":"2019-05-21T13:50:33.680Z","UpdatedBy":"cpenrose@visions-hotels.com"},{"_id":588,"BoardcastMessageLogID":588,"BoardcastMessageID":51,"UserID":2070,"UpdatedDateTime":"2019-05-21T15:00:03.767Z","UpdatedBy":"canderson@visions-hotels.com"},{"_id":590,"BoardcastMessageLogID":590,"BoardcastMessageID":51,"UserID":2367,"UpdatedDateTime":"2019-05-21T15:08:59.613Z","UpdatedBy":"jbrown@fourpointshoustonwest.com"},{"_id":592,"BoardcastMessageLogID":592,"BoardcastMessageID":51,"UserID":2292,"UpdatedDateTime":"2019-05-21T15:16:40.127Z","UpdatedBy":"jade@mydigitaloffice.com"},{"_id":594,"BoardcastMessageLogID":594,"BoardcastMessageID":51,"UserID":1373,"UpdatedDateTime":"2019-05-21T15:25:27.327Z","UpdatedBy":"andrew@mydigitaloffice.ca"},{"_id":596,"BoardcastMessageLogID":596,"BoardcastMessageID":51,"UserID":2122,"UpdatedDateTime":"2019-05-21T15:36:15.973Z","UpdatedBy":"rickey.randhawa@hilton.com"},{"_id":597,"BoardcastMessageLogID":597,"BoardcastMessageID":51,"UserID":1092,"UpdatedDateTime":"2019-05-21T16:51:48.920Z","UpdatedBy":"cbenjamin@visions-hotels.com"},{"_id":599,"BoardcastMessageLogID":599,"BoardcastMessageID":51,"UserID":105,"UpdatedDateTime":"2019-05-21T17:56:36.147Z","UpdatedBy":"info@mydigitaloffice.ca"},{"_id":600,"BoardcastMessageLogID":600,"BoardcastMessageID":51,"UserID":2548,"UpdatedDateTime":"2019-05-21T20:09:24.063Z","UpdatedBy":"jk@banyan-ig.com"},{"_id":602,"BoardcastMessageLogID":602,"BoardcastMessageID":51,"UserID":261,"UpdatedDateTime":"2019-05-21T21:16:32.620Z","UpdatedBy":"bindya@insigniamgmt.com"},{"_id":603,"BoardcastMessageLogID":603,"BoardcastMessageID":51,"UserID":2349,"UpdatedDateTime":"2019-05-21T23:15:58.507Z","UpdatedBy":"kspringer@visions-hotels.com"},{"_id":604,"BoardcastMessageLogID":604,"BoardcastMessageID":51,"UserID":1418,"UpdatedDateTime":"2019-05-22T04:15:32.713Z","UpdatedBy":"47999@mydigitaloffice.com"},{"_id":605,"BoardcastMessageLogID":605,"BoardcastMessageID":51,"UserID":1415,"UpdatedDateTime":"2019-05-22T06:39:02.697Z","UpdatedBy":"33127@mydigitaloffice.com"},{"_id":606,"BoardcastMessageLogID":606,"BoardcastMessageID":51,"UserID":1447,"UpdatedDateTime":"2019-05-22T07:27:07.333Z","UpdatedBy":"SYRDW@mydigitaloffice.com"},{"_id":608,"BoardcastMessageLogID":608,"BoardcastMessageID":51,"UserID":1443,"UpdatedDateTime":"2019-05-22T08:37:15.717Z","UpdatedBy":"ROCJR@mydigitaloffice.com"},{"_id":609,"BoardcastMessageLogID":609,"BoardcastMessageID":51,"UserID":1120,"UpdatedDateTime":"2019-05-22T12:46:39.423Z","UpdatedBy":"lrogowski@visions-hotels.com"},{"_id":611,"BoardcastMessageLogID":611,"BoardcastMessageID":51,"UserID":898,"UpdatedDateTime":"2019-05-22T13:12:06.227Z","UpdatedBy":"melinda.lane@hilton.com"},{"_id":612,"BoardcastMessageLogID":612,"BoardcastMessageID":51,"UserID":1144,"UpdatedDateTime":"2019-05-22T13:17:30.607Z","UpdatedBy":"larthur@visions-hotels.com"},{"_id":616,"BoardcastMessageLogID":616,"BoardcastMessageID":51,"UserID":2436,"UpdatedDateTime":"2019-05-22T15:33:33.177Z","UpdatedBy":"rtracey@masterbuilthotels.com"},{"_id":618,"BoardcastMessageLogID":618,"BoardcastMessageID":51,"UserID":1048,"UpdatedDateTime":"2019-05-22T15:50:54.597Z","UpdatedBy":"pcompton@visions-hotels.com"},{"_id":619,"BoardcastMessageLogID":619,"BoardcastMessageID":51,"UserID":1152,"UpdatedDateTime":"2019-05-22T17:58:52.467Z","UpdatedBy":"astanek@visions-hotels.com"},{"_id":620,"BoardcastMessageLogID":620,"BoardcastMessageID":51,"UserID":848,"UpdatedDateTime":"2019-05-22T19:50:24.647Z","UpdatedBy":"jmiller@commonwealthhotels.com"},{"_id":622,"BoardcastMessageLogID":622,"BoardcastMessageID":51,"UserID":1184,"UpdatedDateTime":"2019-05-22T21:02:41.647Z","UpdatedBy":"jsanita@visions-hotels.com"},{"_id":624,"BoardcastMessageLogID":624,"BoardcastMessageID":51,"UserID":1432,"UpdatedDateTime":"2019-05-23T10:27:24.547Z","UpdatedBy":"ELMPP@mydigitaloffice.com"},{"_id":626,"BoardcastMessageLogID":626,"BoardcastMessageID":51,"UserID":1426,"UpdatedDateTime":"2019-05-23T11:07:03.217Z","UpdatedBy":"BUFOL@mydigitaloffice.com"},{"_id":627,"BoardcastMessageLogID":627,"BoardcastMessageID":51,"UserID":2537,"UpdatedDateTime":"2019-05-23T11:57:47.847Z","UpdatedBy":"gm.co327@advancedhospitalitymanagement.com"},{"_id":628,"BoardcastMessageLogID":628,"BoardcastMessageID":51,"UserID":2533,"UpdatedDateTime":"2019-05-23T14:45:08.347Z","UpdatedBy":"assetmgmt@everwoodhp.com"},{"_id":630,"BoardcastMessageLogID":630,"BoardcastMessageID":51,"UserID":1377,"UpdatedDateTime":"2019-05-23T16:06:23.867Z","UpdatedBy":"jagdish.patel@newcrestimage.com"},{"_id":632,"BoardcastMessageLogID":632,"BoardcastMessageID":51,"UserID":2156,"UpdatedDateTime":"2019-05-23T16:19:31.247Z","UpdatedBy":"SYRER@mydigitaloffice.com"},{"_id":633,"BoardcastMessageLogID":633,"BoardcastMessageID":51,"UserID":2068,"UpdatedDateTime":"2019-05-23T17:13:05.950Z","UpdatedBy":"dl@banyan-ig.com"},{"_id":634,"BoardcastMessageLogID":634,"BoardcastMessageID":51,"UserID":1955,"UpdatedDateTime":"2019-05-23T19:39:32.757Z","UpdatedBy":"Aaron.Bedik@marriott.com"},{"_id":635,"BoardcastMessageLogID":635,"BoardcastMessageID":51,"UserID":1165,"UpdatedDateTime":"2019-05-24T06:42:06.617Z","UpdatedBy":"dcrever@visions-hotels.com"},{"_id":637,"BoardcastMessageLogID":637,"BoardcastMessageID":52,"UserID":227,"UpdatedDateTime":"2019-05-29T13:13:51.630Z","UpdatedBy":"nibaya@mydigitaloffice.ca"},{"_id":639,"BoardcastMessageLogID":639,"BoardcastMessageID":52,"UserID":1152,"UpdatedDateTime":"2019-05-29T13:19:09.533Z","UpdatedBy":"astanek@visions-hotels.com"},{"_id":641,"BoardcastMessageLogID":641,"BoardcastMessageID":52,"UserID":261,"UpdatedDateTime":"2019-05-29T13:27:40.933Z","UpdatedBy":"bindya@insigniamgmt.com"},{"_id":643,"BoardcastMessageLogID":643,"BoardcastMessageID":52,"UserID":56,"UpdatedDateTime":"2019-05-29T13:31:52.967Z","UpdatedBy":"ali@mydigitaloffice.ca"},{"_id":645,"BoardcastMessageLogID":645,"BoardcastMessageID":52,"UserID":1059,"UpdatedDateTime":"2019-05-29T13:54:04.837Z","UpdatedBy":"admin@unyq.org"},{"_id":647,"BoardcastMessageLogID":647,"BoardcastMessageID":52,"UserID":1984,"UpdatedDateTime":"2019-05-29T14:13:46.900Z","UpdatedBy":"bshively@visions-hotels.com"},{"_id":649,"BoardcastMessageLogID":649,"BoardcastMessageID":52,"UserID":1054,"UpdatedDateTime":"2019-05-29T14:29:00.327Z","UpdatedBy":"ashah@visions-hotels.com"},{"_id":650,"BoardcastMessageLogID":650,"BoardcastMessageID":52,"UserID":2479,"UpdatedDateTime":"2019-05-29T14:48:34.977Z","UpdatedBy":"jklam@highgate.com"},{"_id":652,"BoardcastMessageLogID":652,"BoardcastMessageID":52,"UserID":2220,"UpdatedDateTime":"2019-05-29T16:24:11.850Z","UpdatedBy":"tony@mydigitaloffice.com"},{"_id":656,"BoardcastMessageLogID":656,"BoardcastMessageID":52,"UserID":2182,"UpdatedDateTime":"2019-05-29T16:31:53.857Z","UpdatedBy":"mjannasch@valenciagroup.com"},{"_id":657,"BoardcastMessageLogID":657,"BoardcastMessageID":52,"UserID":85,"UpdatedDateTime":"2019-05-29T17:53:48.983Z","UpdatedBy":"bob.pinkerton@chesterfieldhotels.net"},{"_id":659,"BoardcastMessageLogID":659,"BoardcastMessageID":52,"UserID":2424,"UpdatedDateTime":"2019-05-29T18:52:49.430Z","UpdatedBy":"Vera@mydigitaloffice.com"},{"_id":660,"BoardcastMessageLogID":660,"BoardcastMessageID":52,"UserID":2367,"UpdatedDateTime":"2019-05-29T21:43:04.723Z","UpdatedBy":"jbrown@fourpointshoustonwest.com"},{"_id":662,"BoardcastMessageLogID":662,"BoardcastMessageID":52,"UserID":2,"UpdatedDateTime":"2019-05-30T04:24:52.547Z","UpdatedBy":"superadmin@mydigitaloffice.ca"},{"_id":663,"BoardcastMessageLogID":663,"BoardcastMessageID":52,"UserID":1447,"UpdatedDateTime":"2019-05-30T06:43:48.633Z","UpdatedBy":"SYRDW@mydigitaloffice.com"},{"_id":664,"BoardcastMessageLogID":664,"BoardcastMessageID":52,"UserID":1092,"UpdatedDateTime":"2019-05-30T11:03:30.530Z","UpdatedBy":"cbenjamin@visions-hotels.com"},{"_id":665,"BoardcastMessageLogID":665,"BoardcastMessageID":52,"UserID":1426,"UpdatedDateTime":"2019-05-30T11:03:57.887Z","UpdatedBy":"BUFOL@mydigitaloffice.com"},{"_id":666,"BoardcastMessageLogID":666,"BoardcastMessageID":52,"UserID":183,"UpdatedDateTime":"2019-05-30T11:48:17.953Z","UpdatedBy":"denise@mydigitaloffice.ca"},{"_id":667,"BoardcastMessageLogID":667,"BoardcastMessageID":52,"UserID":1985,"UpdatedDateTime":"2019-05-30T11:52:05.797Z","UpdatedBy":"rdemarzo@visions-hotels.com"},{"_id":668,"BoardcastMessageLogID":668,"BoardcastMessageID":53,"UserID":183,"UpdatedDateTime":"2019-05-30T11:52:39.727Z","UpdatedBy":"denise@mydigitaloffice.ca"},{"_id":670,"BoardcastMessageLogID":670,"BoardcastMessageID":53,"UserID":227,"UpdatedDateTime":"2019-05-30T11:55:02.853Z","UpdatedBy":"nibaya@mydigitaloffice.ca"},{"_id":672,"BoardcastMessageLogID":672,"BoardcastMessageID":53,"UserID":1054,"UpdatedDateTime":"2019-05-30T12:03:10.497Z","UpdatedBy":"ashah@visions-hotels.com"},{"_id":673,"BoardcastMessageLogID":673,"BoardcastMessageID":53,"UserID":2152,"UpdatedDateTime":"2019-05-30T12:15:47.593Z","UpdatedBy":"cbutler@visions-hotels.com"},{"_id":674,"BoardcastMessageLogID":674,"BoardcastMessageID":53,"UserID":2476,"UpdatedDateTime":"2019-05-30T12:20:58.080Z","UpdatedBy":"avazquez@visions-hotels.com"},{"_id":675,"BoardcastMessageLogID":675,"BoardcastMessageID":53,"UserID":1184,"UpdatedDateTime":"2019-05-30T12:47:54.507Z","UpdatedBy":"jsanita@visions-hotels.com"},{"_id":676,"BoardcastMessageLogID":676,"BoardcastMessageID":53,"UserID":1088,"UpdatedDateTime":"2019-05-30T13:03:57.570Z","UpdatedBy":"kkline@visions-hotels.com"},{"_id":677,"BoardcastMessageLogID":677,"BoardcastMessageID":53,"UserID":1955,"UpdatedDateTime":"2019-05-30T13:39:39.937Z","UpdatedBy":"Aaron.Bedik@marriott.com"},{"_id":679,"BoardcastMessageLogID":679,"BoardcastMessageID":53,"UserID":1048,"UpdatedDateTime":"2019-05-30T13:47:03.157Z","UpdatedBy":"pcompton@visions-hotels.com"},{"_id":681,"BoardcastMessageLogID":681,"BoardcastMessageID":53,"UserID":261,"UpdatedDateTime":"2019-05-30T14:00:40.983Z","UpdatedBy":"bindya@insigniamgmt.com"},{"_id":683,"BoardcastMessageLogID":683,"BoardcastMessageID":53,"UserID":2182,"UpdatedDateTime":"2019-05-30T14:19:50.587Z","UpdatedBy":"mjannasch@valenciagroup.com"},{"_id":685,"BoardcastMessageLogID":685,"BoardcastMessageID":53,"UserID":2424,"UpdatedDateTime":"2019-05-30T15:20:33.563Z","UpdatedBy":"Vera@mydigitaloffice.com"},{"_id":686,"BoardcastMessageLogID":686,"BoardcastMessageID":53,"UserID":586,"UpdatedDateTime":"2019-05-30T15:33:47.703Z","UpdatedBy":"sanjay@mydigitaloffice.com"},{"_id":687,"BoardcastMessageLogID":687,"BoardcastMessageID":53,"UserID":1165,"UpdatedDateTime":"2019-05-30T17:21:46.377Z","UpdatedBy":"dcrever@visions-hotels.com"},{"_id":689,"BoardcastMessageLogID":689,"BoardcastMessageID":53,"UserID":2,"UpdatedDateTime":"2019-05-30T17:24:10.310Z","UpdatedBy":"superadmin@mydigitaloffice.ca"},{"_id":691,"BoardcastMessageLogID":691,"BoardcastMessageID":53,"UserID":845,"UpdatedDateTime":"2019-05-30T19:50:27.790Z","UpdatedBy":"aashmore@commonwealthhotels.com"},{"_id":692,"BoardcastMessageLogID":692,"BoardcastMessageID":53,"UserID":105,"UpdatedDateTime":"2019-05-30T20:38:52.697Z","UpdatedBy":"info@mydigitaloffice.ca"},{"_id":694,"BoardcastMessageLogID":694,"BoardcastMessageID":53,"UserID":2479,"UpdatedDateTime":"2019-05-30T21:49:53.973Z","UpdatedBy":"jklam@highgate.com"},{"_id":696,"BoardcastMessageLogID":696,"BoardcastMessageID":53,"UserID":861,"UpdatedDateTime":"2019-05-30T22:18:48.457Z","UpdatedBy":"jsterling@commonwealthhotels.com"},{"_id":698,"BoardcastMessageLogID":698,"BoardcastMessageID":53,"UserID":2535,"UpdatedDateTime":"2019-05-31T00:51:51.103Z","UpdatedBy":"cory@rockymountainhotel.com"},{"_id":700,"BoardcastMessageLogID":700,"BoardcastMessageID":53,"UserID":1421,"UpdatedDateTime":"2019-05-31T04:56:03.797Z","UpdatedBy":"ALBFD@mydigitaloffice.com"},{"_id":701,"BoardcastMessageLogID":701,"BoardcastMessageID":54,"UserID":2174,"UpdatedDateTime":"2019-06-05T15:04:17.713Z","UpdatedBy":"wnorris@valenciagroup.com"},{"_id":707,"BoardcastMessageLogID":707,"BoardcastMessageID":54,"UserID":2341,"UpdatedDateTime":"2019-06-06T16:03:37.653Z","UpdatedBy":"cgreer@valenciagroup.com"},{"_id":708,"BoardcastMessageLogID":708,"BoardcastMessageID":54,"UserID":2355,"UpdatedDateTime":"2019-06-07T16:41:12.457Z","UpdatedBy":"sdokara@valenciagroup.com"},{"_id":710,"BoardcastMessageLogID":710,"BoardcastMessageID":54,"UserID":2371,"UpdatedDateTime":"2019-06-07T19:01:55.207Z","UpdatedBy":"jpsalazar@valenciagroup.com"},{"_id":711,"BoardcastMessageLogID":711,"BoardcastMessageID":54,"UserID":2205,"UpdatedDateTime":"2019-06-11T12:59:03.570Z","UpdatedBy":"jflores@valenciagroup.com"},{"_id":725,"BoardcastMessageLogID":725,"BoardcastMessageID":54,"UserID":2367,"UpdatedDateTime":"2019-06-12T14:04:43.367Z","UpdatedBy":"jbrown@fourpointshoustonwest.com"},{"_id":729,"BoardcastMessageLogID":729,"BoardcastMessageID":54,"UserID":2433,"UpdatedDateTime":"2019-06-14T14:36:27.870Z","UpdatedBy":"jparker@valenciagroup.com"},{"_id":730,"BoardcastMessageLogID":730,"BoardcastMessageID":54,"UserID":2342,"UpdatedDateTime":"2019-06-14T15:59:58.683Z","UpdatedBy":"iburroughs@valenciagroup.com"},{"_id":731,"BoardcastMessageLogID":731,"BoardcastMessageID":54,"UserID":2226,"UpdatedDateTime":"2019-06-17T14:04:59.570Z","UpdatedBy":"jthomas@valenciagroup.com"},{"_id":733,"BoardcastMessageLogID":733,"BoardcastMessageID":54,"UserID":2182,"UpdatedDateTime":"2019-06-19T14:06:00.763Z","UpdatedBy":"mjannasch@valenciagroup.com"},{"_id":735,"BoardcastMessageLogID":735,"BoardcastMessageID":55,"UserID":282,"UpdatedDateTime":"2019-06-27T19:42:09.533Z","UpdatedBy":"dana@insigniamgmt.com"},{"_id":736,"BoardcastMessageLogID":736,"BoardcastMessageID":55,"UserID":313,"UpdatedDateTime":"2019-06-27T19:44:07.820Z","UpdatedBy":"fabian@insigniamgmt.com"},{"_id":741,"BoardcastMessageLogID":741,"BoardcastMessageID":56,"UserID":305,"UpdatedDateTime":"2019-06-27T19:46:13.093Z","UpdatedBy":"karin@insigniamgmt.com"},{"_id":742,"BoardcastMessageLogID":742,"BoardcastMessageID":55,"UserID":305,"UpdatedDateTime":"2019-06-27T19:46:13.110Z","UpdatedBy":"karin@insigniamgmt.com"},{"_id":747,"BoardcastMessageLogID":747,"BoardcastMessageID":56,"UserID":275,"UpdatedDateTime":"2019-06-27T19:46:34.460Z","UpdatedBy":"shawn@insigniamgmt.com"},{"_id":748,"BoardcastMessageLogID":748,"BoardcastMessageID":55,"UserID":275,"UpdatedDateTime":"2019-06-27T19:46:34.477Z","UpdatedBy":"shawn@insigniamgmt.com"},{"_id":751,"BoardcastMessageLogID":751,"BoardcastMessageID":56,"UserID":490,"UpdatedDateTime":"2019-06-27T19:49:03.557Z","UpdatedBy":"renee@insigniamgmt.com"},{"_id":752,"BoardcastMessageLogID":752,"BoardcastMessageID":55,"UserID":490,"UpdatedDateTime":"2019-06-27T19:49:03.567Z","UpdatedBy":"renee@insigniamgmt.com"},{"_id":753,"BoardcastMessageLogID":753,"BoardcastMessageID":56,"UserID":455,"UpdatedDateTime":"2019-06-27T19:55:00.077Z","UpdatedBy":"wendy@insigniamgmt.com"},{"_id":754,"BoardcastMessageLogID":754,"BoardcastMessageID":55,"UserID":455,"UpdatedDateTime":"2019-06-27T19:55:00.097Z","UpdatedBy":"wendy@insigniamgmt.com"},{"_id":755,"BoardcastMessageLogID":755,"BoardcastMessageID":56,"UserID":247,"UpdatedDateTime":"2019-06-27T19:55:30.827Z","UpdatedBy":"insignia@mydigitaloffice.ca"},{"_id":756,"BoardcastMessageLogID":756,"BoardcastMessageID":55,"UserID":247,"UpdatedDateTime":"2019-06-27T19:55:30.843Z","UpdatedBy":"insignia@mydigitaloffice.ca"},{"_id":757,"BoardcastMessageLogID":757,"BoardcastMessageID":56,"UserID":484,"UpdatedDateTime":"2019-06-27T19:55:46.787Z","UpdatedBy":"ryan@insigniamgmt.com"},{"_id":758,"BoardcastMessageLogID":758,"BoardcastMessageID":55,"UserID":484,"UpdatedDateTime":"2019-06-27T19:55:46.800Z","UpdatedBy":"ryan@insigniamgmt.com"},{"_id":759,"BoardcastMessageLogID":759,"BoardcastMessageID":56,"UserID":248,"UpdatedDateTime":"2019-06-27T20:06:15.497Z","UpdatedBy":"ankur@insigniamgmt.com"},{"_id":760,"BoardcastMessageLogID":760,"BoardcastMessageID":55,"UserID":248,"UpdatedDateTime":"2019-06-27T20:06:15.513Z","UpdatedBy":"ankur@insigniamgmt.com"},{"_id":761,"BoardcastMessageLogID":761,"BoardcastMessageID":56,"UserID":280,"UpdatedDateTime":"2019-06-27T20:07:18.897Z","UpdatedBy":"aimee@insigniamgmt.com"},{"_id":762,"BoardcastMessageLogID":762,"BoardcastMessageID":55,"UserID":280,"UpdatedDateTime":"2019-06-27T20:07:18.913Z","UpdatedBy":"aimee@insigniamgmt.com"},{"_id":763,"BoardcastMessageLogID":763,"BoardcastMessageID":56,"UserID":243,"UpdatedDateTime":"2019-06-27T20:07:36.443Z","UpdatedBy":"brittani@insigniamgmt.com"},{"_id":764,"BoardcastMessageLogID":764,"BoardcastMessageID":55,"UserID":243,"UpdatedDateTime":"2019-06-27T20:07:36.460Z","UpdatedBy":"brittani@insigniamgmt.com"},{"_id":765,"BoardcastMessageLogID":765,"BoardcastMessageID":57,"UserID":248,"UpdatedDateTime":"2019-07-07T15:34:56.983Z","UpdatedBy":"ankur@insigniamgmt.com"},{"_id":767,"BoardcastMessageLogID":767,"BoardcastMessageID":57,"UserID":261,"UpdatedDateTime":"2019-07-07T21:59:39.060Z","UpdatedBy":"bindya@insigniamgmt.com"},{"_id":769,"BoardcastMessageLogID":769,"BoardcastMessageID":57,"UserID":56,"UpdatedDateTime":"2019-07-08T03:31:23.397Z","UpdatedBy":"ali@mydigitaloffice.ca"},{"_id":770,"BoardcastMessageLogID":770,"BoardcastMessageID":57,"UserID":1423,"UpdatedDateTime":"2019-07-08T04:11:35.027Z","UpdatedBy":"BGMFI@mydigitaloffice.com"},{"_id":772,"BoardcastMessageLogID":772,"BoardcastMessageID":57,"UserID":2,"UpdatedDateTime":"2019-07-08T04:12:55.133Z","UpdatedBy":"superadmin@mydigitaloffice.ca"},{"_id":774,"BoardcastMessageLogID":774,"BoardcastMessageID":57,"UserID":1417,"UpdatedDateTime":"2019-07-08T05:20:38.817Z","UpdatedBy":"33162@mydigitaloffice.com"},{"_id":776,"BoardcastMessageLogID":776,"BoardcastMessageID":57,"UserID":1128,"UpdatedDateTime":"2019-07-08T05:31:22.180Z","UpdatedBy":"manomi@mydigitaloffice.lk"},{"_id":777,"BoardcastMessageLogID":777,"BoardcastMessageID":57,"UserID":227,"UpdatedDateTime":"2019-07-08T05:55:35.977Z","UpdatedBy":"nibaya@mydigitaloffice.ca"},{"_id":779,"BoardcastMessageLogID":779,"BoardcastMessageID":57,"UserID":105,"UpdatedDateTime":"2019-07-08T06:09:40.187Z","UpdatedBy":"info@mydigitaloffice.ca"},{"_id":781,"BoardcastMessageLogID":781,"BoardcastMessageID":57,"UserID":1443,"UpdatedDateTime":"2019-07-08T08:31:28.380Z","UpdatedBy":"ROCJR@mydigitaloffice.com"},{"_id":783,"BoardcastMessageLogID":783,"BoardcastMessageID":57,"UserID":1152,"UpdatedDateTime":"2019-07-08T12:30:24.103Z","UpdatedBy":"astanek@visions-hotels.com"},{"_id":784,"BoardcastMessageLogID":784,"BoardcastMessageID":57,"UserID":183,"UpdatedDateTime":"2019-07-08T12:39:03.320Z","UpdatedBy":"denise@mydigitaloffice.ca"},{"_id":785,"BoardcastMessageLogID":785,"BoardcastMessageID":57,"UserID":2432,"UpdatedDateTime":"2019-07-08T12:52:27.743Z","UpdatedBy":"filseta@mydigitaloffice.ca"},{"_id":786,"BoardcastMessageLogID":786,"BoardcastMessageID":57,"UserID":969,"UpdatedDateTime":"2019-07-08T12:53:41.340Z","UpdatedBy":"hlucas@cwsstclairsville.com"},{"_id":787,"BoardcastMessageLogID":787,"BoardcastMessageID":58,"UserID":183,"UpdatedDateTime":"2019-07-08T12:54:25.127Z","UpdatedBy":"denise@mydigitaloffice.ca"},{"_id":791,"BoardcastMessageLogID":791,"BoardcastMessageID":58,"UserID":261,"UpdatedDateTime":"2019-07-08T13:07:57.007Z","UpdatedBy":"bindya@insigniamgmt.com"},{"_id":793,"BoardcastMessageLogID":793,"BoardcastMessageID":58,"UserID":56,"UpdatedDateTime":"2019-07-08T13:09:44.510Z","UpdatedBy":"ali@mydigitaloffice.ca"},{"_id":796,"BoardcastMessageLogID":796,"BoardcastMessageID":58,"UserID":1970,"UpdatedDateTime":"2019-07-08T13:39:37.237Z","UpdatedBy":"chris.c@millenniumhospitality.com"},{"_id":801,"BoardcastMessageLogID":801,"BoardcastMessageID":58,"UserID":2688,"UpdatedDateTime":"2019-07-08T13:54:50.147Z","UpdatedBy":"jason.vinnedge@hilton.com"},{"_id":802,"BoardcastMessageLogID":802,"BoardcastMessageID":58,"UserID":1184,"UpdatedDateTime":"2019-07-08T15:04:01.373Z","UpdatedBy":"jsanita@visions-hotels.com"},{"_id":803,"BoardcastMessageLogID":803,"BoardcastMessageID":58,"UserID":2152,"UpdatedDateTime":"2019-07-08T15:15:12.653Z","UpdatedBy":"cbutler@visions-hotels.com"},{"_id":804,"BoardcastMessageLogID":804,"BoardcastMessageID":58,"UserID":2596,"UpdatedDateTime":"2019-07-08T15:19:55.903Z","UpdatedBy":"aimee@lotusgroupinc.com"},{"_id":806,"BoardcastMessageLogID":806,"BoardcastMessageID":58,"UserID":248,"UpdatedDateTime":"2019-07-08T15:37:36.987Z","UpdatedBy":"ankur@insigniamgmt.com"},{"_id":829,"BoardcastMessageLogID":829,"BoardcastMessageID":58,"UserID":349,"UpdatedDateTime":"2019-07-08T16:22:40.743Z","UpdatedBy":"josh@mydigitaloffice.ca"},{"_id":833,"BoardcastMessageLogID":833,"BoardcastMessageID":58,"UserID":2220,"UpdatedDateTime":"2019-07-08T16:37:07.923Z","UpdatedBy":"tony@mydigitaloffice.com"},{"_id":835,"BoardcastMessageLogID":835,"BoardcastMessageID":58,"UserID":1060,"UpdatedDateTime":"2019-07-08T17:30:44.293Z","UpdatedBy":"Jsynrod@visions-hotels.com"},{"_id":836,"BoardcastMessageLogID":836,"BoardcastMessageID":58,"UserID":2,"UpdatedDateTime":"2019-07-08T18:19:10.827Z","UpdatedBy":"superadmin@mydigitaloffice.ca"},{"_id":838,"BoardcastMessageLogID":838,"BoardcastMessageID":58,"UserID":2137,"UpdatedDateTime":"2019-07-08T19:04:15.763Z","UpdatedBy":"Nathan.Ferguson@americanlifeinc.com"},{"_id":839,"BoardcastMessageLogID":839,"BoardcastMessageID":58,"UserID":2424,"UpdatedDateTime":"2019-07-08T19:35:09.437Z","UpdatedBy":"Vera@mydigitaloffice.com"},{"_id":840,"BoardcastMessageLogID":840,"BoardcastMessageID":58,"UserID":85,"UpdatedDateTime":"2019-07-08T20:11:08.337Z","UpdatedBy":"bob.pinkerton@chesterfieldhotels.net"},{"_id":841,"BoardcastMessageLogID":841,"BoardcastMessageID":58,"UserID":2565,"UpdatedDateTime":"2019-07-08T20:30:05.200Z","UpdatedBy":"Youssef.Khazzaka@Hilton.com"},{"_id":843,"BoardcastMessageLogID":843,"BoardcastMessageID":58,"UserID":1434,"UpdatedDateTime":"2019-07-09T05:12:05.917Z","UpdatedBy":"NYCORT@mydigitaloffice.com"},{"_id":844,"BoardcastMessageLogID":844,"BoardcastMessageID":58,"UserID":1417,"UpdatedDateTime":"2019-07-09T05:33:51.577Z","UpdatedBy":"33162@mydigitaloffice.com"},{"_id":845,"BoardcastMessageLogID":845,"BoardcastMessageID":58,"UserID":1443,"UpdatedDateTime":"2019-07-09T07:25:19.813Z","UpdatedBy":"ROCJR@mydigitaloffice.com"},{"_id":846,"BoardcastMessageLogID":846,"BoardcastMessageID":58,"UserID":1446,"UpdatedDateTime":"2019-07-09T08:03:54.360Z","UpdatedBy":"SYRAU@mydigitaloffice.com"},{"_id":850,"BoardcastMessageLogID":850,"BoardcastMessageID":58,"UserID":1152,"UpdatedDateTime":"2019-07-09T11:29:15.297Z","UpdatedBy":"astanek@visions-hotels.com"},{"_id":854,"BoardcastMessageLogID":854,"BoardcastMessageID":58,"UserID":227,"UpdatedDateTime":"2019-07-09T12:26:14.267Z","UpdatedBy":"nibaya@mydigitaloffice.ca"},{"_id":856,"BoardcastMessageLogID":856,"BoardcastMessageID":58,"UserID":1054,"UpdatedDateTime":"2019-07-09T12:33:52.683Z","UpdatedBy":"ashah@visions-hotels.com"},{"_id":857,"BoardcastMessageLogID":857,"BoardcastMessageID":58,"UserID":2625,"UpdatedDateTime":"2019-07-09T13:13:10.640Z","UpdatedBy":"smcdougall@visions-hotels.com"},{"_id":859,"BoardcastMessageLogID":859,"BoardcastMessageID":59,"UserID":183,"UpdatedDateTime":"2019-07-09T13:36:32.087Z","UpdatedBy":"denise@mydigitaloffice.ca"},{"_id":860,"BoardcastMessageLogID":860,"BoardcastMessageID":59,"UserID":2632,"UpdatedDateTime":"2019-07-09T13:51:25.310Z","UpdatedBy":"bbarney@visions-hotels.com"},{"_id":862,"BoardcastMessageLogID":862,"BoardcastMessageID":59,"UserID":2174,"UpdatedDateTime":"2019-07-09T13:52:10.583Z","UpdatedBy":"wnorris@valenciagroup.com"},{"_id":864,"BoardcastMessageLogID":864,"BoardcastMessageID":59,"UserID":227,"UpdatedDateTime":"2019-07-09T14:23:47.847Z","UpdatedBy":"nibaya@mydigitaloffice.ca"},{"_id":865,"BoardcastMessageLogID":865,"BoardcastMessageID":59,"UserID":2152,"UpdatedDateTime":"2019-07-09T14:25:51.457Z","UpdatedBy":"cbutler@visions-hotels.com"},{"_id":866,"BoardcastMessageLogID":866,"BoardcastMessageID":59,"UserID":248,"UpdatedDateTime":"2019-07-09T14:36:15.257Z","UpdatedBy":"ankur@insigniamgmt.com"},{"_id":867,"BoardcastMessageLogID":867,"BoardcastMessageID":59,"UserID":2,"UpdatedDateTime":"2019-07-09T14:55:18.973Z","UpdatedBy":"superadmin@mydigitaloffice.ca"},{"_id":871,"BoardcastMessageLogID":871,"BoardcastMessageID":59,"UserID":2688,"UpdatedDateTime":"2019-07-09T15:05:57.883Z","UpdatedBy":"jason.vinnedge@hilton.com"},{"_id":872,"BoardcastMessageLogID":872,"BoardcastMessageID":59,"UserID":2639,"UpdatedDateTime":"2019-07-09T15:31:07.307Z","UpdatedBy":"bonnie.anderson@hiemississauga.com"},{"_id":874,"BoardcastMessageLogID":874,"BoardcastMessageID":59,"UserID":2182,"UpdatedDateTime":"2019-07-09T15:47:08.327Z","UpdatedBy":"mjannasch@valenciagroup.com"},{"_id":875,"BoardcastMessageLogID":875,"BoardcastMessageID":59,"UserID":85,"UpdatedDateTime":"2019-07-09T16:00:13.440Z","UpdatedBy":"bob.pinkerton@chesterfieldhotels.net"},{"_id":877,"BoardcastMessageLogID":877,"BoardcastMessageID":59,"UserID":1373,"UpdatedDateTime":"2019-07-09T16:31:10.007Z","UpdatedBy":"andrew@mydigitaloffice.ca"},{"_id":880,"BoardcastMessageLogID":880,"BoardcastMessageID":59,"UserID":623,"UpdatedDateTime":"2019-07-09T16:55:28.220Z","UpdatedBy":"yinka@mydigitaloffice.com"},{"_id":881,"BoardcastMessageLogID":881,"BoardcastMessageID":59,"UserID":849,"UpdatedDateTime":"2019-07-09T18:11:11.113Z","UpdatedBy":"braines@commonwealthhotels.com"},{"_id":883,"BoardcastMessageLogID":883,"BoardcastMessageID":59,"UserID":2220,"UpdatedDateTime":"2019-07-09T19:36:08.903Z","UpdatedBy":"tony@mydigitaloffice.com"},{"_id":885,"BoardcastMessageLogID":885,"BoardcastMessageID":59,"UserID":261,"UpdatedDateTime":"2019-07-09T20:02:23.270Z","UpdatedBy":"bindya@insigniamgmt.com"},{"_id":886,"BoardcastMessageLogID":886,"BoardcastMessageID":59,"UserID":2432,"UpdatedDateTime":"2019-07-09T20:48:56.813Z","UpdatedBy":"filseta@mydigitaloffice.ca"},{"_id":887,"BoardcastMessageLogID":887,"BoardcastMessageID":59,"UserID":1447,"UpdatedDateTime":"2019-07-10T05:38:19.617Z","UpdatedBy":"SYRDW@mydigitaloffice.com"},{"_id":889,"BoardcastMessageLogID":889,"BoardcastMessageID":59,"UserID":1428,"UpdatedDateTime":"2019-07-10T07:25:01.947Z","UpdatedBy":"ELMCH@mydigitaloffice.com"},{"_id":891,"BoardcastMessageLogID":891,"BoardcastMessageID":59,"UserID":1443,"UpdatedDateTime":"2019-07-10T09:46:50.067Z","UpdatedBy":"ROCJR@mydigitaloffice.com"},{"_id":892,"BoardcastMessageLogID":892,"BoardcastMessageID":59,"UserID":1153,"UpdatedDateTime":"2019-07-10T12:32:09.667Z","UpdatedBy":"smcguire@visions-hotels.com"},{"_id":894,"BoardcastMessageLogID":894,"BoardcastMessageID":59,"UserID":1054,"UpdatedDateTime":"2019-07-10T14:48:01.713Z","UpdatedBy":"ashah@visions-hotels.com"},{"_id":895,"BoardcastMessageLogID":895,"BoardcastMessageID":59,"UserID":1928,"UpdatedDateTime":"2019-07-10T14:51:45.640Z","UpdatedBy":"vicki.barker@lin-gate.com"},{"_id":896,"BoardcastMessageLogID":896,"BoardcastMessageID":59,"UserID":601,"UpdatedDateTime":"2019-07-10T16:22:59.927Z","UpdatedBy":"psurbrook@moodynational.com"},{"_id":897,"BoardcastMessageLogID":897,"BoardcastMessageID":59,"UserID":2625,"UpdatedDateTime":"2019-07-10T16:56:07.777Z","UpdatedBy":"smcdougall@visions-hotels.com"},{"_id":898,"BoardcastMessageLogID":898,"BoardcastMessageID":59,"UserID":56,"UpdatedDateTime":"2019-07-10T18:54:33.080Z","UpdatedBy":"ali@mydigitaloffice.ca"},{"_id":901,"BoardcastMessageLogID":901,"BoardcastMessageID":59,"UserID":349,"UpdatedDateTime":"2019-07-10T20:44:17.797Z","UpdatedBy":"josh@mydigitaloffice.ca"},{"_id":903,"BoardcastMessageLogID":903,"BoardcastMessageID":59,"UserID":586,"UpdatedDateTime":"2019-07-10T20:57:16.320Z","UpdatedBy":"sanjay@mydigitaloffice.com"},{"_id":904,"BoardcastMessageLogID":904,"BoardcastMessageID":59,"UserID":2646,"UpdatedDateTime":"2019-07-10T21:48:29.550Z","UpdatedBy":"dir.finance@executivehotels.net"},{"_id":905,"BoardcastMessageLogID":905,"BoardcastMessageID":59,"UserID":2652,"UpdatedDateTime":"2019-07-10T22:09:52.347Z","UpdatedBy":"desiree@phmgrs.com"},{"_id":906,"BoardcastMessageLogID":906,"BoardcastMessageID":59,"UserID":2341,"UpdatedDateTime":"2019-07-11T01:58:58.390Z","UpdatedBy":"cgreer@valenciagroup.com"},{"_id":907,"BoardcastMessageLogID":907,"BoardcastMessageID":59,"UserID":1429,"UpdatedDateTime":"2019-07-11T04:31:57.653Z","UpdatedBy":"ELMCW@mydigitaloffice.com"},{"_id":909,"BoardcastMessageLogID":909,"BoardcastMessageID":60,"UserID":1154,"UpdatedDateTime":"2019-10-14T13:57:17.307Z","UpdatedBy":"dking@visions-hotels.com"},{"_id":910,"BoardcastMessageLogID":910,"BoardcastMessageID":60,"UserID":1152,"UpdatedDateTime":"2019-10-14T15:05:53.313Z","UpdatedBy":"astanek@visions-hotels.com"},{"_id":912,"BoardcastMessageLogID":912,"BoardcastMessageID":60,"UserID":2855,"UpdatedDateTime":"2019-10-14T15:07:30.377Z","UpdatedBy":"mdiaz@visions-hotels.com"},{"_id":916,"BoardcastMessageLogID":916,"BoardcastMessageID":60,"UserID":248,"UpdatedDateTime":"2019-10-14T16:16:23.697Z","UpdatedBy":"ankur@insigniamgmt.com"},{"_id":918,"BoardcastMessageLogID":918,"BoardcastMessageID":60,"UserID":1054,"UpdatedDateTime":"2019-10-14T16:22:36.383Z","UpdatedBy":"ashah@visions-hotels.com"},{"_id":919,"BoardcastMessageLogID":919,"BoardcastMessageID":60,"UserID":361,"UpdatedDateTime":"2019-10-14T16:46:24.597Z","UpdatedBy":"rachel@insigniamgmt.com"},{"_id":921,"BoardcastMessageLogID":921,"BoardcastMessageID":60,"UserID":359,"UpdatedDateTime":"2019-10-14T16:55:05.017Z","UpdatedBy":"Mstricker@discovercharlestonwv.com"},{"_id":923,"BoardcastMessageLogID":923,"BoardcastMessageID":60,"UserID":1060,"UpdatedDateTime":"2019-10-14T17:08:10.730Z","UpdatedBy":"Jsynrod@visions-hotels.com"},{"_id":925,"BoardcastMessageLogID":925,"BoardcastMessageID":60,"UserID":227,"UpdatedDateTime":"2019-10-14T17:13:08.397Z","UpdatedBy":"nibaya@mydigitaloffice.ca"},{"_id":926,"BoardcastMessageLogID":926,"BoardcastMessageID":60,"UserID":290,"UpdatedDateTime":"2019-10-14T17:20:53.120Z","UpdatedBy":"brandonbye@fchhotels.com"},{"_id":927,"BoardcastMessageLogID":927,"BoardcastMessageID":60,"UserID":969,"UpdatedDateTime":"2019-10-14T17:44:25.733Z","UpdatedBy":"hlucas@cwsstclairsville.com"},{"_id":928,"BoardcastMessageLogID":928,"BoardcastMessageID":60,"UserID":3066,"UpdatedDateTime":"2019-10-14T18:09:48.717Z","UpdatedBy":"anair@coastal.ab.ca"},{"_id":929,"BoardcastMessageLogID":929,"BoardcastMessageID":60,"UserID":385,"UpdatedDateTime":"2019-10-14T20:37:12.757Z","UpdatedBy":"julian@mydigitaloffice.com"},{"_id":930,"BoardcastMessageLogID":930,"BoardcastMessageID":60,"UserID":539,"UpdatedDateTime":"2019-10-15T01:45:09.420Z","UpdatedBy":"ahira@diamondpointhotels.com"},{"_id":931,"BoardcastMessageLogID":931,"BoardcastMessageID":60,"UserID":1417,"UpdatedDateTime":"2019-10-15T04:56:11.123Z","UpdatedBy":"33162@mydigitaloffice.com"},{"_id":934,"BoardcastMessageLogID":934,"BoardcastMessageID":60,"UserID":2,"UpdatedDateTime":"2019-10-15T06:38:12.743Z","UpdatedBy":"superadmin@mydigitaloffice.ca"},{"_id":935,"BoardcastMessageLogID":935,"BoardcastMessageID":60,"UserID":1413,"UpdatedDateTime":"2019-10-15T06:40:10.537Z","UpdatedBy":"19160@mydigitaloffice.com"},{"_id":936,"BoardcastMessageLogID":936,"BoardcastMessageID":60,"UserID":1449,"UpdatedDateTime":"2019-10-15T06:54:57.697Z","UpdatedBy":"SYROS@mydigitaloffice.com"},{"_id":939,"BoardcastMessageLogID":939,"BoardcastMessageID":60,"UserID":1443,"UpdatedDateTime":"2019-10-15T07:45:45.260Z","UpdatedBy":"ROCJR@mydigitaloffice.com"},{"_id":940,"BoardcastMessageLogID":940,"BoardcastMessageID":60,"UserID":2152,"UpdatedDateTime":"2019-10-15T11:46:12.667Z","UpdatedBy":"cbutler@visions-hotels.com"},{"_id":943,"BoardcastMessageLogID":943,"BoardcastMessageID":60,"UserID":1232,"UpdatedDateTime":"2019-10-15T12:22:47.007Z","UpdatedBy":"mhpatel@visions-hotels.com"},{"_id":945,"BoardcastMessageLogID":945,"BoardcastMessageID":60,"UserID":1059,"UpdatedDateTime":"2019-10-15T13:36:38.557Z","UpdatedBy":"admin@unyq.org"},{"_id":947,"BoardcastMessageLogID":947,"BoardcastMessageID":60,"UserID":261,"UpdatedDateTime":"2019-10-15T13:53:50.770Z","UpdatedBy":"bindya@insigniamgmt.com"},{"_id":949,"BoardcastMessageLogID":949,"BoardcastMessageID":60,"UserID":349,"UpdatedDateTime":"2019-10-15T16:16:25.647Z","UpdatedBy":"josh@mydigitaloffice.ca"},{"_id":950,"BoardcastMessageLogID":950,"BoardcastMessageID":60,"UserID":2646,"UpdatedDateTime":"2019-10-15T16:19:30.850Z","UpdatedBy":"dir.finance@executivehotels.net"},{"_id":952,"BoardcastMessageLogID":952,"BoardcastMessageID":60,"UserID":85,"UpdatedDateTime":"2019-10-15T16:22:30.100Z","UpdatedBy":"bob.pinkerton@chesterfieldhotels.net"},{"_id":954,"BoardcastMessageLogID":954,"BoardcastMessageID":60,"UserID":2182,"UpdatedDateTime":"2019-10-15T16:23:43.650Z","UpdatedBy":"mjannasch@valenciagroup.com"},{"_id":962,"BoardcastMessageLogID":962,"BoardcastMessageID":60,"UserID":1049,"UpdatedDateTime":"2019-10-15T16:26:18.797Z","UpdatedBy":"jdagostino@visions-hotels.com"},{"_id":963,"BoardcastMessageLogID":963,"BoardcastMessageID":60,"UserID":1087,"UpdatedDateTime":"2019-10-15T16:33:52.050Z","UpdatedBy":"aphillips@visions-hotels.com"},{"_id":964,"BoardcastMessageLogID":964,"BoardcastMessageID":60,"UserID":2205,"UpdatedDateTime":"2019-10-15T17:17:37.313Z","UpdatedBy":"jflores@valenciagroup.com"},{"_id":965,"BoardcastMessageLogID":965,"BoardcastMessageID":60,"UserID":1122,"UpdatedDateTime":"2019-10-15T19:02:37.683Z","UpdatedBy":"kfoster@visions-hotels.com"},{"_id":966,"BoardcastMessageLogID":966,"BoardcastMessageID":60,"UserID":105,"UpdatedDateTime":"2019-10-15T19:48:38.173Z","UpdatedBy":"info@mydigitaloffice.ca"},{"_id":968,"BoardcastMessageLogID":968,"BoardcastMessageID":60,"UserID":1434,"UpdatedDateTime":"2019-10-16T04:57:44.803Z","UpdatedBy":"NYCORT@mydigitaloffice.com"},{"_id":970,"BoardcastMessageLogID":970,"BoardcastMessageID":61,"UserID":1054,"UpdatedDateTime":"2019-12-19T13:26:47.553Z","UpdatedBy":"ashah@visions-hotels.com"},{"_id":972,"BoardcastMessageLogID":972,"BoardcastMessageID":61,"UserID":2152,"UpdatedDateTime":"2019-12-19T14:11:49.337Z","UpdatedBy":"cbutler@visions-hotels.com"},{"_id":975,"BoardcastMessageLogID":975,"BoardcastMessageID":61,"UserID":2544,"UpdatedDateTime":"2019-12-19T14:38:42.937Z","UpdatedBy":"zhawley@visions-hotels.com"},{"_id":977,"BoardcastMessageLogID":977,"BoardcastMessageID":61,"UserID":2855,"UpdatedDateTime":"2019-12-19T17:13:42.787Z","UpdatedBy":"mdiaz@visions-hotels.com"},{"_id":978,"BoardcastMessageLogID":978,"BoardcastMessageID":61,"UserID":1049,"UpdatedDateTime":"2019-12-19T19:57:47.357Z","UpdatedBy":"jdagostino@visions-hotels.com"},{"_id":979,"BoardcastMessageLogID":979,"BoardcastMessageID":61,"UserID":1417,"UpdatedDateTime":"2019-12-20T05:50:40.757Z","UpdatedBy":"33162@mydigitaloffice.com"},{"_id":980,"BoardcastMessageLogID":980,"BoardcastMessageID":61,"UserID":1447,"UpdatedDateTime":"2019-12-20T06:44:40.597Z","UpdatedBy":"SYRDW@mydigitaloffice.com"},{"_id":981,"BoardcastMessageLogID":981,"BoardcastMessageID":61,"UserID":2129,"UpdatedDateTime":"2019-12-20T08:12:15.267Z","UpdatedBy":"SYRTC@mydigitaloffice.com"},{"_id":983,"BoardcastMessageLogID":983,"BoardcastMessageID":61,"UserID":1440,"UpdatedDateTime":"2019-12-20T08:36:42.777Z","UpdatedBy":"ROCFG@mydigitaloffice.com"},{"_id":984,"BoardcastMessageLogID":984,"BoardcastMessageID":61,"UserID":1443,"UpdatedDateTime":"2019-12-20T09:55:03.417Z","UpdatedBy":"ROCJR@mydigitaloffice.com"},{"_id":985,"BoardcastMessageLogID":985,"BoardcastMessageID":61,"UserID":1043,"UpdatedDateTime":"2019-12-20T13:10:02.307Z","UpdatedBy":"jfedora@visions-hotels.com"},{"_id":988,"BoardcastMessageLogID":988,"BoardcastMessageID":61,"UserID":2070,"UpdatedDateTime":"2019-12-20T13:26:26.813Z","UpdatedBy":"canderson@visions-hotels.com"},{"_id":990,"BoardcastMessageLogID":990,"BoardcastMessageID":61,"UserID":1184,"UpdatedDateTime":"2019-12-20T15:50:03.203Z","UpdatedBy":"jsanita@visions-hotels.com"},{"_id":991,"BoardcastMessageLogID":991,"BoardcastMessageID":61,"UserID":1142,"UpdatedDateTime":"2019-12-20T16:36:48.117Z","UpdatedBy":"cptak@visions-hotels.com"},{"_id":996,"BoardcastMessageLogID":996,"BoardcastMessageID":63,"UserID":105,"UpdatedDateTime":"2020-03-25T21:16:30.543Z","UpdatedBy":"info@mydigitaloffice.ca"},{"_id":997,"BoardcastMessageLogID":997,"BoardcastMessageID":62,"UserID":105,"UpdatedDateTime":"2020-03-25T21:16:30.560Z","UpdatedBy":"info@mydigitaloffice.ca"},{"_id":1000,"BoardcastMessageLogID":1000,"BoardcastMessageID":64,"UserID":3813,"UpdatedDateTime":"2020-05-09T13:16:06.560Z","UpdatedBy":"ashen@mydigitaloffice.ca"},{"_id":1001,"BoardcastMessageLogID":1001,"BoardcastMessageID":64,"UserID":361,"UpdatedDateTime":"2020-05-09T14:00:03.720Z","UpdatedBy":"rachel@insigniamgmt.com"},{"_id":1002,"BoardcastMessageLogID":1002,"BoardcastMessageID":64,"UserID":3809,"UpdatedDateTime":"2020-05-09T14:11:32.450Z","UpdatedBy":"damin@mydigitaloffice.ca"},{"_id":1003,"BoardcastMessageLogID":1003,"BoardcastMessageID":64,"UserID":248,"UpdatedDateTime":"2020-05-09T14:51:25.480Z","UpdatedBy":"ankur@insigniamgmt.com"},{"_id":1004,"BoardcastMessageLogID":1004,"BoardcastMessageID":64,"UserID":3861,"UpdatedDateTime":"2020-05-09T15:15:56.710Z","UpdatedBy":"billyung@columbiasussex.com"},{"_id":1005,"BoardcastMessageLogID":1005,"BoardcastMessageID":64,"UserID":3824,"UpdatedDateTime":"2020-05-09T15:35:43.670Z","UpdatedBy":"ankitp129@gmail.com"},{"_id":1006,"BoardcastMessageLogID":1006,"BoardcastMessageID":64,"UserID":3058,"UpdatedDateTime":"2020-05-09T16:49:49.380Z","UpdatedBy":"gerry.champagne@innvesthotels.com"},{"_id":1008,"BoardcastMessageLogID":1008,"BoardcastMessageID":64,"UserID":1054,"UpdatedDateTime":"2020-05-09T19:40:47.590Z","UpdatedBy":"ashah@visions-hotels.com"},{"_id":1009,"BoardcastMessageLogID":1009,"BoardcastMessageID":64,"UserID":1426,"UpdatedDateTime":"2020-05-10T05:33:12.957Z","UpdatedBy":"BUFOL@mydigitaloffice.com"},{"_id":1010,"BoardcastMessageLogID":1010,"BoardcastMessageID":64,"UserID":1413,"UpdatedDateTime":"2020-05-10T06:14:22.680Z","UpdatedBy":"19160@mydigitaloffice.com"},{"_id":1012,"BoardcastMessageLogID":1012,"BoardcastMessageID":64,"UserID":1109,"UpdatedDateTime":"2020-05-10T06:24:10.223Z","UpdatedBy":"tmagnusen@visions-hotels.com"},{"_id":1013,"BoardcastMessageLogID":1013,"BoardcastMessageID":64,"UserID":3656,"UpdatedDateTime":"2020-05-10T07:25:30.207Z","UpdatedBy":"reservations@chocolatelakehotel.com"},{"_id":1014,"BoardcastMessageLogID":1014,"BoardcastMessageID":64,"UserID":1046,"UpdatedDateTime":"2020-05-10T13:23:09.610Z","UpdatedBy":"rpatel@visions-hotels.com"},{"_id":1015,"BoardcastMessageLogID":1015,"BoardcastMessageID":64,"UserID":888,"UpdatedDateTime":"2020-05-10T15:12:24.707Z","UpdatedBy":"amanda.shappell@hilton.com"},{"_id":1018,"BoardcastMessageLogID":1018,"BoardcastMessageID":64,"UserID":3228,"UpdatedDateTime":"2020-05-10T15:56:58.063Z","UpdatedBy":"spatel@masterbuilthotels.com"},{"_id":1020,"BoardcastMessageLogID":1020,"BoardcastMessageID":64,"UserID":3580,"UpdatedDateTime":"2020-05-10T19:12:51.733Z","UpdatedBy":"amar@mydigitaloffice.com"},{"_id":1021,"BoardcastMessageLogID":1021,"BoardcastMessageID":64,"UserID":3582,"UpdatedDateTime":"2020-05-11T03:11:22.957Z","UpdatedBy":"bgmvp@mydigitaloffice.ca"},{"_id":1022,"BoardcastMessageLogID":1022,"BoardcastMessageID":64,"UserID":1417,"UpdatedDateTime":"2020-05-11T04:21:41.280Z","UpdatedBy":"33162@mydigitaloffice.com"},{"_id":1028,"BoardcastMessageLogID":1028,"BoardcastMessageID":66,"UserID":5345,"UpdatedDateTime":"2020-07-06T12:41:52.797Z","UpdatedBy":"mehimash@gmail.com"},{"_id":1029,"BoardcastMessageLogID":1029,"BoardcastMessageID":65,"UserID":5345,"UpdatedDateTime":"2020-07-06T12:41:52.817Z","UpdatedBy":"mehimash@gmail.com"}]