{"fields":[{"name":"_id","path":"_id","count":20000,"types":[{"name":"String","bsonType":"String","path":"_id","count":20000,"total_count":0,"probability":1}],"total_count":20000,"type":"String","has_duplicates":false,"probability":1},{"name":"AuditId","path":"AuditId","count":20000,"types":[{"name":"String","bsonType":"String","path":"AuditId","count":20000,"total_count":0,"probability":1}],"total_count":20000,"type":"String","has_duplicates":false,"probability":1},{"name":"IPAddress","path":"IPAddress","count":20000,"types":[{"name":"String","bsonType":"String","path":"IPAddress","count":20000,"total_count":0,"probability":1}],"total_count":20000,"type":"String","has_duplicates":false,"probability":1},{"name":"PostedData","path":"PostedData","count":20000,"types":[{"name":"String","bsonType":"String","path":"PostedData","count":20000,"total_count":0,"probability":1}],"total_count":20000,"type":"String","has_duplicates":false,"probability":1},{"name":"TimeAccessed","path":"TimeAccessed","count":20000,"types":[{"name":"Date","bsonType":"Date","path":"TimeAccessed","count":20000,"total_count":0,"probability":1}],"total_count":20000,"type":"Date","has_duplicates":false,"probability":1},{"name":"URLAccessed","path":"URLAccessed","count":20000,"types":[{"name":"String","bsonType":"String","path":"URLAccessed","count":20000,"total_count":0,"probability":1}],"total_count":20000,"type":"String","has_duplicates":false,"probability":1},{"name":"UserName","path":"UserName","count":20000,"types":[{"name":"String","bsonType":"String","path":"UserName","count":20000,"total_count":0,"probability":1}],"total_count":20000,"type":"String","has_duplicates":false,"probability":1}],"count":20000}