[{"_id":1,"ID":1,"HotelID":338,"OrganizationID":704,"Description":"Depository","Category":"Cash","UpdateDateTime":"2018-03-13T04:47:03.843Z","UpdatedBy":"superadmin@mydigitaloffice.ca","IsActive":true},{"_id":2,"ID":2,"HotelID":10,"OrganizationID":2,"Description":"Depository","Category":"Cash","UpdateDateTime":"2018-03-23T06:11:47.353Z","UpdatedBy":"superadmin@mydigitaloffice.ca","IsActive":true},{"_id":6,"ID":6,"HotelID":389,"OrganizationID":824,"Description":"Depository","Category":"Cash","UpdateDateTime":"2018-07-18T07:46:38.877Z","UpdatedBy":"superadmin@mydigitaloffice.ca","IsActive":true},{"_id":7,"ID":7,"HotelID":388,"OrganizationID":824,"Description":"Depository","Category":"Cash","UpdateDateTime":"2018-07-18T07:52:24.553Z","UpdatedBy":"superadmin@mydigitaloffice.ca","IsActive":true},{"_id":8,"ID":8,"HotelID":398,"OrganizationID":824,"Description":"Depository","Category":"Cash","UpdateDateTime":"2018-07-18T07:54:18.317Z","UpdatedBy":"superadmin@mydigitaloffice.ca","IsActive":true},{"_id":9,"ID":9,"HotelID":401,"OrganizationID":824,"Description":"Depository","Category":"Cash","UpdateDateTime":"2018-07-18T07:55:37.253Z","UpdatedBy":"superadmin@mydigitaloffice.ca","IsActive":true},{"_id":10,"ID":10,"HotelID":399,"OrganizationID":824,"Description":"Depository","Category":"Cash","UpdateDateTime":"2018-07-18T07:56:49.517Z","UpdatedBy":"superadmin@mydigitaloffice.ca","IsActive":true},{"_id":11,"ID":11,"HotelID":421,"OrganizationID":824,"Description":"Depository","Category":"Cash","UpdateDateTime":"2018-07-18T07:58:20.473Z","UpdatedBy":"superadmin@mydigitaloffice.ca","IsActive":true},{"_id":12,"ID":12,"HotelID":395,"OrganizationID":824,"Description":"Depository","Category":"Cash","UpdateDateTime":"2018-07-18T08:00:18.103Z","UpdatedBy":"superadmin@mydigitaloffice.ca","IsActive":true},{"_id":13,"ID":13,"HotelID":394,"OrganizationID":824,"Description":"Depository","Category":"Cash","UpdateDateTime":"2018-07-18T08:01:43.473Z","UpdatedBy":"superadmin@mydigitaloffice.ca","IsActive":true},{"_id":14,"ID":14,"HotelID":392,"OrganizationID":824,"Description":"Depository","Category":"Cash","UpdateDateTime":"2018-07-18T08:02:41.383Z","UpdatedBy":"superadmin@mydigitaloffice.ca","IsActive":true},{"_id":15,"ID":15,"HotelID":400,"OrganizationID":824,"Description":"Depository","Category":"Cash","UpdateDateTime":"2018-07-18T08:04:04.970Z","UpdatedBy":"superadmin@mydigitaloffice.ca","IsActive":true},{"_id":16,"ID":16,"HotelID":397,"OrganizationID":824,"Description":"Depository","Category":"Cash","UpdateDateTime":"2018-07-18T08:05:52.327Z","UpdatedBy":"superadmin@mydigitaloffice.ca","IsActive":true},{"_id":17,"ID":17,"HotelID":391,"OrganizationID":824,"Description":"Depository","Category":"Cash","UpdateDateTime":"2018-07-18T08:07:12.383Z","UpdatedBy":"superadmin@mydigitaloffice.ca","IsActive":true},{"_id":18,"ID":18,"HotelID":417,"OrganizationID":824,"Description":"Depository","Category":"Cash","UpdateDateTime":"2018-07-18T08:08:59.497Z","UpdatedBy":"superadmin@mydigitaloffice.ca","IsActive":true},{"_id":19,"ID":19,"HotelID":396,"OrganizationID":824,"Description":"Depository","Category":"Cash","UpdateDateTime":"2018-07-18T08:13:27.197Z","UpdatedBy":"superadmin@mydigitaloffice.ca","IsActive":true},{"_id":20,"ID":20,"HotelID":382,"OrganizationID":824,"Description":"Depository","Category":"Cash","UpdateDateTime":"2018-07-18T08:17:45.537Z","UpdatedBy":"superadmin@mydigitaloffice.ca","IsActive":true},{"_id":21,"ID":21,"HotelID":393,"OrganizationID":824,"Description":"Depository","Category":"Cash","UpdateDateTime":"2018-07-18T08:20:47.123Z","UpdatedBy":"superadmin@mydigitaloffice.ca","IsActive":true},{"_id":22,"ID":22,"HotelID":390,"OrganizationID":824,"Description":"Depository","Category":"Cash","UpdateDateTime":"2018-07-18T08:24:11.673Z","UpdatedBy":"superadmin@mydigitaloffice.ca","IsActive":true},{"_id":23,"ID":23,"HotelID":380,"OrganizationID":824,"Description":"Depository","Category":"Cash","UpdateDateTime":"2018-07-18T08:26:16.870Z","UpdatedBy":"superadmin@mydigitaloffice.ca","IsActive":true},{"_id":24,"ID":24,"HotelID":77,"OrganizationID":105,"Description":"Depository","Category":"Cash","UpdateDateTime":"2018-07-18T08:29:36.057Z","UpdatedBy":"superadmin@mydigitaloffice.ca","IsActive":true},{"_id":25,"ID":25,"HotelID":300,"OrganizationID":137,"Description":"Depository","Category":"Cash","UpdateDateTime":"2018-07-18T08:34:24.680Z","UpdatedBy":"superadmin@mydigitaloffice.ca","IsActive":true},{"_id":26,"ID":26,"HotelID":329,"OrganizationID":137,"Description":"Depository","Category":"Cash","UpdateDateTime":"2018-07-18T08:35:01.733Z","UpdatedBy":"superadmin@mydigitaloffice.ca","IsActive":true},{"_id":27,"ID":27,"HotelID":33,"OrganizationID":30,"Description":"Depository","Category":"Cash","UpdateDateTime":"2018-07-18T08:36:07.633Z","UpdatedBy":"superadmin@mydigitaloffice.ca","IsActive":true},{"_id":28,"ID":28,"HotelID":67,"OrganizationID":85,"Description":"Depository","Category":"Cash","UpdateDateTime":"2018-07-18T08:38:08.867Z","UpdatedBy":"superadmin@mydigitaloffice.ca","IsActive":true},{"_id":29,"ID":29,"HotelID":68,"OrganizationID":85,"Description":"Depository","Category":"Cash","UpdateDateTime":"2018-07-18T08:38:42.213Z","UpdatedBy":"superadmin@mydigitaloffice.ca","IsActive":true},{"_id":30,"ID":30,"HotelID":69,"OrganizationID":85,"Description":"Depository","Category":"Cash","UpdateDateTime":"2018-07-18T08:39:17.103Z","UpdatedBy":"superadmin@mydigitaloffice.ca","IsActive":true},{"_id":31,"ID":31,"HotelID":70,"OrganizationID":85,"Description":"Depository","Category":"Cash","UpdateDateTime":"2018-07-18T08:39:42.253Z","UpdatedBy":"superadmin@mydigitaloffice.ca","IsActive":true},{"_id":32,"ID":32,"HotelID":71,"OrganizationID":85,"Description":"Depository","Category":"Cash","UpdateDateTime":"2018-07-18T08:40:08.143Z","UpdatedBy":"superadmin@mydigitaloffice.ca","IsActive":true},{"_id":33,"ID":33,"HotelID":74,"OrganizationID":105,"Description":"Depository","Category":"Cash","UpdateDateTime":"2018-07-18T08:40:28.257Z","UpdatedBy":"superadmin@mydigitaloffice.ca","IsActive":true},{"_id":34,"ID":34,"HotelID":75,"OrganizationID":105,"Description":"Depository","Category":"Cash","UpdateDateTime":"2018-07-18T08:40:49.397Z","UpdatedBy":"superadmin@mydigitaloffice.ca","IsActive":true},{"_id":35,"ID":35,"HotelID":76,"OrganizationID":105,"Description":"Depository","Category":"Cash","UpdateDateTime":"2018-07-18T08:41:13.270Z","UpdatedBy":"superadmin@mydigitaloffice.ca","IsActive":true},{"_id":36,"ID":36,"HotelID":114,"OrganizationID":229,"Description":"Depository","Category":"Cash","UpdateDateTime":"2018-07-18T08:42:01.247Z","UpdatedBy":"superadmin@mydigitaloffice.ca","IsActive":true},{"_id":37,"ID":37,"HotelID":118,"OrganizationID":236,"Description":"Depository","Category":"Cash","UpdateDateTime":"2018-07-18T08:42:18.327Z","UpdatedBy":"superadmin@mydigitaloffice.ca","IsActive":true},{"_id":38,"ID":38,"HotelID":124,"OrganizationID":238,"Description":"Depository","Category":"Cash","UpdateDateTime":"2018-07-18T08:42:35.850Z","UpdatedBy":"superadmin@mydigitaloffice.ca","IsActive":true},{"_id":39,"ID":39,"HotelID":130,"OrganizationID":238,"Description":"Depository","Category":"Cash","UpdateDateTime":"2018-07-18T08:43:01.143Z","UpdatedBy":"superadmin@mydigitaloffice.ca","IsActive":true},{"_id":40,"ID":40,"HotelID":149,"OrganizationID":229,"Description":"Depository","Category":"Cash","UpdateDateTime":"2018-07-18T08:43:18.437Z","UpdatedBy":"superadmin@mydigitaloffice.ca","IsActive":true},{"_id":41,"ID":41,"HotelID":161,"OrganizationID":47,"Description":"Depository","Category":"Cash","UpdateDateTime":"2018-07-18T08:43:40.097Z","UpdatedBy":"superadmin@mydigitaloffice.ca","IsActive":true},{"_id":42,"ID":42,"HotelID":201,"OrganizationID":388,"Description":"Depository","Category":"Cash","UpdateDateTime":"2018-07-18T08:43:57.993Z","UpdatedBy":"superadmin@mydigitaloffice.ca","IsActive":true},{"_id":43,"ID":43,"HotelID":205,"OrganizationID":402,"Description":"Depository","Category":"Cash","UpdateDateTime":"2018-07-18T08:44:25.103Z","UpdatedBy":"superadmin@mydigitaloffice.ca","IsActive":true},{"_id":44,"ID":44,"HotelID":209,"OrganizationID":402,"Description":"Depository","Category":"Cash","UpdateDateTime":"2018-07-18T08:44:42.233Z","UpdatedBy":"superadmin@mydigitaloffice.ca","IsActive":true},{"_id":45,"ID":45,"HotelID":211,"OrganizationID":419,"Description":"Depository","Category":"Cash","UpdateDateTime":"2018-07-18T08:44:58.687Z","UpdatedBy":"superadmin@mydigitaloffice.ca","IsActive":true},{"_id":46,"ID":46,"HotelID":242,"OrganizationID":522,"Description":"Depository","Category":"Cash","UpdateDateTime":"2018-07-18T08:45:14.833Z","UpdatedBy":"superadmin@mydigitaloffice.ca","IsActive":true},{"_id":47,"ID":47,"HotelID":257,"OrganizationID":137,"Description":"Depository","Category":"Cash","UpdateDateTime":"2018-07-18T08:45:42.273Z","UpdatedBy":"superadmin@mydigitaloffice.ca","IsActive":true},{"_id":48,"ID":48,"HotelID":258,"OrganizationID":238,"Description":"Depository","Category":"Cash","UpdateDateTime":"2018-07-18T08:46:20.597Z","UpdatedBy":"superadmin@mydigitaloffice.ca","IsActive":true},{"_id":49,"ID":49,"HotelID":263,"OrganizationID":522,"Description":"Depository","Category":"Cash","UpdateDateTime":"2018-07-18T08:47:06.317Z","UpdatedBy":"superadmin@mydigitaloffice.ca","IsActive":true},{"_id":50,"ID":50,"HotelID":267,"OrganizationID":2,"Description":"Depository","Category":"Cash","UpdateDateTime":"2018-07-18T08:47:59.397Z","UpdatedBy":"superadmin@mydigitaloffice.ca","IsActive":true},{"_id":51,"ID":51,"HotelID":268,"OrganizationID":2,"Description":"Depository","Category":"Cash","UpdateDateTime":"2018-07-18T08:49:13.787Z","UpdatedBy":"superadmin@mydigitaloffice.ca","IsActive":true},{"_id":52,"ID":52,"HotelID":269,"OrganizationID":522,"Description":"Depository","Category":"Cash","UpdateDateTime":"2018-07-18T08:50:13.253Z","UpdatedBy":"superadmin@mydigitaloffice.ca","IsActive":true},{"_id":53,"ID":53,"HotelID":270,"OrganizationID":522,"Description":"Depository","Category":"Cash","UpdateDateTime":"2018-07-18T08:51:25.257Z","UpdatedBy":"superadmin@mydigitaloffice.ca","IsActive":true},{"_id":54,"ID":54,"HotelID":271,"OrganizationID":522,"Description":"Depository","Category":"Cash","UpdateDateTime":"2018-07-18T08:51:50.613Z","UpdatedBy":"superadmin@mydigitaloffice.ca","IsActive":true},{"_id":55,"ID":55,"HotelID":272,"OrganizationID":522,"Description":"Depository","Category":"Cash","UpdateDateTime":"2018-07-18T08:52:13.820Z","UpdatedBy":"superadmin@mydigitaloffice.ca","IsActive":true},{"_id":56,"ID":56,"HotelID":273,"OrganizationID":522,"Description":"Depository","Category":"Cash","UpdateDateTime":"2018-07-18T08:52:41.410Z","UpdatedBy":"superadmin@mydigitaloffice.ca","IsActive":true},{"_id":57,"ID":57,"HotelID":279,"OrganizationID":439,"Description":"Depository","Category":"Cash","UpdateDateTime":"2018-07-18T08:53:08.670Z","UpdatedBy":"superadmin@mydigitaloffice.ca","IsActive":true},{"_id":58,"ID":58,"HotelID":282,"OrganizationID":622,"Description":"Depository","Category":"Cash","UpdateDateTime":"2018-07-18T08:53:35.000Z","UpdatedBy":"superadmin@mydigitaloffice.ca","IsActive":true},{"_id":59,"ID":59,"HotelID":283,"OrganizationID":622,"Description":"Depository","Category":"Cash","UpdateDateTime":"2018-07-18T08:54:05.603Z","UpdatedBy":"superadmin@mydigitaloffice.ca","IsActive":true},{"_id":60,"ID":60,"HotelID":284,"OrganizationID":622,"Description":"Depository","Category":"Cash","UpdateDateTime":"2018-07-18T08:54:35.933Z","UpdatedBy":"superadmin@mydigitaloffice.ca","IsActive":true},{"_id":61,"ID":61,"HotelID":295,"OrganizationID":137,"Description":"Depository","Category":"Cash","UpdateDateTime":"2018-07-18T08:55:04.227Z","UpdatedBy":"superadmin@mydigitaloffice.ca","IsActive":true},{"_id":62,"ID":62,"HotelID":296,"OrganizationID":137,"Description":"Depository","Category":"Cash","UpdateDateTime":"2018-07-18T08:55:32.400Z","UpdatedBy":"superadmin@mydigitaloffice.ca","IsActive":true},{"_id":63,"ID":63,"HotelID":297,"OrganizationID":636,"Description":"Depository","Category":"Cash","UpdateDateTime":"2018-07-18T08:55:58.527Z","UpdatedBy":"superadmin@mydigitaloffice.ca","IsActive":true},{"_id":64,"ID":64,"HotelID":301,"OrganizationID":137,"Description":"Depository","Category":"Cash","UpdateDateTime":"2018-07-18T08:56:52.877Z","UpdatedBy":"superadmin@mydigitaloffice.ca","IsActive":true},{"_id":65,"ID":65,"HotelID":310,"OrganizationID":288,"Description":"Depository","Category":"Cash","UpdateDateTime":"2018-07-18T08:57:24.820Z","UpdatedBy":"superadmin@mydigitaloffice.ca","IsActive":true},{"_id":66,"ID":66,"HotelID":311,"OrganizationID":288,"Description":"Depository","Category":"Cash","UpdateDateTime":"2018-07-18T08:57:55.453Z","UpdatedBy":"superadmin@mydigitaloffice.ca","IsActive":true},{"_id":67,"ID":67,"HotelID":313,"OrganizationID":288,"Description":"Depository","Category":"Cash","UpdateDateTime":"2018-07-18T08:58:34.873Z","UpdatedBy":"superadmin@mydigitaloffice.ca","IsActive":true},{"_id":68,"ID":68,"HotelID":314,"OrganizationID":288,"Description":"Depository","Category":"Cash","UpdateDateTime":"2018-07-18T08:59:08.877Z","UpdatedBy":"superadmin@mydigitaloffice.ca","IsActive":true},{"_id":69,"ID":69,"HotelID":335,"OrganizationID":733,"Description":"Depository","Category":"Cash","UpdateDateTime":"2018-07-18T09:00:53.637Z","UpdatedBy":"superadmin@mydigitaloffice.ca","IsActive":true},{"_id":70,"ID":70,"HotelID":339,"OrganizationID":733,"Description":"Depository","Category":"Cash","UpdateDateTime":"2018-07-18T09:01:18.100Z","UpdatedBy":"superadmin@mydigitaloffice.ca","IsActive":true},{"_id":71,"ID":71,"HotelID":348,"OrganizationID":700,"Description":"Depository","Category":"Cash","UpdateDateTime":"2018-07-18T09:01:41.003Z","UpdatedBy":"superadmin@mydigitaloffice.ca","IsActive":true},{"_id":72,"ID":72,"HotelID":350,"OrganizationID":768,"Description":"Depository","Category":"Cash","UpdateDateTime":"2018-07-18T09:02:02.910Z","UpdatedBy":"superadmin@mydigitaloffice.ca","IsActive":true},{"_id":73,"ID":73,"HotelID":353,"OrganizationID":636,"Description":"Depository","Category":"Cash","UpdateDateTime":"2018-07-18T09:02:23.237Z","UpdatedBy":"superadmin@mydigitaloffice.ca","IsActive":true},{"_id":74,"ID":74,"HotelID":354,"OrganizationID":636,"Description":"Depository","Category":"Cash","UpdateDateTime":"2018-07-18T09:02:45.397Z","UpdatedBy":"superadmin@mydigitaloffice.ca","IsActive":true},{"_id":75,"ID":75,"HotelID":357,"OrganizationID":636,"Description":"Depository","Category":"Cash","UpdateDateTime":"2018-07-18T09:03:10.973Z","UpdatedBy":"superadmin@mydigitaloffice.ca","IsActive":true},{"_id":76,"ID":76,"HotelID":363,"OrganizationID":636,"Description":"Depository","Category":"Cash","UpdateDateTime":"2018-07-18T09:03:41.317Z","UpdatedBy":"superadmin@mydigitaloffice.ca","IsActive":true},{"_id":77,"ID":77,"HotelID":366,"OrganizationID":694,"Description":"Depository","Category":"Cash","UpdateDateTime":"2018-07-18T09:04:00.713Z","UpdatedBy":"superadmin@mydigitaloffice.ca","IsActive":true},{"_id":78,"ID":78,"HotelID":368,"OrganizationID":694,"Description":"Depository","Category":"Cash","UpdateDateTime":"2018-07-18T09:04:20.077Z","UpdatedBy":"superadmin@mydigitaloffice.ca","IsActive":true},{"_id":79,"ID":79,"HotelID":369,"OrganizationID":636,"Description":"Depository","Category":"Cash","UpdateDateTime":"2018-07-18T09:04:45.837Z","UpdatedBy":"superadmin@mydigitaloffice.ca","IsActive":true},{"_id":80,"ID":80,"HotelID":383,"OrganizationID":636,"Description":"Depository","Category":"Cash","UpdateDateTime":"2018-07-18T09:05:13.930Z","UpdatedBy":"superadmin@mydigitaloffice.ca","IsActive":true},{"_id":81,"ID":81,"HotelID":423,"OrganizationID":989,"Description":"Depository","Category":"Cash","UpdateDateTime":"2018-07-18T09:05:36.707Z","UpdatedBy":"superadmin@mydigitaloffice.ca","IsActive":true},{"_id":82,"ID":82,"HotelID":437,"OrganizationID":1019,"Description":"Depository","Category":"Cash","UpdateDateTime":"2018-07-18T09:06:10.503Z","UpdatedBy":"superadmin@mydigitaloffice.ca","IsActive":true},{"_id":83,"ID":83,"HotelID":438,"OrganizationID":1029,"Description":"Depository","Category":"Cash","UpdateDateTime":"2018-07-18T09:06:33.167Z","UpdatedBy":"superadmin@mydigitaloffice.ca","IsActive":true},{"_id":84,"ID":84,"HotelID":463,"OrganizationID":1042,"Description":"Depository","Category":"Cash","UpdateDateTime":"2018-07-18T09:06:54.270Z","UpdatedBy":"superadmin@mydigitaloffice.ca","IsActive":true},{"_id":85,"ID":85,"HotelID":465,"OrganizationID":1042,"Description":"Depository","Category":"Cash","UpdateDateTime":"2018-07-18T09:07:19.583Z","UpdatedBy":"superadmin@mydigitaloffice.ca","IsActive":true},{"_id":86,"ID":86,"HotelID":468,"OrganizationID":989,"Description":"Depository","Category":"Cash","UpdateDateTime":"2018-07-18T09:07:48.963Z","UpdatedBy":"superadmin@mydigitaloffice.ca","IsActive":true},{"_id":87,"ID":87,"HotelID":469,"OrganizationID":1042,"Description":"Depository","Category":"Cash","UpdateDateTime":"2018-07-18T09:08:44.363Z","UpdatedBy":"superadmin@mydigitaloffice.ca","IsActive":true},{"_id":88,"ID":88,"HotelID":476,"OrganizationID":1042,"Description":"Depository","Category":"Cash","UpdateDateTime":"2018-07-18T09:09:15.997Z","UpdatedBy":"superadmin@mydigitaloffice.ca","IsActive":true},{"_id":89,"ID":89,"HotelID":477,"OrganizationID":1042,"Description":"Depository","Category":"Cash","UpdateDateTime":"2018-07-18T09:10:01.297Z","UpdatedBy":"superadmin@mydigitaloffice.ca","IsActive":true},{"_id":90,"ID":90,"HotelID":482,"OrganizationID":1042,"Description":"Depository","Category":"Cash","UpdateDateTime":"2018-07-18T09:10:48.883Z","UpdatedBy":"superadmin@mydigitaloffice.ca","IsActive":true},{"_id":91,"ID":91,"HotelID":483,"OrganizationID":1042,"Description":"Depository","Category":"Cash","UpdateDateTime":"2018-07-18T09:11:19.767Z","UpdatedBy":"superadmin@mydigitaloffice.ca","IsActive":true},{"_id":92,"ID":92,"HotelID":486,"OrganizationID":1042,"Description":"Depository","Category":"Cash","UpdateDateTime":"2018-07-18T09:12:07.103Z","UpdatedBy":"superadmin@mydigitaloffice.ca","IsActive":true},{"_id":93,"ID":93,"HotelID":487,"OrganizationID":1042,"Description":"Depository","Category":"Cash","UpdateDateTime":"2018-07-18T09:12:36.333Z","UpdatedBy":"superadmin@mydigitaloffice.ca","IsActive":true},{"_id":94,"ID":94,"HotelID":491,"OrganizationID":1042,"Description":"Depository","Category":"Cash","UpdateDateTime":"2018-07-18T09:13:00.147Z","UpdatedBy":"superadmin@mydigitaloffice.ca","IsActive":true},{"_id":95,"ID":95,"HotelID":493,"OrganizationID":1019,"Description":"Depository","Category":"Cash","UpdateDateTime":"2018-07-18T09:13:28.033Z","UpdatedBy":"superadmin@mydigitaloffice.ca","IsActive":true},{"_id":96,"ID":96,"HotelID":498,"OrganizationID":1042,"Description":"Depository","Category":"Cash","UpdateDateTime":"2018-07-18T09:13:52.400Z","UpdatedBy":"superadmin@mydigitaloffice.ca","IsActive":true},{"_id":97,"ID":97,"HotelID":429,"OrganizationID":1002,"Description":"Depository","Category":"Cash","UpdateDateTime":"2018-08-25T06:02:22.383Z","UpdatedBy":"superadmin@mydigitaloffice.ca","IsActive":true},{"_id":98,"ID":98,"HotelID":77,"OrganizationID":105,"Description":"Direct Bill","Category":"Cash","UpdateDateTime":"2018-10-16T03:50:32.950Z","UpdatedBy":"info@mydigitaloffice.ca","IsActive":true},{"_id":99,"ID":99,"HotelID":76,"OrganizationID":105,"Description":"Direct Bill","Category":"Cash","UpdateDateTime":"2018-10-16T03:51:05.617Z","UpdatedBy":"info@mydigitaloffice.ca","IsActive":true},{"_id":101,"ID":101,"HotelID":599,"OrganizationID":2041,"Description":"Depository","Category":"Cash","UpdateDateTime":"2019-01-21T08:22:05.290Z","UpdatedBy":"superadmin@mydigitaloffice.ca","IsActive":true},{"_id":102,"ID":102,"HotelID":625,"OrganizationID":2075,"Description":"Depository","Category":"Cash","UpdateDateTime":"2019-03-04T10:55:11.603Z","UpdatedBy":"nibaya@mydigitaloffice.ca","IsActive":true},{"_id":103,"ID":103,"HotelID":566,"OrganizationID":768,"Description":"Cash","Category":"Cash","UpdateDateTime":"2019-03-04T12:15:13.040Z","UpdatedBy":"nibaya@mydigitaloffice.ca","IsActive":true},{"_id":104,"ID":104,"HotelID":430,"OrganizationID":1002,"Description":"REFUND CASH","Category":"Cash","UpdateDateTime":"2019-03-15T13:00:44.030Z","UpdatedBy":"nibaya@mydigitaloffice.ca","IsActive":true},{"_id":105,"ID":105,"HotelID":430,"OrganizationID":1002,"Description":"REFUND CHECK","Category":"Cash","UpdateDateTime":"2019-03-15T13:02:08.693Z","UpdatedBy":"nibaya@mydigitaloffice.ca","IsActive":true},{"_id":106,"ID":106,"HotelID":793,"OrganizationID":2564,"Description":"Cash","Category":"Cash","UpdateDateTime":"2019-06-19T17:02:57.110Z","UpdatedBy":"barton.noronha@yyzia.com","IsActive":true},{"_id":107,"ID":107,"HotelID":648,"OrganizationID":824,"Description":"Depository","Category":"Cash","UpdateDateTime":"2019-10-22T07:30:47.160Z","UpdatedBy":"superadmin@mydigitaloffice.ca","IsActive":true},{"_id":108,"ID":108,"HotelID":559,"OrganizationID":824,"Description":"Depository","Category":"Cash","UpdateDateTime":"2019-10-22T07:34:16.037Z","UpdatedBy":"superadmin@mydigitaloffice.ca","IsActive":true},{"_id":109,"ID":109,"HotelID":429,"OrganizationID":1002,"Description":"AMERICAN EXPRESS CTRL *REQUIRE","Category":"Cash","UpdateDateTime":"2020-05-28T19:44:31.690Z","UpdatedBy":"manpreet@mydigitaloffice.com","IsActive":true}]