{"fields":[{"name":"_id","path":"_id","count":462,"types":[{"name":"Number","bsonType":"Number","path":"_id","count":462,"total_count":0,"probability":1}],"total_count":462,"type":"Number","has_duplicates":false,"probability":1},{"name":"BoardcastMessageID","path":"BoardcastMessageID","count":462,"types":[{"name":"Number","bsonType":"Number","path":"BoardcastMessageID","count":462,"total_count":0,"probability":1}],"total_count":462,"type":"Number","has_duplicates":false,"probability":1},{"name":"BoardcastMessageLogID","path":"BoardcastMessageLogID","count":462,"types":[{"name":"Number","bsonType":"Number","path":"BoardcastMessageLogID","count":462,"total_count":0,"probability":1}],"total_count":462,"type":"Number","has_duplicates":false,"probability":1},{"name":"UpdatedBy","path":"UpdatedBy","count":462,"types":[{"name":"String","bsonType":"String","path":"UpdatedBy","count":462,"total_count":0,"probability":1}],"total_count":462,"type":"String","has_duplicates":false,"probability":1},{"name":"UpdatedDateTime","path":"UpdatedDateTime","count":462,"types":[{"name":"Date","bsonType":"Date","path":"UpdatedDateTime","count":462,"total_count":0,"probability":1}],"total_count":462,"type":"Date","has_duplicates":false,"probability":1},{"name":"UserID","path":"UserID","count":462,"types":[{"name":"Number","bsonType":"Number","path":"UserID","count":462,"total_count":0,"probability":1}],"total_count":462,"type":"Number","has_duplicates":false,"probability":1}],"count":462}