{"fields":[{"name":"_id","path":"_id","count":105,"types":[{"name":"Number","bsonType":"Number","path":"_id","count":105,"total_count":0,"probability":1}],"total_count":105,"type":"Number","has_duplicates":false,"probability":1},{"name":"Category","path":"Category","count":105,"types":[{"name":"String","bsonType":"String","path":"Category","count":105,"total_count":0,"probability":1}],"total_count":105,"type":"String","has_duplicates":false,"probability":1},{"name":"Description","path":"Description","count":105,"types":[{"name":"String","bsonType":"String","path":"Description","count":105,"total_count":0,"probability":1}],"total_count":105,"type":"String","has_duplicates":false,"probability":1},{"name":"HotelID","path":"HotelID","count":105,"types":[{"name":"Number","bsonType":"Number","path":"HotelID","count":105,"total_count":0,"probability":1}],"total_count":105,"type":"Number","has_duplicates":false,"probability":1},{"name":"ID","path":"ID","count":105,"types":[{"name":"Number","bsonType":"Number","path":"ID","count":105,"total_count":0,"probability":1}],"total_count":105,"type":"Number","has_duplicates":false,"probability":1},{"name":"IsActive","path":"IsActive","count":105,"types":[{"name":"Boolean","bsonType":"Boolean","path":"IsActive","count":105,"total_count":0,"probability":1}],"total_count":105,"type":"Boolean","has_duplicates":false,"probability":1},{"name":"OrganizationID","path":"OrganizationID","count":105,"types":[{"name":"Number","bsonType":"Number","path":"OrganizationID","count":105,"total_count":0,"probability":1}],"total_count":105,"type":"Number","has_duplicates":false,"probability":1},{"name":"UpdateDateTime","path":"UpdateDateTime","count":105,"types":[{"name":"Date","bsonType":"Date","path":"UpdateDateTime","count":105,"total_count":0,"probability":1}],"total_count":105,"type":"Date","has_duplicates":false,"probability":1},{"name":"UpdatedBy","path":"UpdatedBy","count":105,"types":[{"name":"String","bsonType":"String","path":"UpdatedBy","count":105,"total_count":0,"probability":1}],"total_count":105,"type":"String","has_duplicates":false,"probability":1}],"count":105}