{"fields":[{"name":"_id","path":"_id","count":9473,"types":[{"name":"Number","bsonType":"Number","path":"_id","count":9473,"total_count":0,"probability":1}],"total_count":9473,"type":"Number","has_duplicates":false,"probability":1},{"name":"Category","path":"Category","count":9473,"types":[{"name":"String","bsonType":"String","path":"Category","count":9473,"total_count":0,"probability":1}],"total_count":9473,"type":"String","has_duplicates":false,"probability":1},{"name":"Date","path":"Date","count":9473,"types":[{"name":"Date","bsonType":"Date","path":"Date","count":9473,"total_count":0,"probability":1}],"total_count":9473,"type":"Date","has_duplicates":false,"probability":1},{"name":"Description","path":"Description","count":9473,"types":[{"name":"String","bsonType":"String","path":"Description","count":9473,"total_count":0,"probability":1}],"total_count":9473,"type":"String","has_duplicates":false,"probability":1},{"name":"HotelID","path":"HotelID","count":9473,"types":[{"name":"Number","bsonType":"Number","path":"HotelID","count":9473,"total_count":0,"probability":1}],"total_count":9473,"type":"Number","has_duplicates":false,"probability":1},{"name":"ID","path":"ID","count":9473,"types":[{"name":"Number","bsonType":"Number","path":"ID","count":9473,"total_count":0,"probability":1}],"total_count":9473,"type":"Number","has_duplicates":false,"probability":1},{"name":"OldCategory","path":"OldCategory","count":9473,"types":[{"name":"String","bsonType":"String","path":"OldCategory","count":9473,"total_count":0,"probability":1}],"total_count":9473,"type":"String","has_duplicates":false,"probability":1},{"name":"OrganisationID","path":"OrganisationID","count":9473,"types":[{"name":"Number","bsonType":"Number","path":"OrganisationID","count":9473,"total_count":0,"probability":1}],"total_count":9473,"type":"Number","has_duplicates":false,"probability":1},{"name":"PMS","path":"PMS","count":9473,"types":[{"name":"String","bsonType":"String","path":"PMS","count":9437,"total_count":0,"probability":0.9961997255357331},{"name":"Null","bsonType":"Null","path":"PMS","count":36,"total_count":0,"probability":0.003800274464266864,"unique":1,"has_duplicates":true}],"total_count":9473,"type":["String","Null"],"has_duplicates":true,"probability":1},{"name":"UpdatedBy","path":"UpdatedBy","count":9473,"types":[{"name":"String","bsonType":"String","path":"UpdatedBy","count":9473,"total_count":0,"probability":1}],"total_count":9473,"type":"String","has_duplicates":false,"probability":1},{"name":"UpdatedDateTime","path":"UpdatedDateTime","count":9473,"types":[{"name":"Date","bsonType":"Date","path":"UpdatedDateTime","count":9473,"total_count":0,"probability":1}],"total_count":9473,"type":"Date","has_duplicates":false,"probability":1}],"count":9473}