{"fields":[{"name":"_id","path":"_id","count":20000,"types":[{"name":"Number","bsonType":"Number","path":"_id","count":20000,"total_count":0,"probability":1}],"total_count":20000,"type":"Number","has_duplicates":false,"probability":1},{"name":"CityId","path":"CityId","count":20000,"types":[{"name":"Number","bsonType":"Number","path":"CityId","count":20000,"total_count":0,"probability":1}],"total_count":20000,"type":"Number","has_duplicates":false,"probability":1},{"name":"Name","path":"Name","count":20000,"types":[{"name":"String","bsonType":"String","path":"Name","count":20000,"total_count":0,"probability":1}],"total_count":20000,"type":"String","has_duplicates":false,"probability":1},{"name":"StateISO","path":"StateISO","count":20000,"types":[{"name":"String","bsonType":"String","path":"StateISO","count":20000,"total_count":0,"probability":1}],"total_count":20000,"type":"String","has_duplicates":false,"probability":1},{"name":"ZipCode","path":"ZipCode","count":20000,"types":[{"name":"Null","bsonType":"Null","path":"ZipCode","count":19827,"total_count":0,"probability":0.99135,"unique":1,"has_duplicates":true},{"name":"String","bsonType":"String","path":"ZipCode","count":173,"total_count":0,"probability":0.00865}],"total_count":20000,"type":["Null","String"],"has_duplicates":true,"probability":1}],"count":20000}