{"fields":[{"name":"_id","path":"_id","count":574,"types":[{"name":"Number","bsonType":"Number","path":"_id","count":574,"total_count":0,"probability":1}],"total_count":574,"type":"Number","has_duplicates":false,"probability":1},{"name":"LogId","path":"LogId","count":574,"types":[{"name":"Number","bsonType":"Number","path":"LogId","count":574,"total_count":0,"probability":1}],"total_count":574,"type":"Number","has_duplicates":false,"probability":1},{"name":"Message","path":"Message","count":574,"types":[{"name":"String","bsonType":"String","path":"Message","count":574,"total_count":0,"probability":1}],"total_count":574,"type":"String","has_duplicates":false,"probability":1},{"name":"QuestionId","path":"QuestionId","count":574,"types":[{"name":"Number","bsonType":"Number","path":"QuestionId","count":574,"total_count":0,"probability":1}],"total_count":574,"type":"Number","has_duplicates":false,"probability":1},{"name":"Rating","path":"Rating","count":574,"types":[{"name":"Null","bsonType":"Null","path":"Rating","count":362,"total_count":0,"probability":0.6306620209059234,"unique":1,"has_duplicates":true},{"name":"Number","bsonType":"Number","path":"Rating","count":212,"total_count":0,"probability":0.3693379790940767}],"total_count":574,"type":["Null","Number"],"has_duplicates":true,"probability":1},{"name":"Subject","path":"Subject","count":574,"types":[{"name":"String","bsonType":"String","path":"Subject","count":574,"total_count":0,"probability":1}],"total_count":574,"type":"String","has_duplicates":false,"probability":1},{"name":"UpdatedBy","path":"UpdatedBy","count":574,"types":[{"name":"String","bsonType":"String","path":"UpdatedBy","count":527,"total_count":0,"probability":0.9181184668989547},{"name":"Null","bsonType":"Null","path":"UpdatedBy","count":47,"total_count":0,"probability":0.08188153310104529,"unique":1,"has_duplicates":true}],"total_count":574,"type":["String","Null"],"has_duplicates":true,"probability":1},{"name":"UpdatedDateTime","path":"UpdatedDateTime","count":574,"types":[{"name":"Date","bsonType":"Date","path":"UpdatedDateTime","count":574,"total_count":0,"probability":1}],"total_count":574,"type":"Date","has_duplicates":false,"probability":1}],"count":574}