{"fields":[{"name":"_id","path":"_id","count":7,"types":[{"name":"Number","bsonType":"Number","path":"_id","count":7,"total_count":0,"probability":1}],"total_count":7,"type":"Number","has_duplicates":false,"probability":1},{"name":"Catagory","path":"Catagory","count":5,"types":[{"name":"String","bsonType":"String","path":"Catagory","count":5,"total_count":0,"probability":0.7142857142857143},{"name":"Undefined","type":"Undefined","path":"Catagory","count":2,"total_count":0,"probability":0.2857142857142857,"unique":1,"has_duplicates":true}],"total_count":7,"type":["String","Undefined"],"has_duplicates":true,"probability":0.7142857142857143},{"name":"CountryId","path":"CountryId","count":2,"types":[{"name":"Undefined","type":"Undefined","path":"CountryId","count":5,"total_count":0,"probability":0.7142857142857143,"unique":1,"has_duplicates":true},{"name":"Number","bsonType":"Number","path":"CountryId","count":2,"total_count":0,"probability":0.2857142857142857}],"total_count":7,"type":["Undefined","Number"],"has_duplicates":true,"probability":0.2857142857142857},{"name":"CountryISO","path":"CountryISO","count":2,"types":[{"name":"Undefined","type":"Undefined","path":"CountryISO","count":5,"total_count":0,"probability":0.7142857142857143,"unique":1,"has_duplicates":true},{"name":"String","bsonType":"String","path":"CountryISO","count":2,"total_count":0,"probability":0.2857142857142857}],"total_count":7,"type":["Undefined","String"],"has_duplicates":true,"probability":0.2857142857142857},{"name":"ID","path":"ID","count":5,"types":[{"name":"Number","bsonType":"Number","path":"ID","count":5,"total_count":0,"probability":0.7142857142857143},{"name":"Undefined","type":"Undefined","path":"ID","count":2,"total_count":0,"probability":0.2857142857142857,"unique":1,"has_duplicates":true}],"total_count":7,"type":["Number","Undefined"],"has_duplicates":true,"probability":0.7142857142857143},{"name":"Name","path":"Name","count":2,"types":[{"name":"Undefined","type":"Undefined","path":"Name","count":5,"total_count":0,"probability":0.7142857142857143,"unique":1,"has_duplicates":true},{"name":"String","bsonType":"String","path":"Name","count":2,"total_count":0,"probability":0.2857142857142857}],"total_count":7,"type":["Undefined","String"],"has_duplicates":true,"probability":0.2857142857142857}],"count":7}