{"fields":[{"name":"_id","path":"_id","count":21,"types":[{"name":"ObjectID","bsonType":"ObjectID","path":"_id","count":21,"total_count":0,"probability":1}],"total_count":21,"type":"ObjectID","has_duplicates":false,"probability":1},{"name":"__v","path":"__v","count":21,"types":[{"name":"Number","bsonType":"Number","path":"__v","count":21,"total_count":0,"probability":1}],"total_count":21,"type":"Number","has_duplicates":false,"probability":1},{"name":"Description","path":"Description","count":21,"types":[{"name":"String","bsonType":"String","path":"Description","count":21,"total_count":0,"probability":1}],"total_count":21,"type":"String","has_duplicates":false,"probability":1},{"name":"HMGGLCode","path":"HMGGLCode","count":21,"types":[{"name":"String","bsonType":"String","path":"HMGGLCode","count":21,"total_count":0,"probability":1}],"total_count":21,"type":"String","has_duplicates":false,"probability":1},{"name":"MDOGLCode","path":"MDOGLCode","count":21,"types":[{"name":"String","bsonType":"String","path":"MDOGLCode","count":21,"total_count":0,"probability":1}],"total_count":21,"type":"String","has_duplicates":false,"probability":1},{"name":"OrganizationID","path":"OrganizationID","count":21,"types":[{"name":"Number","bsonType":"Number","path":"OrganizationID","count":21,"total_count":0,"probability":1}],"total_count":21,"type":"Number","has_duplicates":false,"probability":1},{"name":"Status","path":"Status","count":21,"types":[{"name":"Boolean","bsonType":"Boolean","path":"Status","count":20,"total_count":0,"probability":0.9523809523809523},{"name":"Null","bsonType":"Null","path":"Status","count":1,"total_count":0,"probability":0.047619047619047616,"unique":1,"has_duplicates":false}],"total_count":21,"type":["Boolean","Null"],"has_duplicates":false,"probability":1}],"count":21}