[{"_id":"5e8818aca8768b6a0c9bfb43","ID":12,"GroupName":"New Group","DisplayOrder":12,"UserID":248,"UpdateDateTime":"2020-04-04T05:18:36.614Z","kpilist":[{"DisplayOrder":0,"_id":"5e8818aca8768b6a0c9bfb44","KPIKey":"occ","UpdateDateTime":"2020-04-04T05:18:36.691Z"}],"__v":0},{"_id":"5f3e57b71375a56692907cad","ID":69,"GroupName":"Ancillary Revenue","DisplayOrder":69,"UserID":5442,"UpdateDateTime":"2020-08-26T10:57:06.459Z","kpilist":[{"DisplayOrder":0,"_id":"5f4640025ef52c55da9b5a81","KPIKey":"occ_budget_variance","UpdateDateTime":"2020-08-26T10:57:06.462Z"}],"__v":0,"GroupColor":"#94B1BD"},{"_id":"5f4770965ef52c55da9b5a83","ID":72,"GroupName":"New test 1","DisplayOrder":72,"UserID":5442,"UpdateDateTime":"2021-01-22T11:13:51.485Z","kpilist":[{"DisplayOrder":0,"_id":"600ab36f3fe2f257ad000a4d","KPIKey":"dashboard_outof_orderrooms","UpdateDateTime":"2021-01-22T11:13:51.511Z"},{"DisplayOrder":0,"_id":"600ab36f3fe2f257ad000a4c","KPIKey":"rooms_available","UpdateDateTime":"2021-01-22T11:13:51.511Z"}],"__v":0,"GroupColor":"#6319EC"},{"_id":"5f47fa1e1516a001da320da3","ID":73,"GroupName":"Occupancy Stats","DisplayOrder":73,"UserID":845,"UpdateDateTime":"2020-08-27T18:28:28.282Z","kpilist":[{"DisplayOrder":0,"_id":"5f47fb4c1516a001da320dc2","KPIKey":"number_of_rooms_sold","UpdateDateTime":"2020-08-27T18:28:28.284Z"},{"DisplayOrder":0,"_id":"5f47fb4c1516a001da320dc1","KPIKey":"rooms_forecast_variance_percentage","UpdateDateTime":"2020-08-27T18:28:28.284Z"},{"DisplayOrder":0,"_id":"5f47fb4c1516a001da320dc0","KPIKey":"occ","UpdateDateTime":"2020-08-27T18:28:28.283Z"},{"DisplayOrder":0,"_id":"5f47fb4c1516a001da320dbf","KPIKey":"occ_excluding_ooo","UpdateDateTime":"2020-08-27T18:28:28.283Z"},{"DisplayOrder":0,"_id":"5f47fb4c1516a001da320dbe","KPIKey":"occ_mtd","UpdateDateTime":"2020-08-27T18:28:28.283Z"}],"__v":0,"GroupColor":"#2E62FF"},{"_id":"5f48001f1516a001da320dc3","ID":74,"GroupName":"Revenue Stats","DisplayOrder":74,"UserID":845,"UpdateDateTime":"2020-08-27T18:51:00.109Z","kpilist":[{"DisplayOrder":0,"_id":"5f4800941516a001da320dd3","KPIKey":"adr","UpdateDateTime":"2020-08-27T18:51:00.110Z"},{"DisplayOrder":0,"_id":"5f4800941516a001da320dd2","KPIKey":"adr_mtd","UpdateDateTime":"2020-08-27T18:51:00.110Z"},{"DisplayOrder":0,"_id":"5f4800941516a001da320dd1","KPIKey":"revpar","UpdateDateTime":"2020-08-27T18:51:00.110Z"}],"__v":0,"GroupColor":"#FFBC41"},{"_id":"5f4e689e172b0f1370d21953","ID":77,"GroupName":"Rooms","DisplayOrder":77,"UserID":5553,"UpdateDateTime":"2020-09-01T17:36:09.225Z","kpilist":[{"DisplayOrder":0,"_id":"5f4e86895a72ac42a572c3d8","KPIKey":"number_of_rooms_sold","UpdateDateTime":"2020-09-01T17:36:09.226Z"},{"DisplayOrder":0,"_id":"5f4e86895a72ac42a572c3d7","KPIKey":"lastyear_noof_rooms_sold","UpdateDateTime":"2020-09-01T17:36:09.226Z"},{"DisplayOrder":0,"_id":"5f4e86895a72ac42a572c3d6","KPIKey":"numberofroomssold_mtd","UpdateDateTime":"2020-09-01T17:36:09.226Z"},{"DisplayOrder":0,"_id":"5f4e86895a72ac42a572c3d5","KPIKey":"dashboard_outof_orderrooms","UpdateDateTime":"2020-09-01T17:36:09.226Z"}],"__v":0,"GroupColor":"#94B1BD"},{"_id":"5f4e68f5172b0f1370d21965","ID":78,"GroupName":"Revenue","DisplayOrder":78,"UserID":5553,"UpdateDateTime":"2020-09-01T16:58:08.497Z","kpilist":[{"DisplayOrder":0,"_id":"5f4e7da05a72ac42a572c3b5","KPIKey":"total_revenue","UpdateDateTime":"2020-09-01T16:58:08.498Z"},{"DisplayOrder":0,"_id":"5f4e7da05a72ac42a572c3b4","KPIKey":"mtd_total_revenue","UpdateDateTime":"2020-09-01T16:58:08.498Z"},{"DisplayOrder":0,"_id":"5f4e7da05a72ac42a572c3b3","KPIKey":"food_revenue","UpdateDateTime":"2020-09-01T16:58:08.498Z"},{"DisplayOrder":0,"_id":"5f4e7da05a72ac42a572c3b2","KPIKey":"outet1Other_revenue","UpdateDateTime":"2020-09-01T16:58:08.498Z"}],"__v":0,"GroupColor":"#FF6C6C"},{"_id":"5f4e7dd15a72ac42a572c3be","ID":79,"GroupName":"Statistics","DisplayOrder":79,"UserID":5553,"UpdateDateTime":"2020-09-01T17:50:17.679Z","kpilist":[{"DisplayOrder":0,"_id":"5f4e89d9395e1a5a0156a678","KPIKey":"occ","UpdateDateTime":"2020-09-01T17:50:17.687Z"},{"DisplayOrder":0,"_id":"5f4e89d9395e1a5a0156a677","KPIKey":"adr","UpdateDateTime":"2020-09-01T17:50:17.687Z"},{"DisplayOrder":0,"_id":"5f4e89d9395e1a5a0156a676","KPIKey":"Total_Revenue","UpdateDateTime":"2020-09-01T17:50:17.686Z"}],"__v":0,"GroupColor":"#FFBC41"},{"_id":"5f6880dd7adfd227411195b4","ID":87,"GroupName":"New Group 01","DisplayOrder":87,"UserID":5605,"UpdateDateTime":"2020-09-21T10:37:58.241Z","kpilist":[{"DisplayOrder":0,"_id":"5f6882867adfd227411195ca","KPIKey":"adr","UpdateDateTime":"2020-09-21T10:37:58.242Z"},{"DisplayOrder":0,"_id":"5f6882867adfd227411195c9","KPIKey":"fb_revenue","UpdateDateTime":"2020-09-21T10:37:58.242Z"}],"__v":0,"GroupColor":"#041959"},{"_id":"5f90abc7844bac5120f4f017","ID":96,"GroupName":"Current","DisplayOrder":96,"UserID":3862,"UpdateDateTime":"2021-01-25T08:14:50.805Z","kpilist":[{"DisplayOrder":0,"_id":"600e7dfa4b7e834c13238963","KPIKey":"next_month_mtd_room_otb","UpdateDateTime":"2021-01-25T08:14:50.806Z"}],"__v":0,"GroupColor":"#2E62FF"},{"_id":"5f9c2cb75827ee0335f92672","ID":97,"GroupName":"Stats","DisplayOrder":97,"UserID":3862,"UpdateDateTime":"2021-01-27T07:31:00.311Z","kpilist":[{"DisplayOrder":0,"_id":"601116b492bc252bee9cd14c","KPIKey":"ooo_variance_percentage","UpdateDateTime":"2021-01-27T07:31:00.312Z"},{"DisplayOrder":0,"_id":"601116b492bc252bee9cd14b","KPIKey":"lastyear_outoforderrooms","UpdateDateTime":"2021-01-27T07:31:00.312Z"},{"DisplayOrder":0,"_id":"601116b492bc252bee9cd14a","KPIKey":"outoforderrooms_mtd","UpdateDateTime":"2021-01-27T07:31:00.312Z"},{"DisplayOrder":0,"_id":"601116b492bc252bee9cd149","KPIKey":"outoforderrooms_ttm","UpdateDateTime":"2021-01-27T07:31:00.312Z"}],"__v":0,"GroupColor":"#FF6C6C"},{"_id":"5fd924c4acb4d7173b7cf2ac","ID":100,"GroupName":"Room Stats","DisplayOrder":100,"UserID":5444,"UpdateDateTime":"2020-12-15T21:20:09.262Z","kpilist":[{"DisplayOrder":0,"_id":"5fd92889acb4d7173b7cf2be","KPIKey":"number_of_rooms_sold","UpdateDateTime":"2020-12-15T21:20:09.264Z"},{"DisplayOrder":0,"_id":"5fd92889acb4d7173b7cf2bd","KPIKey":"occ","UpdateDateTime":"2020-12-15T21:20:09.264Z"},{"DisplayOrder":0,"_id":"5fd92889acb4d7173b7cf2bc","KPIKey":"occ_forecast","UpdateDateTime":"2020-12-15T21:20:09.264Z"},{"DisplayOrder":0,"_id":"5fd92889acb4d7173b7cf2bb","KPIKey":"adr","UpdateDateTime":"2020-12-15T21:20:09.263Z"},{"DisplayOrder":0,"_id":"5fd92889acb4d7173b7cf2ba","KPIKey":"adr_forecast","UpdateDateTime":"2020-12-15T21:20:09.263Z"},{"DisplayOrder":0,"_id":"5fd92889acb4d7173b7cf2b9","KPIKey":"revpar","UpdateDateTime":"2020-12-15T21:20:09.263Z"},{"DisplayOrder":0,"_id":"5fd92889acb4d7173b7cf2b8","KPIKey":"revpar_forecast","UpdateDateTime":"2020-12-15T21:20:09.263Z"}],"__v":0,"GroupColor":"#94B1BD"},{"_id":"5fd92890acb4d7173b7cf2bf","ID":101,"GroupName":"Revenue Stats","DisplayOrder":101,"UserID":5444,"UpdateDateTime":"2020-12-15T21:20:45.709Z","kpilist":[{"DisplayOrder":0,"_id":"5fd928adacb4d7173b7cf2c7","KPIKey":"total_revenue","UpdateDateTime":"2020-12-15T21:20:45.709Z"},{"DisplayOrder":0,"_id":"5fd928adacb4d7173b7cf2c6","KPIKey":"forecast_room_revenue","UpdateDateTime":"2020-12-15T21:20:45.709Z"},{"DisplayOrder":0,"_id":"5fd928adacb4d7173b7cf2c5","KPIKey":"forecast_room_revenue_variance_percentage","UpdateDateTime":"2020-12-15T21:20:45.709Z"},{"DisplayOrder":0,"_id":"5fd928adacb4d7173b7cf2c4","KPIKey":"roomrevenue_budget","UpdateDateTime":"2020-12-15T21:20:45.709Z"},{"DisplayOrder":0,"_id":"5fd928adacb4d7173b7cf2c3","KPIKey":"budget_room_revenue_variance_percentage","UpdateDateTime":"2020-12-15T21:20:45.709Z"},{"DisplayOrder":0,"_id":"5fd928adacb4d7173b7cf2c2","KPIKey":"mtd_total_revenue","UpdateDateTime":"2020-12-15T21:20:45.709Z"}],"__v":0,"GroupColor":"#041959"},{"_id":"5fd934cdacb4d7173b7cf2c8","ID":102,"GroupName":"Forecast","DisplayOrder":102,"UserID":5444,"UpdateDateTime":"2020-12-15T22:13:31.901Z","kpilist":[{"DisplayOrder":0,"_id":"5fd9350bacb4d7173b7cf2d2","KPIKey":"month_hotel_forecast","UpdateDateTime":"2020-12-15T22:13:31.902Z"},{"DisplayOrder":0,"_id":"5fd9350bacb4d7173b7cf2d1","KPIKey":"day_next_month_bob","UpdateDateTime":"2020-12-15T22:13:31.902Z"},{"DisplayOrder":0,"_id":"5fd9350bacb4d7173b7cf2d0","KPIKey":"rooms_available","UpdateDateTime":"2020-12-15T22:13:31.902Z"}],"__v":0,"GroupColor":"#6319EC"}]