[{"_id":"5fd35a579153e91b1081500d","ID":26,"DisplayOrder":1,"ColumName":"BUDGET","ColumPeriod":"Current","UserID":2,"PNLType":"PNLMonthly","__v":0},{"_id":"5fd35a579153e91b1081500f","ID":28,"DisplayOrder":3,"ColumName":"FORECAST","ColumPeriod":"Current","UserID":2,"PNLType":"PNLMonthly","__v":0},{"_id":"5fd35a579153e91b1081500e","ID":27,"DisplayOrder":2,"ColumName":"ACTUALS","ColumPeriod":"Current","UserID":2,"PNLType":"PNLMonthly","__v":0},{"_id":"5fd36e16e7f79c14eca394e4","ID":29,"DisplayOrder":1,"ColumName":"BUDGET","ColumPeriod":"Current","UserID":2,"PNLType":"PNL Monthly","__v":0},{"_id":"5fd36e16e7f79c14eca394e5","ID":30,"DisplayOrder":2,"ColumName":"ACTUALS","ColumPeriod":"Current","UserID":2,"PNLType":"PNL Monthly","__v":0},{"_id":"5fd36e16e7f79c14eca394e6","ID":31,"DisplayOrder":3,"ColumName":"FORECAST","ColumPeriod":"Current","UserID":2,"PNLType":"PNL Monthly","__v":0},{"_id":"5fd4443a9ec6a21a708827e1","ID":32,"DisplayOrder":1,"ColumName":"ACTUALS","ColumPeriod":"Current","UserID":5442,"PNLType":"PNLYearly","__v":0},{"_id":"5fd455a7fac1e411145d714d","ID":33,"DisplayOrder":1,"ColumName":"BUDGET","ColumPeriod":"MTD","UserID":5442,"PNLType":"PNLMonthly","__v":0},{"_id":"5fd455a7fac1e411145d714e","ID":34,"DisplayOrder":2,"ColumName":"ACTUALS","ColumPeriod":"MTD","UserID":5442,"PNLType":"PNLMonthly","__v":0},{"_id":"5fd455a7fac1e411145d714f","ID":35,"DisplayOrder":3,"ColumName":"FORECAST","ColumPeriod":"MTD","UserID":5442,"PNLType":"PNLMonthly","__v":0},{"_id":"5fd6e70699177239e1f054b2","ID":37,"DisplayOrder":1,"ColumName":"FORECAST","ColumPeriod":"Current","UserID":3804,"PNLType":"PNLMonthly","__v":0},{"_id":"5fd6e70699177239e1f054b4","ID":38,"DisplayOrder":3,"ColumName":"ACTUALS","ColumPeriod":"Current","UserID":3804,"PNLType":"PNLMonthly","__v":0},{"_id":"5fd6e70699177239e1f054b3","ID":36,"DisplayOrder":2,"ColumName":"BUDGET","ColumPeriod":"Current","UserID":3804,"PNLType":"PNLMonthly","__v":0},{"_id":"5fd743bc7cd760323994ff6a","ID":39,"DisplayOrder":1,"ColumName":"FORECAST","ColumPeriod":"CURRENT","UserID":5443,"PNLType":"PNLMonthly","__v":0},{"_id":"5fd743bc7cd760323994ff6c","ID":41,"DisplayOrder":3,"ColumName":"ACTUALS","ColumPeriod":"MTD","UserID":5443,"PNLType":"PNLMonthly","__v":0},{"_id":"5fd743bc7cd760323994ff6b","ID":40,"DisplayOrder":2,"ColumName":"FORECAST","ColumPeriod":"CURRENT","UserID":5443,"PNLType":"PNLMonthly","__v":0},{"_id":"5fd74c2f9e15681300b300a7","ID":42,"DisplayOrder":1,"ColumName":"BUDGET","ColumPeriod":"Current","UserID":2,"PNLType":"PNLMonthl","__v":0},{"_id":"5fd74c2f9e15681300b300a8","ID":43,"DisplayOrder":2,"ColumName":"ACTUALS","ColumPeriod":"Current","UserID":2,"PNLType":"PNLMonthl","__v":0},{"_id":"5fd74c2f9e15681300b300a9","ID":44,"DisplayOrder":3,"ColumName":"FORECAST","ColumPeriod":"Current","UserID":2,"PNLType":"PNLMonthl","__v":0},{"_id":"5fd74fd55e1e190834d94801","ID":45,"DisplayOrder":1,"ColumName":"ACTUALS","ColumPeriod":"Current","UserID":5443,"PNLType":"PNLYearly","__v":0},{"_id":"5ff755dcdb2bf2538d59f30e","ID":91,"DisplayOrder":1,"ColumName":"FORECAST","ColumPeriod":"Current","UserID":3862,"PNLType":"PNLMonthly","__v":0},{"_id":"5ff755dcdb2bf2538d59f30f","ID":92,"DisplayOrder":2,"ColumName":"BUDGET","ColumPeriod":"Current","UserID":3862,"PNLType":"PNLMonthly","__v":0},{"_id":"5ff755dcdb2bf2538d59f310","ID":93,"DisplayOrder":3,"ColumName":"ACTUALS","ColumPeriod":"Current","UserID":3862,"PNLType":"PNLMonthly","__v":0},{"_id":"6001051e3fb5ed64677688b1","ID":94,"DisplayOrder":1,"ColumName":"BUDGET","ColumPeriod":"Current","UserID":5444,"PNLType":"PNLMonthly","__v":0},{"_id":"6001051e3fb5ed64677688b2","ID":95,"DisplayOrder":2,"ColumName":"FORECAST","ColumPeriod":"Current","UserID":5444,"PNLType":"PNLMonthly","__v":0},{"_id":"6001051e3fb5ed64677688b3","ID":96,"DisplayOrder":3,"ColumName":"ACTUALS","ColumPeriod":"Current","UserID":5444,"PNLType":"PNLMonthly","__v":0}]