{"fields":[{"name":"_id","path":"_id","count":14,"types":[{"name":"ObjectID","bsonType":"ObjectID","path":"_id","count":14,"total_count":0,"probability":1}],"total_count":14,"type":"ObjectID","has_duplicates":false,"probability":1},{"name":"__v","path":"__v","count":14,"types":[{"name":"Number","bsonType":"Number","path":"__v","count":14,"total_count":0,"probability":1}],"total_count":14,"type":"Number","has_duplicates":false,"probability":1},{"name":"DisplayOrder","path":"DisplayOrder","count":14,"types":[{"name":"Number","bsonType":"Number","path":"DisplayOrder","count":14,"total_count":0,"probability":1}],"total_count":14,"type":"Number","has_duplicates":false,"probability":1},{"name":"GroupColor","path":"GroupColor","count":13,"types":[{"name":"String","bsonType":"String","path":"GroupColor","count":13,"total_count":0,"probability":0.9285714285714286},{"name":"Undefined","type":"Undefined","path":"GroupColor","count":1,"total_count":0,"probability":0.07142857142857142,"unique":1,"has_duplicates":false}],"total_count":14,"type":["String","Undefined"],"has_duplicates":false,"probability":0.9285714285714286},{"name":"GroupName","path":"GroupName","count":14,"types":[{"name":"String","bsonType":"String","path":"GroupName","count":14,"total_count":0,"probability":1}],"total_count":14,"type":"String","has_duplicates":false,"probability":1},{"name":"ID","path":"ID","count":14,"types":[{"name":"Number","bsonType":"Number","path":"ID","count":14,"total_count":0,"probability":1}],"total_count":14,"type":"Number","has_duplicates":false,"probability":1},{"name":"kpilist","path":"kpilist","count":14,"types":[{"name":"Array","bsonType":"Array","path":"kpilist","count":14,"types":[{"name":"Document","bsonType":"Document","path":"kpilist","count":46,"fields":[{"name":"_id","path":"kpilist._id","count":46,"types":[{"name":"ObjectID","bsonType":"ObjectID","path":"kpilist._id","count":46,"total_count":0,"probability":1}],"total_count":46,"type":"ObjectID","has_duplicates":false,"probability":1},{"name":"DisplayOrder","path":"kpilist.DisplayOrder","count":46,"types":[{"name":"Number","bsonType":"Number","path":"kpilist.DisplayOrder","count":46,"total_count":0,"probability":1}],"total_count":46,"type":"Number","has_duplicates":false,"probability":1},{"name":"KPIKey","path":"kpilist.KPIKey","count":46,"types":[{"name":"String","bsonType":"String","path":"kpilist.KPIKey","count":46,"total_count":0,"probability":1}],"total_count":46,"type":"String","has_duplicates":false,"probability":1},{"name":"UpdateDateTime","path":"kpilist.UpdateDateTime","count":46,"types":[{"name":"Date","bsonType":"Date","path":"kpilist.UpdateDateTime","count":46,"total_count":0,"probability":1}],"total_count":46,"type":"Date","has_duplicates":false,"probability":1}],"total_count":0,"probability":1}],"lengths":[1,1,2,5,3,4,4,3,2,1,4,7,6,3],"total_count":46,"probability":1,"average_length":3.2857142857142856}],"total_count":14,"type":"Array","has_duplicates":false,"probability":1},{"name":"UpdateDateTime","path":"UpdateDateTime","count":14,"types":[{"name":"Date","bsonType":"Date","path":"UpdateDateTime","count":14,"total_count":0,"probability":1}],"total_count":14,"type":"Date","has_duplicates":false,"probability":1},{"name":"UserID","path":"UserID","count":14,"types":[{"name":"Number","bsonType":"Number","path":"UserID","count":14,"total_count":0,"probability":1}],"total_count":14,"type":"Number","has_duplicates":false,"probability":1}],"count":14}