[{"_id":"5e5f19dfe14b6b6b4f02f556","ID":4,"ColumName":"Actual","ColumPeriod":"YTD","DisplayOrder":1,"UserID":2},{"_id":"5e5f19ede14b6b6b4f02f557","ID":5,"ColumName":"Budget","ColumPeriod":"YTD","DisplayOrder":2,"UserID":2},{"_id":"5e5f19fde14b6b6b4f02f558","ID":6,"ColumName":"Forcast","ColumPeriod":"YTD","DisplayOrder":3,"UserID":2},{"_id":"5e6c486dc1155c7e71876d95","ID":22,"DisplayOrder":4,"ColumName":"Actual","ColumPeriod":"+3","UserID":2,"__v":0},{"_id":"5e90123fd49165117889446f","ID":30,"DisplayOrder":1,"ColumName":"Actual","ColumPeriod":"Current","UserID":248,"__v":0},{"_id":"5e90125bb1d93078378ed3f1","ID":31,"DisplayOrder":2,"ColumName":"Budget","ColumPeriod":"Current","UserID":248,"__v":0},{"_id":"5e90126bb1d93078378ed3f2","ID":32,"DisplayOrder":3,"ColumName":"Forecast","ColumPeriod":"Current","UserID":248,"__v":0},{"_id":"5e901280b1d93078378ed3f3","ID":33,"DisplayOrder":4,"ColumName":"Actual","ColumPeriod":"MTD","UserID":248,"__v":0},{"_id":"5e90128bb1d93078378ed3f4","ID":34,"DisplayOrder":5,"ColumName":"Budget","ColumPeriod":"MTD","UserID":248,"__v":0},{"_id":"5e901292b1d93078378ed3f5","ID":35,"DisplayOrder":6,"ColumName":"Forecast","ColumPeriod":"MTD","UserID":248,"__v":0},{"_id":"5e9012acb1d93078378ed3f6","ID":36,"DisplayOrder":7,"ColumName":"Actual","ColumPeriod":"YTD","UserID":248,"__v":0},{"_id":"5e9013f4aa98fc7b65c3b064","ID":37,"DisplayOrder":8,"ColumName":"Budget","ColumPeriod":"YTD","UserID":248,"__v":0},{"_id":"5eccbd05bbaaa907b83f93aa","ID":38,"DisplayOrder":1,"ColumName":"Actual","ColumPeriod":"MTD","UserID":1042,"__v":0},{"_id":"5eccbd05bbaaa907b83f93ab","ID":39,"DisplayOrder":2,"ColumName":"LastYear","ColumPeriod":"MTD","UserID":1042,"__v":0},{"_id":"5eccbd05bbaaa907b83f93ad","ID":41,"DisplayOrder":4,"ColumName":"Budget","ColumPeriod":"MTD","UserID":1042,"__v":0},{"_id":"5eccbd05bbaaa907b83f93ac","ID":40,"DisplayOrder":3,"ColumName":"LastYear","ColumPeriod":"YTD","UserID":1042,"__v":0},{"_id":"5eccbd05bbaaa907b83f93b2","ID":46,"DisplayOrder":9,"ColumName":"VarianceToForecast","ColumPeriod":"MTD","UserID":1042,"__v":0},{"_id":"5eccbd05bbaaa907b83f93ae","ID":42,"DisplayOrder":5,"ColumName":"Actual","ColumPeriod":"Current","UserID":1042,"__v":0},{"_id":"5eccbd05bbaaa907b83f93af","ID":43,"DisplayOrder":6,"ColumName":"Forecast","ColumPeriod":"MTD","UserID":1042,"__v":0},{"_id":"5eccbd05bbaaa907b83f93b0","ID":44,"DisplayOrder":7,"ColumName":"Forecast","ColumPeriod":"YTD","UserID":1042,"__v":0},{"_id":"5eccbdf01c0637133cb07e02","ID":47,"DisplayOrder":1,"ColumName":"Actual","ColumPeriod":"MTD","UserID":1043,"__v":0},{"_id":"5eccbdf01c0637133cb07e03","ID":50,"DisplayOrder":2,"ColumName":"Actual","ColumPeriod":"Current","UserID":1043,"__v":0},{"_id":"5eccbdf01c0637133cb07e05","ID":51,"DisplayOrder":4,"ColumName":"Forecast","ColumPeriod":"YTD","UserID":1043,"__v":0},{"_id":"5eccbdf01c0637133cb07e06","ID":49,"DisplayOrder":5,"ColumName":"Budget","ColumPeriod":"MTD","UserID":1043,"__v":0},{"_id":"5eccbdf01c0637133cb07e07","ID":52,"DisplayOrder":6,"ColumName":"VarianceToBudget","ColumPeriod":"MTD","UserID":1043,"__v":0},{"_id":"5eccbdf01c0637133cb07e09","ID":54,"DisplayOrder":8,"ColumName":"Forecast","ColumPeriod":"MTD","UserID":1043,"__v":0},{"_id":"5eccbdf01c0637133cb07e04","ID":48,"DisplayOrder":3,"ColumName":"LastYear","ColumPeriod":"MTD","UserID":1043,"__v":0},{"_id":"5eccbdf01c0637133cb07e08","ID":53,"DisplayOrder":7,"ColumName":"LastYear","ColumPeriod":"YTD","UserID":1043,"__v":0},{"_id":"5eccbe021c0637133cb07e0a","ID":55,"DisplayOrder":9,"ColumName":"VarianceToForecast","ColumPeriod":"MTD","UserID":1043,"__v":0},{"_id":"5ed85e772d8da41e62c6bfe8","ID":71,"DisplayOrder":5,"ColumName":"LastYear","ColumPeriod":"CurrentMonth","UserID":2,"__v":0},{"_id":"5ef6016acdbafa54142178fb","ID":78,"DisplayOrder":1,"ColumName":"LastYear","ColumPeriod":"MTD","UserID":1054,"__v":0},{"_id":"5ef6016acdbafa54142178fc","ID":81,"DisplayOrder":2,"ColumName":"Forecast","ColumPeriod":"MTD","UserID":1054,"__v":0},{"_id":"5ef6016acdbafa54142178ff","ID":79,"DisplayOrder":5,"ColumName":"Actual","ColumPeriod":"MTD","UserID":1054,"__v":0},{"_id":"5ef6016acdbafa5414217900","ID":82,"DisplayOrder":6,"ColumName":"Actual","ColumPeriod":"Current","UserID":1054,"__v":0},{"_id":"5ef6016acdbafa54142178fe","ID":83,"DisplayOrder":4,"ColumName":"VarianceToBudget","ColumPeriod":"MTD","UserID":1054,"__v":0},{"_id":"5ef6016acdbafa5414217901","ID":84,"DisplayOrder":7,"ColumName":"LastYear","ColumPeriod":"YTD","UserID":1054,"__v":0},{"_id":"5ef6016acdbafa54142178fd","ID":80,"DisplayOrder":3,"ColumName":"Budget","ColumPeriod":"MTD","UserID":1054,"__v":0},{"_id":"5ef6016acdbafa5414217902","ID":85,"DisplayOrder":8,"ColumName":"VarianceToForecast","ColumPeriod":"MTD","UserID":1054,"__v":0},{"_id":"5ef6017ccdbafa5414217903","ID":86,"DisplayOrder":9,"ColumName":"Forecast","ColumPeriod":"YTD","UserID":1054,"__v":0},{"_id":"5ef80a66e446ab4340db5b7c","ID":87,"DisplayOrder":1,"ColumName":"Actual","ColumPeriod":"Current","UserID":2331,"__v":0},{"_id":"5ef80a66e446ab4340db5b7f","ID":88,"DisplayOrder":4,"ColumName":"Forecast","ColumPeriod":"MTD","UserID":2331,"__v":0},{"_id":"5ef80a66e446ab4340db5b80","ID":90,"DisplayOrder":5,"ColumName":"LastYear","ColumPeriod":"YTD","UserID":2331,"__v":0},{"_id":"5ef80a66e446ab4340db5b7e","ID":92,"DisplayOrder":3,"ColumName":"Forecast","ColumPeriod":"YTD","UserID":2331,"__v":0},{"_id":"5ef80a66e446ab4340db5b81","ID":93,"DisplayOrder":6,"ColumName":"VarianceToBudget","ColumPeriod":"MTD","UserID":2331,"__v":0},{"_id":"5ef80a66e446ab4340db5b7d","ID":91,"DisplayOrder":2,"ColumName":"LastYear","ColumPeriod":"MTD","UserID":2331,"__v":0},{"_id":"5ef80a66e446ab4340db5b82","ID":89,"DisplayOrder":7,"ColumName":"Actual","ColumPeriod":"Current","UserID":2331,"__v":0},{"_id":"5ef80a77e446ab4340db5b83","ID":94,"DisplayOrder":8,"ColumName":"Budget","ColumPeriod":"MTD","UserID":2331,"__v":0},{"_id":"5ef80a77e446ab4340db5b84","ID":95,"DisplayOrder":9,"ColumName":"VarianceToForecast","ColumPeriod":"MTD","UserID":2331,"__v":0},{"_id":"5f11cea259cedd1094078fc7","ID":102,"DisplayOrder":1,"ColumName":"VarianceToLastYear","ColumPeriod":"Current","UserID":3804,"__v":0},{"_id":"5f11cebd59cedd1094078fc9","ID":104,"DisplayOrder":2,"ColumName":"Actual","ColumPeriod":"Current","UserID":3804,"__v":0},{"_id":"5f11cec759cedd1094078fca","ID":105,"DisplayOrder":4,"ColumName":"Budget","ColumPeriod":"MTD","UserID":3804,"__v":0},{"_id":"5f11cec759cedd1094078fcb","ID":106,"DisplayOrder":3,"ColumName":"VarianceToForecast","ColumPeriod":"Current","UserID":3804,"__v":0},{"_id":"5f11ceb759cedd1094078fc8","ID":103,"DisplayOrder":5,"ColumName":"LastYear","ColumPeriod":"YTD","UserID":3804,"__v":0},{"_id":"5f11cec759cedd1094078fcc","ID":107,"DisplayOrder":6,"ColumName":"Forecast","ColumPeriod":"+12","UserID":3804,"__v":0},{"_id":"5f11ced159cedd1094078fcd","ID":108,"DisplayOrder":7,"ColumName":"Forecast","ColumPeriod":"+2","UserID":3804,"__v":0},{"_id":"5f11ced159cedd1094078fce","ID":109,"DisplayOrder":8,"ColumName":"LastYear","ColumPeriod":"CurrentMonth","UserID":3804,"__v":0},{"_id":"5f11ced159cedd1094078fcf","ID":110,"DisplayOrder":9,"ColumName":"Actual","ColumPeriod":"YTD","UserID":3804,"__v":0},{"_id":"5f20f597db8c192bee9d50cb","ID":122,"DisplayOrder":1,"ColumName":"Actual","ColumPeriod":"MTD","UserID":5442,"__v":0},{"_id":"5f20f597db8c192bee9d50c8","ID":124,"DisplayOrder":2,"ColumName":"LastYear","ColumPeriod":"MTD","UserID":5442,"__v":0},{"_id":"5f20f597db8c192bee9d50c9","ID":120,"DisplayOrder":3,"ColumName":"Forecast","ColumPeriod":"MTD","UserID":5442,"__v":0},{"_id":"5f20f597db8c192bee9d50c7","ID":123,"DisplayOrder":4,"ColumName":"VarianceToBudget","ColumPeriod":"MTD","UserID":5442,"__v":0},{"_id":"5f20f597db8c192bee9d50ce","ID":128,"DisplayOrder":5,"ColumName":"VarianceToForecast","ColumPeriod":"MTD","UserID":5442,"__v":0},{"_id":"5f20f597db8c192bee9d50ca","ID":126,"DisplayOrder":6,"ColumName":"Budget","ColumPeriod":"MTD","UserID":5442,"__v":0},{"_id":"5f2145bedb8c192bee9d50d2","ID":131,"DisplayOrder":4,"ColumName":"VarianceToBudget","ColumPeriod":"MTD","UserID":5443,"__v":0},{"_id":"5f2145bedb8c192bee9d50d3","ID":133,"DisplayOrder":5,"ColumName":"Actual","ColumPeriod":"MTD","UserID":5443,"__v":0},{"_id":"5f2145bedb8c192bee9d50d0","ID":132,"DisplayOrder":2,"ColumName":"Forecast","ColumPeriod":"YTD","UserID":5443,"__v":0},{"_id":"5f2145bedb8c192bee9d50d4","ID":134,"DisplayOrder":6,"ColumName":"Forecast","ColumPeriod":"MTD","UserID":5443,"__v":0},{"_id":"5f2145bedb8c192bee9d50d1","ID":129,"DisplayOrder":3,"ColumName":"LastYear","ColumPeriod":"YTD","UserID":5443,"__v":0},{"_id":"5f2145bedb8c192bee9d50d5","ID":135,"DisplayOrder":7,"ColumName":"Budget","ColumPeriod":"MTD","UserID":5443,"__v":0},{"_id":"5f2145bedb8c192bee9d50d6","ID":136,"DisplayOrder":8,"ColumName":"VarianceToForecast","ColumPeriod":"MTD","UserID":5443,"__v":0},{"_id":"5f2145bedb8c192bee9d50cf","ID":130,"DisplayOrder":1,"ColumName":"LastYear","ColumPeriod":"MTD","UserID":5443,"__v":0},{"_id":"5f2145bedb8c192bee9d50d7","ID":137,"DisplayOrder":9,"ColumName":"Actual","ColumPeriod":"Current","UserID":5443,"__v":0},{"_id":"5f2146abdb8c192bee9d50d8","ID":140,"DisplayOrder":3,"ColumName":"VarianceToLastYear","ColumPeriod":"YTD","UserID":5444,"__v":0},{"_id":"5f2146abdb8c192bee9d50dd","ID":139,"DisplayOrder":4,"ColumName":"LastYear","ColumPeriod":"MTD","UserID":5444,"__v":0},{"_id":"5f2146abdb8c192bee9d50d9","ID":143,"DisplayOrder":2,"ColumName":"Forecast","ColumPeriod":"CurrentMonth","UserID":5444,"__v":0},{"_id":"5f2146abdb8c192bee9d50df","ID":141,"DisplayOrder":5,"ColumName":"LastYear","ColumPeriod":"YTD","UserID":5444,"__v":0},{"_id":"5f2146abdb8c192bee9d50e0","ID":146,"DisplayOrder":1,"ColumName":"Actual","ColumPeriod":"MTD","UserID":5444,"__v":0},{"_id":"5f2e6bf777b37d28c9865a90","ID":147,"DisplayOrder":7,"ColumName":"VarianceToLastYear","ColumPeriod":"MTD","UserID":5442,"__v":0},{"_id":"5f2e6c0c77b37d28c9865a91","ID":148,"DisplayOrder":8,"ColumName":"Budget","ColumPeriod":"YTD","UserID":5442,"__v":0},{"_id":"5f2e6c0e77b37d28c9865a92","ID":149,"DisplayOrder":9,"ColumName":"Actual","ColumPeriod":"YTD","UserID":5442,"__v":0},{"_id":"5f391ba55e404914c408c460","ID":150,"DisplayOrder":11,"ColumName":"LastYear","ColumPeriod":"YTD","UserID":5442,"__v":0},{"_id":"5f391ba55e404914c408c461","ID":151,"DisplayOrder":13,"ColumName":"VarianceToForecast","ColumPeriod":"YTD","UserID":5442,"__v":0},{"_id":"5f391ba55e404914c408c462","ID":152,"DisplayOrder":14,"ColumName":"VarianceToLastYear","ColumPeriod":"YTD","UserID":5442,"__v":0},{"_id":"5f391ba55e404914c408c463","ID":153,"DisplayOrder":10,"ColumName":"Forecast","ColumPeriod":"YTD","UserID":5442,"__v":0},{"_id":"5f391ba55e404914c408c464","ID":154,"DisplayOrder":12,"ColumName":"VarianceToBudget","ColumPeriod":"YTD","UserID":5442,"__v":0},{"_id":"5f39222e5e404914c408c465","ID":156,"DisplayOrder":15,"ColumName":"VarianceToLastYear","ColumPeriod":"Current","UserID":5442,"__v":0},{"_id":"5f39222e5e404914c408c466","ID":157,"DisplayOrder":14,"ColumName":"Budget","ColumPeriod":"CurrentMonth","UserID":5442,"__v":0},{"_id":"5f39222e5e404914c408c467","ID":155,"DisplayOrder":13,"ColumName":"LastYear","ColumPeriod":"Current","UserID":5442,"__v":0},{"_id":"5f39222e5e404914c408c468","ID":158,"DisplayOrder":16,"ColumName":"VarianceToBudget","ColumPeriod":"Current","UserID":5442,"__v":0},{"_id":"5f39222e5e404914c408c469","ID":159,"DisplayOrder":17,"ColumName":"VarianceToForecast","ColumPeriod":"Current","UserID":5442,"__v":0},{"_id":"5f4780d05ef52c55da9b5a87","ID":160,"DisplayOrder":1,"ColumName":"Actual","ColumPeriod":"MTD","UserID":5518,"__v":0},{"_id":"5f4780d05ef52c55da9b5a8c","ID":167,"DisplayOrder":6,"ColumName":"Forecast","ColumPeriod":"MTD","UserID":5518,"__v":0},{"_id":"5f4780d05ef52c55da9b5a8a","ID":163,"DisplayOrder":4,"ColumName":"VarianceToForecast","ColumPeriod":"MTD","UserID":5518,"__v":0},{"_id":"5f4780d05ef52c55da9b5a8e","ID":166,"DisplayOrder":8,"ColumName":"Forecast","ColumPeriod":"YTD","UserID":5518,"__v":0},{"_id":"5f4780d05ef52c55da9b5a89","ID":161,"DisplayOrder":3,"ColumName":"Budget","ColumPeriod":"MTD","UserID":5518,"__v":0},{"_id":"5f4780d05ef52c55da9b5a88","ID":162,"DisplayOrder":2,"ColumName":"Actual","ColumPeriod":"Current","UserID":5518,"__v":0},{"_id":"5f4780d05ef52c55da9b5a8b","ID":165,"DisplayOrder":5,"ColumName":"LastYear","ColumPeriod":"YTD","UserID":5518,"__v":0},{"_id":"5f4780d05ef52c55da9b5a8f","ID":168,"DisplayOrder":9,"ColumName":"VarianceToBudget","ColumPeriod":"MTD","UserID":5518,"__v":0},{"_id":"5f4780d05ef52c55da9b5a8d","ID":164,"DisplayOrder":7,"ColumName":"LastYear","ColumPeriod":"MTD","UserID":5518,"__v":0},{"_id":"5f4ca8202b981c3768b979ff","ID":169,"DisplayOrder":6,"ColumName":"VarianceToBudget","ColumPeriod":"+10","UserID":2,"__v":0},{"_id":"5f4dfa0ee0c5eb63e853161c","ID":170,"DisplayOrder":1,"ColumName":"Budget","ColumPeriod":"Current","UserID":5553,"__v":0},{"_id":"5f4dfa0ee0c5eb63e853161f","ID":173,"DisplayOrder":4,"ColumName":"VarianceToForecast","ColumPeriod":"MTD","UserID":5553,"__v":0},{"_id":"5f4dfa0ee0c5eb63e853161d","ID":171,"DisplayOrder":2,"ColumName":"Forecast","ColumPeriod":"MTD","UserID":5553,"__v":0},{"_id":"5f4dfa0ee0c5eb63e853161e","ID":172,"DisplayOrder":3,"ColumName":"Budget","ColumPeriod":"MTD","UserID":5553,"__v":0},{"_id":"5f4dfa0ee0c5eb63e8531622","ID":176,"DisplayOrder":7,"ColumName":"VarianceToBudget","ColumPeriod":"MTD","UserID":5553,"__v":0},{"_id":"5f4dfa0ee0c5eb63e8531624","ID":178,"DisplayOrder":9,"ColumName":"Forecast","ColumPeriod":"YTD","UserID":5553,"__v":0},{"_id":"5f4dfa0ee0c5eb63e8531621","ID":175,"DisplayOrder":6,"ColumName":"LastYear","ColumPeriod":"YTD","UserID":5553,"__v":0},{"_id":"5f4dfa0ee0c5eb63e8531620","ID":174,"DisplayOrder":5,"ColumName":"Actual","ColumPeriod":"MTD","UserID":5553,"__v":0},{"_id":"5f4dfa0ee0c5eb63e8531623","ID":177,"DisplayOrder":8,"ColumName":"LastYear","ColumPeriod":"MTD","UserID":5553,"__v":0},{"_id":"5f50948928044718f193b14c","ID":183,"DisplayOrder":5,"ColumName":"Budget","ColumPeriod":"MTD","UserID":3862,"__v":0},{"_id":"5f50948928044718f193b14a","ID":179,"DisplayOrder":3,"ColumName":"Actual","ColumPeriod":"+1","UserID":3862,"__v":0},{"_id":"5f50948928044718f193b148","ID":181,"DisplayOrder":1,"ColumName":"LastYear","ColumPeriod":"MTD","UserID":3862,"__v":0},{"_id":"5f50948928044718f193b14b","ID":180,"DisplayOrder":4,"ColumName":"Forecast","ColumPeriod":"MTD","UserID":3862,"__v":0},{"_id":"5f50948928044718f193b149","ID":182,"DisplayOrder":2,"ColumName":"Forecast","ColumPeriod":"YTD","UserID":3862,"__v":0},{"_id":"5f50948928044718f193b150","ID":187,"DisplayOrder":9,"ColumName":"VarianceToBudget","ColumPeriod":"MTD","UserID":3862,"__v":0},{"_id":"5f50948928044718f193b14f","ID":186,"DisplayOrder":8,"ColumName":"LastYear","ColumPeriod":"YTD","UserID":3862,"__v":0},{"_id":"5f50948928044718f193b14d","ID":185,"DisplayOrder":6,"ColumName":"VarianceToForecast","ColumPeriod":"MTD","UserID":3862,"__v":0},{"_id":"5f50948928044718f193b14e","ID":184,"DisplayOrder":7,"ColumName":"Actual","ColumPeriod":"MTD","UserID":3862,"__v":0},{"_id":"5f50cff328044718f193b151","ID":188,"DisplayOrder":11,"ColumName":"VarianceToLastYear","ColumPeriod":"MTD","UserID":3804,"__v":0},{"_id":"5f50cff328044718f193b152","ID":189,"DisplayOrder":12,"ColumName":"VarianceToForecast","ColumPeriod":"YTD","UserID":3804,"__v":0},{"_id":"5f50cff328044718f193b153","ID":190,"DisplayOrder":10,"ColumName":"VarianceToLastYear","ColumPeriod":"YTD","UserID":3804,"__v":0},{"_id":"5f5a5e03f0bbec256d53dfc8","ID":390,"DisplayOrder":4,"ColumName":"LastYear","ColumPeriod":"MTD","UserID":5516,"__v":0},{"_id":"5f5a5e03f0bbec256d53dfc6","ID":395,"DisplayOrder":2,"ColumName":"LastYear","ColumPeriod":"YTD","UserID":5516,"__v":0},{"_id":"5f5a5e03f0bbec256d53dfcd","ID":398,"DisplayOrder":9,"ColumName":"Actual","ColumPeriod":"Current","UserID":5516,"__v":0},{"_id":"5f5a5e03f0bbec256d53dfcb","ID":393,"DisplayOrder":7,"ColumName":"VarianceToForecast","ColumPeriod":"MTD","UserID":5516,"__v":0},{"_id":"5f5a5e03f0bbec256d53dfc5","ID":396,"DisplayOrder":1,"ColumName":"VarianceToBudget","ColumPeriod":"MTD","UserID":5516,"__v":0},{"_id":"5f5a5e03f0bbec256d53dfcc","ID":394,"DisplayOrder":8,"ColumName":"Actual","ColumPeriod":"MTD","UserID":5516,"__v":0},{"_id":"5f5a5e03f0bbec256d53dfc7","ID":397,"DisplayOrder":3,"ColumName":"Forecast","ColumPeriod":"MTD","UserID":5516,"__v":0},{"_id":"5f5a5e03f0bbec256d53dfca","ID":391,"DisplayOrder":6,"ColumName":"Budget","ColumPeriod":"MTD","UserID":5516,"__v":0},{"_id":"5f5a5e03f0bbec256d53dfc9","ID":392,"DisplayOrder":5,"ColumName":"Forecast","ColumPeriod":"YTD","UserID":5516,"__v":0},{"_id":"5f6089d0547f2f3acd108dc8","ID":481,"DisplayOrder":11,"ColumName":"Actual","ColumPeriod":"MTD","UserID":3804,"__v":0},{"_id":"5f608b82547f2f3acd108dc9","ID":482,"DisplayOrder":12,"ColumName":"LastYear","ColumPeriod":"TTM","UserID":3804,"__v":0},{"_id":"5f63784b9522f547f9e63de2","ID":504,"DisplayOrder":7,"ColumName":"VarianceToForecast","ColumPeriod":"MTD","UserID":5605,"__v":0},{"_id":"5f63784b9522f547f9e63ddf","ID":503,"DisplayOrder":4,"ColumName":"VarianceToBudget","ColumPeriod":"YTD","UserID":5605,"__v":0},{"_id":"5f63784b9522f547f9e63dde","ID":501,"DisplayOrder":3,"ColumName":"Forecast","ColumPeriod":"+1","UserID":5605,"__v":0},{"_id":"5f63784c9522f547f9e63de4","ID":507,"DisplayOrder":9,"ColumName":"VarianceToLastYear","ColumPeriod":"YTD","UserID":5605,"__v":0},{"_id":"5f63784b9522f547f9e63ddc","ID":502,"DisplayOrder":1,"ColumName":"Forecast","ColumPeriod":"+2","UserID":5605,"__v":0},{"_id":"5f63784b9522f547f9e63de0","ID":508,"DisplayOrder":5,"ColumName":"VarianceToBudget","ColumPeriod":"MTD","UserID":5605,"__v":0},{"_id":"5f63784b9522f547f9e63ddd","ID":505,"DisplayOrder":2,"ColumName":"LastYear","ColumPeriod":"Current","UserID":5605,"__v":0},{"_id":"5f63784b9522f547f9e63de1","ID":509,"DisplayOrder":6,"ColumName":"Forecast","ColumPeriod":"CurrentMonth","UserID":5605,"__v":0},{"_id":"5f63784b9522f547f9e63de3","ID":506,"DisplayOrder":8,"ColumName":"VarianceToForecast","ColumPeriod":"YTD","UserID":5605,"__v":0},{"_id":"5f64a7089522f547f9e63e06","ID":511,"DisplayOrder":6,"ColumName":"Forecast","ColumPeriod":"+2","UserID":5444,"__v":0},{"_id":"5f64a7089522f547f9e63e07","ID":514,"DisplayOrder":7,"ColumName":"Forecast","ColumPeriod":"YTD","UserID":5444,"__v":0},{"_id":"5f64a7089522f547f9e63e08","ID":512,"DisplayOrder":9,"ColumName":"Actual","ColumPeriod":"YTD","UserID":5444,"__v":0},{"_id":"5f64a7089522f547f9e63e09","ID":513,"DisplayOrder":8,"ColumName":"LastYear","ColumPeriod":"Current","UserID":5444,"__v":0},{"_id":"5f64a7089522f547f9e63e0a","ID":515,"DisplayOrder":10,"ColumName":"Budget","ColumPeriod":"MTD","UserID":5444,"__v":0},{"_id":"5f64a7089522f547f9e63e0b","ID":516,"DisplayOrder":11,"ColumName":"VarianceToLastYear","ColumPeriod":"Current","UserID":5444,"__v":0},{"_id":"5f684f3c7663351217595882","ID":569,"DisplayOrder":12,"ColumName":"VarianceToBudget","ColumPeriod":"MTD","UserID":5444,"__v":0},{"_id":"5f684f3c7663351217595887","ID":568,"DisplayOrder":19,"ColumName":"VarianceToForecast","ColumPeriod":"MTD","UserID":5444,"__v":0},{"_id":"5f684f3c7663351217595888","ID":571,"DisplayOrder":16,"ColumName":"VarianceToBudget","ColumPeriod":"YTD","UserID":5444,"__v":0},{"_id":"5f684f3c7663351217595885","ID":565,"DisplayOrder":13,"ColumName":"Budget","ColumPeriod":"YTD","UserID":5444,"__v":0},{"_id":"5f684f3c7663351217595886","ID":567,"DisplayOrder":15,"ColumName":"VarianceToForecast","ColumPeriod":"YTD","UserID":5444,"__v":0},{"_id":"5f684f3c7663351217595884","ID":566,"DisplayOrder":14,"ColumName":"Forecast","ColumPeriod":"MTD","UserID":5444,"__v":0},{"_id":"5f684f3c7663351217595883","ID":570,"DisplayOrder":17,"ColumName":"VarianceToBudget","ColumPeriod":"Current","UserID":5444,"__v":0},{"_id":"5f684f3c7663351217595889","ID":572,"DisplayOrder":18,"ColumName":"VarianceToForecast","ColumPeriod":"Current","UserID":5444,"__v":0},{"_id":"5f68a6fe7adfd227411195cb","ID":573,"DisplayOrder":10,"ColumName":"VarianceToLastYear","ColumPeriod":"MTD","UserID":5605,"__v":0},{"_id":"5f6c8da986375d2230767264","ID":658,"DisplayOrder":11,"ColumName":"VarianceToLastYear","ColumPeriod":"Current","UserID":5605,"__v":0},{"_id":"5f71f71ffe4ae57b9f033772","ID":659,"DisplayOrder":7,"ColumName":"Actual","ColumPeriod":"Current","UserID":3862,"__v":0},{"_id":"5f71f71ffe4ae57b9f033773","ID":661,"DisplayOrder":9,"ColumName":"Forecast","ColumPeriod":"Current","UserID":3862,"__v":0},{"_id":"5f71f71ffe4ae57b9f033774","ID":660,"DisplayOrder":8,"ColumName":"Budget","ColumPeriod":"Current","UserID":3862,"__v":0},{"_id":"5f733f20fe4ae57b9f03377e","ID":663,"DisplayOrder":1,"ColumName":"VarianceToBudget","ColumPeriod":"MTD","UserID":5599,"__v":0},{"_id":"5f733f20fe4ae57b9f033782","ID":670,"DisplayOrder":5,"ColumName":"Actual","ColumPeriod":"Current","UserID":5599,"__v":0},{"_id":"5f733f20fe4ae57b9f033783","ID":662,"DisplayOrder":6,"ColumName":"Actual","ColumPeriod":"MTD","UserID":5599,"__v":0},{"_id":"5f733f20fe4ae57b9f033786","ID":668,"DisplayOrder":9,"ColumName":"Forecast","ColumPeriod":"YTD","UserID":5599,"__v":0},{"_id":"5f733f20fe4ae57b9f033784","ID":664,"DisplayOrder":7,"ColumName":"VarianceToForecast","ColumPeriod":"MTD","UserID":5599,"__v":0},{"_id":"5f733f20fe4ae57b9f03377f","ID":666,"DisplayOrder":2,"ColumName":"LastYear","ColumPeriod":"MTD","UserID":5599,"__v":0},{"_id":"5f733f20fe4ae57b9f033780","ID":669,"DisplayOrder":3,"ColumName":"Forecast","ColumPeriod":"MTD","UserID":5599,"__v":0},{"_id":"5f733f20fe4ae57b9f033781","ID":667,"DisplayOrder":4,"ColumName":"Budget","ColumPeriod":"MTD","UserID":5599,"__v":0},{"_id":"5f733f20fe4ae57b9f033785","ID":665,"DisplayOrder":8,"ColumName":"LastYear","ColumPeriod":"YTD","UserID":5599,"__v":0}]