{"fields":[{"name":"_id","path":"_id","count":421,"types":[{"name":"Number","bsonType":"Number","path":"_id","count":421,"total_count":0,"probability":1}],"total_count":421,"type":"Number","has_duplicates":false,"probability":1},{"name":"ActivitySourceSystem","path":"ActivitySourceSystem","count":386,"types":[{"name":"Null","bsonType":"Null","path":"ActivitySourceSystem","count":357,"total_count":0,"probability":0.8479809976247031,"unique":1,"has_duplicates":true},{"name":"Undefined","type":"Undefined","path":"ActivitySourceSystem","count":35,"total_count":0,"probability":0.0831353919239905,"unique":1,"has_duplicates":true},{"name":"String","bsonType":"String","path":"ActivitySourceSystem","count":29,"total_count":0,"probability":0.0688836104513064}],"total_count":421,"type":["Null","Undefined","String"],"has_duplicates":true,"probability":0.9168646080760094},{"name":"ColumName","path":"ColumName","count":421,"types":[{"name":"String","bsonType":"String","path":"ColumName","count":421,"total_count":0,"probability":1}],"total_count":421,"type":"String","has_duplicates":false,"probability":1},{"name":"DisplayOrder","path":"DisplayOrder","count":421,"types":[{"name":"Number","bsonType":"Number","path":"DisplayOrder","count":418,"total_count":0,"probability":0.9928741092636579},{"name":"Null","bsonType":"Null","path":"DisplayOrder","count":3,"total_count":0,"probability":0.007125890736342043,"unique":1,"has_duplicates":true}],"total_count":421,"type":["Number","Null"],"has_duplicates":true,"probability":1},{"name":"HasSubKey","path":"HasSubKey","count":421,"types":[{"name":"Null","bsonType":"Null","path":"HasSubKey","count":415,"total_count":0,"probability":0.9857482185273159,"unique":1,"has_duplicates":true},{"name":"Boolean","bsonType":"Boolean","path":"HasSubKey","count":6,"total_count":0,"probability":0.014251781472684086}],"total_count":421,"type":["Null","Boolean"],"has_duplicates":true,"probability":1},{"name":"ID","path":"ID","count":421,"types":[{"name":"Number","bsonType":"Number","path":"ID","count":421,"total_count":0,"probability":1}],"total_count":421,"type":"Number","has_duplicates":false,"probability":1},{"name":"IsCustom","path":"IsCustom","count":421,"types":[{"name":"Null","bsonType":"Null","path":"IsCustom","count":390,"total_count":0,"probability":0.9263657957244655,"unique":1,"has_duplicates":true},{"name":"Boolean","bsonType":"Boolean","path":"IsCustom","count":31,"total_count":0,"probability":0.07363420427553444}],"total_count":421,"type":["Null","Boolean"],"has_duplicates":true,"probability":1},{"name":"KPIFormula","path":"KPIFormula","count":421,"types":[{"name":"Null","bsonType":"Null","path":"KPIFormula","count":390,"total_count":0,"probability":0.9263657957244655,"unique":1,"has_duplicates":true},{"name":"String","bsonType":"String","path":"KPIFormula","count":31,"total_count":0,"probability":0.07363420427553444}],"total_count":421,"type":["Null","String"],"has_duplicates":true,"probability":1},{"name":"KPIKey","path":"KPIKey","count":421,"types":[{"name":"String","bsonType":"String","path":"KPIKey","count":418,"total_count":0,"probability":0.9928741092636579},{"name":"Null","bsonType":"Null","path":"KPIKey","count":3,"total_count":0,"probability":0.007125890736342043,"unique":1,"has_duplicates":true}],"total_count":421,"type":["String","Null"],"has_duplicates":true,"probability":1},{"name":"OrganizationId","path":"OrganizationId","count":421,"types":[{"name":"Null","bsonType":"Null","path":"OrganizationId","count":390,"total_count":0,"probability":0.9263657957244655,"unique":1,"has_duplicates":true},{"name":"Number","bsonType":"Number","path":"OrganizationId","count":31,"total_count":0,"probability":0.07363420427553444}],"total_count":421,"type":["Null","Number"],"has_duplicates":true,"probability":1},{"name":"ParentKey","path":"ParentKey","count":421,"types":[{"name":"Null","bsonType":"Null","path":"ParentKey","count":414,"total_count":0,"probability":0.9833729216152018,"unique":1,"has_duplicates":true},{"name":"Boolean","bsonType":"Boolean","path":"ParentKey","count":7,"total_count":0,"probability":0.0166270783847981}],"total_count":421,"type":["Null","Boolean"],"has_duplicates":true,"probability":1},{"name":"TableName","path":"TableName","count":421,"types":[{"name":"String","bsonType":"String","path":"TableName","count":421,"total_count":0,"probability":1}],"total_count":421,"type":"String","has_duplicates":false,"probability":1},{"name":"Unit","path":"Unit","count":421,"types":[{"name":"Null","bsonType":"Null","path":"Unit","count":390,"total_count":0,"probability":0.9263657957244655,"unique":1,"has_duplicates":true},{"name":"String","bsonType":"String","path":"Unit","count":31,"total_count":0,"probability":0.07363420427553444}],"total_count":421,"type":["Null","String"],"has_duplicates":true,"probability":1}],"count":421}