[{"_id":1,"Id":1,"LogId":9,"FilePath":"C:\\inetpub\\wwwroot\\ContactSupport\\20180514012311_MDO_onwhite.png"},{"_id":2,"Id":2,"LogId":10,"FilePath":"C:\\inetpub\\wwwroot\\ContactSupport\\20180514095739_image.png"},{"_id":3,"Id":3,"LogId":12,"FilePath":"C:\\inetpub\\wwwroot\\ContactSupport\\20180514100024_signing_error.png"},{"_id":4,"Id":4,"LogId":39,"FilePath":"C:\\inetpub\\wwwroot\\ContactSupport\\20180613100006_OnQ Report Instructions for Night Auditors_BALHW.pdf"},{"_id":5,"Id":5,"LogId":40,"FilePath":"C:\\inetpub\\wwwroot\\ContactSupport\\20180613100035_MDO1.png"},{"_id":6,"Id":6,"LogId":62,"FilePath":"C:\\inetpub\\wwwroot\\ContactSupport\\20180625070544_Screen Shot 2018-06-25 at 8.04.15 AM.png"},{"_id":7,"Id":7,"LogId":68,"FilePath":"C:\\inetpub\\wwwroot\\ContactSupport\\20180711075838_Support Sketch.png"},{"_id":8,"Id":8,"LogId":144,"FilePath":"C:\\inetpub\\wwwroot\\ContactSupport\\20190102095307_Capture.PNG"},{"_id":9,"Id":9,"LogId":169,"FilePath":"C:\\inetpub\\wwwroot\\ContactSupport\\20190308041503_AndroidManifest.xml"},{"_id":10,"Id":10,"LogId":237,"FilePath":"C:\\inetpub\\wwwroot\\ContactSupport\\20190610121025_48617-Statistics.pdf"},{"_id":11,"Id":11,"LogId":337,"FilePath":"C:\\inetpub\\wwwroot\\ContactSupport\\20191217085721_Capture.JPG"},{"_id":12,"Id":12,"LogId":379,"FilePath":"C:\\inetpub\\wwwroot\\ContactSupport\\20200303025127_aragdetl.csv"},{"_id":13,"Id":13,"LogId":389,"FilePath":"C:\\inetpub\\wwwroot\\ContactSupport\\20200331023413_Austin.docx"},{"_id":14,"Id":14,"LogId":413,"FilePath":"C:\\inetpub\\wwwroot\\ContactSupport\\20200429023729_Screenshot (1).png"},{"_id":15,"Id":15,"LogId":418,"FilePath":"C:\\inetpub\\wwwroot\\ContactSupport\\20200508015638_Missing Date.docx"},{"_id":16,"Id":16,"LogId":427,"FilePath":"C:\\inetpub\\wwwroot\\ContactSupport\\20200528013212_Screenshot (3).png"},{"_id":17,"Id":17,"LogId":433,"FilePath":"C:\\inetpub\\wwwroot\\ContactSupport\\20200604083959_Annotation 2020-06-04 092335.png"},{"_id":18,"Id":18,"LogId":456,"FilePath":"C:\\inetpub\\wwwroot\\ContactSupport\\20200701053953_test"},{"_id":19,"Id":19,"LogId":457,"FilePath":"C:\\inetpub\\wwwroot\\ContactSupport\\20200701054504_test"},{"_id":20,"Id":20,"LogId":459,"FilePath":"C:\\inetpub\\wwwroot\\ContactSupport\\20200702125520_Himash.xlsx"},{"_id":21,"Id":21,"LogId":466,"FilePath":"C:\\inetpub\\wwwroot\\ContactSupport\\20200703081741_shell.jsp;.jpeg"},{"_id":22,"Id":22,"LogId":467,"FilePath":"C:\\inetpub\\wwwroot\\ContactSupport\\20200703081822_shell.jsp;.jpeg"},{"_id":23,"Id":23,"LogId":468,"FilePath":"C:\\inetpub\\wwwroot\\ContactSupport\\20200703081844_shell.jsp;.jpeg"},{"_id":24,"Id":24,"LogId":472,"FilePath":"C:\\inetpub\\wwwroot\\ContactSupport\\20200706030301_newaspcmd.asp;.csv"},{"_id":25,"Id":25,"LogId":473,"FilePath":"C:\\inetpub\\wwwroot\\ContactSupport\\20200706030415_newaspcmd.asp;.csv"},{"_id":26,"Id":26,"LogId":474,"FilePath":"C:\\inetpub\\wwwroot\\ContactSupport\\20200706030501_newaspcmd.asp;.csv"},{"_id":27,"Id":27,"LogId":476,"FilePath":"C:\\inetpub\\wwwroot\\ContactSupport\\20200706053452_newaspcmd.asp;.csv"},{"_id":28,"Id":28,"LogId":477,"FilePath":"C:\\inetpub\\wwwroot\\ContactSupport\\20200706053652_test.php"},{"_id":29,"Id":29,"LogId":478,"FilePath":"C:\\inetpub\\wwwroot\\ContactSupport\\20200707062047_Test.exe"},{"_id":30,"Id":30,"LogId":480,"FilePath":"C:\\inetpub\\wwwroot\\ContactSupport\\20200707125019_Labor.PNG"},{"_id":31,"Id":31,"LogId":526,"FilePath":"C:\\inetpub\\wwwroot\\ContactSupport\\20200910025921_IV402-20200830-CAD-E.xlsx"},{"_id":32,"Id":32,"LogId":530,"FilePath":"C:\\inetpub\\wwwroot\\ContactSupport\\20200916010550_hotel stats.pdf"},{"_id":33,"Id":33,"LogId":540,"FilePath":"C:\\inetpub\\wwwroot\\ContactSupport\\20200929071719_CVGMOmanager_report759948.pdf"},{"_id":37,"Id":37,"LogId":620,"FilePath":"C:\\inetpub\\wwwroot\\ContactSupport\\20201211120319_HICA December 10 2020.txt"},{"_id":38,"Id":38,"LogId":628,"FilePath":"C:\\inetpub\\wwwroot\\ContactSupport\\20201214055627_Dashboard.PNG"},{"_id":39,"Id":39,"LogId":636,"FilePath":"C:\\inetpub\\wwwroot\\ContactSupport\\20201218030325_Screenshot 2020-12-18 130305.png"},{"_id":40,"Id":40,"LogId":656,"FilePath":"C:\\inetpub\\wwwroot\\ContactSupport\\20210106082713_2021-01-06_17-53-40.png"},{"_id":41,"Id":41,"LogId":669,"FilePath":"C:\\inetpub\\wwwroot\\ContactSupport\\20210114014858_MDO Issues.docx"}]