{"fields":[{"name":"_id","path":"_id","count":38,"types":[{"name":"Number","bsonType":"Number","path":"_id","count":38,"total_count":0,"probability":1}],"total_count":38,"type":"Number","has_duplicates":false,"probability":1},{"name":"FilePath","path":"FilePath","count":38,"types":[{"name":"String","bsonType":"String","path":"FilePath","count":38,"total_count":0,"probability":1}],"total_count":38,"type":"String","has_duplicates":false,"probability":1},{"name":"Id","path":"Id","count":38,"types":[{"name":"Number","bsonType":"Number","path":"Id","count":38,"total_count":0,"probability":1}],"total_count":38,"type":"Number","has_duplicates":false,"probability":1},{"name":"LogId","path":"LogId","count":38,"types":[{"name":"Number","bsonType":"Number","path":"LogId","count":38,"total_count":0,"probability":1}],"total_count":38,"type":"Number","has_duplicates":false,"probability":1}],"count":38}