{"fields":[{"name":"_id","path":"_id","count":2107,"types":[{"name":"Number","bsonType":"Number","path":"_id","count":2106,"total_count":0,"probability":0.9995253915519696},{"name":"Null","bsonType":"Null","path":"_id","count":1,"total_count":0,"probability":0.00047460844803037496,"unique":1,"has_duplicates":false}],"total_count":2107,"type":["Number","Null"],"has_duplicates":false,"probability":1},{"name":"HotelGroups","path":"HotelGroups","count":2107,"types":[{"name":"String","bsonType":"String","path":"HotelGroups","count":2106,"total_count":0,"probability":0.9995253915519696},{"name":"Null","bsonType":"Null","path":"HotelGroups","count":1,"total_count":0,"probability":0.00047460844803037496,"unique":1,"has_duplicates":false}],"total_count":2107,"type":["String","Null"],"has_duplicates":false,"probability":1},{"name":"ID","path":"ID","count":2107,"types":[{"name":"Number","bsonType":"Number","path":"ID","count":2106,"total_count":0,"probability":0.9995253915519696},{"name":"Null","bsonType":"Null","path":"ID","count":1,"total_count":0,"probability":0.00047460844803037496,"unique":1,"has_duplicates":false}],"total_count":2107,"type":["Number","Null"],"has_duplicates":false,"probability":1},{"name":"UpdateDateTime","path":"UpdateDateTime","count":2107,"types":[{"name":"Date","bsonType":"Date","path":"UpdateDateTime","count":2106,"total_count":0,"probability":0.9995253915519696},{"name":"Null","bsonType":"Null","path":"UpdateDateTime","count":1,"total_count":0,"probability":0.00047460844803037496,"unique":1,"has_duplicates":false}],"total_count":2107,"type":["Date","Null"],"has_duplicates":false,"probability":1},{"name":"UpdatedBy","path":"UpdatedBy","count":2107,"types":[{"name":"String","bsonType":"String","path":"UpdatedBy","count":2106,"total_count":0,"probability":0.9995253915519696},{"name":"Null","bsonType":"Null","path":"UpdatedBy","count":1,"total_count":0,"probability":0.00047460844803037496,"unique":1,"has_duplicates":false}],"total_count":2107,"type":["String","Null"],"has_duplicates":false,"probability":1},{"name":"UserID","path":"UserID","count":2107,"types":[{"name":"Number","bsonType":"Number","path":"UserID","count":2106,"total_count":0,"probability":0.9995253915519696},{"name":"Null","bsonType":"Null","path":"UserID","count":1,"total_count":0,"probability":0.00047460844803037496,"unique":1,"has_duplicates":false}],"total_count":2107,"type":["Number","Null"],"has_duplicates":false,"probability":1}],"count":2107}