{"fields":[{"name":"_id","path":"_id","count":843,"types":[{"name":"Number","bsonType":"Number","path":"_id","count":843,"total_count":0,"probability":1}],"total_count":843,"type":"Number","has_duplicates":false,"probability":1},{"name":"DepartmentCode","path":"DepartmentCode","count":843,"types":[{"name":"Null","bsonType":"Null","path":"DepartmentCode","count":771,"total_count":0,"probability":0.9145907473309609,"unique":1,"has_duplicates":true},{"name":"String","bsonType":"String","path":"DepartmentCode","count":72,"total_count":0,"probability":0.08540925266903915}],"total_count":843,"type":["Null","String"],"has_duplicates":true,"probability":1},{"name":"Id","path":"Id","count":843,"types":[{"name":"Number","bsonType":"Number","path":"Id","count":843,"total_count":0,"probability":1}],"total_count":843,"type":"Number","has_duplicates":false,"probability":1},{"name":"IsActive","path":"IsActive","count":843,"types":[{"name":"Boolean","bsonType":"Boolean","path":"IsActive","count":843,"total_count":0,"probability":1}],"total_count":843,"type":"Boolean","has_duplicates":false,"probability":1},{"name":"Name","path":"Name","count":843,"types":[{"name":"String","bsonType":"String","path":"Name","count":843,"total_count":0,"probability":1}],"total_count":843,"type":"String","has_duplicates":false,"probability":1},{"name":"OrganizationID","path":"OrganizationID","count":843,"types":[{"name":"Number","bsonType":"Number","path":"OrganizationID","count":843,"total_count":0,"probability":1}],"total_count":843,"type":"Number","has_duplicates":false,"probability":1},{"name":"UpdateDateTime","path":"UpdateDateTime","count":843,"types":[{"name":"Date","bsonType":"Date","path":"UpdateDateTime","count":843,"total_count":0,"probability":1}],"total_count":843,"type":"Date","has_duplicates":false,"probability":1},{"name":"UpdatedBy","path":"UpdatedBy","count":843,"types":[{"name":"String","bsonType":"String","path":"UpdatedBy","count":843,"total_count":0,"probability":1}],"total_count":843,"type":"String","has_duplicates":false,"probability":1}],"count":843}