{"fields":[{"name":"_id","path":"_id","count":287,"types":[{"name":"Number","bsonType":"Number","path":"_id","count":287,"total_count":0,"probability":1}],"total_count":287,"type":"Number","has_duplicates":false,"probability":1},{"name":"EmailSent","path":"EmailSent","count":287,"types":[{"name":"Boolean","bsonType":"Boolean","path":"EmailSent","count":287,"total_count":0,"probability":1}],"total_count":287,"type":"Boolean","has_duplicates":false,"probability":1},{"name":"HotelID","path":"HotelID","count":287,"types":[{"name":"Number","bsonType":"Number","path":"HotelID","count":287,"total_count":0,"probability":1}],"total_count":287,"type":"Number","has_duplicates":false,"probability":1},{"name":"ID","path":"ID","count":287,"types":[{"name":"Number","bsonType":"Number","path":"ID","count":287,"total_count":0,"probability":1}],"total_count":287,"type":"Number","has_duplicates":false,"probability":1},{"name":"InsertedBy","path":"InsertedBy","count":287,"types":[{"name":"String","bsonType":"String","path":"InsertedBy","count":287,"total_count":0,"probability":1}],"total_count":287,"type":"String","has_duplicates":false,"probability":1},{"name":"InsertedDateTime","path":"InsertedDateTime","count":287,"types":[{"name":"Date","bsonType":"Date","path":"InsertedDateTime","count":287,"total_count":0,"probability":1}],"total_count":287,"type":"Date","has_duplicates":false,"probability":1},{"name":"NoDataFound","path":"NoDataFound","count":287,"types":[{"name":"Boolean","bsonType":"Boolean","path":"NoDataFound","count":287,"total_count":0,"probability":1}],"total_count":287,"type":"Boolean","has_duplicates":false,"probability":1},{"name":"ReportDate","path":"ReportDate","count":287,"types":[{"name":"Date","bsonType":"Date","path":"ReportDate","count":287,"total_count":0,"probability":1}],"total_count":287,"type":"Date","has_duplicates":false,"probability":1},{"name":"SendEmailToUserID","path":"SendEmailToUserID","count":287,"types":[{"name":"Number","bsonType":"Number","path":"SendEmailToUserID","count":287,"total_count":0,"probability":1}],"total_count":287,"type":"Number","has_duplicates":false,"probability":1},{"name":"UpdatedBy","path":"UpdatedBy","count":287,"types":[{"name":"String","bsonType":"String","path":"UpdatedBy","count":287,"total_count":0,"probability":1}],"total_count":287,"type":"String","has_duplicates":false,"probability":1},{"name":"UpdatedDateTime","path":"UpdatedDateTime","count":287,"types":[{"name":"Date","bsonType":"Date","path":"UpdatedDateTime","count":287,"total_count":0,"probability":1}],"total_count":287,"type":"Date","has_duplicates":false,"probability":1},{"name":"UserID","path":"UserID","count":287,"types":[{"name":"Number","bsonType":"Number","path":"UserID","count":287,"total_count":0,"probability":1}],"total_count":287,"type":"Number","has_duplicates":false,"probability":1}],"count":287}