[{"_id":1,"ID":1,"ReportDate":"2018-05-08T00:00:00.000Z","HotelID":419,"UserID":982,"SendEmailToUserID":979,"NoDataFound":true,"EmailSent":false,"InsertedDateTime":"2018-05-09T11:15:04.463Z","InsertedBy":"EmailReportSenderGroup_BMS","UpdatedDateTime":"2018-05-09T11:15:04.463Z","UpdatedBy":"EmailReportSenderGroup_BMS"},{"_id":2,"ID":2,"ReportDate":"2018-05-08T00:00:00.000Z","HotelID":419,"UserID":981,"SendEmailToUserID":979,"NoDataFound":true,"EmailSent":false,"InsertedDateTime":"2018-05-09T11:15:04.513Z","InsertedBy":"EmailReportSenderGroup_BMS","UpdatedDateTime":"2018-05-09T11:15:04.513Z","UpdatedBy":"EmailReportSenderGroup_BMS"},{"_id":3,"ID":3,"ReportDate":"2018-05-08T00:00:00.000Z","HotelID":420,"UserID":983,"SendEmailToUserID":979,"NoDataFound":true,"EmailSent":false,"InsertedDateTime":"2018-05-09T11:15:04.930Z","InsertedBy":"EmailReportSenderGroup_BMS","UpdatedDateTime":"2018-05-09T11:15:04.930Z","UpdatedBy":"EmailReportSenderGroup_BMS"},{"_id":4,"ID":4,"ReportDate":"2018-05-09T00:00:00.000Z","HotelID":419,"UserID":981,"SendEmailToUserID":979,"NoDataFound":true,"EmailSent":false,"InsertedDateTime":"2018-05-10T11:15:03.330Z","InsertedBy":"EmailReportSenderGroup_BMS","UpdatedDateTime":"2018-05-10T11:15:03.330Z","UpdatedBy":"EmailReportSenderGroup_BMS"},{"_id":5,"ID":5,"ReportDate":"2018-07-01T00:00:00.000Z","HotelID":420,"UserID":983,"SendEmailToUserID":979,"NoDataFound":true,"EmailSent":false,"InsertedDateTime":"2018-07-02T08:00:08.567Z","InsertedBy":"EmailReportSenderGroup_BMS","UpdatedDateTime":"2018-07-02T08:00:08.567Z","UpdatedBy":"EmailReportSenderGroup_BMS"},{"_id":6,"ID":6,"ReportDate":"2018-07-13T00:00:00.000Z","HotelID":420,"UserID":983,"SendEmailToUserID":979,"NoDataFound":true,"EmailSent":false,"InsertedDateTime":"2018-07-14T08:00:08.803Z","InsertedBy":"EmailReportSenderGroup_BMS","UpdatedDateTime":"2018-07-14T08:00:08.803Z","UpdatedBy":"EmailReportSenderGroup_BMS"},{"_id":7,"ID":7,"ReportDate":"2018-07-14T00:00:00.000Z","HotelID":420,"UserID":983,"SendEmailToUserID":979,"NoDataFound":true,"EmailSent":false,"InsertedDateTime":"2018-07-15T08:00:11.227Z","InsertedBy":"EmailReportSenderGroup_BMS","UpdatedDateTime":"2018-07-15T08:00:11.227Z","UpdatedBy":"EmailReportSenderGroup_BMS"},{"_id":8,"ID":8,"ReportDate":"2018-07-15T00:00:00.000Z","HotelID":420,"UserID":983,"SendEmailToUserID":979,"NoDataFound":true,"EmailSent":false,"InsertedDateTime":"2018-07-16T08:00:10.213Z","InsertedBy":"EmailReportSenderGroup_BMS","UpdatedDateTime":"2018-07-16T08:00:10.213Z","UpdatedBy":"EmailReportSenderGroup_BMS"},{"_id":9,"ID":9,"ReportDate":"2018-07-15T00:00:00.000Z","HotelID":428,"UserID":1007,"SendEmailToUserID":1002,"NoDataFound":true,"EmailSent":false,"InsertedDateTime":"2018-07-16T09:19:21.947Z","InsertedBy":"EmailReportSenderGroup_UNYQ","UpdatedDateTime":"2018-07-16T09:19:21.950Z","UpdatedBy":"EmailReportSenderGroup_UNYQ"},{"_id":10,"ID":10,"ReportDate":"2018-07-16T00:00:00.000Z","HotelID":420,"UserID":983,"SendEmailToUserID":979,"NoDataFound":true,"EmailSent":false,"InsertedDateTime":"2018-07-17T08:00:10.973Z","InsertedBy":"EmailReportSenderGroup_BMS","UpdatedDateTime":"2018-07-17T08:00:10.973Z","UpdatedBy":"EmailReportSenderGroup_BMS"},{"_id":11,"ID":11,"ReportDate":"2018-07-17T00:00:00.000Z","HotelID":420,"UserID":983,"SendEmailToUserID":979,"NoDataFound":true,"EmailSent":false,"InsertedDateTime":"2018-07-18T08:00:10.670Z","InsertedBy":"EmailReportSenderGroup_BMS","UpdatedDateTime":"2018-07-18T08:00:10.670Z","UpdatedBy":"EmailReportSenderGroup_BMS"},{"_id":12,"ID":12,"ReportDate":"2018-07-17T00:00:00.000Z","HotelID":432,"UserID":1013,"SendEmailToUserID":1002,"NoDataFound":true,"EmailSent":false,"InsertedDateTime":"2018-07-18T09:15:21.567Z","InsertedBy":"EmailReportSenderGroup_UNYQ","UpdatedDateTime":"2018-07-18T09:15:21.567Z","UpdatedBy":"EmailReportSenderGroup_UNYQ"},{"_id":13,"ID":13,"ReportDate":"2018-07-18T00:00:00.000Z","HotelID":420,"UserID":983,"SendEmailToUserID":979,"NoDataFound":true,"EmailSent":false,"InsertedDateTime":"2018-07-19T08:00:13.017Z","InsertedBy":"EmailReportSenderGroup_BMS","UpdatedDateTime":"2018-07-19T08:00:13.017Z","UpdatedBy":"EmailReportSenderGroup_BMS"},{"_id":14,"ID":14,"ReportDate":"2018-07-19T00:00:00.000Z","HotelID":420,"UserID":983,"SendEmailToUserID":979,"NoDataFound":true,"EmailSent":false,"InsertedDateTime":"2018-07-20T08:00:12.790Z","InsertedBy":"EmailReportSenderGroup_BMS","UpdatedDateTime":"2018-07-20T08:00:12.790Z","UpdatedBy":"EmailReportSenderGroup_BMS"},{"_id":15,"ID":15,"ReportDate":"2018-07-20T00:00:00.000Z","HotelID":420,"UserID":983,"SendEmailToUserID":979,"NoDataFound":true,"EmailSent":false,"InsertedDateTime":"2018-07-21T08:00:11.070Z","InsertedBy":"EmailReportSenderGroup_BMS","UpdatedDateTime":"2018-07-21T08:00:11.070Z","UpdatedBy":"EmailReportSenderGroup_BMS"},{"_id":16,"ID":16,"ReportDate":"2018-07-21T00:00:00.000Z","HotelID":420,"UserID":983,"SendEmailToUserID":979,"NoDataFound":true,"EmailSent":false,"InsertedDateTime":"2018-07-22T08:00:11.783Z","InsertedBy":"EmailReportSenderGroup_BMS","UpdatedDateTime":"2018-07-22T08:00:11.783Z","UpdatedBy":"EmailReportSenderGroup_BMS"},{"_id":17,"ID":17,"ReportDate":"2018-07-21T00:00:00.000Z","HotelID":432,"UserID":1013,"SendEmailToUserID":1002,"NoDataFound":true,"EmailSent":false,"InsertedDateTime":"2018-07-22T09:15:29.410Z","InsertedBy":"EmailReportSenderGroup_UNYQ","UpdatedDateTime":"2018-07-22T09:15:29.410Z","UpdatedBy":"EmailReportSenderGroup_UNYQ"},{"_id":18,"ID":18,"ReportDate":"2018-07-22T00:00:00.000Z","HotelID":420,"UserID":983,"SendEmailToUserID":979,"NoDataFound":true,"EmailSent":false,"InsertedDateTime":"2018-07-23T08:00:15.147Z","InsertedBy":"EmailReportSenderGroup_BMS","UpdatedDateTime":"2018-07-23T08:00:15.147Z","UpdatedBy":"EmailReportSenderGroup_BMS"},{"_id":19,"ID":19,"ReportDate":"2018-07-22T00:00:00.000Z","HotelID":432,"UserID":1013,"SendEmailToUserID":1002,"NoDataFound":true,"EmailSent":false,"InsertedDateTime":"2018-07-23T09:15:24.380Z","InsertedBy":"EmailReportSenderGroup_UNYQ","UpdatedDateTime":"2018-07-23T09:15:24.383Z","UpdatedBy":"EmailReportSenderGroup_UNYQ"},{"_id":20,"ID":20,"ReportDate":"2018-07-23T00:00:00.000Z","HotelID":420,"UserID":983,"SendEmailToUserID":979,"NoDataFound":true,"EmailSent":false,"InsertedDateTime":"2018-07-24T08:00:15.160Z","InsertedBy":"EmailReportSenderGroup_BMS","UpdatedDateTime":"2018-07-24T08:00:15.160Z","UpdatedBy":"EmailReportSenderGroup_BMS"},{"_id":21,"ID":21,"ReportDate":"2018-07-23T00:00:00.000Z","HotelID":432,"UserID":1013,"SendEmailToUserID":1002,"NoDataFound":true,"EmailSent":false,"InsertedDateTime":"2018-07-24T09:15:22.707Z","InsertedBy":"EmailReportSenderGroup_UNYQ","UpdatedDateTime":"2018-07-24T09:15:22.707Z","UpdatedBy":"EmailReportSenderGroup_UNYQ"},{"_id":22,"ID":22,"ReportDate":"2018-07-24T00:00:00.000Z","HotelID":420,"UserID":983,"SendEmailToUserID":979,"NoDataFound":true,"EmailSent":false,"InsertedDateTime":"2018-07-25T08:00:12.167Z","InsertedBy":"EmailReportSenderGroup_BMS","UpdatedDateTime":"2018-07-25T08:00:12.167Z","UpdatedBy":"EmailReportSenderGroup_BMS"},{"_id":23,"ID":23,"ReportDate":"2018-07-25T00:00:00.000Z","HotelID":420,"UserID":983,"SendEmailToUserID":979,"NoDataFound":true,"EmailSent":false,"InsertedDateTime":"2018-07-26T08:00:11.490Z","InsertedBy":"EmailReportSenderGroup_BMS","UpdatedDateTime":"2018-07-26T08:00:11.490Z","UpdatedBy":"EmailReportSenderGroup_BMS"},{"_id":24,"ID":24,"ReportDate":"2018-07-26T00:00:00.000Z","HotelID":420,"UserID":983,"SendEmailToUserID":979,"NoDataFound":true,"EmailSent":false,"InsertedDateTime":"2018-07-27T08:00:12.840Z","InsertedBy":"EmailReportSenderGroup_BMS","UpdatedDateTime":"2018-07-27T08:00:12.840Z","UpdatedBy":"EmailReportSenderGroup_BMS"},{"_id":25,"ID":25,"ReportDate":"2018-07-27T00:00:00.000Z","HotelID":420,"UserID":983,"SendEmailToUserID":979,"NoDataFound":true,"EmailSent":false,"InsertedDateTime":"2018-07-28T08:00:14.287Z","InsertedBy":"EmailReportSenderGroup_BMS","UpdatedDateTime":"2018-07-28T08:00:14.287Z","UpdatedBy":"EmailReportSenderGroup_BMS"},{"_id":26,"ID":26,"ReportDate":"2018-07-29T00:00:00.000Z","HotelID":420,"UserID":983,"SendEmailToUserID":979,"NoDataFound":true,"EmailSent":false,"InsertedDateTime":"2018-07-30T08:00:08.093Z","InsertedBy":"EmailReportSenderGroup_BMS","UpdatedDateTime":"2018-07-30T08:00:08.093Z","UpdatedBy":"EmailReportSenderGroup_BMS"},{"_id":27,"ID":27,"ReportDate":"2018-07-30T00:00:00.000Z","HotelID":420,"UserID":983,"SendEmailToUserID":979,"NoDataFound":true,"EmailSent":false,"InsertedDateTime":"2018-07-31T08:00:07.173Z","InsertedBy":"EmailReportSenderGroup_BMS","UpdatedDateTime":"2018-07-31T08:00:07.173Z","UpdatedBy":"EmailReportSenderGroup_BMS"},{"_id":28,"ID":28,"ReportDate":"2018-07-31T00:00:00.000Z","HotelID":420,"UserID":983,"SendEmailToUserID":979,"NoDataFound":true,"EmailSent":false,"InsertedDateTime":"2018-08-01T08:00:12.327Z","InsertedBy":"EmailReportSenderGroup_BMS","UpdatedDateTime":"2018-08-01T08:00:12.327Z","UpdatedBy":"EmailReportSenderGroup_BMS"},{"_id":29,"ID":29,"ReportDate":"2018-08-01T00:00:00.000Z","HotelID":420,"UserID":983,"SendEmailToUserID":979,"NoDataFound":true,"EmailSent":false,"InsertedDateTime":"2018-08-02T08:00:08.777Z","InsertedBy":"EmailReportSenderGroup_BMS","UpdatedDateTime":"2018-08-02T08:00:08.777Z","UpdatedBy":"EmailReportSenderGroup_BMS"},{"_id":30,"ID":30,"ReportDate":"2018-08-02T00:00:00.000Z","HotelID":420,"UserID":983,"SendEmailToUserID":979,"NoDataFound":true,"EmailSent":false,"InsertedDateTime":"2018-08-03T08:00:13.930Z","InsertedBy":"EmailReportSenderGroup_BMS","UpdatedDateTime":"2018-08-03T08:00:13.930Z","UpdatedBy":"EmailReportSenderGroup_BMS"},{"_id":31,"ID":31,"ReportDate":"2018-08-03T00:00:00.000Z","HotelID":420,"UserID":983,"SendEmailToUserID":979,"NoDataFound":true,"EmailSent":false,"InsertedDateTime":"2018-08-04T08:00:16.163Z","InsertedBy":"EmailReportSenderGroup_BMS","UpdatedDateTime":"2018-08-04T08:00:16.163Z","UpdatedBy":"EmailReportSenderGroup_BMS"},{"_id":32,"ID":32,"ReportDate":"2018-08-04T00:00:00.000Z","HotelID":420,"UserID":983,"SendEmailToUserID":979,"NoDataFound":true,"EmailSent":false,"InsertedDateTime":"2018-08-05T08:00:12.057Z","InsertedBy":"EmailReportSenderGroup_BMS","UpdatedDateTime":"2018-08-05T08:00:12.057Z","UpdatedBy":"EmailReportSenderGroup_BMS"},{"_id":33,"ID":33,"ReportDate":"2018-08-05T00:00:00.000Z","HotelID":420,"UserID":983,"SendEmailToUserID":979,"NoDataFound":true,"EmailSent":false,"InsertedDateTime":"2018-08-06T08:00:12.587Z","InsertedBy":"EmailReportSenderGroup_BMS","UpdatedDateTime":"2018-08-06T08:00:12.587Z","UpdatedBy":"EmailReportSenderGroup_BMS"},{"_id":34,"ID":34,"ReportDate":"2018-08-06T00:00:00.000Z","HotelID":420,"UserID":983,"SendEmailToUserID":979,"NoDataFound":true,"EmailSent":false,"InsertedDateTime":"2018-08-07T08:00:11.503Z","InsertedBy":"EmailReportSenderGroup_BMS","UpdatedDateTime":"2018-08-07T08:00:11.503Z","UpdatedBy":"EmailReportSenderGroup_BMS"},{"_id":35,"ID":35,"ReportDate":"2018-08-07T00:00:00.000Z","HotelID":420,"UserID":983,"SendEmailToUserID":979,"NoDataFound":true,"EmailSent":false,"InsertedDateTime":"2018-08-08T08:00:13.687Z","InsertedBy":"EmailReportSenderGroup_BMS","UpdatedDateTime":"2018-08-08T08:00:13.687Z","UpdatedBy":"EmailReportSenderGroup_BMS"},{"_id":36,"ID":36,"ReportDate":"2018-08-08T00:00:00.000Z","HotelID":420,"UserID":983,"SendEmailToUserID":979,"NoDataFound":true,"EmailSent":false,"InsertedDateTime":"2018-08-09T08:00:08.393Z","InsertedBy":"EmailReportSenderGroup_BMS","UpdatedDateTime":"2018-08-09T08:00:08.393Z","UpdatedBy":"EmailReportSenderGroup_BMS"},{"_id":37,"ID":37,"ReportDate":"2018-08-09T00:00:00.000Z","HotelID":420,"UserID":983,"SendEmailToUserID":979,"NoDataFound":true,"EmailSent":false,"InsertedDateTime":"2018-08-10T08:00:10.137Z","InsertedBy":"EmailReportSenderGroup_BMS","UpdatedDateTime":"2018-08-10T08:00:10.137Z","UpdatedBy":"EmailReportSenderGroup_BMS"},{"_id":38,"ID":38,"ReportDate":"2018-08-10T00:00:00.000Z","HotelID":420,"UserID":983,"SendEmailToUserID":979,"NoDataFound":true,"EmailSent":false,"InsertedDateTime":"2018-08-11T08:00:14.520Z","InsertedBy":"EmailReportSenderGroup_BMS","UpdatedDateTime":"2018-08-11T08:00:14.520Z","UpdatedBy":"EmailReportSenderGroup_BMS"},{"_id":39,"ID":39,"ReportDate":"2018-08-11T00:00:00.000Z","HotelID":420,"UserID":983,"SendEmailToUserID":979,"NoDataFound":true,"EmailSent":false,"InsertedDateTime":"2018-08-12T08:00:07.697Z","InsertedBy":"EmailReportSenderGroup_BMS","UpdatedDateTime":"2018-08-12T08:00:07.697Z","UpdatedBy":"EmailReportSenderGroup_BMS"},{"_id":40,"ID":40,"ReportDate":"2018-08-12T00:00:00.000Z","HotelID":420,"UserID":983,"SendEmailToUserID":979,"NoDataFound":true,"EmailSent":false,"InsertedDateTime":"2018-08-13T08:00:12.910Z","InsertedBy":"EmailReportSenderGroup_BMS","UpdatedDateTime":"2018-08-13T08:00:12.910Z","UpdatedBy":"EmailReportSenderGroup_BMS"},{"_id":41,"ID":41,"ReportDate":"2018-08-13T00:00:00.000Z","HotelID":420,"UserID":983,"SendEmailToUserID":979,"NoDataFound":true,"EmailSent":false,"InsertedDateTime":"2018-08-14T08:00:10.147Z","InsertedBy":"EmailReportSenderGroup_BMS","UpdatedDateTime":"2018-08-14T08:00:10.147Z","UpdatedBy":"EmailReportSenderGroup_BMS"},{"_id":42,"ID":42,"ReportDate":"2018-08-18T00:00:00.000Z","HotelID":420,"UserID":983,"SendEmailToUserID":979,"NoDataFound":true,"EmailSent":false,"InsertedDateTime":"2018-08-19T08:00:15.197Z","InsertedBy":"EmailReportSenderGroup_BMS","UpdatedDateTime":"2018-08-19T08:00:15.197Z","UpdatedBy":"EmailReportSenderGroup_BMS"},{"_id":43,"ID":43,"ReportDate":"2018-08-19T00:00:00.000Z","HotelID":420,"UserID":983,"SendEmailToUserID":979,"NoDataFound":true,"EmailSent":false,"InsertedDateTime":"2018-08-20T08:00:13.443Z","InsertedBy":"EmailReportSenderGroup_BMS","UpdatedDateTime":"2018-08-20T08:00:13.443Z","UpdatedBy":"EmailReportSenderGroup_BMS"},{"_id":44,"ID":44,"ReportDate":"2018-08-25T00:00:00.000Z","HotelID":420,"UserID":983,"SendEmailToUserID":979,"NoDataFound":true,"EmailSent":false,"InsertedDateTime":"2018-08-26T08:00:12.327Z","InsertedBy":"EmailReportSenderGroup_BMS","UpdatedDateTime":"2018-08-26T08:00:12.327Z","UpdatedBy":"EmailReportSenderGroup_BMS"},{"_id":45,"ID":45,"ReportDate":"2018-08-26T00:00:00.000Z","HotelID":420,"UserID":983,"SendEmailToUserID":979,"NoDataFound":true,"EmailSent":false,"InsertedDateTime":"2018-08-27T08:00:11.327Z","InsertedBy":"EmailReportSenderGroup_BMS","UpdatedDateTime":"2018-08-27T08:00:11.327Z","UpdatedBy":"EmailReportSenderGroup_BMS"},{"_id":46,"ID":46,"ReportDate":"2018-08-29T00:00:00.000Z","HotelID":420,"UserID":983,"SendEmailToUserID":979,"NoDataFound":true,"EmailSent":false,"InsertedDateTime":"2018-08-30T08:00:14.313Z","InsertedBy":"EmailReportSenderGroup_BMS","UpdatedDateTime":"2018-08-30T08:00:14.313Z","UpdatedBy":"EmailReportSenderGroup_BMS"},{"_id":47,"ID":47,"ReportDate":"2018-09-01T00:00:00.000Z","HotelID":420,"UserID":983,"SendEmailToUserID":979,"NoDataFound":true,"EmailSent":false,"InsertedDateTime":"2018-09-02T08:00:13.597Z","InsertedBy":"EmailReportSenderGroup_BMS","UpdatedDateTime":"2018-09-02T08:00:13.597Z","UpdatedBy":"EmailReportSenderGroup_BMS"},{"_id":48,"ID":48,"ReportDate":"2018-09-02T00:00:00.000Z","HotelID":420,"UserID":983,"SendEmailToUserID":979,"NoDataFound":true,"EmailSent":false,"InsertedDateTime":"2018-09-03T08:00:11.843Z","InsertedBy":"EmailReportSenderGroup_BMS","UpdatedDateTime":"2018-09-03T08:00:11.843Z","UpdatedBy":"EmailReportSenderGroup_BMS"},{"_id":49,"ID":49,"ReportDate":"2018-09-03T00:00:00.000Z","HotelID":419,"UserID":982,"SendEmailToUserID":979,"NoDataFound":true,"EmailSent":false,"InsertedDateTime":"2018-09-04T11:15:09.903Z","InsertedBy":"EmailReportSenderGroup_BMS","UpdatedDateTime":"2018-09-04T11:15:09.903Z","UpdatedBy":"EmailReportSenderGroup_BMS"},{"_id":50,"ID":50,"ReportDate":"2018-09-03T00:00:00.000Z","HotelID":419,"UserID":981,"SendEmailToUserID":979,"NoDataFound":true,"EmailSent":false,"InsertedDateTime":"2018-09-04T11:15:09.900Z","InsertedBy":"EmailReportSenderGroup_BMS","UpdatedDateTime":"2018-09-04T11:15:09.900Z","UpdatedBy":"EmailReportSenderGroup_BMS"},{"_id":51,"ID":51,"ReportDate":"2018-09-07T00:00:00.000Z","HotelID":420,"UserID":983,"SendEmailToUserID":979,"NoDataFound":true,"EmailSent":false,"InsertedDateTime":"2018-09-08T08:00:12.430Z","InsertedBy":"EmailReportSenderGroup_BMS","UpdatedDateTime":"2018-09-08T08:00:12.430Z","UpdatedBy":"EmailReportSenderGroup_BMS"},{"_id":52,"ID":52,"ReportDate":"2018-09-08T00:00:00.000Z","HotelID":420,"UserID":983,"SendEmailToUserID":979,"NoDataFound":true,"EmailSent":false,"InsertedDateTime":"2018-09-09T08:00:11.913Z","InsertedBy":"EmailReportSenderGroup_BMS","UpdatedDateTime":"2018-09-09T08:00:11.913Z","UpdatedBy":"EmailReportSenderGroup_BMS"},{"_id":53,"ID":53,"ReportDate":"2018-09-09T00:00:00.000Z","HotelID":420,"UserID":983,"SendEmailToUserID":979,"NoDataFound":true,"EmailSent":false,"InsertedDateTime":"2018-09-10T08:00:26.970Z","InsertedBy":"EmailReportSenderGroup_BMS","UpdatedDateTime":"2018-09-10T08:00:26.970Z","UpdatedBy":"EmailReportSenderGroup_BMS"},{"_id":54,"ID":54,"ReportDate":"2018-09-11T00:00:00.000Z","HotelID":420,"UserID":983,"SendEmailToUserID":979,"NoDataFound":true,"EmailSent":false,"InsertedDateTime":"2018-09-12T08:00:22.797Z","InsertedBy":"EmailReportSenderGroup_BMS","UpdatedDateTime":"2018-09-12T08:00:22.797Z","UpdatedBy":"EmailReportSenderGroup_BMS"},{"_id":55,"ID":55,"ReportDate":"2018-09-12T00:00:00.000Z","HotelID":420,"UserID":983,"SendEmailToUserID":979,"NoDataFound":true,"EmailSent":false,"InsertedDateTime":"2018-09-13T08:00:26.470Z","InsertedBy":"EmailReportSenderGroup_BMS","UpdatedDateTime":"2018-09-13T08:00:26.470Z","UpdatedBy":"EmailReportSenderGroup_BMS"},{"_id":56,"ID":56,"ReportDate":"2018-09-13T00:00:00.000Z","HotelID":420,"UserID":983,"SendEmailToUserID":979,"NoDataFound":true,"EmailSent":false,"InsertedDateTime":"2018-09-14T08:00:30.837Z","InsertedBy":"EmailReportSenderGroup_BMS","UpdatedDateTime":"2018-09-14T08:00:30.837Z","UpdatedBy":"EmailReportSenderGroup_BMS"},{"_id":57,"ID":57,"ReportDate":"2018-09-14T00:00:00.000Z","HotelID":420,"UserID":983,"SendEmailToUserID":979,"NoDataFound":true,"EmailSent":false,"InsertedDateTime":"2018-09-15T08:00:26.480Z","InsertedBy":"EmailReportSenderGroup_BMS","UpdatedDateTime":"2018-09-15T08:00:26.480Z","UpdatedBy":"EmailReportSenderGroup_BMS"},{"_id":58,"ID":58,"ReportDate":"2018-09-15T00:00:00.000Z","HotelID":420,"UserID":983,"SendEmailToUserID":979,"NoDataFound":true,"EmailSent":false,"InsertedDateTime":"2018-09-16T08:00:10.580Z","InsertedBy":"EmailReportSenderGroup_BMS","UpdatedDateTime":"2018-09-16T08:00:10.580Z","UpdatedBy":"EmailReportSenderGroup_BMS"},{"_id":59,"ID":59,"ReportDate":"2018-09-16T00:00:00.000Z","HotelID":420,"UserID":983,"SendEmailToUserID":979,"NoDataFound":true,"EmailSent":false,"InsertedDateTime":"2018-09-17T08:00:12.150Z","InsertedBy":"EmailReportSenderGroup_BMS","UpdatedDateTime":"2018-09-17T08:00:12.150Z","UpdatedBy":"EmailReportSenderGroup_BMS"},{"_id":60,"ID":60,"ReportDate":"2018-09-17T00:00:00.000Z","HotelID":420,"UserID":983,"SendEmailToUserID":979,"NoDataFound":true,"EmailSent":false,"InsertedDateTime":"2018-09-18T08:00:21.027Z","InsertedBy":"EmailReportSenderGroup_BMS","UpdatedDateTime":"2018-09-18T08:00:21.027Z","UpdatedBy":"EmailReportSenderGroup_BMS"},{"_id":61,"ID":61,"ReportDate":"2018-09-22T00:00:00.000Z","HotelID":420,"UserID":983,"SendEmailToUserID":979,"NoDataFound":true,"EmailSent":false,"InsertedDateTime":"2018-09-23T08:00:16.210Z","InsertedBy":"EmailReportSenderGroup_BMS","UpdatedDateTime":"2018-09-23T08:00:16.210Z","UpdatedBy":"EmailReportSenderGroup_BMS"},{"_id":62,"ID":62,"ReportDate":"2018-09-23T00:00:00.000Z","HotelID":420,"UserID":983,"SendEmailToUserID":979,"NoDataFound":true,"EmailSent":false,"InsertedDateTime":"2018-09-24T08:00:18.103Z","InsertedBy":"EmailReportSenderGroup_BMS","UpdatedDateTime":"2018-09-24T08:00:18.103Z","UpdatedBy":"EmailReportSenderGroup_BMS"},{"_id":63,"ID":63,"ReportDate":"2018-09-28T00:00:00.000Z","HotelID":420,"UserID":983,"SendEmailToUserID":979,"NoDataFound":true,"EmailSent":false,"InsertedDateTime":"2018-09-29T08:00:27.877Z","InsertedBy":"EmailReportSenderGroup_BMS","UpdatedDateTime":"2018-09-29T08:00:27.877Z","UpdatedBy":"EmailReportSenderGroup_BMS"},{"_id":64,"ID":64,"ReportDate":"2018-09-29T00:00:00.000Z","HotelID":420,"UserID":983,"SendEmailToUserID":979,"NoDataFound":true,"EmailSent":false,"InsertedDateTime":"2018-09-30T08:00:20.820Z","InsertedBy":"EmailReportSenderGroup_BMS","UpdatedDateTime":"2018-09-30T08:00:20.820Z","UpdatedBy":"EmailReportSenderGroup_BMS"},{"_id":65,"ID":65,"ReportDate":"2018-09-30T00:00:00.000Z","HotelID":420,"UserID":983,"SendEmailToUserID":979,"NoDataFound":true,"EmailSent":false,"InsertedDateTime":"2018-10-01T08:00:16.743Z","InsertedBy":"EmailReportSenderGroup_BMS","UpdatedDateTime":"2018-10-01T08:00:16.743Z","UpdatedBy":"EmailReportSenderGroup_BMS"},{"_id":66,"ID":66,"ReportDate":"2018-09-30T00:00:00.000Z","HotelID":482,"UserID":1152,"SendEmailToUserID":1042,"NoDataFound":true,"EmailSent":false,"InsertedDateTime":"2018-10-01T08:34:49.517Z","InsertedBy":"EmailReportSenderGroup_Visions","UpdatedDateTime":"2018-10-01T08:34:49.517Z","UpdatedBy":"EmailReportSenderGroup_Visions"},{"_id":67,"ID":67,"ReportDate":"2018-10-01T00:00:00.000Z","HotelID":486,"UserID":1154,"SendEmailToUserID":1042,"NoDataFound":true,"EmailSent":false,"InsertedDateTime":"2018-10-02T06:05:48.470Z","InsertedBy":"EmailReportSenderGroup_Visions","UpdatedDateTime":"2018-10-02T06:05:48.470Z","UpdatedBy":"EmailReportSenderGroup_Visions"},{"_id":68,"ID":68,"ReportDate":"2018-10-01T00:00:00.000Z","HotelID":454,"UserID":1098,"SendEmailToUserID":1042,"NoDataFound":true,"EmailSent":false,"InsertedDateTime":"2018-10-02T06:07:04.577Z","InsertedBy":"EmailReportSenderGroup_Visions","UpdatedDateTime":"2018-10-02T06:07:04.577Z","UpdatedBy":"EmailReportSenderGroup_Visions"},{"_id":69,"ID":69,"ReportDate":"2018-10-01T00:00:00.000Z","HotelID":348,"UserID":786,"SendEmailToUserID":700,"NoDataFound":true,"EmailSent":false,"InsertedDateTime":"2018-10-02T08:30:09.313Z","InsertedBy":"EmailReportSenderGroup_Crestpoint","UpdatedDateTime":"2018-10-02T08:30:09.313Z","UpdatedBy":"EmailReportSenderGroup_Crestpoint"},{"_id":70,"ID":70,"ReportDate":"2018-10-03T00:00:00.000Z","HotelID":416,"UserID":972,"SendEmailToUserID":954,"NoDataFound":true,"EmailSent":false,"InsertedDateTime":"2018-10-04T10:15:07.830Z","InsertedBy":"EmailReportSenderGroup_Ponderosa","UpdatedDateTime":"2018-10-04T10:15:07.830Z","UpdatedBy":"EmailReportSenderGroup_Ponderosa"},{"_id":71,"ID":71,"ReportDate":"2018-10-04T00:00:00.000Z","HotelID":432,"UserID":1013,"SendEmailToUserID":1002,"NoDataFound":true,"EmailSent":false,"InsertedDateTime":"2018-10-05T09:15:30.800Z","InsertedBy":"EmailReportSenderGroup_UNYQ","UpdatedDateTime":"2018-10-05T09:15:30.800Z","UpdatedBy":"EmailReportSenderGroup_UNYQ"},{"_id":72,"ID":72,"ReportDate":"2018-10-05T00:00:00.000Z","HotelID":420,"UserID":983,"SendEmailToUserID":979,"NoDataFound":true,"EmailSent":false,"InsertedDateTime":"2018-10-06T08:00:15.280Z","InsertedBy":"EmailReportSenderGroup_BMS","UpdatedDateTime":"2018-10-06T08:00:15.280Z","UpdatedBy":"EmailReportSenderGroup_BMS"},{"_id":73,"ID":73,"ReportDate":"2018-10-06T00:00:00.000Z","HotelID":420,"UserID":983,"SendEmailToUserID":979,"NoDataFound":true,"EmailSent":false,"InsertedDateTime":"2018-10-07T08:00:28.013Z","InsertedBy":"EmailReportSenderGroup_BMS","UpdatedDateTime":"2018-10-07T08:00:28.013Z","UpdatedBy":"EmailReportSenderGroup_BMS"},{"_id":74,"ID":74,"ReportDate":"2018-10-07T00:00:00.000Z","HotelID":420,"UserID":983,"SendEmailToUserID":979,"NoDataFound":true,"EmailSent":false,"InsertedDateTime":"2018-10-08T08:00:34.407Z","InsertedBy":"EmailReportSenderGroup_BMS","UpdatedDateTime":"2018-10-08T08:00:34.407Z","UpdatedBy":"EmailReportSenderGroup_BMS"},{"_id":77,"ID":77,"ReportDate":"2018-10-08T00:00:00.000Z","HotelID":432,"UserID":1013,"SendEmailToUserID":1002,"NoDataFound":true,"EmailSent":false,"InsertedDateTime":"2018-10-09T09:15:29.930Z","InsertedBy":"EmailReportSenderGroup_UNYQ","UpdatedDateTime":"2018-10-09T09:15:29.930Z","UpdatedBy":"EmailReportSenderGroup_UNYQ"},{"_id":78,"ID":78,"ReportDate":"2018-10-08T00:00:00.000Z","HotelID":431,"UserID":1012,"SendEmailToUserID":989,"NoDataFound":true,"EmailSent":false,"InsertedDateTime":"2018-10-09T09:15:30.430Z","InsertedBy":"EmailReportSenderGroup_Desai","UpdatedDateTime":"2018-10-09T09:15:30.430Z","UpdatedBy":"EmailReportSenderGroup_Desai"},{"_id":79,"ID":79,"ReportDate":"2018-10-09T00:00:00.000Z","HotelID":365,"UserID":822,"SendEmailToUserID":700,"NoDataFound":true,"EmailSent":false,"InsertedDateTime":"2018-10-10T08:15:40.807Z","InsertedBy":"EmailReportSenderGroup_Crestpoint","UpdatedDateTime":"2018-10-10T08:15:40.807Z","UpdatedBy":"EmailReportSenderGroup_Crestpoint"},{"_id":80,"ID":80,"ReportDate":"2018-10-11T00:00:00.000Z","HotelID":365,"UserID":822,"SendEmailToUserID":700,"NoDataFound":true,"EmailSent":false,"InsertedDateTime":"2018-10-12T08:15:30.260Z","InsertedBy":"EmailReportSenderGroup_Crestpoint","UpdatedDateTime":"2018-10-12T08:15:30.260Z","UpdatedBy":"EmailReportSenderGroup_Crestpoint"},{"_id":81,"ID":81,"ReportDate":"2018-10-11T00:00:00.000Z","HotelID":432,"UserID":1013,"SendEmailToUserID":1002,"NoDataFound":true,"EmailSent":false,"InsertedDateTime":"2018-10-12T09:15:29.157Z","InsertedBy":"EmailReportSenderGroup_UNYQ","UpdatedDateTime":"2018-10-12T09:15:29.157Z","UpdatedBy":"EmailReportSenderGroup_UNYQ"},{"_id":82,"ID":82,"ReportDate":"2018-10-12T00:00:00.000Z","HotelID":432,"UserID":1013,"SendEmailToUserID":1002,"NoDataFound":true,"EmailSent":false,"InsertedDateTime":"2018-10-13T09:15:28.363Z","InsertedBy":"EmailReportSenderGroup_UNYQ","UpdatedDateTime":"2018-10-13T09:15:28.363Z","UpdatedBy":"EmailReportSenderGroup_UNYQ"},{"_id":83,"ID":83,"ReportDate":"2018-10-13T00:00:00.000Z","HotelID":420,"UserID":983,"SendEmailToUserID":979,"NoDataFound":true,"EmailSent":false,"InsertedDateTime":"2018-10-14T08:00:16.560Z","InsertedBy":"EmailReportSenderGroup_BMS","UpdatedDateTime":"2018-10-14T08:00:16.560Z","UpdatedBy":"EmailReportSenderGroup_BMS"},{"_id":84,"ID":84,"ReportDate":"2018-10-13T00:00:00.000Z","HotelID":432,"UserID":1013,"SendEmailToUserID":1002,"NoDataFound":true,"EmailSent":false,"InsertedDateTime":"2018-10-14T09:15:21.847Z","InsertedBy":"EmailReportSenderGroup_UNYQ","UpdatedDateTime":"2018-10-14T09:15:21.847Z","UpdatedBy":"EmailReportSenderGroup_UNYQ"},{"_id":85,"ID":85,"ReportDate":"2018-10-14T00:00:00.000Z","HotelID":420,"UserID":983,"SendEmailToUserID":979,"NoDataFound":true,"EmailSent":false,"InsertedDateTime":"2018-10-15T08:00:17.307Z","InsertedBy":"EmailReportSenderGroup_BMS","UpdatedDateTime":"2018-10-15T08:00:17.307Z","UpdatedBy":"EmailReportSenderGroup_BMS"},{"_id":86,"ID":86,"ReportDate":"2018-10-14T00:00:00.000Z","HotelID":432,"UserID":1013,"SendEmailToUserID":1002,"NoDataFound":true,"EmailSent":false,"InsertedDateTime":"2018-10-15T09:15:39.733Z","InsertedBy":"EmailReportSenderGroup_UNYQ","UpdatedDateTime":"2018-10-15T09:15:39.733Z","UpdatedBy":"EmailReportSenderGroup_UNYQ"},{"_id":87,"ID":87,"ReportDate":"2018-10-14T00:00:00.000Z","HotelID":340,"UserID":749,"SendEmailToUserID":733,"NoDataFound":true,"EmailSent":false,"InsertedDateTime":"2018-10-15T09:30:46.140Z","InsertedBy":"EmailReportSenderGroup_SunRay","UpdatedDateTime":"2018-10-15T09:30:46.140Z","UpdatedBy":"EmailReportSenderGroup_SunRay"},{"_id":88,"ID":88,"ReportDate":"2018-10-15T00:00:00.000Z","HotelID":340,"UserID":749,"SendEmailToUserID":733,"NoDataFound":true,"EmailSent":false,"InsertedDateTime":"2018-10-16T09:15:27.660Z","InsertedBy":"EmailReportSenderGroup_SunRay","UpdatedDateTime":"2018-10-16T09:15:27.660Z","UpdatedBy":"EmailReportSenderGroup_SunRay"},{"_id":89,"ID":89,"ReportDate":"2018-10-15T00:00:00.000Z","HotelID":432,"UserID":1013,"SendEmailToUserID":1002,"NoDataFound":true,"EmailSent":false,"InsertedDateTime":"2018-10-16T09:15:34.300Z","InsertedBy":"EmailReportSenderGroup_UNYQ","UpdatedDateTime":"2018-10-16T09:15:34.300Z","UpdatedBy":"EmailReportSenderGroup_UNYQ"},{"_id":90,"ID":90,"ReportDate":"2018-10-16T00:00:00.000Z","HotelID":340,"UserID":749,"SendEmailToUserID":733,"NoDataFound":true,"EmailSent":false,"InsertedDateTime":"2018-10-17T09:26:54.060Z","InsertedBy":"EmailReportSenderGroup_SunRay","UpdatedDateTime":"2018-10-17T09:26:54.060Z","UpdatedBy":"EmailReportSenderGroup_SunRay"},{"_id":91,"ID":91,"ReportDate":"2018-10-17T00:00:00.000Z","HotelID":365,"UserID":822,"SendEmailToUserID":700,"NoDataFound":true,"EmailSent":false,"InsertedDateTime":"2018-10-18T08:15:33.230Z","InsertedBy":"EmailReportSenderGroup_Crestpoint","UpdatedDateTime":"2018-10-18T08:15:33.230Z","UpdatedBy":"EmailReportSenderGroup_Crestpoint"},{"_id":92,"ID":92,"ReportDate":"2018-10-17T00:00:00.000Z","HotelID":340,"UserID":749,"SendEmailToUserID":733,"NoDataFound":true,"EmailSent":false,"InsertedDateTime":"2018-10-18T09:15:15.880Z","InsertedBy":"EmailReportSenderGroup_SunRay","UpdatedDateTime":"2018-10-18T09:15:15.880Z","UpdatedBy":"EmailReportSenderGroup_SunRay"},{"_id":93,"ID":93,"ReportDate":"2018-10-18T00:00:00.000Z","HotelID":340,"UserID":749,"SendEmailToUserID":733,"NoDataFound":true,"EmailSent":false,"InsertedDateTime":"2018-10-19T09:15:54.073Z","InsertedBy":"EmailReportSenderGroup_SunRay","UpdatedDateTime":"2018-10-19T09:15:54.073Z","UpdatedBy":"EmailReportSenderGroup_SunRay"},{"_id":94,"ID":94,"ReportDate":"2018-10-19T00:00:00.000Z","HotelID":420,"UserID":983,"SendEmailToUserID":979,"NoDataFound":true,"EmailSent":false,"InsertedDateTime":"2018-10-20T08:00:34.693Z","InsertedBy":"EmailReportSenderGroup_BMS","UpdatedDateTime":"2018-10-20T08:00:34.693Z","UpdatedBy":"EmailReportSenderGroup_BMS"},{"_id":95,"ID":95,"ReportDate":"2018-10-19T00:00:00.000Z","HotelID":365,"UserID":822,"SendEmailToUserID":700,"NoDataFound":true,"EmailSent":false,"InsertedDateTime":"2018-10-20T08:15:39.847Z","InsertedBy":"EmailReportSenderGroup_Crestpoint","UpdatedDateTime":"2018-10-20T08:15:39.847Z","UpdatedBy":"EmailReportSenderGroup_Crestpoint"},{"_id":96,"ID":96,"ReportDate":"2018-10-19T00:00:00.000Z","HotelID":340,"UserID":749,"SendEmailToUserID":733,"NoDataFound":true,"EmailSent":false,"InsertedDateTime":"2018-10-20T09:27:35.540Z","InsertedBy":"EmailReportSenderGroup_SunRay","UpdatedDateTime":"2018-10-20T09:27:35.540Z","UpdatedBy":"EmailReportSenderGroup_SunRay"},{"_id":97,"ID":97,"ReportDate":"2018-10-20T00:00:00.000Z","HotelID":420,"UserID":983,"SendEmailToUserID":979,"NoDataFound":true,"EmailSent":false,"InsertedDateTime":"2018-10-21T08:00:21.167Z","InsertedBy":"EmailReportSenderGroup_BMS","UpdatedDateTime":"2018-10-21T08:00:21.167Z","UpdatedBy":"EmailReportSenderGroup_BMS"},{"_id":98,"ID":98,"ReportDate":"2018-10-20T00:00:00.000Z","HotelID":365,"UserID":822,"SendEmailToUserID":700,"NoDataFound":true,"EmailSent":false,"InsertedDateTime":"2018-10-21T08:19:48.733Z","InsertedBy":"EmailReportSenderGroup_Crestpoint","UpdatedDateTime":"2018-10-21T08:19:48.733Z","UpdatedBy":"EmailReportSenderGroup_Crestpoint"},{"_id":99,"ID":99,"ReportDate":"2018-10-20T00:00:00.000Z","HotelID":340,"UserID":749,"SendEmailToUserID":733,"NoDataFound":true,"EmailSent":false,"InsertedDateTime":"2018-10-21T09:15:27.007Z","InsertedBy":"EmailReportSenderGroup_SunRay","UpdatedDateTime":"2018-10-21T09:15:27.007Z","UpdatedBy":"EmailReportSenderGroup_SunRay"},{"_id":100,"ID":100,"ReportDate":"2018-10-21T00:00:00.000Z","HotelID":420,"UserID":983,"SendEmailToUserID":979,"NoDataFound":true,"EmailSent":false,"InsertedDateTime":"2018-10-22T08:00:18.287Z","InsertedBy":"EmailReportSenderGroup_BMS","UpdatedDateTime":"2018-10-22T08:00:18.287Z","UpdatedBy":"EmailReportSenderGroup_BMS"},{"_id":101,"ID":101,"ReportDate":"2018-10-21T00:00:00.000Z","HotelID":340,"UserID":749,"SendEmailToUserID":733,"NoDataFound":true,"EmailSent":false,"InsertedDateTime":"2018-10-22T09:15:44.570Z","InsertedBy":"EmailReportSenderGroup_SunRay","UpdatedDateTime":"2018-10-22T09:15:44.570Z","UpdatedBy":"EmailReportSenderGroup_SunRay"},{"_id":102,"ID":102,"ReportDate":"2018-10-22T00:00:00.000Z","HotelID":420,"UserID":983,"SendEmailToUserID":979,"NoDataFound":true,"EmailSent":false,"InsertedDateTime":"2018-10-23T08:00:11.657Z","InsertedBy":"EmailReportSenderGroup_BMS","UpdatedDateTime":"2018-10-23T08:00:11.657Z","UpdatedBy":"EmailReportSenderGroup_BMS"},{"_id":103,"ID":103,"ReportDate":"2018-10-22T00:00:00.000Z","HotelID":365,"UserID":822,"SendEmailToUserID":700,"NoDataFound":true,"EmailSent":false,"InsertedDateTime":"2018-10-23T08:15:49.020Z","InsertedBy":"EmailReportSenderGroup_Crestpoint","UpdatedDateTime":"2018-10-23T08:15:49.020Z","UpdatedBy":"EmailReportSenderGroup_Crestpoint"},{"_id":104,"ID":104,"ReportDate":"2018-10-22T00:00:00.000Z","HotelID":497,"UserID":1177,"SendEmailToUserID":1169,"NoDataFound":true,"EmailSent":false,"InsertedDateTime":"2018-10-23T09:15:37.370Z","InsertedBy":"EmailReportSenderGroup_Cimarron","UpdatedDateTime":"2018-10-23T09:15:37.370Z","UpdatedBy":"EmailReportSenderGroup_Cimarron"},{"_id":105,"ID":105,"ReportDate":"2018-10-22T00:00:00.000Z","HotelID":340,"UserID":749,"SendEmailToUserID":733,"NoDataFound":true,"EmailSent":false,"InsertedDateTime":"2018-10-23T09:15:44.147Z","InsertedBy":"EmailReportSenderGroup_SunRay","UpdatedDateTime":"2018-10-23T09:15:44.147Z","UpdatedBy":"EmailReportSenderGroup_SunRay"},{"_id":106,"ID":106,"ReportDate":"2018-10-23T00:00:00.000Z","HotelID":340,"UserID":749,"SendEmailToUserID":733,"NoDataFound":true,"EmailSent":false,"InsertedDateTime":"2018-10-24T09:15:36.493Z","InsertedBy":"EmailReportSenderGroup_SunRay","UpdatedDateTime":"2018-10-24T09:15:36.493Z","UpdatedBy":"EmailReportSenderGroup_SunRay"},{"_id":107,"ID":107,"ReportDate":"2018-10-24T00:00:00.000Z","HotelID":365,"UserID":822,"SendEmailToUserID":700,"NoDataFound":true,"EmailSent":false,"InsertedDateTime":"2018-10-25T08:16:03.883Z","InsertedBy":"EmailReportSenderGroup_Crestpoint","UpdatedDateTime":"2018-10-25T08:16:03.883Z","UpdatedBy":"EmailReportSenderGroup_Crestpoint"},{"_id":108,"ID":108,"ReportDate":"2018-10-24T00:00:00.000Z","HotelID":497,"UserID":1176,"SendEmailToUserID":1169,"NoDataFound":true,"EmailSent":false,"InsertedDateTime":"2018-10-25T09:20:01.253Z","InsertedBy":"EmailReportSenderGroup_Cimarron","UpdatedDateTime":"2018-10-25T09:20:01.253Z","UpdatedBy":"EmailReportSenderGroup_Cimarron"},{"_id":109,"ID":109,"ReportDate":"2018-10-24T00:00:00.000Z","HotelID":340,"UserID":749,"SendEmailToUserID":733,"NoDataFound":true,"EmailSent":false,"InsertedDateTime":"2018-10-25T09:30:58.807Z","InsertedBy":"EmailReportSenderGroup_SunRay","UpdatedDateTime":"2018-10-25T09:30:58.807Z","UpdatedBy":"EmailReportSenderGroup_SunRay"},{"_id":110,"ID":110,"ReportDate":"2018-10-25T00:00:00.000Z","HotelID":340,"UserID":749,"SendEmailToUserID":733,"NoDataFound":true,"EmailSent":false,"InsertedDateTime":"2018-10-26T09:26:19.807Z","InsertedBy":"EmailReportSenderGroup_SunRay","UpdatedDateTime":"2018-10-26T09:26:19.807Z","UpdatedBy":"EmailReportSenderGroup_SunRay"},{"_id":111,"ID":111,"ReportDate":"2018-10-26T00:00:00.000Z","HotelID":340,"UserID":749,"SendEmailToUserID":733,"NoDataFound":true,"EmailSent":false,"InsertedDateTime":"2018-10-27T09:15:25.290Z","InsertedBy":"EmailReportSenderGroup_SunRay","UpdatedDateTime":"2018-10-27T09:15:25.290Z","UpdatedBy":"EmailReportSenderGroup_SunRay"},{"_id":112,"ID":112,"ReportDate":"2018-10-26T00:00:00.000Z","HotelID":416,"UserID":972,"SendEmailToUserID":954,"NoDataFound":true,"EmailSent":false,"InsertedDateTime":"2018-10-27T10:15:07.347Z","InsertedBy":"EmailReportSenderGroup_Ponderosa","UpdatedDateTime":"2018-10-27T10:15:07.347Z","UpdatedBy":"EmailReportSenderGroup_Ponderosa"},{"_id":113,"ID":113,"ReportDate":"2018-10-27T00:00:00.000Z","HotelID":340,"UserID":749,"SendEmailToUserID":733,"NoDataFound":true,"EmailSent":false,"InsertedDateTime":"2018-10-28T09:15:29.447Z","InsertedBy":"EmailReportSenderGroup_SunRay","UpdatedDateTime":"2018-10-28T09:15:29.447Z","UpdatedBy":"EmailReportSenderGroup_SunRay"},{"_id":114,"ID":114,"ReportDate":"2018-10-27T00:00:00.000Z","HotelID":416,"UserID":972,"SendEmailToUserID":954,"NoDataFound":true,"EmailSent":false,"InsertedDateTime":"2018-10-28T10:15:14.617Z","InsertedBy":"EmailReportSenderGroup_Ponderosa","UpdatedDateTime":"2018-10-28T10:15:14.617Z","UpdatedBy":"EmailReportSenderGroup_Ponderosa"},{"_id":115,"ID":115,"ReportDate":"2018-10-28T00:00:00.000Z","HotelID":340,"UserID":749,"SendEmailToUserID":733,"NoDataFound":true,"EmailSent":false,"InsertedDateTime":"2018-10-29T09:15:30.727Z","InsertedBy":"EmailReportSenderGroup_SunRay","UpdatedDateTime":"2018-10-29T09:15:30.727Z","UpdatedBy":"EmailReportSenderGroup_SunRay"},{"_id":116,"ID":116,"ReportDate":"2018-10-29T00:00:00.000Z","HotelID":340,"UserID":749,"SendEmailToUserID":733,"NoDataFound":true,"EmailSent":false,"InsertedDateTime":"2018-10-30T09:15:32.553Z","InsertedBy":"EmailReportSenderGroup_SunRay","UpdatedDateTime":"2018-10-30T09:15:32.553Z","UpdatedBy":"EmailReportSenderGroup_SunRay"},{"_id":117,"ID":117,"ReportDate":"2018-10-30T00:00:00.000Z","HotelID":428,"UserID":1007,"SendEmailToUserID":1002,"NoDataFound":true,"EmailSent":false,"InsertedDateTime":"2018-10-31T09:15:54.033Z","InsertedBy":"EmailReportSenderGroup_UNYQ","UpdatedDateTime":"2018-10-31T09:15:54.033Z","UpdatedBy":"EmailReportSenderGroup_UNYQ"},{"_id":118,"ID":118,"ReportDate":"2018-10-30T00:00:00.000Z","HotelID":340,"UserID":749,"SendEmailToUserID":733,"NoDataFound":true,"EmailSent":false,"InsertedDateTime":"2018-10-31T09:16:34.600Z","InsertedBy":"EmailReportSenderGroup_SunRay","UpdatedDateTime":"2018-10-31T09:16:34.600Z","UpdatedBy":"EmailReportSenderGroup_SunRay"},{"_id":119,"ID":119,"ReportDate":"2018-10-31T00:00:00.000Z","HotelID":340,"UserID":749,"SendEmailToUserID":733,"NoDataFound":true,"EmailSent":false,"InsertedDateTime":"2018-11-01T09:15:22.473Z","InsertedBy":"EmailReportSenderGroup_SunRay","UpdatedDateTime":"2018-11-01T09:15:22.473Z","UpdatedBy":"EmailReportSenderGroup_SunRay"},{"_id":120,"ID":120,"ReportDate":"2018-10-31T00:00:00.000Z","HotelID":416,"UserID":972,"SendEmailToUserID":954,"NoDataFound":true,"EmailSent":false,"InsertedDateTime":"2018-11-01T10:15:09.277Z","InsertedBy":"EmailReportSenderGroup_Ponderosa","UpdatedDateTime":"2018-11-01T10:15:09.277Z","UpdatedBy":"EmailReportSenderGroup_Ponderosa"},{"_id":121,"ID":121,"ReportDate":"2018-11-01T00:00:00.000Z","HotelID":340,"UserID":749,"SendEmailToUserID":733,"NoDataFound":true,"EmailSent":false,"InsertedDateTime":"2018-11-02T09:28:28.813Z","InsertedBy":"EmailReportSenderGroup_SunRay","UpdatedDateTime":"2018-11-02T09:28:28.813Z","UpdatedBy":"EmailReportSenderGroup_SunRay"},{"_id":122,"ID":122,"ReportDate":"2018-11-02T00:00:00.000Z","HotelID":420,"UserID":983,"SendEmailToUserID":979,"NoDataFound":true,"EmailSent":false,"InsertedDateTime":"2018-11-03T08:00:27.640Z","InsertedBy":"EmailReportSenderGroup_BMS","UpdatedDateTime":"2018-11-03T08:00:27.640Z","UpdatedBy":"EmailReportSenderGroup_BMS"},{"_id":123,"ID":123,"ReportDate":"2018-11-02T00:00:00.000Z","HotelID":340,"UserID":749,"SendEmailToUserID":733,"NoDataFound":true,"EmailSent":false,"InsertedDateTime":"2018-11-03T09:26:47.417Z","InsertedBy":"EmailReportSenderGroup_SunRay","UpdatedDateTime":"2018-11-03T09:26:47.417Z","UpdatedBy":"EmailReportSenderGroup_SunRay"},{"_id":124,"ID":124,"ReportDate":"2018-11-02T00:00:00.000Z","HotelID":416,"UserID":972,"SendEmailToUserID":954,"NoDataFound":true,"EmailSent":false,"InsertedDateTime":"2018-11-03T10:15:18.700Z","InsertedBy":"EmailReportSenderGroup_Ponderosa","UpdatedDateTime":"2018-11-03T10:15:18.700Z","UpdatedBy":"EmailReportSenderGroup_Ponderosa"},{"_id":125,"ID":125,"ReportDate":"2018-11-03T00:00:00.000Z","HotelID":340,"UserID":749,"SendEmailToUserID":733,"NoDataFound":true,"EmailSent":false,"InsertedDateTime":"2018-11-04T09:15:30.920Z","InsertedBy":"EmailReportSenderGroup_SunRay","UpdatedDateTime":"2018-11-04T09:15:30.920Z","UpdatedBy":"EmailReportSenderGroup_SunRay"},{"_id":126,"ID":126,"ReportDate":"2018-11-03T00:00:00.000Z","HotelID":416,"UserID":972,"SendEmailToUserID":954,"NoDataFound":true,"EmailSent":false,"InsertedDateTime":"2018-11-04T10:15:16.787Z","InsertedBy":"EmailReportSenderGroup_Ponderosa","UpdatedDateTime":"2018-11-04T10:15:16.787Z","UpdatedBy":"EmailReportSenderGroup_Ponderosa"},{"_id":127,"ID":127,"ReportDate":"2018-11-04T00:00:00.000Z","HotelID":420,"UserID":983,"SendEmailToUserID":979,"NoDataFound":true,"EmailSent":false,"InsertedDateTime":"2018-11-05T08:00:25.263Z","InsertedBy":"EmailReportSenderGroup_BMS","UpdatedDateTime":"2018-11-05T08:00:25.263Z","UpdatedBy":"EmailReportSenderGroup_BMS"},{"_id":128,"ID":128,"ReportDate":"2018-11-04T00:00:00.000Z","HotelID":429,"UserID":1008,"SendEmailToUserID":1002,"NoDataFound":true,"EmailSent":false,"InsertedDateTime":"2018-11-05T09:15:51.817Z","InsertedBy":"EmailReportSenderGroup_UNYQ","UpdatedDateTime":"2018-11-05T09:15:51.817Z","UpdatedBy":"EmailReportSenderGroup_UNYQ"},{"_id":129,"ID":129,"ReportDate":"2018-11-04T00:00:00.000Z","HotelID":340,"UserID":749,"SendEmailToUserID":733,"NoDataFound":true,"EmailSent":false,"InsertedDateTime":"2018-11-05T09:27:21.760Z","InsertedBy":"EmailReportSenderGroup_SunRay","UpdatedDateTime":"2018-11-05T09:27:21.760Z","UpdatedBy":"EmailReportSenderGroup_SunRay"},{"_id":130,"ID":130,"ReportDate":"2018-11-05T00:00:00.000Z","HotelID":340,"UserID":749,"SendEmailToUserID":733,"NoDataFound":true,"EmailSent":false,"InsertedDateTime":"2018-11-06T09:15:29.423Z","InsertedBy":"EmailReportSenderGroup_SunRay","UpdatedDateTime":"2018-11-06T09:15:29.423Z","UpdatedBy":"EmailReportSenderGroup_SunRay"},{"_id":131,"ID":131,"ReportDate":"2018-11-05T00:00:00.000Z","HotelID":429,"UserID":1008,"SendEmailToUserID":1002,"NoDataFound":true,"EmailSent":false,"InsertedDateTime":"2018-11-06T09:30:19.527Z","InsertedBy":"EmailReportSenderGroup_UNYQ","UpdatedDateTime":"2018-11-06T09:30:19.527Z","UpdatedBy":"EmailReportSenderGroup_UNYQ"},{"_id":132,"ID":132,"ReportDate":"2018-11-06T00:00:00.000Z","HotelID":340,"UserID":749,"SendEmailToUserID":733,"NoDataFound":true,"EmailSent":false,"InsertedDateTime":"2018-11-07T09:15:27.727Z","InsertedBy":"EmailReportSenderGroup_SunRay","UpdatedDateTime":"2018-11-07T09:15:27.727Z","UpdatedBy":"EmailReportSenderGroup_SunRay"},{"_id":133,"ID":133,"ReportDate":"2018-11-07T00:00:00.000Z","HotelID":340,"UserID":749,"SendEmailToUserID":733,"NoDataFound":true,"EmailSent":false,"InsertedDateTime":"2018-11-08T09:23:50.210Z","InsertedBy":"EmailReportSenderGroup_SunRay","UpdatedDateTime":"2018-11-08T09:23:50.210Z","UpdatedBy":"EmailReportSenderGroup_SunRay"},{"_id":134,"ID":134,"ReportDate":"2018-11-08T00:00:00.000Z","HotelID":433,"UserID":1014,"SendEmailToUserID":989,"NoDataFound":true,"EmailSent":false,"InsertedDateTime":"2018-11-09T09:15:24.557Z","InsertedBy":"EmailReportSenderGroup_Desai","UpdatedDateTime":"2018-11-09T09:15:24.557Z","UpdatedBy":"EmailReportSenderGroup_Desai"},{"_id":135,"ID":135,"ReportDate":"2018-11-08T00:00:00.000Z","HotelID":432,"UserID":1013,"SendEmailToUserID":1002,"NoDataFound":true,"EmailSent":false,"InsertedDateTime":"2018-11-09T09:17:03.710Z","InsertedBy":"EmailReportSenderGroup_UNYQ","UpdatedDateTime":"2018-11-09T09:17:03.710Z","UpdatedBy":"EmailReportSenderGroup_UNYQ"},{"_id":136,"ID":136,"ReportDate":"2018-11-08T00:00:00.000Z","HotelID":340,"UserID":749,"SendEmailToUserID":733,"NoDataFound":true,"EmailSent":false,"InsertedDateTime":"2018-11-09T09:45:37.923Z","InsertedBy":"EmailReportSenderGroup_SunRay","UpdatedDateTime":"2018-11-09T09:45:37.923Z","UpdatedBy":"EmailReportSenderGroup_SunRay"},{"_id":137,"ID":137,"ReportDate":"2018-11-09T00:00:00.000Z","HotelID":340,"UserID":749,"SendEmailToUserID":733,"NoDataFound":true,"EmailSent":false,"InsertedDateTime":"2018-11-10T09:15:24.707Z","InsertedBy":"EmailReportSenderGroup_SunRay","UpdatedDateTime":"2018-11-10T09:15:24.707Z","UpdatedBy":"EmailReportSenderGroup_SunRay"},{"_id":138,"ID":138,"ReportDate":"2018-11-09T00:00:00.000Z","HotelID":432,"UserID":1013,"SendEmailToUserID":1002,"NoDataFound":true,"EmailSent":false,"InsertedDateTime":"2018-11-10T09:16:09.107Z","InsertedBy":"EmailReportSenderGroup_UNYQ","UpdatedDateTime":"2018-11-10T09:16:09.107Z","UpdatedBy":"EmailReportSenderGroup_UNYQ"},{"_id":139,"ID":139,"ReportDate":"2018-11-09T00:00:00.000Z","HotelID":416,"UserID":972,"SendEmailToUserID":954,"NoDataFound":true,"EmailSent":false,"InsertedDateTime":"2018-11-10T10:15:17.727Z","InsertedBy":"EmailReportSenderGroup_Ponderosa","UpdatedDateTime":"2018-11-10T10:15:17.727Z","UpdatedBy":"EmailReportSenderGroup_Ponderosa"},{"_id":140,"ID":140,"ReportDate":"2018-11-10T00:00:00.000Z","HotelID":420,"UserID":983,"SendEmailToUserID":979,"NoDataFound":true,"EmailSent":false,"InsertedDateTime":"2018-11-11T08:00:27.337Z","InsertedBy":"EmailReportSenderGroup_BMS","UpdatedDateTime":"2018-11-11T08:00:27.337Z","UpdatedBy":"EmailReportSenderGroup_BMS"},{"_id":141,"ID":141,"ReportDate":"2018-11-10T00:00:00.000Z","HotelID":340,"UserID":749,"SendEmailToUserID":733,"NoDataFound":true,"EmailSent":false,"InsertedDateTime":"2018-11-11T09:15:28.087Z","InsertedBy":"EmailReportSenderGroup_SunRay","UpdatedDateTime":"2018-11-11T09:15:28.087Z","UpdatedBy":"EmailReportSenderGroup_SunRay"},{"_id":142,"ID":142,"ReportDate":"2018-11-10T00:00:00.000Z","HotelID":432,"UserID":1013,"SendEmailToUserID":1002,"NoDataFound":true,"EmailSent":false,"InsertedDateTime":"2018-11-11T09:45:24.257Z","InsertedBy":"EmailReportSenderGroup_UNYQ","UpdatedDateTime":"2018-11-11T09:45:24.257Z","UpdatedBy":"EmailReportSenderGroup_UNYQ"},{"_id":143,"ID":143,"ReportDate":"2018-11-11T00:00:00.000Z","HotelID":420,"UserID":983,"SendEmailToUserID":979,"NoDataFound":true,"EmailSent":false,"InsertedDateTime":"2018-11-12T08:00:30.097Z","InsertedBy":"EmailReportSenderGroup_BMS","UpdatedDateTime":"2018-11-12T08:00:30.097Z","UpdatedBy":"EmailReportSenderGroup_BMS"},{"_id":144,"ID":144,"ReportDate":"2018-11-11T00:00:00.000Z","HotelID":340,"UserID":749,"SendEmailToUserID":733,"NoDataFound":true,"EmailSent":false,"InsertedDateTime":"2018-11-12T09:15:22.083Z","InsertedBy":"EmailReportSenderGroup_SunRay","UpdatedDateTime":"2018-11-12T09:15:22.083Z","UpdatedBy":"EmailReportSenderGroup_SunRay"},{"_id":145,"ID":145,"ReportDate":"2018-11-11T00:00:00.000Z","HotelID":432,"UserID":1013,"SendEmailToUserID":1002,"NoDataFound":true,"EmailSent":false,"InsertedDateTime":"2018-11-12T09:46:19.240Z","InsertedBy":"EmailReportSenderGroup_UNYQ","UpdatedDateTime":"2018-11-12T09:46:19.240Z","UpdatedBy":"EmailReportSenderGroup_UNYQ"},{"_id":146,"ID":146,"ReportDate":"2018-11-12T00:00:00.000Z","HotelID":340,"UserID":749,"SendEmailToUserID":733,"NoDataFound":true,"EmailSent":false,"InsertedDateTime":"2018-11-13T09:54:00.217Z","InsertedBy":"EmailReportSenderGroup_SunRay","UpdatedDateTime":"2018-11-13T09:54:00.217Z","UpdatedBy":"EmailReportSenderGroup_SunRay"},{"_id":147,"ID":147,"ReportDate":"2018-11-13T00:00:00.000Z","HotelID":340,"UserID":749,"SendEmailToUserID":733,"NoDataFound":true,"EmailSent":false,"InsertedDateTime":"2018-11-14T09:15:32.860Z","InsertedBy":"EmailReportSenderGroup_SunRay","UpdatedDateTime":"2018-11-14T09:15:32.860Z","UpdatedBy":"EmailReportSenderGroup_SunRay"},{"_id":148,"ID":148,"ReportDate":"2018-11-14T00:00:00.000Z","HotelID":340,"UserID":749,"SendEmailToUserID":733,"NoDataFound":true,"EmailSent":false,"InsertedDateTime":"2018-11-15T09:15:21.273Z","InsertedBy":"EmailReportSenderGroup_SunRay","UpdatedDateTime":"2018-11-15T09:15:21.273Z","UpdatedBy":"EmailReportSenderGroup_SunRay"},{"_id":149,"ID":149,"ReportDate":"2018-11-15T00:00:00.000Z","HotelID":340,"UserID":749,"SendEmailToUserID":733,"NoDataFound":true,"EmailSent":false,"InsertedDateTime":"2018-11-16T09:15:33.247Z","InsertedBy":"EmailReportSenderGroup_SunRay","UpdatedDateTime":"2018-11-16T09:15:33.247Z","UpdatedBy":"EmailReportSenderGroup_SunRay"},{"_id":150,"ID":150,"ReportDate":"2018-11-16T00:00:00.000Z","HotelID":365,"UserID":822,"SendEmailToUserID":700,"NoDataFound":true,"EmailSent":false,"InsertedDateTime":"2018-11-17T08:15:48.087Z","InsertedBy":"EmailReportSenderGroup_Crestpoint","UpdatedDateTime":"2018-11-17T08:15:48.087Z","UpdatedBy":"EmailReportSenderGroup_Crestpoint"},{"_id":151,"ID":151,"ReportDate":"2018-11-16T00:00:00.000Z","HotelID":364,"UserID":821,"SendEmailToUserID":700,"NoDataFound":true,"EmailSent":false,"InsertedDateTime":"2018-11-17T08:15:50.637Z","InsertedBy":"EmailReportSenderGroup_Crestpoint","UpdatedDateTime":"2018-11-17T08:15:50.637Z","UpdatedBy":"EmailReportSenderGroup_Crestpoint"},{"_id":152,"ID":152,"ReportDate":"2018-11-16T00:00:00.000Z","HotelID":340,"UserID":749,"SendEmailToUserID":733,"NoDataFound":true,"EmailSent":false,"InsertedDateTime":"2018-11-17T09:45:46.150Z","InsertedBy":"EmailReportSenderGroup_SunRay","UpdatedDateTime":"2018-11-17T09:45:46.150Z","UpdatedBy":"EmailReportSenderGroup_SunRay"},{"_id":153,"ID":153,"ReportDate":"2018-11-17T00:00:00.000Z","HotelID":420,"UserID":983,"SendEmailToUserID":979,"NoDataFound":true,"EmailSent":false,"InsertedDateTime":"2018-11-18T08:00:22.607Z","InsertedBy":"EmailReportSenderGroup_BMS","UpdatedDateTime":"2018-11-18T08:00:22.607Z","UpdatedBy":"EmailReportSenderGroup_BMS"},{"_id":154,"ID":154,"ReportDate":"2018-11-17T00:00:00.000Z","HotelID":364,"UserID":821,"SendEmailToUserID":700,"NoDataFound":true,"EmailSent":false,"InsertedDateTime":"2018-11-18T08:19:31.953Z","InsertedBy":"EmailReportSenderGroup_Crestpoint","UpdatedDateTime":"2018-11-18T08:19:31.953Z","UpdatedBy":"EmailReportSenderGroup_Crestpoint"},{"_id":155,"ID":155,"ReportDate":"2018-11-17T00:00:00.000Z","HotelID":340,"UserID":749,"SendEmailToUserID":733,"NoDataFound":true,"EmailSent":false,"InsertedDateTime":"2018-11-18T09:15:22.157Z","InsertedBy":"EmailReportSenderGroup_SunRay","UpdatedDateTime":"2018-11-18T09:15:22.157Z","UpdatedBy":"EmailReportSenderGroup_SunRay"},{"_id":156,"ID":156,"ReportDate":"2018-11-18T00:00:00.000Z","HotelID":340,"UserID":749,"SendEmailToUserID":733,"NoDataFound":true,"EmailSent":false,"InsertedDateTime":"2018-11-19T09:15:36.207Z","InsertedBy":"EmailReportSenderGroup_SunRay","UpdatedDateTime":"2018-11-19T09:15:36.207Z","UpdatedBy":"EmailReportSenderGroup_SunRay"},{"_id":157,"ID":157,"ReportDate":"2018-11-19T00:00:00.000Z","HotelID":340,"UserID":749,"SendEmailToUserID":733,"NoDataFound":true,"EmailSent":false,"InsertedDateTime":"2018-11-20T09:15:38.977Z","InsertedBy":"EmailReportSenderGroup_SunRay","UpdatedDateTime":"2018-11-20T09:15:38.977Z","UpdatedBy":"EmailReportSenderGroup_SunRay"},{"_id":158,"ID":158,"ReportDate":"2018-11-20T00:00:00.000Z","HotelID":340,"UserID":749,"SendEmailToUserID":733,"NoDataFound":true,"EmailSent":false,"InsertedDateTime":"2018-11-21T09:15:33.957Z","InsertedBy":"EmailReportSenderGroup_SunRay","UpdatedDateTime":"2018-11-21T09:15:33.957Z","UpdatedBy":"EmailReportSenderGroup_SunRay"},{"_id":159,"ID":159,"ReportDate":"2018-11-21T00:00:00.000Z","HotelID":432,"UserID":1013,"SendEmailToUserID":1002,"NoDataFound":true,"EmailSent":false,"InsertedDateTime":"2018-11-22T09:15:41.230Z","InsertedBy":"EmailReportSenderGroup_UNYQ","UpdatedDateTime":"2018-11-22T09:15:41.230Z","UpdatedBy":"EmailReportSenderGroup_UNYQ"},{"_id":160,"ID":160,"ReportDate":"2018-11-21T00:00:00.000Z","HotelID":340,"UserID":749,"SendEmailToUserID":733,"NoDataFound":true,"EmailSent":false,"InsertedDateTime":"2018-11-22T09:15:48.487Z","InsertedBy":"EmailReportSenderGroup_SunRay","UpdatedDateTime":"2018-11-22T09:15:48.487Z","UpdatedBy":"EmailReportSenderGroup_SunRay"},{"_id":161,"ID":161,"ReportDate":"2018-11-22T00:00:00.000Z","HotelID":427,"UserID":1005,"SendEmailToUserID":1002,"NoDataFound":true,"EmailSent":false,"InsertedDateTime":"2018-11-23T09:15:55.520Z","InsertedBy":"EmailReportSenderGroup_UNYQ","UpdatedDateTime":"2018-11-23T09:15:55.520Z","UpdatedBy":"EmailReportSenderGroup_UNYQ"},{"_id":162,"ID":162,"ReportDate":"2018-11-22T00:00:00.000Z","HotelID":340,"UserID":749,"SendEmailToUserID":733,"NoDataFound":true,"EmailSent":false,"InsertedDateTime":"2018-11-23T09:29:49.153Z","InsertedBy":"EmailReportSenderGroup_SunRay","UpdatedDateTime":"2018-11-23T09:29:49.153Z","UpdatedBy":"EmailReportSenderGroup_SunRay"},{"_id":163,"ID":163,"ReportDate":"2018-11-22T00:00:00.000Z","HotelID":432,"UserID":1013,"SendEmailToUserID":1002,"NoDataFound":true,"EmailSent":false,"InsertedDateTime":"2018-11-23T09:30:25.300Z","InsertedBy":"EmailReportSenderGroup_UNYQ","UpdatedDateTime":"2018-11-23T09:30:25.300Z","UpdatedBy":"EmailReportSenderGroup_UNYQ"},{"_id":164,"ID":164,"ReportDate":"2018-11-23T00:00:00.000Z","HotelID":364,"UserID":821,"SendEmailToUserID":700,"NoDataFound":true,"EmailSent":false,"InsertedDateTime":"2018-11-24T08:15:49.550Z","InsertedBy":"EmailReportSenderGroup_Crestpoint","UpdatedDateTime":"2018-11-24T08:15:49.550Z","UpdatedBy":"EmailReportSenderGroup_Crestpoint"},{"_id":165,"ID":165,"ReportDate":"2018-11-23T00:00:00.000Z","HotelID":339,"UserID":748,"SendEmailToUserID":733,"NoDataFound":true,"EmailSent":false,"InsertedDateTime":"2018-11-24T09:15:50.597Z","InsertedBy":"EmailReportSenderGroup_SunRay","UpdatedDateTime":"2018-11-24T09:15:50.597Z","UpdatedBy":"EmailReportSenderGroup_SunRay"},{"_id":166,"ID":166,"ReportDate":"2018-11-23T00:00:00.000Z","HotelID":340,"UserID":749,"SendEmailToUserID":733,"NoDataFound":true,"EmailSent":false,"InsertedDateTime":"2018-11-24T09:15:51.917Z","InsertedBy":"EmailReportSenderGroup_SunRay","UpdatedDateTime":"2018-11-24T09:15:51.917Z","UpdatedBy":"EmailReportSenderGroup_SunRay"},{"_id":167,"ID":167,"ReportDate":"2018-11-24T00:00:00.000Z","HotelID":420,"UserID":983,"SendEmailToUserID":979,"NoDataFound":true,"EmailSent":false,"InsertedDateTime":"2018-11-25T08:00:37.570Z","InsertedBy":"EmailReportSenderGroup_BMS","UpdatedDateTime":"2018-11-25T08:00:37.570Z","UpdatedBy":"EmailReportSenderGroup_BMS"},{"_id":168,"ID":168,"ReportDate":"2018-11-24T00:00:00.000Z","HotelID":364,"UserID":821,"SendEmailToUserID":700,"NoDataFound":true,"EmailSent":false,"InsertedDateTime":"2018-11-25T08:15:40.853Z","InsertedBy":"EmailReportSenderGroup_Crestpoint","UpdatedDateTime":"2018-11-25T08:15:40.853Z","UpdatedBy":"EmailReportSenderGroup_Crestpoint"},{"_id":169,"ID":169,"ReportDate":"2018-11-24T00:00:00.000Z","HotelID":340,"UserID":749,"SendEmailToUserID":733,"NoDataFound":true,"EmailSent":false,"InsertedDateTime":"2018-11-25T09:24:22.433Z","InsertedBy":"EmailReportSenderGroup_SunRay","UpdatedDateTime":"2018-11-25T09:24:22.433Z","UpdatedBy":"EmailReportSenderGroup_SunRay"},{"_id":170,"ID":170,"ReportDate":"2018-11-25T00:00:00.000Z","HotelID":432,"UserID":1013,"SendEmailToUserID":1002,"NoDataFound":true,"EmailSent":false,"InsertedDateTime":"2018-11-26T09:15:39.200Z","InsertedBy":"EmailReportSenderGroup_UNYQ","UpdatedDateTime":"2018-11-26T09:15:39.200Z","UpdatedBy":"EmailReportSenderGroup_UNYQ"},{"_id":171,"ID":171,"ReportDate":"2018-11-25T00:00:00.000Z","HotelID":340,"UserID":749,"SendEmailToUserID":733,"NoDataFound":true,"EmailSent":false,"InsertedDateTime":"2018-11-26T09:15:43.527Z","InsertedBy":"EmailReportSenderGroup_SunRay","UpdatedDateTime":"2018-11-26T09:15:43.527Z","UpdatedBy":"EmailReportSenderGroup_SunRay"},{"_id":172,"ID":172,"ReportDate":"2018-11-26T00:00:00.000Z","HotelID":432,"UserID":1013,"SendEmailToUserID":1002,"NoDataFound":true,"EmailSent":false,"InsertedDateTime":"2018-11-27T09:26:29.940Z","InsertedBy":"EmailReportSenderGroup_UNYQ","UpdatedDateTime":"2018-11-27T09:26:29.940Z","UpdatedBy":"EmailReportSenderGroup_UNYQ"},{"_id":173,"ID":173,"ReportDate":"2018-11-26T00:00:00.000Z","HotelID":340,"UserID":749,"SendEmailToUserID":733,"NoDataFound":true,"EmailSent":false,"InsertedDateTime":"2018-11-27T09:33:43.250Z","InsertedBy":"EmailReportSenderGroup_SunRay","UpdatedDateTime":"2018-11-27T09:33:43.250Z","UpdatedBy":"EmailReportSenderGroup_SunRay"},{"_id":174,"ID":174,"ReportDate":"2018-11-27T00:00:00.000Z","HotelID":340,"UserID":749,"SendEmailToUserID":733,"NoDataFound":true,"EmailSent":false,"InsertedDateTime":"2018-11-28T10:40:01.867Z","InsertedBy":"EmailReportSenderGroup_SunRay","UpdatedDateTime":"2018-11-28T10:40:01.867Z","UpdatedBy":"EmailReportSenderGroup_SunRay"},{"_id":175,"ID":175,"ReportDate":"2018-11-28T00:00:00.000Z","HotelID":340,"UserID":749,"SendEmailToUserID":733,"NoDataFound":true,"EmailSent":false,"InsertedDateTime":"2018-11-29T09:15:46.737Z","InsertedBy":"EmailReportSenderGroup_SunRay","UpdatedDateTime":"2018-11-29T09:15:46.737Z","UpdatedBy":"EmailReportSenderGroup_SunRay"},{"_id":176,"ID":176,"ReportDate":"2018-11-29T00:00:00.000Z","HotelID":322,"UserID":702,"SendEmailToUserID":700,"NoDataFound":true,"EmailSent":false,"InsertedDateTime":"2018-11-30T08:16:02.180Z","InsertedBy":"EmailReportSenderGroup_Crestpoint","UpdatedDateTime":"2018-11-30T08:16:02.180Z","UpdatedBy":"EmailReportSenderGroup_Crestpoint"},{"_id":177,"ID":177,"ReportDate":"2018-11-29T00:00:00.000Z","HotelID":340,"UserID":749,"SendEmailToUserID":733,"NoDataFound":true,"EmailSent":false,"InsertedDateTime":"2018-11-30T09:15:42.020Z","InsertedBy":"EmailReportSenderGroup_SunRay","UpdatedDateTime":"2018-11-30T09:15:42.020Z","UpdatedBy":"EmailReportSenderGroup_SunRay"},{"_id":178,"ID":178,"ReportDate":"2018-11-29T00:00:00.000Z","HotelID":346,"UserID":780,"SendEmailToUserID":700,"NoDataFound":true,"EmailSent":false,"InsertedDateTime":"2018-11-30T09:15:47.790Z","InsertedBy":"EmailReportSenderGroup_Crestpoint","UpdatedDateTime":"2018-11-30T09:15:47.790Z","UpdatedBy":"EmailReportSenderGroup_Crestpoint"},{"_id":179,"ID":179,"ReportDate":"2018-11-29T00:00:00.000Z","HotelID":433,"UserID":1014,"SendEmailToUserID":989,"NoDataFound":true,"EmailSent":false,"InsertedDateTime":"2018-11-30T09:24:27.973Z","InsertedBy":"EmailReportSenderGroup_Desai","UpdatedDateTime":"2018-11-30T09:24:27.973Z","UpdatedBy":"EmailReportSenderGroup_Desai"},{"_id":180,"ID":180,"ReportDate":"2018-11-29T00:00:00.000Z","HotelID":431,"UserID":1012,"SendEmailToUserID":989,"NoDataFound":true,"EmailSent":false,"InsertedDateTime":"2018-11-30T09:24:34.970Z","InsertedBy":"EmailReportSenderGroup_Desai","UpdatedDateTime":"2018-11-30T09:24:34.970Z","UpdatedBy":"EmailReportSenderGroup_Desai"},{"_id":181,"ID":181,"ReportDate":"2018-11-30T00:00:00.000Z","HotelID":365,"UserID":822,"SendEmailToUserID":700,"NoDataFound":true,"EmailSent":false,"InsertedDateTime":"2018-12-01T08:15:43.917Z","InsertedBy":"EmailReportSenderGroup_Crestpoint","UpdatedDateTime":"2018-12-01T08:15:43.917Z","UpdatedBy":"EmailReportSenderGroup_Crestpoint"},{"_id":182,"ID":182,"ReportDate":"2018-12-01T00:00:00.000Z","HotelID":364,"UserID":821,"SendEmailToUserID":700,"NoDataFound":true,"EmailSent":false,"InsertedDateTime":"2018-12-02T08:39:12.610Z","InsertedBy":"EmailReportSenderGroup_Crestpoint","UpdatedDateTime":"2018-12-02T08:39:12.610Z","UpdatedBy":"EmailReportSenderGroup_Crestpoint"},{"_id":183,"ID":183,"ReportDate":"2018-12-01T00:00:00.000Z","HotelID":339,"UserID":748,"SendEmailToUserID":733,"NoDataFound":true,"EmailSent":false,"InsertedDateTime":"2018-12-02T09:33:57.147Z","InsertedBy":"EmailReportSenderGroup_SunRay","UpdatedDateTime":"2018-12-02T09:33:57.147Z","UpdatedBy":"EmailReportSenderGroup_SunRay"},{"_id":184,"ID":184,"ReportDate":"2018-12-02T00:00:00.000Z","HotelID":339,"UserID":748,"SendEmailToUserID":733,"NoDataFound":true,"EmailSent":false,"InsertedDateTime":"2018-12-03T09:15:53.790Z","InsertedBy":"EmailReportSenderGroup_SunRay","UpdatedDateTime":"2018-12-03T09:15:53.790Z","UpdatedBy":"EmailReportSenderGroup_SunRay"},{"_id":185,"ID":185,"ReportDate":"2018-12-03T00:00:00.000Z","HotelID":339,"UserID":748,"SendEmailToUserID":733,"NoDataFound":true,"EmailSent":false,"InsertedDateTime":"2018-12-04T09:15:57.037Z","InsertedBy":"EmailReportSenderGroup_SunRay","UpdatedDateTime":"2018-12-04T09:15:57.037Z","UpdatedBy":"EmailReportSenderGroup_SunRay"},{"_id":186,"ID":186,"ReportDate":"2018-12-04T00:00:00.000Z","HotelID":365,"UserID":822,"SendEmailToUserID":700,"NoDataFound":true,"EmailSent":false,"InsertedDateTime":"2018-12-05T08:16:18.593Z","InsertedBy":"EmailReportSenderGroup_Crestpoint","UpdatedDateTime":"2018-12-05T08:16:18.593Z","UpdatedBy":"EmailReportSenderGroup_Crestpoint"},{"_id":187,"ID":187,"ReportDate":"2018-12-07T00:00:00.000Z","HotelID":364,"UserID":821,"SendEmailToUserID":700,"NoDataFound":true,"EmailSent":false,"InsertedDateTime":"2018-12-08T08:15:37.270Z","InsertedBy":"EmailReportSenderGroup_Crestpoint","UpdatedDateTime":"2018-12-08T08:15:37.270Z","UpdatedBy":"EmailReportSenderGroup_Crestpoint"},{"_id":188,"ID":188,"ReportDate":"2018-12-08T00:00:00.000Z","HotelID":364,"UserID":821,"SendEmailToUserID":700,"NoDataFound":true,"EmailSent":false,"InsertedDateTime":"2018-12-09T08:15:51.287Z","InsertedBy":"EmailReportSenderGroup_Crestpoint","UpdatedDateTime":"2018-12-09T08:15:51.287Z","UpdatedBy":"EmailReportSenderGroup_Crestpoint"},{"_id":189,"ID":189,"ReportDate":"2018-12-09T00:00:00.000Z","HotelID":420,"UserID":983,"SendEmailToUserID":979,"NoDataFound":true,"EmailSent":false,"InsertedDateTime":"2018-12-10T08:00:27.890Z","InsertedBy":"EmailReportSenderGroup_BMS","UpdatedDateTime":"2018-12-10T08:00:27.890Z","UpdatedBy":"EmailReportSenderGroup_BMS"},{"_id":190,"ID":190,"ReportDate":"2018-12-09T00:00:00.000Z","HotelID":339,"UserID":748,"SendEmailToUserID":733,"NoDataFound":true,"EmailSent":false,"InsertedDateTime":"2018-12-10T09:15:33.213Z","InsertedBy":"EmailReportSenderGroup_SunRay","UpdatedDateTime":"2018-12-10T09:15:33.213Z","UpdatedBy":"EmailReportSenderGroup_SunRay"},{"_id":191,"ID":191,"ReportDate":"2018-12-11T00:00:00.000Z","HotelID":364,"UserID":821,"SendEmailToUserID":700,"NoDataFound":true,"EmailSent":false,"InsertedDateTime":"2018-12-12T08:20:03.977Z","InsertedBy":"EmailReportSenderGroup_Crestpoint","UpdatedDateTime":"2018-12-12T08:20:03.977Z","UpdatedBy":"EmailReportSenderGroup_Crestpoint"},{"_id":192,"ID":192,"ReportDate":"2018-12-12T00:00:00.000Z","HotelID":364,"UserID":821,"SendEmailToUserID":700,"NoDataFound":true,"EmailSent":false,"InsertedDateTime":"2018-12-13T08:15:39.340Z","InsertedBy":"EmailReportSenderGroup_Crestpoint","UpdatedDateTime":"2018-12-13T08:15:39.340Z","UpdatedBy":"EmailReportSenderGroup_Crestpoint"},{"_id":193,"ID":193,"ReportDate":"2018-12-13T00:00:00.000Z","HotelID":364,"UserID":821,"SendEmailToUserID":700,"NoDataFound":true,"EmailSent":false,"InsertedDateTime":"2018-12-14T08:16:09.477Z","InsertedBy":"EmailReportSenderGroup_Crestpoint","UpdatedDateTime":"2018-12-14T08:16:09.477Z","UpdatedBy":"EmailReportSenderGroup_Crestpoint"},{"_id":194,"ID":194,"ReportDate":"2018-12-14T00:00:00.000Z","HotelID":364,"UserID":821,"SendEmailToUserID":700,"NoDataFound":true,"EmailSent":false,"InsertedDateTime":"2018-12-15T08:27:25.293Z","InsertedBy":"EmailReportSenderGroup_Crestpoint","UpdatedDateTime":"2018-12-15T08:27:25.293Z","UpdatedBy":"EmailReportSenderGroup_Crestpoint"},{"_id":195,"ID":195,"ReportDate":"2018-12-15T00:00:00.000Z","HotelID":420,"UserID":983,"SendEmailToUserID":979,"NoDataFound":true,"EmailSent":false,"InsertedDateTime":"2018-12-16T08:00:29.833Z","InsertedBy":"EmailReportSenderGroup_BMS","UpdatedDateTime":"2018-12-16T08:00:29.833Z","UpdatedBy":"EmailReportSenderGroup_BMS"},{"_id":196,"ID":196,"ReportDate":"2018-12-15T00:00:00.000Z","HotelID":364,"UserID":821,"SendEmailToUserID":700,"NoDataFound":true,"EmailSent":false,"InsertedDateTime":"2018-12-16T08:15:46.377Z","InsertedBy":"EmailReportSenderGroup_Crestpoint","UpdatedDateTime":"2018-12-16T08:15:46.377Z","UpdatedBy":"EmailReportSenderGroup_Crestpoint"},{"_id":197,"ID":197,"ReportDate":"2018-12-16T00:00:00.000Z","HotelID":420,"UserID":983,"SendEmailToUserID":979,"NoDataFound":true,"EmailSent":false,"InsertedDateTime":"2018-12-17T08:00:42.467Z","InsertedBy":"EmailReportSenderGroup_BMS","UpdatedDateTime":"2018-12-17T08:00:42.467Z","UpdatedBy":"EmailReportSenderGroup_BMS"},{"_id":198,"ID":198,"ReportDate":"2018-12-16T00:00:00.000Z","HotelID":364,"UserID":821,"SendEmailToUserID":700,"NoDataFound":true,"EmailSent":false,"InsertedDateTime":"2018-12-17T08:15:53.493Z","InsertedBy":"EmailReportSenderGroup_Crestpoint","UpdatedDateTime":"2018-12-17T08:15:53.493Z","UpdatedBy":"EmailReportSenderGroup_Crestpoint"},{"_id":199,"ID":199,"ReportDate":"2018-12-17T00:00:00.000Z","HotelID":364,"UserID":821,"SendEmailToUserID":700,"NoDataFound":true,"EmailSent":false,"InsertedDateTime":"2018-12-18T08:15:51.573Z","InsertedBy":"EmailReportSenderGroup_Crestpoint","UpdatedDateTime":"2018-12-18T08:15:51.573Z","UpdatedBy":"EmailReportSenderGroup_Crestpoint"},{"_id":200,"ID":200,"ReportDate":"2018-12-18T00:00:00.000Z","HotelID":364,"UserID":821,"SendEmailToUserID":700,"NoDataFound":true,"EmailSent":false,"InsertedDateTime":"2018-12-19T08:16:30.137Z","InsertedBy":"EmailReportSenderGroup_Crestpoint","UpdatedDateTime":"2018-12-19T08:16:30.137Z","UpdatedBy":"EmailReportSenderGroup_Crestpoint"},{"_id":201,"ID":201,"ReportDate":"2018-12-19T00:00:00.000Z","HotelID":420,"UserID":983,"SendEmailToUserID":979,"NoDataFound":true,"EmailSent":false,"InsertedDateTime":"2018-12-20T08:00:47.027Z","InsertedBy":"EmailReportSenderGroup_BMS","UpdatedDateTime":"2018-12-20T08:00:47.027Z","UpdatedBy":"EmailReportSenderGroup_BMS"},{"_id":202,"ID":202,"ReportDate":"2018-12-19T00:00:00.000Z","HotelID":364,"UserID":821,"SendEmailToUserID":700,"NoDataFound":true,"EmailSent":false,"InsertedDateTime":"2018-12-20T08:17:12.053Z","InsertedBy":"EmailReportSenderGroup_Crestpoint","UpdatedDateTime":"2018-12-20T08:17:12.053Z","UpdatedBy":"EmailReportSenderGroup_Crestpoint"},{"_id":203,"ID":203,"ReportDate":"2018-12-20T00:00:00.000Z","HotelID":365,"UserID":822,"SendEmailToUserID":700,"NoDataFound":true,"EmailSent":false,"InsertedDateTime":"2018-12-21T08:15:45.647Z","InsertedBy":"EmailReportSenderGroup_Crestpoint","UpdatedDateTime":"2018-12-21T08:15:45.647Z","UpdatedBy":"EmailReportSenderGroup_Crestpoint"},{"_id":204,"ID":204,"ReportDate":"2018-12-20T00:00:00.000Z","HotelID":364,"UserID":821,"SendEmailToUserID":700,"NoDataFound":true,"EmailSent":false,"InsertedDateTime":"2018-12-21T08:15:48.677Z","InsertedBy":"EmailReportSenderGroup_Crestpoint","UpdatedDateTime":"2018-12-21T08:15:48.677Z","UpdatedBy":"EmailReportSenderGroup_Crestpoint"},{"_id":205,"ID":205,"ReportDate":"2018-12-20T00:00:00.000Z","HotelID":419,"UserID":982,"SendEmailToUserID":979,"NoDataFound":true,"EmailSent":false,"InsertedDateTime":"2018-12-21T11:16:07.483Z","InsertedBy":"EmailReportSenderGroup_BMS","UpdatedDateTime":"2018-12-21T11:16:07.483Z","UpdatedBy":"EmailReportSenderGroup_BMS"},{"_id":206,"ID":206,"ReportDate":"2018-12-21T00:00:00.000Z","HotelID":420,"UserID":983,"SendEmailToUserID":979,"NoDataFound":true,"EmailSent":false,"InsertedDateTime":"2018-12-22T08:01:41.573Z","InsertedBy":"EmailReportSenderGroup_BMS","UpdatedDateTime":"2018-12-22T08:01:41.573Z","UpdatedBy":"EmailReportSenderGroup_BMS"},{"_id":207,"ID":207,"ReportDate":"2018-12-21T00:00:00.000Z","HotelID":365,"UserID":822,"SendEmailToUserID":700,"NoDataFound":true,"EmailSent":false,"InsertedDateTime":"2018-12-22T08:16:39.863Z","InsertedBy":"EmailReportSenderGroup_Crestpoint","UpdatedDateTime":"2018-12-22T08:16:39.863Z","UpdatedBy":"EmailReportSenderGroup_Crestpoint"},{"_id":208,"ID":208,"ReportDate":"2018-12-21T00:00:00.000Z","HotelID":364,"UserID":821,"SendEmailToUserID":700,"NoDataFound":true,"EmailSent":false,"InsertedDateTime":"2018-12-22T08:16:41.463Z","InsertedBy":"EmailReportSenderGroup_Crestpoint","UpdatedDateTime":"2018-12-22T08:16:41.463Z","UpdatedBy":"EmailReportSenderGroup_Crestpoint"},{"_id":209,"ID":209,"ReportDate":"2018-12-21T00:00:00.000Z","HotelID":428,"UserID":1007,"SendEmailToUserID":1002,"NoDataFound":true,"EmailSent":false,"InsertedDateTime":"2018-12-22T09:46:48.400Z","InsertedBy":"EmailReportSenderGroup_UNYQ","UpdatedDateTime":"2018-12-22T09:46:48.400Z","UpdatedBy":"EmailReportSenderGroup_UNYQ"},{"_id":210,"ID":210,"ReportDate":"2018-12-21T00:00:00.000Z","HotelID":419,"UserID":982,"SendEmailToUserID":979,"NoDataFound":true,"EmailSent":false,"InsertedDateTime":"2018-12-22T11:15:37.277Z","InsertedBy":"EmailReportSenderGroup_BMS","UpdatedDateTime":"2018-12-22T11:15:37.277Z","UpdatedBy":"EmailReportSenderGroup_BMS"},{"_id":211,"ID":211,"ReportDate":"2018-12-22T00:00:00.000Z","HotelID":420,"UserID":983,"SendEmailToUserID":979,"NoDataFound":true,"EmailSent":false,"InsertedDateTime":"2018-12-23T08:01:11.307Z","InsertedBy":"EmailReportSenderGroup_BMS","UpdatedDateTime":"2018-12-23T08:01:11.307Z","UpdatedBy":"EmailReportSenderGroup_BMS"},{"_id":212,"ID":212,"ReportDate":"2018-12-22T00:00:00.000Z","HotelID":365,"UserID":822,"SendEmailToUserID":700,"NoDataFound":true,"EmailSent":false,"InsertedDateTime":"2018-12-23T08:16:05.547Z","InsertedBy":"EmailReportSenderGroup_Crestpoint","UpdatedDateTime":"2018-12-23T08:16:05.547Z","UpdatedBy":"EmailReportSenderGroup_Crestpoint"},{"_id":213,"ID":213,"ReportDate":"2018-12-22T00:00:00.000Z","HotelID":364,"UserID":821,"SendEmailToUserID":700,"NoDataFound":true,"EmailSent":false,"InsertedDateTime":"2018-12-23T08:47:25.590Z","InsertedBy":"EmailReportSenderGroup_Crestpoint","UpdatedDateTime":"2018-12-23T08:47:25.590Z","UpdatedBy":"EmailReportSenderGroup_Crestpoint"},{"_id":214,"ID":214,"ReportDate":"2018-12-22T00:00:00.000Z","HotelID":427,"UserID":1005,"SendEmailToUserID":1002,"NoDataFound":true,"EmailSent":false,"InsertedDateTime":"2018-12-23T09:16:59.847Z","InsertedBy":"EmailReportSenderGroup_UNYQ","UpdatedDateTime":"2018-12-23T09:16:59.847Z","UpdatedBy":"EmailReportSenderGroup_UNYQ"},{"_id":215,"ID":215,"ReportDate":"2018-12-22T00:00:00.000Z","HotelID":419,"UserID":981,"SendEmailToUserID":979,"NoDataFound":true,"EmailSent":false,"InsertedDateTime":"2018-12-23T11:15:48.170Z","InsertedBy":"EmailReportSenderGroup_BMS","UpdatedDateTime":"2018-12-23T11:15:48.170Z","UpdatedBy":"EmailReportSenderGroup_BMS"},{"_id":216,"ID":216,"ReportDate":"2018-12-23T00:00:00.000Z","HotelID":432,"UserID":1013,"SendEmailToUserID":1002,"NoDataFound":true,"EmailSent":false,"InsertedDateTime":"2018-12-24T09:15:39.253Z","InsertedBy":"EmailReportSenderGroup_UNYQ","UpdatedDateTime":"2018-12-24T09:15:39.253Z","UpdatedBy":"EmailReportSenderGroup_UNYQ"},{"_id":217,"ID":217,"ReportDate":"2018-12-24T00:00:00.000Z","HotelID":364,"UserID":821,"SendEmailToUserID":700,"NoDataFound":true,"EmailSent":false,"InsertedDateTime":"2018-12-25T08:15:27.250Z","InsertedBy":"EmailReportSenderGroup_Crestpoint","UpdatedDateTime":"2018-12-25T08:15:27.250Z","UpdatedBy":"EmailReportSenderGroup_Crestpoint"},{"_id":218,"ID":218,"ReportDate":"2018-12-25T00:00:00.000Z","HotelID":364,"UserID":821,"SendEmailToUserID":700,"NoDataFound":true,"EmailSent":false,"InsertedDateTime":"2018-12-26T08:15:32.237Z","InsertedBy":"EmailReportSenderGroup_Crestpoint","UpdatedDateTime":"2018-12-26T08:15:32.240Z","UpdatedBy":"EmailReportSenderGroup_Crestpoint"},{"_id":219,"ID":219,"ReportDate":"2018-12-26T00:00:00.000Z","HotelID":364,"UserID":821,"SendEmailToUserID":700,"NoDataFound":true,"EmailSent":false,"InsertedDateTime":"2018-12-27T08:15:44.390Z","InsertedBy":"EmailReportSenderGroup_Crestpoint","UpdatedDateTime":"2018-12-27T08:15:44.390Z","UpdatedBy":"EmailReportSenderGroup_Crestpoint"},{"_id":220,"ID":220,"ReportDate":"2018-12-27T00:00:00.000Z","HotelID":364,"UserID":821,"SendEmailToUserID":700,"NoDataFound":true,"EmailSent":false,"InsertedDateTime":"2018-12-28T08:15:35.997Z","InsertedBy":"EmailReportSenderGroup_Crestpoint","UpdatedDateTime":"2018-12-28T08:15:35.997Z","UpdatedBy":"EmailReportSenderGroup_Crestpoint"},{"_id":221,"ID":221,"ReportDate":"2018-12-27T00:00:00.000Z","HotelID":426,"UserID":998,"SendEmailToUserID":989,"NoDataFound":true,"EmailSent":false,"InsertedDateTime":"2018-12-28T09:15:24.667Z","InsertedBy":"EmailReportSenderGroup_Desai","UpdatedDateTime":"2018-12-28T09:15:24.667Z","UpdatedBy":"EmailReportSenderGroup_Desai"},{"_id":222,"ID":222,"ReportDate":"2018-12-28T00:00:00.000Z","HotelID":420,"UserID":983,"SendEmailToUserID":979,"NoDataFound":true,"EmailSent":false,"InsertedDateTime":"2018-12-29T08:00:34.760Z","InsertedBy":"EmailReportSenderGroup_BMS","UpdatedDateTime":"2018-12-29T08:00:34.760Z","UpdatedBy":"EmailReportSenderGroup_BMS"},{"_id":223,"ID":223,"ReportDate":"2018-12-28T00:00:00.000Z","HotelID":364,"UserID":821,"SendEmailToUserID":700,"NoDataFound":true,"EmailSent":false,"InsertedDateTime":"2018-12-29T08:15:35.120Z","InsertedBy":"EmailReportSenderGroup_Crestpoint","UpdatedDateTime":"2018-12-29T08:15:35.120Z","UpdatedBy":"EmailReportSenderGroup_Crestpoint"},{"_id":224,"ID":224,"ReportDate":"2018-12-29T00:00:00.000Z","HotelID":420,"UserID":983,"SendEmailToUserID":979,"NoDataFound":true,"EmailSent":false,"InsertedDateTime":"2018-12-30T08:00:29.037Z","InsertedBy":"EmailReportSenderGroup_BMS","UpdatedDateTime":"2018-12-30T08:00:29.037Z","UpdatedBy":"EmailReportSenderGroup_BMS"},{"_id":225,"ID":225,"ReportDate":"2018-12-29T00:00:00.000Z","HotelID":364,"UserID":821,"SendEmailToUserID":700,"NoDataFound":true,"EmailSent":false,"InsertedDateTime":"2018-12-30T08:16:10.243Z","InsertedBy":"EmailReportSenderGroup_Crestpoint","UpdatedDateTime":"2018-12-30T08:16:10.243Z","UpdatedBy":"EmailReportSenderGroup_Crestpoint"},{"_id":226,"ID":226,"ReportDate":"2018-12-30T00:00:00.000Z","HotelID":420,"UserID":983,"SendEmailToUserID":979,"NoDataFound":true,"EmailSent":false,"InsertedDateTime":"2018-12-31T08:00:25.650Z","InsertedBy":"EmailReportSenderGroup_BMS","UpdatedDateTime":"2018-12-31T08:00:25.650Z","UpdatedBy":"EmailReportSenderGroup_BMS"},{"_id":227,"ID":227,"ReportDate":"2018-12-30T00:00:00.000Z","HotelID":364,"UserID":821,"SendEmailToUserID":700,"NoDataFound":true,"EmailSent":false,"InsertedDateTime":"2018-12-31T08:28:05.123Z","InsertedBy":"EmailReportSenderGroup_Crestpoint","UpdatedDateTime":"2018-12-31T08:28:05.123Z","UpdatedBy":"EmailReportSenderGroup_Crestpoint"},{"_id":228,"ID":228,"ReportDate":"2019-01-01T00:00:00.000Z","HotelID":364,"UserID":821,"SendEmailToUserID":700,"NoDataFound":true,"EmailSent":false,"InsertedDateTime":"2019-01-02T08:15:30.320Z","InsertedBy":"EmailReportSenderSVCGroup_Crestpoint","UpdatedDateTime":"2019-01-02T08:15:30.320Z","UpdatedBy":"EmailReportSenderSVCGroup_Crestpoint"},{"_id":229,"ID":229,"ReportDate":"2019-01-02T00:00:00.000Z","HotelID":364,"UserID":821,"SendEmailToUserID":700,"NoDataFound":true,"EmailSent":false,"InsertedDateTime":"2019-01-03T08:15:54.687Z","InsertedBy":"EmailReportSenderSVCGroup_Crestpoint","UpdatedDateTime":"2019-01-03T08:15:54.687Z","UpdatedBy":"EmailReportSenderSVCGroup_Crestpoint"},{"_id":230,"ID":230,"ReportDate":"2019-01-02T00:00:00.000Z","HotelID":339,"UserID":748,"SendEmailToUserID":733,"NoDataFound":true,"EmailSent":false,"InsertedDateTime":"2019-01-03T09:15:27.693Z","InsertedBy":"EmailReportSenderSVCGroup_SunRay","UpdatedDateTime":"2019-01-03T09:15:27.693Z","UpdatedBy":"EmailReportSenderSVCGroup_SunRay"},{"_id":231,"ID":231,"ReportDate":"2019-01-03T00:00:00.000Z","HotelID":420,"UserID":983,"SendEmailToUserID":979,"NoDataFound":true,"EmailSent":false,"InsertedDateTime":"2019-01-04T08:00:08.570Z","InsertedBy":"EmailReportSenderSVCGroup_BMS","UpdatedDateTime":"2019-01-04T08:00:08.570Z","UpdatedBy":"EmailReportSenderSVCGroup_BMS"},{"_id":232,"ID":232,"ReportDate":"2019-01-03T00:00:00.000Z","HotelID":364,"UserID":821,"SendEmailToUserID":700,"NoDataFound":true,"EmailSent":false,"InsertedDateTime":"2019-01-04T08:45:55.123Z","InsertedBy":"EmailReportSenderSVCGroup_Crestpoint_Secondary","UpdatedDateTime":"2019-01-04T08:45:55.123Z","UpdatedBy":"EmailReportSenderSVCGroup_Crestpoint_Secondary"},{"_id":233,"ID":233,"ReportDate":"2019-01-04T00:00:00.000Z","HotelID":420,"UserID":983,"SendEmailToUserID":979,"NoDataFound":true,"EmailSent":false,"InsertedDateTime":"2019-01-05T08:01:21.140Z","InsertedBy":"EmailReportSenderSVCGroup_BMS","UpdatedDateTime":"2019-01-05T08:01:21.140Z","UpdatedBy":"EmailReportSenderSVCGroup_BMS"},{"_id":234,"ID":234,"ReportDate":"2019-01-04T00:00:00.000Z","HotelID":364,"UserID":821,"SendEmailToUserID":700,"NoDataFound":true,"EmailSent":false,"InsertedDateTime":"2019-01-05T08:47:02.290Z","InsertedBy":"EmailReportSenderSVCGroup_Crestpoint_Secondary","UpdatedDateTime":"2019-01-05T08:47:02.290Z","UpdatedBy":"EmailReportSenderSVCGroup_Crestpoint_Secondary"},{"_id":235,"ID":235,"ReportDate":"2019-01-05T00:00:00.000Z","HotelID":364,"UserID":821,"SendEmailToUserID":700,"NoDataFound":true,"EmailSent":false,"InsertedDateTime":"2019-01-06T08:45:05.027Z","InsertedBy":"EmailReportSenderSVCGroup_Crestpoint_Secondary","UpdatedDateTime":"2019-01-06T08:45:05.027Z","UpdatedBy":"EmailReportSenderSVCGroup_Crestpoint_Secondary"},{"_id":236,"ID":236,"ReportDate":"2019-01-05T00:00:00.000Z","HotelID":420,"UserID":983,"SendEmailToUserID":979,"NoDataFound":true,"EmailSent":false,"InsertedDateTime":"2019-01-06T23:11:08.807Z","InsertedBy":"EmailReportSenderSVCGroup_BMS_Secondary","UpdatedDateTime":"2019-01-06T23:11:08.807Z","UpdatedBy":"EmailReportSenderSVCGroup_BMS_Secondary"},{"_id":237,"ID":237,"ReportDate":"2019-01-05T00:00:00.000Z","HotelID":420,"UserID":983,"SendEmailToUserID":979,"NoDataFound":true,"EmailSent":false,"InsertedDateTime":"2019-01-06T23:11:08.807Z","InsertedBy":"EmailReportSenderSVCGroup_BMS","UpdatedDateTime":"2019-01-06T23:11:08.807Z","UpdatedBy":"EmailReportSenderSVCGroup_BMS"},{"_id":238,"ID":238,"ReportDate":"2019-01-06T00:00:00.000Z","HotelID":420,"UserID":983,"SendEmailToUserID":979,"NoDataFound":true,"EmailSent":false,"InsertedDateTime":"2019-01-07T08:00:45.560Z","InsertedBy":"EmailReportSenderSVCGroup_BMS","UpdatedDateTime":"2019-01-07T08:00:45.560Z","UpdatedBy":"EmailReportSenderSVCGroup_BMS"},{"_id":239,"ID":239,"ReportDate":"2019-01-06T00:00:00.000Z","HotelID":364,"UserID":821,"SendEmailToUserID":700,"NoDataFound":true,"EmailSent":false,"InsertedDateTime":"2019-01-07T08:15:02.287Z","InsertedBy":"EmailReportSenderSVCGroup_Crestpoint","UpdatedDateTime":"2019-01-07T08:15:02.287Z","UpdatedBy":"EmailReportSenderSVCGroup_Crestpoint"},{"_id":240,"ID":240,"ReportDate":"2019-01-06T00:00:00.000Z","HotelID":432,"UserID":1013,"SendEmailToUserID":1002,"NoDataFound":true,"EmailSent":false,"InsertedDateTime":"2019-01-07T09:16:28.613Z","InsertedBy":"EmailReportSenderSVCGroup_UNYQ","UpdatedDateTime":"2019-01-07T09:16:28.613Z","UpdatedBy":"EmailReportSenderSVCGroup_UNYQ"},{"_id":241,"ID":241,"ReportDate":"2019-01-06T00:00:00.000Z","HotelID":419,"UserID":982,"SendEmailToUserID":979,"NoDataFound":true,"EmailSent":false,"InsertedDateTime":"2019-01-07T11:15:44.207Z","InsertedBy":"EmailReportSenderSVCGroup_BMS","UpdatedDateTime":"2019-01-07T11:15:44.207Z","UpdatedBy":"EmailReportSenderSVCGroup_BMS"},{"_id":242,"ID":242,"ReportDate":"2019-01-06T00:00:00.000Z","HotelID":419,"UserID":981,"SendEmailToUserID":979,"NoDataFound":true,"EmailSent":false,"InsertedDateTime":"2019-01-07T11:15:44.210Z","InsertedBy":"EmailReportSenderSVCGroup_BMS","UpdatedDateTime":"2019-01-07T11:15:44.210Z","UpdatedBy":"EmailReportSenderSVCGroup_BMS"},{"_id":243,"ID":243,"ReportDate":"2019-01-07T00:00:00.000Z","HotelID":420,"UserID":983,"SendEmailToUserID":979,"NoDataFound":true,"EmailSent":false,"InsertedDateTime":"2019-01-08T08:00:25.550Z","InsertedBy":"EmailReportSenderSVCGroup_BMS","UpdatedDateTime":"2019-01-08T08:00:25.550Z","UpdatedBy":"EmailReportSenderSVCGroup_BMS"},{"_id":244,"ID":244,"ReportDate":"2019-01-07T00:00:00.000Z","HotelID":364,"UserID":821,"SendEmailToUserID":700,"NoDataFound":true,"EmailSent":false,"InsertedDateTime":"2019-01-08T08:16:25.827Z","InsertedBy":"EmailReportSenderSVCGroup_Crestpoint","UpdatedDateTime":"2019-01-08T08:16:25.827Z","UpdatedBy":"EmailReportSenderSVCGroup_Crestpoint"},{"_id":245,"ID":245,"ReportDate":"2019-01-07T00:00:00.000Z","HotelID":365,"UserID":822,"SendEmailToUserID":700,"NoDataFound":true,"EmailSent":false,"InsertedDateTime":"2019-01-08T08:18:54.977Z","InsertedBy":"EmailReportSenderSVCGroup_Crestpoint","UpdatedDateTime":"2019-01-08T08:18:54.977Z","UpdatedBy":"EmailReportSenderSVCGroup_Crestpoint"},{"_id":246,"ID":246,"ReportDate":"2019-01-08T00:00:00.000Z","HotelID":364,"UserID":821,"SendEmailToUserID":700,"NoDataFound":true,"EmailSent":false,"InsertedDateTime":"2019-01-09T08:15:05.627Z","InsertedBy":"EmailReportSenderSVCGroup_Crestpoint","UpdatedDateTime":"2019-01-09T08:15:05.627Z","UpdatedBy":"EmailReportSenderSVCGroup_Crestpoint"},{"_id":247,"ID":247,"ReportDate":"2019-01-08T00:00:00.000Z","HotelID":432,"UserID":1013,"SendEmailToUserID":1002,"NoDataFound":true,"EmailSent":false,"InsertedDateTime":"2019-01-09T09:18:14.747Z","InsertedBy":"EmailReportSenderSVCGroup_UNYQ","UpdatedDateTime":"2019-01-09T09:18:14.747Z","UpdatedBy":"EmailReportSenderSVCGroup_UNYQ"},{"_id":248,"ID":248,"ReportDate":"2019-01-09T00:00:00.000Z","HotelID":420,"UserID":983,"SendEmailToUserID":979,"NoDataFound":true,"EmailSent":false,"InsertedDateTime":"2019-01-10T08:00:42.187Z","InsertedBy":"EmailReportSenderSVCGroup_BMS","UpdatedDateTime":"2019-01-10T08:00:42.187Z","UpdatedBy":"EmailReportSenderSVCGroup_BMS"},{"_id":249,"ID":249,"ReportDate":"2019-01-09T00:00:00.000Z","HotelID":364,"UserID":821,"SendEmailToUserID":700,"NoDataFound":true,"EmailSent":false,"InsertedDateTime":"2019-01-10T08:46:35.663Z","InsertedBy":"EmailReportSenderSVCGroup_Crestpoint_Secondary","UpdatedDateTime":"2019-01-10T08:46:35.663Z","UpdatedBy":"EmailReportSenderSVCGroup_Crestpoint_Secondary"},{"_id":250,"ID":250,"ReportDate":"2019-01-09T00:00:00.000Z","HotelID":428,"UserID":1007,"SendEmailToUserID":1002,"NoDataFound":true,"EmailSent":false,"InsertedDateTime":"2019-01-10T09:18:55.053Z","InsertedBy":"EmailReportSenderSVCGroup_UNYQ","UpdatedDateTime":"2019-01-10T09:18:55.053Z","UpdatedBy":"EmailReportSenderSVCGroup_UNYQ"},{"_id":251,"ID":251,"ReportDate":"2019-01-09T00:00:00.000Z","HotelID":432,"UserID":1013,"SendEmailToUserID":1002,"NoDataFound":true,"EmailSent":false,"InsertedDateTime":"2019-01-10T09:23:05.450Z","InsertedBy":"EmailReportSenderSVCGroup_UNYQ","UpdatedDateTime":"2019-01-10T09:23:05.450Z","UpdatedBy":"EmailReportSenderSVCGroup_UNYQ"},{"_id":252,"ID":252,"ReportDate":"2019-01-10T00:00:00.000Z","HotelID":420,"UserID":983,"SendEmailToUserID":979,"NoDataFound":true,"EmailSent":false,"InsertedDateTime":"2019-01-11T08:01:03.987Z","InsertedBy":"EmailReportSenderSVCGroup_BMS","UpdatedDateTime":"2019-01-11T08:01:03.987Z","UpdatedBy":"EmailReportSenderSVCGroup_BMS"},{"_id":253,"ID":253,"ReportDate":"2019-01-10T00:00:00.000Z","HotelID":364,"UserID":821,"SendEmailToUserID":700,"NoDataFound":true,"EmailSent":false,"InsertedDateTime":"2019-01-11T08:15:33.513Z","InsertedBy":"EmailReportSenderSVCGroup_Crestpoint","UpdatedDateTime":"2019-01-11T08:15:33.513Z","UpdatedBy":"EmailReportSenderSVCGroup_Crestpoint"},{"_id":254,"ID":254,"ReportDate":"2019-01-11T00:00:00.000Z","HotelID":364,"UserID":821,"SendEmailToUserID":700,"NoDataFound":true,"EmailSent":false,"InsertedDateTime":"2019-01-12T08:17:29.557Z","InsertedBy":"EmailReportSenderSVCGroup_Crestpoint","UpdatedDateTime":"2019-01-12T08:17:29.557Z","UpdatedBy":"EmailReportSenderSVCGroup_Crestpoint"},{"_id":255,"ID":255,"ReportDate":"2019-01-12T00:00:00.000Z","HotelID":420,"UserID":983,"SendEmailToUserID":979,"NoDataFound":true,"EmailSent":false,"InsertedDateTime":"2019-01-13T08:00:23.577Z","InsertedBy":"EmailReportSenderSVCGroup_BMS","UpdatedDateTime":"2019-01-13T08:00:23.577Z","UpdatedBy":"EmailReportSenderSVCGroup_BMS"},{"_id":256,"ID":256,"ReportDate":"2019-01-12T00:00:00.000Z","HotelID":364,"UserID":821,"SendEmailToUserID":700,"NoDataFound":true,"EmailSent":false,"InsertedDateTime":"2019-01-13T08:19:48.270Z","InsertedBy":"EmailReportSenderSVCGroup_Crestpoint","UpdatedDateTime":"2019-01-13T08:19:48.270Z","UpdatedBy":"EmailReportSenderSVCGroup_Crestpoint"},{"_id":257,"ID":257,"ReportDate":"2019-01-13T00:00:00.000Z","HotelID":420,"UserID":983,"SendEmailToUserID":979,"NoDataFound":true,"EmailSent":false,"InsertedDateTime":"2019-01-14T08:00:54.357Z","InsertedBy":"EmailReportSenderSVCGroup_BMS","UpdatedDateTime":"2019-01-14T08:00:54.357Z","UpdatedBy":"EmailReportSenderSVCGroup_BMS"},{"_id":258,"ID":258,"ReportDate":"2019-01-13T00:00:00.000Z","HotelID":364,"UserID":821,"SendEmailToUserID":700,"NoDataFound":true,"EmailSent":false,"InsertedDateTime":"2019-01-14T08:15:30.327Z","InsertedBy":"EmailReportSenderSVCGroup_Crestpoint","UpdatedDateTime":"2019-01-14T08:15:30.327Z","UpdatedBy":"EmailReportSenderSVCGroup_Crestpoint"},{"_id":259,"ID":259,"ReportDate":"2019-01-14T00:00:00.000Z","HotelID":364,"UserID":821,"SendEmailToUserID":700,"NoDataFound":true,"EmailSent":false,"InsertedDateTime":"2019-01-15T08:16:49.177Z","InsertedBy":"EmailReportSenderSVCGroup_Crestpoint","UpdatedDateTime":"2019-01-15T08:16:49.177Z","UpdatedBy":"EmailReportSenderSVCGroup_Crestpoint"},{"_id":260,"ID":260,"ReportDate":"2019-01-15T00:00:00.000Z","HotelID":420,"UserID":983,"SendEmailToUserID":979,"NoDataFound":true,"EmailSent":false,"InsertedDateTime":"2019-01-16T08:01:06.597Z","InsertedBy":"EmailReportSenderSVCGroup_BMS","UpdatedDateTime":"2019-01-16T08:01:06.597Z","UpdatedBy":"EmailReportSenderSVCGroup_BMS"},{"_id":261,"ID":261,"ReportDate":"2019-01-15T00:00:00.000Z","HotelID":427,"UserID":1005,"SendEmailToUserID":1002,"NoDataFound":true,"EmailSent":false,"InsertedDateTime":"2019-01-16T09:17:02.293Z","InsertedBy":"EmailReportSenderSVCGroup_UNYQ","UpdatedDateTime":"2019-01-16T09:17:02.293Z","UpdatedBy":"EmailReportSenderSVCGroup_UNYQ"},{"_id":262,"ID":262,"ReportDate":"2019-01-15T00:00:00.000Z","HotelID":419,"UserID":982,"SendEmailToUserID":979,"NoDataFound":true,"EmailSent":false,"InsertedDateTime":"2019-01-16T11:15:45.500Z","InsertedBy":"EmailReportSenderSVCGroup_BMS","UpdatedDateTime":"2019-01-16T11:15:45.500Z","UpdatedBy":"EmailReportSenderSVCGroup_BMS"},{"_id":263,"ID":263,"ReportDate":"2019-01-16T00:00:00.000Z","HotelID":420,"UserID":983,"SendEmailToUserID":979,"NoDataFound":true,"EmailSent":false,"InsertedDateTime":"2019-01-17T08:00:56.693Z","InsertedBy":"EmailReportSenderSVCGroup_BMS","UpdatedDateTime":"2019-01-17T08:00:56.693Z","UpdatedBy":"EmailReportSenderSVCGroup_BMS"},{"_id":264,"ID":264,"ReportDate":"2019-01-18T00:00:00.000Z","HotelID":420,"UserID":983,"SendEmailToUserID":979,"NoDataFound":true,"EmailSent":false,"InsertedDateTime":"2019-01-19T08:00:00.843Z","InsertedBy":"EmailReportSenderSVCGroup_BMS","UpdatedDateTime":"2019-01-19T08:00:00.843Z","UpdatedBy":"EmailReportSenderSVCGroup_BMS"},{"_id":265,"ID":265,"ReportDate":"2019-01-19T00:00:00.000Z","HotelID":420,"UserID":983,"SendEmailToUserID":979,"NoDataFound":true,"EmailSent":false,"InsertedDateTime":"2019-01-20T08:01:03.217Z","InsertedBy":"EmailReportSenderSVCGroup_BMS","UpdatedDateTime":"2019-01-20T08:01:03.217Z","UpdatedBy":"EmailReportSenderSVCGroup_BMS"},{"_id":266,"ID":266,"ReportDate":"2019-01-19T00:00:00.000Z","HotelID":497,"UserID":1176,"SendEmailToUserID":1169,"NoDataFound":true,"EmailSent":false,"InsertedDateTime":"2019-01-20T09:18:47.950Z","InsertedBy":"EmailReportSenderSVCGroup_Cimarron","UpdatedDateTime":"2019-01-20T09:18:47.950Z","UpdatedBy":"EmailReportSenderSVCGroup_Cimarron"},{"_id":267,"ID":267,"ReportDate":"2019-01-20T00:00:00.000Z","HotelID":339,"UserID":748,"SendEmailToUserID":733,"NoDataFound":true,"EmailSent":false,"InsertedDateTime":"2019-01-21T09:15:15.527Z","InsertedBy":"EmailReportSenderSVCGroup_SunRay","UpdatedDateTime":"2019-01-21T09:15:15.527Z","UpdatedBy":"EmailReportSenderSVCGroup_SunRay"},{"_id":268,"ID":268,"ReportDate":"2019-01-20T00:00:00.000Z","HotelID":497,"UserID":1176,"SendEmailToUserID":1169,"NoDataFound":true,"EmailSent":false,"InsertedDateTime":"2019-01-21T09:16:00.877Z","InsertedBy":"EmailReportSenderSVCGroup_Cimarron","UpdatedDateTime":"2019-01-21T09:16:00.877Z","UpdatedBy":"EmailReportSenderSVCGroup_Cimarron"},{"_id":269,"ID":269,"ReportDate":"2019-01-24T00:00:00.000Z","HotelID":420,"UserID":983,"SendEmailToUserID":979,"NoDataFound":true,"EmailSent":false,"InsertedDateTime":"2019-01-25T08:01:30.110Z","InsertedBy":"EmailReportSenderSVCGroup_BMS","UpdatedDateTime":"2019-01-25T08:01:30.110Z","UpdatedBy":"EmailReportSenderSVCGroup_BMS"},{"_id":270,"ID":270,"ReportDate":"2019-01-25T00:00:00.000Z","HotelID":420,"UserID":983,"SendEmailToUserID":979,"NoDataFound":true,"EmailSent":false,"InsertedDateTime":"2019-01-26T08:01:36.020Z","InsertedBy":"EmailReportSenderSVCGroup_BMS","UpdatedDateTime":"2019-01-26T08:01:36.020Z","UpdatedBy":"EmailReportSenderSVCGroup_BMS"},{"_id":271,"ID":271,"ReportDate":"2019-01-25T00:00:00.000Z","HotelID":497,"UserID":1177,"SendEmailToUserID":1169,"NoDataFound":true,"EmailSent":false,"InsertedDateTime":"2019-01-26T09:20:54.083Z","InsertedBy":"EmailReportSenderSVCGroup_Cimarron","UpdatedDateTime":"2019-01-26T09:20:54.083Z","UpdatedBy":"EmailReportSenderSVCGroup_Cimarron"},{"_id":272,"ID":272,"ReportDate":"2019-01-25T00:00:00.000Z","HotelID":427,"UserID":1005,"SendEmailToUserID":1002,"NoDataFound":true,"EmailSent":false,"InsertedDateTime":"2019-01-26T09:20:54.557Z","InsertedBy":"EmailReportSenderSVCGroup_UNYQ","UpdatedDateTime":"2019-01-26T09:20:54.557Z","UpdatedBy":"EmailReportSenderSVCGroup_UNYQ"},{"_id":273,"ID":273,"ReportDate":"2019-01-26T00:00:00.000Z","HotelID":420,"UserID":983,"SendEmailToUserID":979,"NoDataFound":true,"EmailSent":false,"InsertedDateTime":"2019-01-27T08:05:39.597Z","InsertedBy":"EmailReportSenderSVCGroup_BMS","UpdatedDateTime":"2019-01-27T08:05:39.597Z","UpdatedBy":"EmailReportSenderSVCGroup_BMS"},{"_id":274,"ID":274,"ReportDate":"2019-01-29T00:00:00.000Z","HotelID":420,"UserID":983,"SendEmailToUserID":979,"NoDataFound":true,"EmailSent":false,"InsertedDateTime":"2019-01-30T08:01:23.087Z","InsertedBy":"EmailReportSenderSVCGroup_BMS","UpdatedDateTime":"2019-01-30T08:01:23.087Z","UpdatedBy":"EmailReportSenderSVCGroup_BMS"},{"_id":275,"ID":275,"ReportDate":"2019-01-29T00:00:00.000Z","HotelID":428,"UserID":1007,"SendEmailToUserID":1002,"NoDataFound":true,"EmailSent":false,"InsertedDateTime":"2019-01-30T09:17:21.227Z","InsertedBy":"EmailReportSenderSVCGroup_UNYQ","UpdatedDateTime":"2019-01-30T09:17:21.227Z","UpdatedBy":"EmailReportSenderSVCGroup_UNYQ"},{"_id":276,"ID":276,"ReportDate":"2019-01-29T00:00:00.000Z","HotelID":432,"UserID":1013,"SendEmailToUserID":1002,"NoDataFound":true,"EmailSent":false,"InsertedDateTime":"2019-01-30T09:17:23.500Z","InsertedBy":"EmailReportSenderSVCGroup_UNYQ","UpdatedDateTime":"2019-01-30T09:17:23.500Z","UpdatedBy":"EmailReportSenderSVCGroup_UNYQ"},{"_id":277,"ID":277,"ReportDate":"2019-01-30T00:00:00.000Z","HotelID":420,"UserID":983,"SendEmailToUserID":979,"NoDataFound":true,"EmailSent":false,"InsertedDateTime":"2019-01-31T08:00:10.970Z","InsertedBy":"EmailReportSenderSVCGroup_BMS","UpdatedDateTime":"2019-01-31T08:00:10.970Z","UpdatedBy":"EmailReportSenderSVCGroup_BMS"},{"_id":278,"ID":278,"ReportDate":"2019-01-31T00:00:00.000Z","HotelID":420,"UserID":983,"SendEmailToUserID":979,"NoDataFound":true,"EmailSent":false,"InsertedDateTime":"2019-02-01T08:00:45.493Z","InsertedBy":"EmailReportSenderSVCGroup_BMS","UpdatedDateTime":"2019-02-01T08:00:45.493Z","UpdatedBy":"EmailReportSenderSVCGroup_BMS"},{"_id":279,"ID":279,"ReportDate":"2019-02-01T00:00:00.000Z","HotelID":420,"UserID":983,"SendEmailToUserID":979,"NoDataFound":true,"EmailSent":false,"InsertedDateTime":"2019-02-02T08:00:16.483Z","InsertedBy":"EmailReportSenderSVCGroup_BMS","UpdatedDateTime":"2019-02-02T08:00:16.483Z","UpdatedBy":"EmailReportSenderSVCGroup_BMS"},{"_id":280,"ID":280,"ReportDate":"2019-02-01T00:00:00.000Z","HotelID":432,"UserID":1013,"SendEmailToUserID":1002,"NoDataFound":true,"EmailSent":false,"InsertedDateTime":"2019-02-02T09:15:58.560Z","InsertedBy":"EmailReportSenderSVCGroup_UNYQ","UpdatedDateTime":"2019-02-02T09:15:58.560Z","UpdatedBy":"EmailReportSenderSVCGroup_UNYQ"},{"_id":281,"ID":281,"ReportDate":"2019-02-02T00:00:00.000Z","HotelID":420,"UserID":983,"SendEmailToUserID":979,"NoDataFound":true,"EmailSent":false,"InsertedDateTime":"2019-02-03T08:00:20.360Z","InsertedBy":"EmailReportSenderSVCGroup_BMS","UpdatedDateTime":"2019-02-03T08:00:20.360Z","UpdatedBy":"EmailReportSenderSVCGroup_BMS"},{"_id":282,"ID":282,"ReportDate":"2019-02-02T00:00:00.000Z","HotelID":432,"UserID":1013,"SendEmailToUserID":1002,"NoDataFound":true,"EmailSent":false,"InsertedDateTime":"2019-02-03T09:17:34.147Z","InsertedBy":"EmailReportSenderSVCGroup_UNYQ","UpdatedDateTime":"2019-02-03T09:17:34.147Z","UpdatedBy":"EmailReportSenderSVCGroup_UNYQ"},{"_id":283,"ID":283,"ReportDate":"2019-02-03T00:00:00.000Z","HotelID":420,"UserID":983,"SendEmailToUserID":979,"NoDataFound":true,"EmailSent":false,"InsertedDateTime":"2019-02-04T08:00:25.127Z","InsertedBy":"EmailReportSenderSVCGroup_BMS","UpdatedDateTime":"2019-02-04T08:00:25.127Z","UpdatedBy":"EmailReportSenderSVCGroup_BMS"},{"_id":284,"ID":284,"ReportDate":"2019-02-04T00:00:00.000Z","HotelID":420,"UserID":983,"SendEmailToUserID":979,"NoDataFound":true,"EmailSent":false,"InsertedDateTime":"2019-02-05T08:02:15.370Z","InsertedBy":"EmailReportSenderSVCGroup_BMS","UpdatedDateTime":"2019-02-05T08:02:15.370Z","UpdatedBy":"EmailReportSenderSVCGroup_BMS"},{"_id":285,"ID":285,"ReportDate":"2019-02-04T00:00:00.000Z","HotelID":339,"UserID":748,"SendEmailToUserID":733,"NoDataFound":true,"EmailSent":false,"InsertedDateTime":"2019-02-05T09:16:29.913Z","InsertedBy":"EmailReportSenderSVCGroup_SunRay","UpdatedDateTime":"2019-02-05T09:16:29.913Z","UpdatedBy":"EmailReportSenderSVCGroup_SunRay"},{"_id":286,"ID":286,"ReportDate":"2019-02-04T00:00:00.000Z","HotelID":427,"UserID":1005,"SendEmailToUserID":1002,"NoDataFound":true,"EmailSent":false,"InsertedDateTime":"2019-02-05T09:17:28.770Z","InsertedBy":"EmailReportSenderSVCGroup_UNYQ","UpdatedDateTime":"2019-02-05T09:17:28.770Z","UpdatedBy":"EmailReportSenderSVCGroup_UNYQ"},{"_id":287,"ID":287,"ReportDate":"2019-02-05T00:00:00.000Z","HotelID":420,"UserID":983,"SendEmailToUserID":979,"NoDataFound":true,"EmailSent":false,"InsertedDateTime":"2019-02-06T08:00:43.387Z","InsertedBy":"EmailReportSenderSVCGroup_BMS","UpdatedDateTime":"2019-02-06T08:00:43.387Z","UpdatedBy":"EmailReportSenderSVCGroup_BMS"},{"_id":288,"ID":288,"ReportDate":"2019-02-06T00:00:00.000Z","HotelID":420,"UserID":983,"SendEmailToUserID":979,"NoDataFound":true,"EmailSent":false,"InsertedDateTime":"2019-02-07T08:00:28.943Z","InsertedBy":"EmailReportSenderSVCGroup_BMS","UpdatedDateTime":"2019-02-07T08:00:28.943Z","UpdatedBy":"EmailReportSenderSVCGroup_BMS"},{"_id":289,"ID":289,"ReportDate":"2019-02-06T00:00:00.000Z","HotelID":322,"UserID":702,"SendEmailToUserID":700,"NoDataFound":true,"EmailSent":false,"InsertedDateTime":"2019-02-07T08:16:10.697Z","InsertedBy":"EmailReportSenderSVCGroup_Crestpoint","UpdatedDateTime":"2019-02-07T08:16:10.697Z","UpdatedBy":"EmailReportSenderSVCGroup_Crestpoint"}]