[{"_id":141,"ID":141,"Name":"M3Occ","DisplayName":"Occ (%)","Type":"Day","DisplayOrder":1},{"_id":142,"ID":142,"Name":"M3LastYearOcc","DisplayName":"Occ (%) -LY","Type":"Day","DisplayOrder":2},{"_id":143,"ID":143,"Name":"M3LastYearOccVariance","DisplayName":"Occ (%) -Variance to LY","Type":"Day","DisplayOrder":3},{"_id":144,"ID":144,"Name":"M3ESOCC","DisplayName":"ES Occ (%)","Type":"Day","DisplayOrder":4},{"_id":145,"ID":145,"Name":"M3OccBudget","DisplayName":"Occ (%) -Plan","Type":"Day","DisplayOrder":5},{"_id":146,"ID":146,"Name":"M3OccBudgetVariance","DisplayName":"Occ (%) -Variance to Plan","Type":"Day","DisplayOrder":6},{"_id":147,"ID":147,"Name":"M3ADR","DisplayName":"ADR ($)","Type":"Day","DisplayOrder":7},{"_id":148,"ID":148,"Name":"M3LastYearADR","DisplayName":"ADR ($)-LY","Type":"Day","DisplayOrder":8},{"_id":149,"ID":149,"Name":"M3LastYearADRVariance","DisplayName":"ADR ($)-Variance to LY","Type":"Day","DisplayOrder":9},{"_id":150,"ID":150,"Name":"M3ADRBudget","DisplayName":"ADR ($)-Plan","Type":"Day","DisplayOrder":10},{"_id":151,"ID":151,"Name":"M3ADRBudgetVariance","DisplayName":"ADR ($)-Variance to Plan","Type":"Day","DisplayOrder":11},{"_id":152,"ID":152,"Name":"M3ESADR","DisplayName":"ES ADR ($)","Type":"Day","DisplayOrder":12},{"_id":153,"ID":153,"Name":"M3REVPAR","DisplayName":"RevPAR ($)","Type":"Day","DisplayOrder":13},{"_id":154,"ID":154,"Name":"M3LastYearRevPAR","DisplayName":"RevPAR ($)-LY","Type":"Day","DisplayOrder":14},{"_id":155,"ID":155,"Name":"M3ESRevPAR","DisplayName":"ES RevPAR ($)","Type":"Day","DisplayOrder":15},{"_id":156,"ID":156,"Name":"M3RoomSold","DisplayName":"# of Rooms Sold","Type":"Day","DisplayOrder":16},{"_id":157,"ID":157,"Name":"M3OutOfOrderRooms","DisplayName":"OOO Rooms","Type":"Day","DisplayOrder":17},{"_id":158,"ID":158,"Name":"M3CompRooms","DisplayName":"Comp Rooms","Type":"Day","DisplayOrder":18},{"_id":159,"ID":159,"Name":"M3RoomRevenue","DisplayName":"Room Revenue ($)","Type":"Day","DisplayOrder":19},{"_id":160,"ID":160,"Name":"M3LastYearRoomRevenue","DisplayName":"Room Revenue ($)-LY","Type":"Day","DisplayOrder":20},{"_id":161,"ID":161,"Name":"M3LastYearRoomRevenueVariance","DisplayName":"Room Revenue ($)-Variance to LY","Type":"Day","DisplayOrder":21},{"_id":162,"ID":162,"Name":"M3RoomRevenueBudget","DisplayName":"Room Revenue ($)-Plan","Type":"Day","DisplayOrder":22},{"_id":163,"ID":163,"Name":"M3RoomRevenueBudgetVariance","DisplayName":"Room Revenue ($)-Variance to Plan","Type":"Day","DisplayOrder":23},{"_id":164,"ID":164,"Name":"M3FNBRevenue","DisplayName":"F&B Revenue ($)","Type":"Day","DisplayOrder":24},{"_id":165,"ID":165,"Name":"M3LastYearFANDBRevenue","DisplayName":"F&B Revenue ($)-LY","Type":"Day","DisplayOrder":25},{"_id":166,"ID":166,"Name":"M3OtherRevenue","DisplayName":"Other Income ($)","Type":"Day","DisplayOrder":26},{"_id":167,"ID":167,"Name":"M3LastYearOtherRevenue","DisplayName":"Other Income ($)-LY","Type":"Day","DisplayOrder":27},{"_id":168,"ID":168,"Name":"M3TotalProperty","DisplayName":"Total Revenue ($)","Type":"Day","DisplayOrder":28},{"_id":169,"ID":169,"Name":"M3LastYearTotalRevenue","DisplayName":"Total Revenue ($)-LY","Type":"Day","DisplayOrder":29},{"_id":170,"ID":170,"Name":"M3MTDBudget","DisplayName":"MTD Budget ($)","Type":"Day","DisplayOrder":30},{"_id":171,"ID":171,"Name":"M3MTDBOB","DisplayName":"MTD (BOB) ($)","Type":"Day","DisplayOrder":31},{"_id":172,"ID":172,"Name":"M3NextMonthBOB","DisplayName":"Next Month BOB ($)","Type":"Day","DisplayOrder":32},{"_id":173,"ID":173,"Name":"M3LaborWTD","DisplayName":"Labor Week to Date","Type":"Day","DisplayOrder":33},{"_id":174,"ID":174,"Name":"M3GMLogin","DisplayName":"GM Login","Type":"Day","DisplayOrder":34},{"_id":175,"ID":175,"Name":"M3MonthHotelBudget","DisplayName":"This Month's Goal","Type":"MTD","DisplayOrder":258},{"_id":176,"ID":176,"Name":"M3MonthHotelForecast","DisplayName":"This Month's Forecast","Type":"MTD","DisplayOrder":260},{"_id":177,"ID":177,"Name":"M3OccMTD","DisplayName":"Occ (%)","Type":"MTD","DisplayOrder":200},{"_id":178,"ID":178,"Name":"M3MTDLastYearOcc","DisplayName":"Occ (%) -LY","Type":"MTD","DisplayOrder":201},{"_id":179,"ID":179,"Name":"M3MTDLastYearOccVariance","DisplayName":"Occ (%) -Variance to LY","Type":"MTD","DisplayOrder":202},{"_id":180,"ID":180,"Name":"M3ESOCCMTD","DisplayName":"ES Occ (%)","Type":"MTD","DisplayOrder":203},{"_id":181,"ID":181,"Name":"M3MTDOccBudget","DisplayName":"Occ (%) -Plan","Type":"MTD","DisplayOrder":204},{"_id":182,"ID":182,"Name":"M3MTDOccBudgetVariance","DisplayName":"Occ (%) -Variance to Plan","Type":"MTD","DisplayOrder":205},{"_id":183,"ID":183,"Name":"M3ADRMTD","DisplayName":"ADR ($)","Type":"MTD","DisplayOrder":206},{"_id":184,"ID":184,"Name":"M3MTDLastYearADR","DisplayName":"ADR ($)-LY","Type":"MTD","DisplayOrder":207},{"_id":185,"ID":185,"Name":"M3MTDLastYearADRVariance","DisplayName":"ADR ($)-Variance to LY","Type":"MTD","DisplayOrder":208},{"_id":186,"ID":186,"Name":"M3MTDADRBudget","DisplayName":"ADR ($)-Plan","Type":"MTD","DisplayOrder":209},{"_id":187,"ID":187,"Name":"M3MTDADRBudgetVariance","DisplayName":"ADR ($)-Variance to Plan","Type":"MTD","DisplayOrder":210},{"_id":188,"ID":188,"Name":"M3ESADRMTD","DisplayName":"ES ADR (%)","Type":"MTD","DisplayOrder":211},{"_id":189,"ID":189,"Name":"M3REVPARMTD","DisplayName":"RevPAR ($)","Type":"MTD","DisplayOrder":212},{"_id":190,"ID":190,"Name":"M3MTDLastYearRevPAR","DisplayName":"RevPAR ($)-LY","Type":"MTD","DisplayOrder":213},{"_id":191,"ID":191,"Name":"M3ESRevPARMTD","DisplayName":"ES RevPAR ($)","Type":"MTD","DisplayOrder":214},{"_id":192,"ID":192,"Name":"M3RoomSoldMTD","DisplayName":"Rooms Sold","Type":"MTD","DisplayOrder":215},{"_id":193,"ID":193,"Name":"M3OutOfOrderRoomsMTD","DisplayName":"OOO Rooms","Type":"MTD","DisplayOrder":216},{"_id":194,"ID":194,"Name":"M3CompRoomsMTD","DisplayName":"Comp Rooms","Type":"MTD","DisplayOrder":217},{"_id":195,"ID":195,"Name":"M3RoomRevenueMTD","DisplayName":"Room Revenue ($)","Type":"MTD","DisplayOrder":218},{"_id":196,"ID":196,"Name":"M3MTDLastYearRoomRevenue","DisplayName":"Room Revenue ($)-LY","Type":"MTD","DisplayOrder":219},{"_id":197,"ID":197,"Name":"M3MTDLastYearRoomRevenueVariance","DisplayName":"Room Revenue ($)-Variance to LY","Type":"MTD","DisplayOrder":220},{"_id":198,"ID":198,"Name":"M3MTDRoomRevenueBudget","DisplayName":"Room Revenue ($)-Plan","Type":"MTD","DisplayOrder":221},{"_id":199,"ID":199,"Name":"M3MTDRoomRevenueBudgetVariance","DisplayName":"Room Revenue ($)-Variance to Plan","Type":"MTD","DisplayOrder":222},{"_id":200,"ID":200,"Name":"M3FNBRevenueMTD","DisplayName":"F&B Revenue ($)","Type":"MTD","DisplayOrder":223},{"_id":201,"ID":201,"Name":"M3MTDLastYearFANDBRevenue","DisplayName":"F&B Revenue ($)-LY","Type":"MTD","DisplayOrder":224},{"_id":202,"ID":202,"Name":"M3OtherRevenueMTD","DisplayName":"Other Income ($)","Type":"MTD","DisplayOrder":225},{"_id":203,"ID":203,"Name":"M3MTDLastYearOtherRevenue","DisplayName":"Other Income ($)-LY","Type":"MTD","DisplayOrder":226},{"_id":204,"ID":204,"Name":"M3TotalPropertyMTD","DisplayName":"Total Revenue ($)","Type":"MTD","DisplayOrder":227},{"_id":205,"ID":205,"Name":"M3MTDLastYearTotalRevenue","DisplayName":"Total Revenue ($)-LY","Type":"MTD","DisplayOrder":228},{"_id":206,"ID":206,"Name":"M3MTDBudgetMTD","DisplayName":"MTD Budget ($)","Type":"MTD","DisplayOrder":229},{"_id":207,"ID":207,"Name":"M3MTDBOBMTD","DisplayName":"MTD (BOB) ($)","Type":"MTD","DisplayOrder":230},{"_id":208,"ID":208,"Name":"M3NextMonthBOBMTD","DisplayName":"Next Month BOB ($)","Type":"MTD","DisplayOrder":231},{"_id":209,"ID":209,"Name":"M3MTDVLYOCC","DisplayName":"Variance LY OCC (%)","Type":"MTD","DisplayOrder":232},{"_id":210,"ID":210,"Name":"M3MTDVLYADR","DisplayName":"Variance LY ADR (%)","Type":"MTD","DisplayOrder":233},{"_id":211,"ID":211,"Name":"M3MTDVLYREVPAR","DisplayName":"Variance LY RevPAR (%)","Type":"MTD","DisplayOrder":234},{"_id":212,"ID":212,"Name":"M3MTDVLYRoomRevenue","DisplayName":"Variance LY Room Revenue (%)","Type":"MTD","DisplayOrder":235},{"_id":213,"ID":213,"Name":"M3MTDVLYFNBRevenue","DisplayName":"Variance LY F&B Revenue (%)","Type":"MTD","DisplayOrder":236},{"_id":214,"ID":214,"Name":"M3MTDVLYTotalRevenue","DisplayName":"Variance LY Total Revenue (%)","Type":"MTD","DisplayOrder":237},{"_id":215,"ID":215,"Name":"M3MTDVBOCC","DisplayName":"Variance Budget OCC (%)","Type":"MTD","DisplayOrder":238},{"_id":216,"ID":216,"Name":"M3MTDVBADR","DisplayName":"Variance Budget ADR (%)","Type":"MTD","DisplayOrder":239},{"_id":217,"ID":217,"Name":"M3MTDVBREVPAR","DisplayName":"Variance Budget RevPAR (%)","Type":"MTD","DisplayOrder":240},{"_id":218,"ID":218,"Name":"M3MTDVBRoomRevenue","DisplayName":"Variance Budget Room Revenue (%)","Type":"MTD","DisplayOrder":241},{"_id":219,"ID":219,"Name":"M3MTDVBFNBRevenue","DisplayName":"Variance Budget F&B Revenue (%)","Type":"MTD","DisplayOrder":242},{"_id":220,"ID":220,"Name":"M3MTDVBTotalRevenue","DisplayName":"Variance Budget Total Revenue (%)","Type":"MTD","DisplayOrder":243},{"_id":221,"ID":221,"Name":"M3MTDVFOCC","DisplayName":"Variance Forecast OCC (%)","Type":"MTD","DisplayOrder":244},{"_id":222,"ID":222,"Name":"M3MTDVFADR","DisplayName":"Variance Forecast ADR (%)","Type":"MTD","DisplayOrder":245},{"_id":223,"ID":223,"Name":"M3MTDVFREVPAR","DisplayName":"Variance Forecast RevPAR (%)","Type":"MTD","DisplayOrder":246},{"_id":224,"ID":224,"Name":"M3MTDVFRoomRevenue","DisplayName":"Variance Forecast Room Revenue (%)","Type":"MTD","DisplayOrder":247},{"_id":225,"ID":225,"Name":"M3MTDVFFNBRevenue","DisplayName":"Variance Forecast F&B Revenue (%)","Type":"MTD","DisplayOrder":248},{"_id":226,"ID":226,"Name":"M3MTDVFTotalRevenue","DisplayName":"Variance Forecast Total Revenue (%)","Type":"MTD","DisplayOrder":249},{"_id":227,"ID":227,"Name":"M3OccYTD","DisplayName":"Occ (%)","Type":"YTD","DisplayOrder":500},{"_id":228,"ID":228,"Name":"M3YTDLastYearOcc","DisplayName":"Occ (%) -LY","Type":"YTD","DisplayOrder":501},{"_id":229,"ID":229,"Name":"M3YTDLastYearOccVariance","DisplayName":"Occ (%) -Variance to LY","Type":"YTD","DisplayOrder":502},{"_id":230,"ID":230,"Name":"M3ESOCCYTD","DisplayName":"ES Occ (%)","Type":"YTD","DisplayOrder":503},{"_id":231,"ID":231,"Name":"M3YTDOccBudget","DisplayName":"Occ (%) -Plan","Type":"YTD","DisplayOrder":504},{"_id":232,"ID":232,"Name":"M3YTDOccBudgetVariance","DisplayName":"Occ (%) -Variance to Plan","Type":"YTD","DisplayOrder":505},{"_id":233,"ID":233,"Name":"M3ADRYTD","DisplayName":"ADR ($)","Type":"YTD","DisplayOrder":506},{"_id":234,"ID":234,"Name":"M3YTDLastYearADR","DisplayName":"ADR ($)-LY","Type":"YTD","DisplayOrder":507},{"_id":235,"ID":235,"Name":"M3YTDLastYearADRVariance","DisplayName":"ADR ($)-Variance to LY","Type":"YTD","DisplayOrder":508},{"_id":236,"ID":236,"Name":"M3YTDADRBudget","DisplayName":"ADR ($)-Plan","Type":"YTD","DisplayOrder":509},{"_id":237,"ID":237,"Name":"M3YTDADRBudgetVariance","DisplayName":"ADR ($)-Variance to Plan","Type":"YTD","DisplayOrder":510},{"_id":238,"ID":238,"Name":"M3ESADRYTD","DisplayName":"ES ADR ($)","Type":"YTD","DisplayOrder":511},{"_id":239,"ID":239,"Name":"M3REVPARYTD","DisplayName":"RevPAR ($)","Type":"YTD","DisplayOrder":512},{"_id":240,"ID":240,"Name":"M3YTDLastYearRevPAR","DisplayName":"RevPAR ($)-LY","Type":"YTD","DisplayOrder":513},{"_id":241,"ID":241,"Name":"M3ESRevPARYTD","DisplayName":"ES RevPAR ($)","Type":"YTD","DisplayOrder":514},{"_id":242,"ID":242,"Name":"M3RoomSoldYTD","DisplayName":"Rooms Sold","Type":"YTD","DisplayOrder":515},{"_id":243,"ID":243,"Name":"M3OutOfOrderRoomsYTD","DisplayName":"OOO Rooms","Type":"YTD","DisplayOrder":516},{"_id":244,"ID":244,"Name":"M3CompRoomsYTD","DisplayName":"Comp Rooms","Type":"YTD","DisplayOrder":517},{"_id":245,"ID":245,"Name":"M3RoomRevenueYTD","DisplayName":"Room Revenue ($)","Type":"YTD","DisplayOrder":518},{"_id":246,"ID":246,"Name":"M3YTDLastYearRoomRevenue","DisplayName":"Room Revenue ($)-LY","Type":"YTD","DisplayOrder":519},{"_id":247,"ID":247,"Name":"M3YTDLastYearRoomRevenueVariance","DisplayName":"Room Revenue ($)-Variance to LY","Type":"YTD","DisplayOrder":520},{"_id":248,"ID":248,"Name":"M3YTDRoomRevenueBudget","DisplayName":"Room Revenue ($)-Plan","Type":"YTD","DisplayOrder":521},{"_id":249,"ID":249,"Name":"M3YTDRoomRevenueBudgetVariance","DisplayName":"Room Revenue ($)-Variance to Plan","Type":"YTD","DisplayOrder":522},{"_id":250,"ID":250,"Name":"M3FNBRevenueYTD","DisplayName":"F&B Revenue ($)","Type":"YTD","DisplayOrder":523},{"_id":251,"ID":251,"Name":"M3YTDLastYearFANDBRevenue","DisplayName":"F&B Revenue ($)-LY","Type":"YTD","DisplayOrder":524},{"_id":252,"ID":252,"Name":"M3OtherRevenueYTD","DisplayName":"Other Income ($)","Type":"YTD","DisplayOrder":525},{"_id":253,"ID":253,"Name":"M3YTDLastYearOtherRevenue","DisplayName":"Other Income ($)-LY","Type":"YTD","DisplayOrder":526},{"_id":254,"ID":254,"Name":"M3TotalPropertyYTD","DisplayName":"Total Revenue ($)","Type":"YTD","DisplayOrder":527},{"_id":255,"ID":255,"Name":"M3YTDLastYearTotalRevenue","DisplayName":"Total Revenue ($)-LY","Type":"YTD","DisplayOrder":528},{"_id":256,"ID":256,"Name":"M3YTDBudget","DisplayName":"YTD Budget ($)","Type":"YTD","DisplayOrder":529},{"_id":257,"ID":257,"Name":"M3YTDVLYOCC","DisplayName":"Variance LY OCC (%)","Type":"YTD","DisplayOrder":530},{"_id":258,"ID":258,"Name":"M3YTDVLYADR","DisplayName":"Variance LY ADR (%)","Type":"YTD","DisplayOrder":531},{"_id":259,"ID":259,"Name":"M3YTDVLYREVPAR","DisplayName":"Variance LY RevPAR (%)","Type":"YTD","DisplayOrder":532},{"_id":260,"ID":260,"Name":"M3YTDVLYRoomRevenue","DisplayName":"Variance LY Room Revenue (%)","Type":"YTD","DisplayOrder":533},{"_id":261,"ID":261,"Name":"M3YTDVLYFNBRevenue","DisplayName":"Variance LY F&B Revenue (%)","Type":"YTD","DisplayOrder":534},{"_id":262,"ID":262,"Name":"M3YTDVLYTotalRevenue","DisplayName":"Variance LY Total Revenue (%)","Type":"YTD","DisplayOrder":535},{"_id":263,"ID":263,"Name":"M3YTDVBOCC","DisplayName":"Variance Budget OCC (%)","Type":"YTD","DisplayOrder":536},{"_id":264,"ID":264,"Name":"M3YTDVBADR","DisplayName":"Variance Budget ADR (%)","Type":"YTD","DisplayOrder":537},{"_id":265,"ID":265,"Name":"M3YTDVBREVPAR","DisplayName":"Variance Budget RevPAR (%)","Type":"YTD","DisplayOrder":538},{"_id":266,"ID":266,"Name":"M3YTDVBRoomRevenue","DisplayName":"Variance Budget Room Revenue (%)","Type":"YTD","DisplayOrder":539},{"_id":267,"ID":267,"Name":"M3YTDVBFNBRevenue","DisplayName":"Variance Budget F&B Revenue (%)","Type":"YTD","DisplayOrder":540},{"_id":268,"ID":268,"Name":"M3YTDVBTotalRevenue","DisplayName":"Variance Budget Total Revenue (%)","Type":"YTD","DisplayOrder":541},{"_id":269,"ID":269,"Name":"M3YTDVFOCC","DisplayName":"Variance Forecast OCC (%)","Type":"YTD","DisplayOrder":542},{"_id":270,"ID":270,"Name":"M3YTDVFADR","DisplayName":"Variance Forecast ADR (%)","Type":"YTD","DisplayOrder":543},{"_id":271,"ID":271,"Name":"M3YTDVFREVPAR","DisplayName":"Variance Forecast RevPAR (%)","Type":"YTD","DisplayOrder":544},{"_id":272,"ID":272,"Name":"M3YTDVFRoomRevenue","DisplayName":"Variance Forecast Room Revenue (%)","Type":"YTD","DisplayOrder":545},{"_id":273,"ID":273,"Name":"M3YTDVFFNBRevenue","DisplayName":"Variance Forecast F&B Revenue (%)","Type":"YTD","DisplayOrder":546},{"_id":274,"ID":274,"Name":"M3YTDVFTotalRevenue","DisplayName":"Variance Forecast Total Revenue (%)","Type":"YTD","DisplayOrder":547},{"_id":275,"ID":275,"Name":"M3MPI","DisplayName":"MPI","Type":"STR","DisplayOrder":800},{"_id":276,"ID":276,"Name":"M3MPIRank","DisplayName":"MPI Rank","Type":"STR","DisplayOrder":801},{"_id":277,"ID":277,"Name":"M3ARI","DisplayName":"ARI","Type":"STR","DisplayOrder":802},{"_id":278,"ID":278,"Name":"M3ARIRank","DisplayName":"ARI Rank","Type":"STR","DisplayOrder":803},{"_id":279,"ID":279,"Name":"M3RGI","DisplayName":"RGI","Type":"STR","DisplayOrder":804},{"_id":280,"ID":280,"Name":"M3RGIRank","DisplayName":"RGI Rank","Type":"STR","DisplayOrder":805},{"_id":281,"ID":281,"Name":"M3ADRTTM","DisplayName":"ADR ($)","Type":"TTM","DisplayOrder":549},{"_id":282,"ID":282,"Name":"M3REVPARTTM","DisplayName":"RevPAR ($)","Type":"TTM","DisplayOrder":550},{"_id":283,"ID":283,"Name":"M3RoomSoldTTM","DisplayName":"Rooms Sold","Type":"TTM","DisplayOrder":551},{"_id":284,"ID":284,"Name":"M3OccTTM","DisplayName":"Occ (%)","Type":"TTM","DisplayOrder":547},{"_id":285,"ID":285,"Name":"M3OutOfOrderRoomsTTM","DisplayName":"OOO Rooms","Type":"TTM","DisplayOrder":552},{"_id":286,"ID":286,"Name":"M3CompRoomsTTM","DisplayName":"Comp Rooms","Type":"TTM","DisplayOrder":553},{"_id":287,"ID":287,"Name":"M3RoomRevenueTTM","DisplayName":"Room Revenue ($)","Type":"TTM","DisplayOrder":554},{"_id":288,"ID":288,"Name":"M3FNBRevenueTTM","DisplayName":"F&B Revenue ($)","Type":"TTM","DisplayOrder":555},{"_id":289,"ID":289,"Name":"M3OtherRevenueTTM","DisplayName":"Other Income ($)","Type":"TTM","DisplayOrder":556},{"_id":290,"ID":290,"Name":"M3TotalPropertyTTM","DisplayName":"Total Revenue ($)","Type":"TTM","DisplayOrder":557},{"_id":291,"ID":291,"Name":"M3TTMBudget","DisplayName":"TTM Budget ($)","Type":"TTM","DisplayOrder":558},{"_id":292,"ID":292,"Name":"M3TTMLastYearOcc","DisplayName":"Occ (%) -LY","Type":"TTM","DisplayOrder":559},{"_id":293,"ID":293,"Name":"M3TTMLastYearOccVariance","DisplayName":"Occ (%) -Variance to LY","Type":"TTM","DisplayOrder":560},{"_id":294,"ID":294,"Name":"M3TTMLastYearADR","DisplayName":"ADR ($)-LY","Type":"TTM","DisplayOrder":561},{"_id":295,"ID":295,"Name":"M3TTMLastYearADRVariance","DisplayName":"ADR ($)-Variance to LY","Type":"TTM","DisplayOrder":562},{"_id":296,"ID":296,"Name":"M3TTMLastYearRevPAR","DisplayName":"RevPAR ($)-LY","Type":"TTM","DisplayOrder":563},{"_id":297,"ID":297,"Name":"M3TTMLastYearRoomRevenue","DisplayName":"Room Revenue ($)-LY","Type":"TTM","DisplayOrder":564},{"_id":298,"ID":298,"Name":"M3TTMLastYearRoomRevenueVariance","DisplayName":"Room Revenue ($)-Variance to LY","Type":"TTM","DisplayOrder":565},{"_id":299,"ID":299,"Name":"M3TTMLastYearFANDBRevenue","DisplayName":"F&B Revenue ($)-LY","Type":"TTM","DisplayOrder":566},{"_id":300,"ID":300,"Name":"M3TTMLastYearOtherRevenue","DisplayName":"Other Income ($)-LY","Type":"TTM","DisplayOrder":567},{"_id":301,"ID":301,"Name":"M3TTMLastYearTotalRevenue","DisplayName":"Total Revenue ($)-LY","Type":"TTM","DisplayOrder":568},{"_id":302,"ID":302,"Name":"M3ESOCCTTM","DisplayName":"ES Occ (%)","Type":"TTM","DisplayOrder":569},{"_id":303,"ID":303,"Name":"M3ESADRTTM","DisplayName":"ES ADR ($)","Type":"TTM","DisplayOrder":570},{"_id":304,"ID":304,"Name":"M3ESRevPARTTM","DisplayName":"ES RevPAR ($)","Type":"TTM","DisplayOrder":571},{"_id":305,"ID":305,"Name":"M3TTMOccBudget","DisplayName":"Occ (%) -Plan","Type":"TTM","DisplayOrder":572},{"_id":306,"ID":306,"Name":"M3TTMOccBudgetVariance","DisplayName":"Occ (%) -Variance to Plan","Type":"TTM","DisplayOrder":573},{"_id":307,"ID":307,"Name":"M3TTMADRBudget","DisplayName":"ADR ($)-Plan","Type":"TTM","DisplayOrder":574},{"_id":308,"ID":308,"Name":"M3TTMADRBudgetVariance","DisplayName":"ADR ($)-Variance to Plan","Type":"TTM","DisplayOrder":575},{"_id":309,"ID":309,"Name":"M3TTMRoomRevenueBudget","DisplayName":"Room Revenue ($)-Plan","Type":"TTM","DisplayOrder":576},{"_id":310,"ID":310,"Name":"M3TTMRoomRevenueBudgetVariance","DisplayName":"Room Revenue ($)-Variance to Plan","Type":"TTM","DisplayOrder":577},{"_id":311,"ID":311,"Name":"M3TTMVLYRoomRevenue","DisplayName":"Variance LY Room Revenue (%)","Type":"TTM","DisplayOrder":578},{"_id":312,"ID":312,"Name":"M3TTMVLYFNBRevenue","DisplayName":"Variance LY F&B Revenue (%)","Type":"TTM","DisplayOrder":579},{"_id":313,"ID":313,"Name":"M3TTMVLYTotalRevenue","DisplayName":"Variance LY Total Revenue (%)","Type":"TTM","DisplayOrder":580},{"_id":314,"ID":314,"Name":"M3TTMVLYOCC","DisplayName":"Variance LY OCC (%)","Type":"TTM","DisplayOrder":581},{"_id":315,"ID":315,"Name":"M3TTMVLYADR","DisplayName":"Variance LY ADR (%)","Type":"TTM","DisplayOrder":582},{"_id":316,"ID":316,"Name":"M3TTMVLYREVPAR","DisplayName":"Variance LY RevPAR (%)","Type":"TTM","DisplayOrder":583},{"_id":317,"ID":317,"Name":"M3TTMVBRoomRevenue","DisplayName":"Variance Budget Room Revenue (%)","Type":"TTM","DisplayOrder":584},{"_id":318,"ID":318,"Name":"M3TTMVBFNBRevenue","DisplayName":"Variance Budget F&B Revenue (%)","Type":"TTM","DisplayOrder":585},{"_id":319,"ID":319,"Name":"M3TTMVBTotalRevenue","DisplayName":"Variance Budget Total Revenue (%)","Type":"TTM","DisplayOrder":586},{"_id":320,"ID":320,"Name":"M3TTMVBOCC","DisplayName":"Variance Budget OCC (%)","Type":"TTM","DisplayOrder":587},{"_id":321,"ID":321,"Name":"M3TTMVBADR","DisplayName":"Variance Budget ADR (%)","Type":"TTM","DisplayOrder":588},{"_id":322,"ID":322,"Name":"M3TTMVBREVPAR","DisplayName":"Variance Budget RevPAR (%)","Type":"TTM","DisplayOrder":589},{"_id":323,"ID":323,"Name":"M3TTMVFRoomRevenue","DisplayName":"Variance Forecast Room Revenue (%)","Type":"TTM","DisplayOrder":590},{"_id":324,"ID":324,"Name":"M3TTMVFFNBRevenue","DisplayName":"Variance Forecast F&B Revenue (%)","Type":"TTM","DisplayOrder":591},{"_id":325,"ID":325,"Name":"M3TTMVFTotalRevenue","DisplayName":"Variance Forecast Total Revenue (%)","Type":"TTM","DisplayOrder":592},{"_id":326,"ID":326,"Name":"M3TTMVFOCC","DisplayName":"Variance Forecast OCC (%)","Type":"TTM","DisplayOrder":593},{"_id":327,"ID":327,"Name":"M3TTMVFADR","DisplayName":"Variance Forecast ADR (%)","Type":"TTM","DisplayOrder":594},{"_id":328,"ID":328,"Name":"M3TTMVFREVPAR","DisplayName":"Variance Forecast RevPAR (%)","Type":"TTM","DisplayOrder":595},{"_id":329,"ID":329,"Name":"M3MTDVBTotalRevenueActual","DisplayName":"Variance Budget Total Revenue ($)","Type":"MTD","DisplayOrder":250},{"_id":330,"ID":330,"Name":"M3YTDVBTotalRevenueActual","DisplayName":"Variance Budget Total Revenue ($)","Type":"YTD","DisplayOrder":547},{"_id":331,"ID":331,"Name":"M3TTMVBTotalRevenueActual","DisplayName":"Variance Budget Total Revenue ($)","Type":"TTM","DisplayOrder":596},{"_id":332,"ID":332,"Name":"M3MTDVLYTotalRevenueActual","DisplayName":"Variance LY Total Revenue ($)","Type":"MTD","DisplayOrder":251},{"_id":333,"ID":333,"Name":"M3YTDVLYTotalRevenueActual","DisplayName":"Variance LY Total Revenue ($)","Type":"YTD","DisplayOrder":548},{"_id":334,"ID":334,"Name":"M3TTMVLYTotalRevenueActual","DisplayName":"Variance LY Total Revenue ($)","Type":"TTM","DisplayOrder":597},{"_id":335,"ID":335,"Name":"M3GFQScore","DisplayName":"GFQ Score","Type":"Day","DisplayOrder":37},{"_id":336,"ID":336,"Name":"M3MTDGFQScore","DisplayName":"GFQ Score","Type":"MTD","DisplayOrder":252},{"_id":337,"ID":337,"Name":"M3YTDGFQScore","DisplayName":"GFQ Score","Type":"YTD","DisplayOrder":549},{"_id":338,"ID":338,"Name":"M3TTMGFQScore","DisplayName":"GFQ Score","Type":"TTM","DisplayOrder":598},{"_id":339,"ID":339,"Name":"M3MonthHotelRoomRevenueBudget","DisplayName":"This Month's Room Revenue Goal","Type":"MTD","DisplayOrder":259},{"_id":340,"ID":340,"Name":"M3RoomsAvailable","DisplayName":"Rooms Available","Type":"Day","DisplayOrder":39},{"_id":341,"ID":341,"Name":"M3RoomsAvailableMTD","DisplayName":"Rooms Available","Type":"MTD","DisplayOrder":253},{"_id":342,"ID":342,"Name":"M3RoomsAvailableYTD","DisplayName":"Rooms Available","Type":"YTD","DisplayOrder":550},{"_id":343,"ID":343,"Name":"M3RoomsAvailableTTM","DisplayName":"Rooms Available","Type":"TTM","DisplayOrder":599},{"_id":344,"ID":344,"Name":"M3RoomsOccupiedLYTTM","DisplayName":"Rooms Occupied-LY","Type":"TTM","DisplayOrder":601},{"_id":345,"ID":345,"Name":"M3RoomsOccupiedTTM","DisplayName":"Rooms Occupied","Type":"TTM","DisplayOrder":600},{"_id":346,"ID":346,"Name":"M3RoomsOccupiedLYYTD","DisplayName":"Rooms Occupied-LY","Type":"YTD","DisplayOrder":552},{"_id":347,"ID":347,"Name":"M3RoomsOccupiedYTD","DisplayName":"Rooms Occupied","Type":"YTD","DisplayOrder":551},{"_id":348,"ID":348,"Name":"M3RoomsOccupiedLYMTD","DisplayName":"Rooms Occupied-LY","Type":"MTD","DisplayOrder":255},{"_id":349,"ID":349,"Name":"M3RoomsOccupiedMTD","DisplayName":"Rooms Occupied","Type":"MTD","DisplayOrder":254},{"_id":350,"ID":350,"Name":"M3RoomsOccupiedLY","DisplayName":"Rooms Occupied-LY","Type":"Day","DisplayOrder":41},{"_id":351,"ID":351,"Name":"M3RoomsOccupied","DisplayName":"Rooms Occupied","Type":"Day","DisplayOrder":40},{"_id":352,"ID":352,"Name":"M3RevparBudgetMTD","DisplayName":"RevPAR ($)-Budget","Type":"MTD","DisplayOrder":250},{"_id":353,"ID":353,"Name":"M3RoomRevenueForecastMTD","DisplayName":"Room Revenue ($)-Forecast","Type":"MTD","DisplayOrder":251},{"_id":354,"ID":354,"Name":"M3RevparBudgetYTD","DisplayName":"RevPAR ($)-Budget","Type":"YTD","DisplayOrder":547},{"_id":355,"ID":355,"Name":"M3RoomRevenueForecastYTD","DisplayName":"Room Revenue ($)-Forecast","Type":"YTD","DisplayOrder":548},{"_id":356,"ID":356,"Name":"M3RevparBudgetTTM","DisplayName":"RevPAR ($)-Budget","Type":"TTM","DisplayOrder":597},{"_id":357,"ID":357,"Name":"M3RoomRevenueForecastTTM","DisplayName":"Room Revenue ($)-Forecast","Type":"TTM","DisplayOrder":598},{"_id":358,"ID":358,"Name":"M3TotalRevenueBudget","DisplayName":"Total Revenue ($)-Budget","Type":"Day","DisplayOrder":42},{"_id":359,"ID":359,"Name":"M3MTDTotalRevenueBudget","DisplayName":"Total Revenue ($)-Budget","Type":"MTD","DisplayOrder":256},{"_id":360,"ID":360,"Name":"M3YTDTotalRevenueBudget","DisplayName":"Total Revenue ($)-Budget","Type":"YTD","DisplayOrder":549},{"_id":361,"ID":361,"Name":"M3TTMTotalRevenueBudget","DisplayName":"Total Revenue ($)-Budget","Type":"TTM","DisplayOrder":599},{"_id":362,"ID":362,"Name":"M3TotalRevenueForecast","DisplayName":"Total Revenue ($)-Forecast","Type":"Day","DisplayOrder":43},{"_id":363,"ID":363,"Name":"M3TotalRevenueForecastMTD","DisplayName":"Total Revenue ($)-Forecast","Type":"MTD","DisplayOrder":257},{"_id":364,"ID":364,"Name":"M3TotalRevenueForecastYTD","DisplayName":"Total Revenue ($)-Forecast","Type":"YTD","DisplayOrder":550},{"_id":365,"ID":365,"Name":"M3TotalRevenueForecastTTM","DisplayName":"Total Revenue ($)-Forecast","Type":"TTM","DisplayOrder":600},{"_id":366,"ID":366,"Name":"M3RevparBudget","DisplayName":"RevPAR ($)-Budget","Type":"Day","DisplayOrder":44},{"_id":367,"ID":367,"Name":"M3RoomRevenueForecast","DisplayName":"Room Revenue ($)-Forecast","Type":"Day","DisplayOrder":45},{"_id":370,"ID":370,"Name":"M3RGIRunningMTD","DisplayName":"RGI Running MTD","Type":"STR","DisplayOrder":808}]