[{"_id":18,"ID":18,"EmailConfigurationID":1354,"Day":"Fri","UpdatedBy":"ap@unyq.org","UpdatedDateTime":"2018-09-25T21:47:05.503Z","emailConfigurationScheduleID":null},{"_id":27,"ID":27,"EmailConfigurationID":1587,"Day":"Mon","UpdatedBy":"Anna.Kaminski@americanlifeinc.com","UpdatedDateTime":"2019-03-15T17:14:19.027Z","emailConfigurationScheduleID":1063},{"_id":28,"ID":28,"EmailConfigurationID":1482,"Day":"Mon","UpdatedBy":"jagdish.patel@newcrestimage.com","UpdatedDateTime":"2019-04-24T19:26:25.570Z","emailConfigurationScheduleID":null},{"_id":29,"ID":29,"EmailConfigurationID":1854,"Day":"Fri","UpdatedBy":"superadmin@mydigitaloffice.ca","UpdatedDateTime":"2019-05-24T16:07:14.470Z","emailConfigurationScheduleID":null},{"_id":44,"ID":44,"EmailConfigurationID":699,"Day":"Thu","UpdatedBy":"superadmin@mydigitaloffice.ca","UpdatedDateTime":"2019-06-07T15:14:23.023Z","emailConfigurationScheduleID":3},{"_id":54,"ID":54,"EmailConfigurationID":1746,"Day":"Mon","UpdatedBy":"ali@mydigitaloffice.ca","UpdatedDateTime":"2019-08-04T17:26:21.677Z","emailConfigurationScheduleID":1587},{"_id":55,"ID":55,"EmailConfigurationID":2041,"Day":"Tue","UpdatedBy":"amanda@mydigitaloffice.ca","UpdatedDateTime":"2019-08-06T16:20:22.640Z","emailConfigurationScheduleID":1597},{"_id":56,"ID":56,"EmailConfigurationID":2041,"Day":"Tue","UpdatedBy":"amanda@mydigitaloffice.ca","UpdatedDateTime":"2019-08-06T16:20:22.710Z","emailConfigurationScheduleID":1598},{"_id":57,"ID":57,"EmailConfigurationID":2041,"Day":"Tue","UpdatedBy":"amanda@mydigitaloffice.ca","UpdatedDateTime":"2019-08-06T16:20:22.747Z","emailConfigurationScheduleID":1599},{"_id":58,"ID":58,"EmailConfigurationID":1747,"Day":"Wed","UpdatedBy":"jfioriti@wsmanagementinc.com","UpdatedDateTime":"2019-08-26T17:28:57.340Z","emailConfigurationScheduleID":1650},{"_id":63,"ID":63,"EmailConfigurationID":2180,"Day":"Mon","UpdatedBy":"jfioriti@wsmanagementinc.com","UpdatedDateTime":"2020-02-24T17:45:36.977Z","emailConfigurationScheduleID":1961},{"_id":64,"ID":64,"EmailConfigurationID":926,"Day":"Mon","UpdatedBy":"yinka@mydigitaloffice.com","UpdatedDateTime":"2020-09-19T22:50:00.713Z","emailConfigurationScheduleID":2508},{"_id":65,"ID":65,"EmailConfigurationID":1409,"Day":"Fri","UpdatedBy":"yinka@mydigitaloffice.com","UpdatedDateTime":"2020-10-29T13:29:17.927Z","emailConfigurationScheduleID":2615},{"_id":68,"ID":68,"EmailConfigurationID":1739,"Day":"Tue","UpdatedBy":"wnorris@valenciagroup.com","UpdatedDateTime":"2020-12-07T20:52:39.223Z","emailConfigurationScheduleID":2795},{"_id":69,"ID":69,"EmailConfigurationID":1877,"Day":"Tue","UpdatedBy":"wnorris@valenciagroup.com","UpdatedDateTime":"2020-12-07T20:58:01.883Z","emailConfigurationScheduleID":2806},{"_id":70,"ID":70,"EmailConfigurationID":1700,"Day":"Tue","UpdatedBy":"wnorris@valenciagroup.com","UpdatedDateTime":"2020-12-07T20:59:54.657Z","emailConfigurationScheduleID":2808},{"_id":71,"ID":71,"EmailConfigurationID":1694,"Day":"Tue","UpdatedBy":"wnorris@valenciagroup.com","UpdatedDateTime":"2020-12-07T21:04:05.423Z","emailConfigurationScheduleID":2816},{"_id":72,"ID":72,"EmailConfigurationID":1723,"Day":"Tue","UpdatedBy":"wnorris@valenciagroup.com","UpdatedDateTime":"2020-12-07T21:06:14.993Z","emailConfigurationScheduleID":2818},{"_id":73,"ID":73,"EmailConfigurationID":1867,"Day":"Tue","UpdatedBy":"wnorris@valenciagroup.com","UpdatedDateTime":"2020-12-07T21:06:15.027Z","emailConfigurationScheduleID":2819},{"_id":74,"ID":74,"EmailConfigurationID":1874,"Day":"Wed","UpdatedBy":"wnorris@valenciagroup.com","UpdatedDateTime":"2020-12-07T21:07:19.383Z","emailConfigurationScheduleID":2822},{"_id":75,"ID":75,"EmailConfigurationID":1695,"Day":"Tue","UpdatedBy":"wnorris@valenciagroup.com","UpdatedDateTime":"2020-12-07T21:09:48.290Z","emailConfigurationScheduleID":712},{"_id":76,"ID":76,"EmailConfigurationID":1712,"Day":"Tue","UpdatedBy":"wnorris@valenciagroup.com","UpdatedDateTime":"2020-12-07T21:10:58.447Z","emailConfigurationScheduleID":2827},{"_id":77,"ID":77,"EmailConfigurationID":1905,"Day":"Tue","UpdatedBy":"wnorris@valenciagroup.com","UpdatedDateTime":"2020-12-07T21:12:11.607Z","emailConfigurationScheduleID":2828},{"_id":79,"ID":79,"EmailConfigurationID":1899,"Day":"Tue","UpdatedBy":"wnorris@valenciagroup.com","UpdatedDateTime":"2020-12-07T21:12:11.697Z","emailConfigurationScheduleID":2830},{"_id":78,"ID":78,"EmailConfigurationID":1696,"Day":"Tue","UpdatedBy":"wnorris@valenciagroup.com","UpdatedDateTime":"2020-12-07T21:12:11.640Z","emailConfigurationScheduleID":2829},{"_id":80,"ID":80,"EmailConfigurationID":1862,"Day":"Tue","UpdatedBy":"wnorris@valenciagroup.com","UpdatedDateTime":"2020-12-07T21:15:02.473Z","emailConfigurationScheduleID":1074},{"_id":81,"ID":81,"EmailConfigurationID":1687,"Day":"Tue","UpdatedBy":"wnorris@valenciagroup.com","UpdatedDateTime":"2020-12-07T21:20:47.367Z","emailConfigurationScheduleID":2778},{"_id":82,"ID":82,"EmailConfigurationID":1880,"Day":"Tue","UpdatedBy":"wnorris@valenciagroup.com","UpdatedDateTime":"2020-12-07T21:21:45.193Z","emailConfigurationScheduleID":1194},{"_id":83,"ID":83,"EmailConfigurationID":1873,"Day":"Tue","UpdatedBy":"wnorris@valenciagroup.com","UpdatedDateTime":"2020-12-07T21:23:34.227Z","emailConfigurationScheduleID":2787},{"_id":84,"ID":84,"EmailConfigurationID":2293,"Day":"Mon","UpdatedBy":"drosenberg@hotelequities.com","UpdatedDateTime":"2020-12-16T19:44:26.047Z","emailConfigurationScheduleID":2923},{"_id":null,"ID":null,"EmailConfigurationID":null,"Day":null,"UpdatedBy":null,"UpdatedDateTime":null,"emailConfigurationScheduleID":null},{"_id":102,"ID":102,"EmailConfigurationID":2293,"Day":"Wed","UpdatedBy":"superadmin@mydigitaloffice.ca","UpdatedDateTime":"2021-01-19T19:54:44.867Z","emailConfigurationScheduleID":3125},{"_id":99,"ID":99,"EmailConfigurationID":2556,"Day":"Wed","UpdatedBy":"superadmin@mydigitaloffice.ca","UpdatedDateTime":"2021-01-19T19:53:26.837Z","emailConfigurationScheduleID":3124},{"_id":100,"ID":100,"EmailConfigurationID":2557,"Day":"Wed","UpdatedBy":"superadmin@mydigitaloffice.ca","UpdatedDateTime":"2021-01-19T19:54:02.553Z","emailConfigurationScheduleID":3126},{"_id":104,"ID":104,"EmailConfigurationID":2560,"Day":"Wed","UpdatedBy":"superadmin@mydigitaloffice.ca","UpdatedDateTime":"2021-01-19T19:56:23.580Z","emailConfigurationScheduleID":3130},{"_id":101,"ID":101,"EmailConfigurationID":2558,"Day":"Wed","UpdatedBy":"superadmin@mydigitaloffice.ca","UpdatedDateTime":"2021-01-19T19:54:21.470Z","emailConfigurationScheduleID":3127},{"_id":103,"ID":103,"EmailConfigurationID":2478,"Day":"Wed","UpdatedBy":"superadmin@mydigitaloffice.ca","UpdatedDateTime":"2021-01-19T19:56:00.353Z","emailConfigurationScheduleID":3129},{"_id":105,"ID":105,"EmailConfigurationID":2561,"Day":"Wed","UpdatedBy":"superadmin@mydigitaloffice.ca","UpdatedDateTime":"2021-01-19T19:56:40.400Z","emailConfigurationScheduleID":3131},{"_id":106,"ID":106,"EmailConfigurationID":2559,"Day":"Wed","UpdatedBy":"superadmin@mydigitaloffice.ca","UpdatedDateTime":"2021-01-19T19:58:25.933Z","emailConfigurationScheduleID":3128}]