[{"_id":1,"ID":1,"HotelID":10,"UserID":138,"Type":"Hours24","UpdatedBy":"superadmin@mydigitaloffice.ca","UpdatedDateTime":"2017-11-14T05:51:57.117Z","ScheduleTime":"2017-11-13T00:15:00.000Z","TimeZone":"Central Standard Time"},{"_id":149,"ID":149,"HotelID":279,"UserID":649,"Type":"Hours24","UpdatedBy":"srr@saronaholdings.com","UpdatedDateTime":"2018-01-17T19:56:39.000Z","ScheduleTime":"2018-01-17T15:00:00.000Z","TimeZone":"Eastern Standard Time"},{"_id":151,"ID":151,"HotelID":424,"UserID":993,"Type":"Hours24","UpdatedBy":"nibaya@mydigitaloffice.ca","UpdatedDateTime":"2018-05-09T10:09:11.927Z","ScheduleTime":"2018-05-09T06:12:00.000Z","TimeZone":"Eastern Standard Time"},{"_id":152,"ID":152,"HotelID":424,"UserID":993,"Type":"Hours48","UpdatedBy":"nibaya@mydigitaloffice.ca","UpdatedDateTime":"2018-05-09T10:09:11.927Z","ScheduleTime":"2018-05-09T06:12:00.000Z","TimeZone":"Eastern Standard Time"},{"_id":153,"ID":153,"HotelID":424,"UserID":993,"Type":"Hours48Plus","UpdatedBy":"nibaya@mydigitaloffice.ca","UpdatedDateTime":"2018-05-09T10:09:11.927Z","ScheduleTime":"2018-05-09T06:12:00.000Z","TimeZone":"Eastern Standard Time"},{"_id":154,"ID":154,"HotelID":425,"UserID":993,"Type":"Hours24","UpdatedBy":"nibaya@mydigitaloffice.ca","UpdatedDateTime":"2018-05-09T10:13:21.557Z","ScheduleTime":"2018-05-09T06:15:00.000Z","TimeZone":"Eastern Standard Time"},{"_id":155,"ID":155,"HotelID":425,"UserID":993,"Type":"Hours48","UpdatedBy":"nibaya@mydigitaloffice.ca","UpdatedDateTime":"2018-05-09T10:13:21.557Z","ScheduleTime":"2018-05-09T06:15:00.000Z","TimeZone":"Eastern Standard Time"},{"_id":156,"ID":156,"HotelID":425,"UserID":993,"Type":"Hours48Plus","UpdatedBy":"nibaya@mydigitaloffice.ca","UpdatedDateTime":"2018-05-09T10:13:21.557Z","ScheduleTime":"2018-05-09T06:15:00.000Z","TimeZone":"Eastern Standard Time"},{"_id":235,"ID":235,"HotelID":415,"UserID":970,"Type":"Hours24","UpdatedBy":"nibaya@mydigitaloffice.ca","UpdatedDateTime":"2018-07-31T10:52:03.513Z","ScheduleTime":"2018-07-31T09:15:00.000Z","TimeZone":"Eastern Standard Time"},{"_id":236,"ID":236,"HotelID":415,"UserID":1279,"Type":"Hours48","UpdatedBy":"nibaya@mydigitaloffice.ca","UpdatedDateTime":"2018-07-31T10:52:03.513Z","ScheduleTime":"2018-07-31T09:15:00.000Z","TimeZone":"Eastern Standard Time"},{"_id":237,"ID":237,"HotelID":402,"UserID":932,"Type":"Hours24","UpdatedBy":"nibaya@mydigitaloffice.ca","UpdatedDateTime":"2018-07-31T11:12:24.437Z","ScheduleTime":"2018-07-31T09:15:00.000Z","TimeZone":"Eastern Standard Time"},{"_id":238,"ID":238,"HotelID":402,"UserID":1280,"Type":"Hours48","UpdatedBy":"nibaya@mydigitaloffice.ca","UpdatedDateTime":"2018-07-31T11:12:24.437Z","ScheduleTime":"2018-07-31T09:15:00.000Z","TimeZone":"Eastern Standard Time"},{"_id":239,"ID":239,"HotelID":402,"UserID":1281,"Type":"Hours48Plus","UpdatedBy":"nibaya@mydigitaloffice.ca","UpdatedDateTime":"2018-07-31T11:12:24.437Z","ScheduleTime":"2018-07-31T09:15:00.000Z","TimeZone":"Eastern Standard Time"},{"_id":240,"ID":240,"HotelID":407,"UserID":942,"Type":"Hours24","UpdatedBy":"nibaya@mydigitaloffice.ca","UpdatedDateTime":"2018-07-31T11:47:20.573Z","ScheduleTime":"2018-07-31T09:15:00.000Z","TimeZone":"Eastern Standard Time"},{"_id":241,"ID":241,"HotelID":407,"UserID":1282,"Type":"Hours48","UpdatedBy":"nibaya@mydigitaloffice.ca","UpdatedDateTime":"2018-07-31T11:47:20.573Z","ScheduleTime":"2018-07-31T09:15:00.000Z","TimeZone":"Eastern Standard Time"},{"_id":242,"ID":242,"HotelID":407,"UserID":1283,"Type":"Hours48Plus","UpdatedBy":"nibaya@mydigitaloffice.ca","UpdatedDateTime":"2018-07-31T11:47:20.573Z","ScheduleTime":"2018-07-31T09:15:00.000Z","TimeZone":"Eastern Standard Time"},{"_id":252,"ID":252,"HotelID":388,"UserID":887,"Type":"Hours24","UpdatedBy":"nibaya@mydigitaloffice.ca","UpdatedDateTime":"2018-08-01T06:32:52.540Z","ScheduleTime":"2018-08-01T09:00:00.000Z","TimeZone":"Eastern Standard Time"},{"_id":253,"ID":253,"HotelID":388,"UserID":1294,"Type":"Hours48","UpdatedBy":"nibaya@mydigitaloffice.ca","UpdatedDateTime":"2018-08-01T06:32:52.540Z","ScheduleTime":"2018-08-01T09:00:00.000Z","TimeZone":"Eastern Standard Time"},{"_id":254,"ID":254,"HotelID":395,"UserID":897,"Type":"Hours24","UpdatedBy":"nibaya@mydigitaloffice.ca","UpdatedDateTime":"2018-08-01T06:43:35.943Z","ScheduleTime":"2018-08-01T09:15:00.000Z","TimeZone":"Eastern Standard Time"},{"_id":255,"ID":255,"HotelID":395,"UserID":1295,"Type":"Hours48","UpdatedBy":"nibaya@mydigitaloffice.ca","UpdatedDateTime":"2018-08-01T06:43:35.943Z","ScheduleTime":"2018-08-01T09:15:00.000Z","TimeZone":"Eastern Standard Time"},{"_id":256,"ID":256,"HotelID":395,"UserID":1296,"Type":"Hours48Plus","UpdatedBy":"nibaya@mydigitaloffice.ca","UpdatedDateTime":"2018-08-01T06:43:35.943Z","ScheduleTime":"2018-08-01T09:15:00.000Z","TimeZone":"Eastern Standard Time"},{"_id":257,"ID":257,"HotelID":392,"UserID":891,"Type":"Hours24","UpdatedBy":"nibaya@mydigitaloffice.ca","UpdatedDateTime":"2018-08-01T06:57:50.033Z","ScheduleTime":"2018-08-01T09:15:00.000Z","TimeZone":"Eastern Standard Time"},{"_id":258,"ID":258,"HotelID":392,"UserID":1297,"Type":"Hours48","UpdatedBy":"nibaya@mydigitaloffice.ca","UpdatedDateTime":"2018-08-01T06:57:50.033Z","ScheduleTime":"2018-08-01T09:15:00.000Z","TimeZone":"Eastern Standard Time"},{"_id":259,"ID":259,"HotelID":392,"UserID":1298,"Type":"Hours48Plus","UpdatedBy":"nibaya@mydigitaloffice.ca","UpdatedDateTime":"2018-08-01T06:57:50.033Z","ScheduleTime":"2018-08-01T09:15:00.000Z","TimeZone":"Eastern Standard Time"},{"_id":261,"ID":261,"HotelID":374,"UserID":1299,"Type":"Hours48","UpdatedBy":"nibaya@mydigitaloffice.ca","UpdatedDateTime":"2018-08-01T07:15:45.220Z","ScheduleTime":"2018-08-01T09:15:00.000Z","TimeZone":"Eastern Standard Time"},{"_id":262,"ID":262,"HotelID":374,"UserID":1300,"Type":"Hours48Plus","UpdatedBy":"nibaya@mydigitaloffice.ca","UpdatedDateTime":"2018-08-01T07:15:45.220Z","ScheduleTime":"2018-08-01T09:15:00.000Z","TimeZone":"Eastern Standard Time"},{"_id":263,"ID":263,"HotelID":374,"UserID":1301,"Type":"Hours48Plus","UpdatedBy":"nibaya@mydigitaloffice.ca","UpdatedDateTime":"2018-08-01T07:15:45.220Z","ScheduleTime":"2018-08-01T09:15:00.000Z","TimeZone":"Eastern Standard Time"},{"_id":269,"ID":269,"HotelID":389,"UserID":888,"Type":"Hours24","UpdatedBy":"nibaya@mydigitaloffice.ca","UpdatedDateTime":"2018-08-01T07:43:41.297Z","ScheduleTime":"2018-08-01T09:15:00.000Z","TimeZone":"Eastern Standard Time"},{"_id":270,"ID":270,"HotelID":389,"UserID":1287,"Type":"Hours48","UpdatedBy":"nibaya@mydigitaloffice.ca","UpdatedDateTime":"2018-08-01T07:43:41.297Z","ScheduleTime":"2018-08-01T09:15:00.000Z","TimeZone":"Eastern Standard Time"},{"_id":271,"ID":271,"HotelID":389,"UserID":1286,"Type":"Hours48Plus","UpdatedBy":"nibaya@mydigitaloffice.ca","UpdatedDateTime":"2018-08-01T07:43:41.297Z","ScheduleTime":"2018-08-01T09:15:00.000Z","TimeZone":"Eastern Standard Time"},{"_id":272,"ID":272,"HotelID":389,"UserID":1305,"Type":"Hours48Plus","UpdatedBy":"nibaya@mydigitaloffice.ca","UpdatedDateTime":"2018-08-01T07:43:41.297Z","ScheduleTime":"2018-08-01T09:15:00.000Z","TimeZone":"Eastern Standard Time"},{"_id":273,"ID":273,"HotelID":396,"UserID":898,"Type":"Hours24","UpdatedBy":"nibaya@mydigitaloffice.ca","UpdatedDateTime":"2018-08-01T07:50:25.250Z","ScheduleTime":"2018-08-01T09:15:00.000Z","TimeZone":"Eastern Standard Time"},{"_id":274,"ID":274,"HotelID":396,"UserID":1306,"Type":"Hours48","UpdatedBy":"nibaya@mydigitaloffice.ca","UpdatedDateTime":"2018-08-01T07:50:25.250Z","ScheduleTime":"2018-08-01T09:15:00.000Z","TimeZone":"Eastern Standard Time"},{"_id":275,"ID":275,"HotelID":393,"UserID":892,"Type":"Hours24","UpdatedBy":"nibaya@mydigitaloffice.ca","UpdatedDateTime":"2018-08-01T08:10:47.140Z","ScheduleTime":"2018-08-01T09:15:00.000Z","TimeZone":"Eastern Standard Time"},{"_id":276,"ID":276,"HotelID":393,"UserID":1307,"Type":"Hours48","UpdatedBy":"nibaya@mydigitaloffice.ca","UpdatedDateTime":"2018-08-01T08:10:47.140Z","ScheduleTime":"2018-08-01T09:15:00.000Z","TimeZone":"Eastern Standard Time"},{"_id":277,"ID":277,"HotelID":393,"UserID":1308,"Type":"Hours48Plus","UpdatedBy":"nibaya@mydigitaloffice.ca","UpdatedDateTime":"2018-08-01T08:10:47.140Z","ScheduleTime":"2018-08-01T09:15:00.000Z","TimeZone":"Eastern Standard Time"},{"_id":280,"ID":280,"HotelID":390,"UserID":889,"Type":"Hours24","UpdatedBy":"nibaya@mydigitaloffice.ca","UpdatedDateTime":"2018-08-01T08:22:24.497Z","ScheduleTime":"2018-08-01T09:15:00.000Z","TimeZone":"Eastern Standard Time"},{"_id":281,"ID":281,"HotelID":390,"UserID":1309,"Type":"Hours48","UpdatedBy":"nibaya@mydigitaloffice.ca","UpdatedDateTime":"2018-08-01T08:22:24.497Z","ScheduleTime":"2018-08-01T09:15:00.000Z","TimeZone":"Eastern Standard Time"},{"_id":283,"ID":283,"HotelID":405,"UserID":1310,"Type":"Hours48","UpdatedBy":"nibaya@mydigitaloffice.ca","UpdatedDateTime":"2018-08-01T08:35:44.017Z","ScheduleTime":"2018-08-01T09:15:00.000Z","TimeZone":"Eastern Standard Time"},{"_id":290,"ID":290,"HotelID":378,"UserID":1317,"Type":"Hours48","UpdatedBy":"nibaya@mydigitaloffice.ca","UpdatedDateTime":"2018-08-01T10:26:46.567Z","ScheduleTime":"2018-08-01T09:15:00.000Z","TimeZone":"Eastern Standard Time"},{"_id":292,"ID":292,"HotelID":372,"UserID":834,"Type":"Hours24","UpdatedBy":"nibaya@mydigitaloffice.ca","UpdatedDateTime":"2018-08-01T10:35:07.783Z","ScheduleTime":"2018-08-01T09:15:00.000Z","TimeZone":"Eastern Standard Time"},{"_id":293,"ID":293,"HotelID":372,"UserID":1313,"Type":"Hours48","UpdatedBy":"nibaya@mydigitaloffice.ca","UpdatedDateTime":"2018-08-01T10:35:07.783Z","ScheduleTime":"2018-08-01T09:15:00.000Z","TimeZone":"Eastern Standard Time"},{"_id":294,"ID":294,"HotelID":372,"UserID":834,"Type":"Hours48Plus","UpdatedBy":"nibaya@mydigitaloffice.ca","UpdatedDateTime":"2018-08-01T10:35:07.783Z","ScheduleTime":"2018-08-01T09:15:00.000Z","TimeZone":"Eastern Standard Time"},{"_id":295,"ID":295,"HotelID":372,"UserID":1314,"Type":"Hours48Plus","UpdatedBy":"nibaya@mydigitaloffice.ca","UpdatedDateTime":"2018-08-01T10:35:07.783Z","ScheduleTime":"2018-08-01T09:15:00.000Z","TimeZone":"Eastern Standard Time"},{"_id":297,"ID":297,"HotelID":403,"UserID":969,"Type":"Hours48","UpdatedBy":"nibaya@mydigitaloffice.ca","UpdatedDateTime":"2018-08-01T10:41:51.097Z","ScheduleTime":"2018-08-01T09:15:00.000Z","TimeZone":"Eastern Standard Time"},{"_id":305,"ID":305,"HotelID":410,"UserID":952,"Type":"Hours24","UpdatedBy":"nibaya@mydigitaloffice.ca","UpdatedDateTime":"2018-08-01T11:00:37.497Z","ScheduleTime":"2018-08-01T09:15:00.000Z","TimeZone":"Eastern Standard Time"},{"_id":306,"ID":306,"HotelID":410,"UserID":1311,"Type":"Hours48","UpdatedBy":"nibaya@mydigitaloffice.ca","UpdatedDateTime":"2018-08-01T11:00:37.497Z","ScheduleTime":"2018-08-01T09:15:00.000Z","TimeZone":"Eastern Standard Time"},{"_id":308,"ID":308,"HotelID":371,"UserID":834,"Type":"Hours24","UpdatedBy":"nibaya@mydigitaloffice.ca","UpdatedDateTime":"2018-08-01T11:03:22.587Z","ScheduleTime":"2018-08-01T09:15:00.000Z","TimeZone":"Eastern Standard Time"},{"_id":309,"ID":309,"HotelID":371,"UserID":1313,"Type":"Hours48","UpdatedBy":"nibaya@mydigitaloffice.ca","UpdatedDateTime":"2018-08-01T11:03:22.587Z","ScheduleTime":"2018-08-01T09:15:00.000Z","TimeZone":"Eastern Standard Time"},{"_id":310,"ID":310,"HotelID":371,"UserID":1314,"Type":"Hours48Plus","UpdatedBy":"nibaya@mydigitaloffice.ca","UpdatedDateTime":"2018-08-01T11:03:22.587Z","ScheduleTime":"2018-08-01T09:15:00.000Z","TimeZone":"Eastern Standard Time"},{"_id":334,"ID":334,"HotelID":401,"UserID":824,"Type":"Hours48","UpdatedBy":"nibaya@mydigitaloffice.ca","UpdatedDateTime":"2018-09-11T08:08:49.773Z","ScheduleTime":"2018-09-11T09:15:00.000Z","TimeZone":"Eastern Standard Time"},{"_id":336,"ID":336,"HotelID":401,"UserID":1390,"Type":"Hours48","UpdatedBy":"nibaya@mydigitaloffice.ca","UpdatedDateTime":"2018-09-11T08:08:49.773Z","ScheduleTime":"2018-09-11T09:15:00.000Z","TimeZone":"Eastern Standard Time"},{"_id":337,"ID":337,"HotelID":401,"UserID":1388,"Type":"Hours48Plus","UpdatedBy":"nibaya@mydigitaloffice.ca","UpdatedDateTime":"2018-09-11T08:08:49.773Z","ScheduleTime":"2018-09-11T09:15:00.000Z","TimeZone":"Eastern Standard Time"},{"_id":339,"ID":339,"HotelID":421,"UserID":984,"Type":"Hours24","UpdatedBy":"nibaya@mydigitaloffice.ca","UpdatedDateTime":"2018-09-11T08:31:37.260Z","ScheduleTime":"2018-09-11T09:15:00.000Z","TimeZone":"Eastern Standard Time"},{"_id":340,"ID":340,"HotelID":421,"UserID":1391,"Type":"Hours48","UpdatedBy":"nibaya@mydigitaloffice.ca","UpdatedDateTime":"2018-09-11T08:31:37.260Z","ScheduleTime":"2018-09-11T09:15:00.000Z","TimeZone":"Eastern Standard Time"},{"_id":342,"ID":342,"HotelID":421,"UserID":1393,"Type":"Hours48Plus","UpdatedBy":"nibaya@mydigitaloffice.ca","UpdatedDateTime":"2018-09-11T08:31:37.260Z","ScheduleTime":"2018-09-11T09:15:00.000Z","TimeZone":"Eastern Standard Time"},{"_id":345,"ID":345,"HotelID":394,"UserID":1396,"Type":"Hours48","UpdatedBy":"nibaya@mydigitaloffice.ca","UpdatedDateTime":"2018-09-11T09:06:37.490Z","ScheduleTime":"2018-09-11T09:15:00.000Z","TimeZone":"Eastern Standard Time"},{"_id":349,"ID":349,"HotelID":397,"UserID":948,"Type":"Hours24","UpdatedBy":"nibaya@mydigitaloffice.ca","UpdatedDateTime":"2018-09-11T10:11:15.277Z","ScheduleTime":"2018-09-11T09:15:00.000Z","TimeZone":"Eastern Standard Time"},{"_id":350,"ID":350,"HotelID":397,"UserID":1399,"Type":"Hours48","UpdatedBy":"nibaya@mydigitaloffice.ca","UpdatedDateTime":"2018-09-11T10:11:15.277Z","ScheduleTime":"2018-09-11T09:15:00.000Z","TimeZone":"Eastern Standard Time"},{"_id":359,"ID":359,"HotelID":406,"UserID":939,"Type":"Hours24","UpdatedBy":"nibaya@mydigitaloffice.ca","UpdatedDateTime":"2018-09-11T10:31:46.727Z","ScheduleTime":"2018-09-11T09:15:00.000Z","TimeZone":"Eastern Standard Time"},{"_id":360,"ID":360,"HotelID":406,"UserID":1404,"Type":"Hours48","UpdatedBy":"nibaya@mydigitaloffice.ca","UpdatedDateTime":"2018-09-11T10:31:46.727Z","ScheduleTime":"2018-09-11T09:15:00.000Z","TimeZone":"Eastern Standard Time"},{"_id":363,"ID":363,"HotelID":373,"UserID":835,"Type":"Hours24","UpdatedBy":"nibaya@mydigitaloffice.ca","UpdatedDateTime":"2018-09-11T10:41:04.637Z","ScheduleTime":"2018-09-11T09:15:00.000Z","TimeZone":"Eastern Standard Time"},{"_id":364,"ID":364,"HotelID":373,"UserID":1383,"Type":"Hours48","UpdatedBy":"nibaya@mydigitaloffice.ca","UpdatedDateTime":"2018-09-11T10:41:04.637Z","ScheduleTime":"2018-09-11T09:15:00.000Z","TimeZone":"Eastern Standard Time"},{"_id":365,"ID":365,"HotelID":373,"UserID":1384,"Type":"Hours48Plus","UpdatedBy":"nibaya@mydigitaloffice.ca","UpdatedDateTime":"2018-09-11T10:41:04.637Z","ScheduleTime":"2018-09-11T09:15:00.000Z","TimeZone":"Eastern Standard Time"},{"_id":366,"ID":366,"HotelID":373,"UserID":1385,"Type":"Hours48Plus","UpdatedBy":"nibaya@mydigitaloffice.ca","UpdatedDateTime":"2018-09-11T10:41:04.637Z","ScheduleTime":"2018-09-11T09:15:00.000Z","TimeZone":"Eastern Standard Time"},{"_id":368,"ID":368,"HotelID":382,"UserID":1401,"Type":"Hours48","UpdatedBy":"nibaya@mydigitaloffice.ca","UpdatedDateTime":"2018-09-11T10:48:00.017Z","ScheduleTime":"2018-09-11T09:15:00.000Z","TimeZone":"Eastern Standard Time"},{"_id":369,"ID":369,"HotelID":382,"UserID":1402,"Type":"Hours48Plus","UpdatedBy":"nibaya@mydigitaloffice.ca","UpdatedDateTime":"2018-09-11T10:48:00.017Z","ScheduleTime":"2018-09-11T09:15:00.000Z","TimeZone":"Eastern Standard Time"},{"_id":371,"ID":371,"HotelID":417,"UserID":1406,"Type":"Hours48","UpdatedBy":"nibaya@mydigitaloffice.ca","UpdatedDateTime":"2018-09-12T04:15:43.117Z","ScheduleTime":"2018-09-11T09:45:00.000Z","TimeZone":"Eastern Standard Time"},{"_id":372,"ID":372,"HotelID":417,"UserID":1407,"Type":"Hours48Plus","UpdatedBy":"nibaya@mydigitaloffice.ca","UpdatedDateTime":"2018-09-12T04:15:43.117Z","ScheduleTime":"2018-09-11T09:45:00.000Z","TimeZone":"Eastern Standard Time"},{"_id":373,"ID":373,"HotelID":417,"UserID":1408,"Type":"Hours48Plus","UpdatedBy":"nibaya@mydigitaloffice.ca","UpdatedDateTime":"2018-09-12T04:15:43.117Z","ScheduleTime":"2018-09-11T09:45:00.000Z","TimeZone":"Eastern Standard Time"},{"_id":379,"ID":379,"HotelID":399,"UserID":905,"Type":"Hours24","UpdatedBy":"nibaya@mydigitaloffice.ca","UpdatedDateTime":"2018-09-12T04:36:02.620Z","ScheduleTime":"2018-09-11T09:15:00.000Z","TimeZone":"Eastern Standard Time"},{"_id":380,"ID":380,"HotelID":399,"UserID":1405,"Type":"Hours48","UpdatedBy":"nibaya@mydigitaloffice.ca","UpdatedDateTime":"2018-09-12T04:36:02.620Z","ScheduleTime":"2018-09-11T09:15:00.000Z","TimeZone":"Eastern Standard Time"},{"_id":381,"ID":381,"HotelID":399,"UserID":1411,"Type":"Hours48Plus","UpdatedBy":"nibaya@mydigitaloffice.ca","UpdatedDateTime":"2018-09-12T04:36:02.620Z","ScheduleTime":"2018-09-11T09:15:00.000Z","TimeZone":"Eastern Standard Time"},{"_id":390,"ID":390,"HotelID":208,"UserID":930,"Type":"Hours48Plus","UpdatedBy":"nibaya@mydigitaloffice.ca","UpdatedDateTime":"2018-09-19T05:09:15.567Z","ScheduleTime":"2018-09-19T09:15:00.000Z","TimeZone":"Eastern Standard Time"},{"_id":401,"ID":401,"HotelID":200,"UserID":930,"Type":"Hours48Plus","UpdatedBy":"nibaya@mydigitaloffice.ca","UpdatedDateTime":"2018-09-19T06:09:17.127Z","ScheduleTime":"2018-09-19T09:15:00.000Z","TimeZone":"Eastern Standard Time"},{"_id":402,"ID":402,"HotelID":209,"UserID":421,"Type":"Hours24","UpdatedBy":"nibaya@mydigitaloffice.ca","UpdatedDateTime":"2018-09-19T06:12:58.077Z","ScheduleTime":"2018-09-19T09:15:00.000Z","TimeZone":"Eastern Standard Time"},{"_id":403,"ID":403,"HotelID":209,"UserID":421,"Type":"Hours48","UpdatedBy":"nibaya@mydigitaloffice.ca","UpdatedDateTime":"2018-09-19T06:12:58.077Z","ScheduleTime":"2018-09-19T09:15:00.000Z","TimeZone":"Eastern Standard Time"},{"_id":404,"ID":404,"HotelID":209,"UserID":930,"Type":"Hours48Plus","UpdatedBy":"nibaya@mydigitaloffice.ca","UpdatedDateTime":"2018-09-19T06:12:58.077Z","ScheduleTime":"2018-09-19T09:15:00.000Z","TimeZone":"Eastern Standard Time"},{"_id":405,"ID":405,"HotelID":205,"UserID":420,"Type":"Hours24","UpdatedBy":"nibaya@mydigitaloffice.ca","UpdatedDateTime":"2018-09-19T06:16:04.593Z","ScheduleTime":"2018-09-19T09:15:00.000Z","TimeZone":"Eastern Standard Time"},{"_id":406,"ID":406,"HotelID":205,"UserID":420,"Type":"Hours48","UpdatedBy":"nibaya@mydigitaloffice.ca","UpdatedDateTime":"2018-09-19T06:16:04.593Z","ScheduleTime":"2018-09-19T09:15:00.000Z","TimeZone":"Eastern Standard Time"},{"_id":407,"ID":407,"HotelID":205,"UserID":930,"Type":"Hours48Plus","UpdatedBy":"nibaya@mydigitaloffice.ca","UpdatedDateTime":"2018-09-19T06:16:04.593Z","ScheduleTime":"2018-09-19T09:15:00.000Z","TimeZone":"Eastern Standard Time"},{"_id":441,"ID":441,"HotelID":429,"UserID":1008,"Type":"Hours24","UpdatedBy":"nibaya@mydigitaloffice.ca","UpdatedDateTime":"2018-09-20T06:21:16.713Z","ScheduleTime":"2018-09-20T09:15:00.000Z","TimeZone":"Central Standard Time"},{"_id":445,"ID":445,"HotelID":429,"UserID":1008,"Type":"Hours48","UpdatedBy":"nibaya@mydigitaloffice.ca","UpdatedDateTime":"2018-09-20T06:21:16.713Z","ScheduleTime":"2018-09-20T09:15:00.000Z","TimeZone":"Central Standard Time"},{"_id":449,"ID":449,"HotelID":429,"UserID":1008,"Type":"Hours48Plus","UpdatedBy":"nibaya@mydigitaloffice.ca","UpdatedDateTime":"2018-09-20T06:21:16.713Z","ScheduleTime":"2018-09-20T09:15:00.000Z","TimeZone":"Central Standard Time"},{"_id":474,"ID":474,"HotelID":430,"UserID":1003,"Type":"Hours24","UpdatedBy":"nibaya@mydigitaloffice.ca","UpdatedDateTime":"2018-09-26T05:09:46.210Z","ScheduleTime":"2018-09-26T09:15:00.000Z","TimeZone":"Central Standard Time"},{"_id":475,"ID":475,"HotelID":430,"UserID":1003,"Type":"Hours48","UpdatedBy":"nibaya@mydigitaloffice.ca","UpdatedDateTime":"2018-09-26T05:09:46.210Z","ScheduleTime":"2018-09-26T09:15:00.000Z","TimeZone":"Central Standard Time"},{"_id":476,"ID":476,"HotelID":430,"UserID":1003,"Type":"Hours48Plus","UpdatedBy":"nibaya@mydigitaloffice.ca","UpdatedDateTime":"2018-09-26T05:09:46.210Z","ScheduleTime":"2018-09-26T09:15:00.000Z","TimeZone":"Central Standard Time"},{"_id":479,"ID":479,"HotelID":350,"UserID":1982,"Type":"Hours24","UpdatedBy":"nibaya@mydigitaloffice.ca","UpdatedDateTime":"2018-11-09T07:27:03.790Z","ScheduleTime":"2018-11-09T09:15:00.000Z","TimeZone":"Eastern Standard Time"},{"_id":481,"ID":481,"HotelID":367,"UserID":1353,"Type":"Hours24","UpdatedBy":"nibaya@mydigitaloffice.ca","UpdatedDateTime":"2018-11-14T10:54:15.973Z","ScheduleTime":"2018-11-14T09:15:00.000Z","TimeZone":"Eastern Standard Time"},{"_id":482,"ID":482,"HotelID":432,"UserID":1013,"Type":"Hours24","UpdatedBy":"nibaya@mydigitaloffice.ca","UpdatedDateTime":"2018-11-16T10:58:50.453Z","ScheduleTime":"2018-11-16T09:15:00.000Z","TimeZone":"Central Standard Time"},{"_id":483,"ID":483,"HotelID":432,"UserID":1013,"Type":"Hours48","UpdatedBy":"nibaya@mydigitaloffice.ca","UpdatedDateTime":"2018-11-16T10:58:50.453Z","ScheduleTime":"2018-11-16T09:15:00.000Z","TimeZone":"Central Standard Time"},{"_id":484,"ID":484,"HotelID":432,"UserID":1013,"Type":"Hours48Plus","UpdatedBy":"nibaya@mydigitaloffice.ca","UpdatedDateTime":"2018-11-16T10:58:50.453Z","ScheduleTime":"2018-11-16T09:15:00.000Z","TimeZone":"Central Standard Time"},{"_id":485,"ID":485,"HotelID":427,"UserID":1005,"Type":"Hours24","UpdatedBy":"nibaya@mydigitaloffice.ca","UpdatedDateTime":"2018-11-16T11:00:37.210Z","ScheduleTime":"2018-11-16T09:15:00.000Z","TimeZone":"Central Standard Time"},{"_id":486,"ID":486,"HotelID":427,"UserID":1005,"Type":"Hours48","UpdatedBy":"nibaya@mydigitaloffice.ca","UpdatedDateTime":"2018-11-16T11:00:37.210Z","ScheduleTime":"2018-11-16T09:15:00.000Z","TimeZone":"Central Standard Time"},{"_id":487,"ID":487,"HotelID":427,"UserID":1005,"Type":"Hours48Plus","UpdatedBy":"nibaya@mydigitaloffice.ca","UpdatedDateTime":"2018-11-16T11:00:37.210Z","ScheduleTime":"2018-11-16T09:15:00.000Z","TimeZone":"Central Standard Time"},{"_id":495,"ID":495,"HotelID":441,"UserID":1984,"Type":"Hours48","UpdatedBy":"superadmin@mydigitaloffice.ca","UpdatedDateTime":"2019-01-08T05:19:16.747Z","ScheduleTime":"2019-01-07T08:00:00.000Z","TimeZone":"Eastern Standard Time"},{"_id":496,"ID":496,"HotelID":441,"UserID":1054,"Type":"Hours48Plus","UpdatedBy":"superadmin@mydigitaloffice.ca","UpdatedDateTime":"2019-01-08T05:19:16.747Z","ScheduleTime":"2019-01-07T08:00:00.000Z","TimeZone":"Eastern Standard Time"},{"_id":498,"ID":498,"HotelID":444,"UserID":1984,"Type":"Hours48","UpdatedBy":"superadmin@mydigitaloffice.ca","UpdatedDateTime":"2019-01-08T05:22:14.677Z","ScheduleTime":"2019-01-07T08:00:00.000Z","TimeZone":"Eastern Standard Time"},{"_id":499,"ID":499,"HotelID":444,"UserID":1054,"Type":"Hours48Plus","UpdatedBy":"superadmin@mydigitaloffice.ca","UpdatedDateTime":"2019-01-08T05:22:14.677Z","ScheduleTime":"2019-01-07T08:00:00.000Z","TimeZone":"Eastern Standard Time"},{"_id":500,"ID":500,"HotelID":450,"UserID":1091,"Type":"Hours24","UpdatedBy":"superadmin@mydigitaloffice.ca","UpdatedDateTime":"2019-01-08T05:25:33.630Z","ScheduleTime":"2019-01-07T08:00:00.000Z","TimeZone":"Eastern Standard Time"},{"_id":501,"ID":501,"HotelID":450,"UserID":1984,"Type":"Hours48","UpdatedBy":"superadmin@mydigitaloffice.ca","UpdatedDateTime":"2019-01-08T05:25:33.630Z","ScheduleTime":"2019-01-07T08:00:00.000Z","TimeZone":"Eastern Standard Time"},{"_id":502,"ID":502,"HotelID":450,"UserID":1054,"Type":"Hours48Plus","UpdatedBy":"superadmin@mydigitaloffice.ca","UpdatedDateTime":"2019-01-08T05:25:33.630Z","ScheduleTime":"2019-01-07T08:00:00.000Z","TimeZone":"Eastern Standard Time"},{"_id":503,"ID":503,"HotelID":453,"UserID":1097,"Type":"Hours24","UpdatedBy":"superadmin@mydigitaloffice.ca","UpdatedDateTime":"2019-01-08T05:27:03.813Z","ScheduleTime":"2019-01-07T08:00:00.000Z","TimeZone":"Eastern Standard Time"},{"_id":504,"ID":504,"HotelID":453,"UserID":1984,"Type":"Hours48","UpdatedBy":"superadmin@mydigitaloffice.ca","UpdatedDateTime":"2019-01-08T05:27:03.813Z","ScheduleTime":"2019-01-07T08:00:00.000Z","TimeZone":"Eastern Standard Time"},{"_id":505,"ID":505,"HotelID":453,"UserID":1054,"Type":"Hours48Plus","UpdatedBy":"superadmin@mydigitaloffice.ca","UpdatedDateTime":"2019-01-08T05:27:03.813Z","ScheduleTime":"2019-01-07T08:00:00.000Z","TimeZone":"Eastern Standard Time"},{"_id":506,"ID":506,"HotelID":459,"UserID":1103,"Type":"Hours24","UpdatedBy":"superadmin@mydigitaloffice.ca","UpdatedDateTime":"2019-01-08T05:27:48.723Z","ScheduleTime":"2019-01-07T08:00:00.000Z","TimeZone":"Eastern Standard Time"},{"_id":507,"ID":507,"HotelID":459,"UserID":1984,"Type":"Hours48","UpdatedBy":"superadmin@mydigitaloffice.ca","UpdatedDateTime":"2019-01-08T05:27:48.723Z","ScheduleTime":"2019-01-07T08:00:00.000Z","TimeZone":"Eastern Standard Time"},{"_id":508,"ID":508,"HotelID":459,"UserID":1054,"Type":"Hours48Plus","UpdatedBy":"superadmin@mydigitaloffice.ca","UpdatedDateTime":"2019-01-08T05:27:48.723Z","ScheduleTime":"2019-01-07T08:00:00.000Z","TimeZone":"Eastern Standard Time"},{"_id":509,"ID":509,"HotelID":476,"UserID":1142,"Type":"Hours24","UpdatedBy":"superadmin@mydigitaloffice.ca","UpdatedDateTime":"2019-01-08T05:32:52.447Z","ScheduleTime":"2019-01-07T21:30:00.000Z","TimeZone":"Eastern Standard Time"},{"_id":510,"ID":510,"HotelID":476,"UserID":1984,"Type":"Hours48","UpdatedBy":"superadmin@mydigitaloffice.ca","UpdatedDateTime":"2019-01-08T05:32:52.447Z","ScheduleTime":"2019-01-07T21:30:00.000Z","TimeZone":"Eastern Standard Time"},{"_id":511,"ID":511,"HotelID":476,"UserID":1054,"Type":"Hours48Plus","UpdatedBy":"superadmin@mydigitaloffice.ca","UpdatedDateTime":"2019-01-08T05:32:52.447Z","ScheduleTime":"2019-01-07T21:30:00.000Z","TimeZone":"Eastern Standard Time"},{"_id":512,"ID":512,"HotelID":477,"UserID":1144,"Type":"Hours24","UpdatedBy":"superadmin@mydigitaloffice.ca","UpdatedDateTime":"2019-01-08T05:34:21.663Z","ScheduleTime":"2019-01-07T08:00:00.000Z","TimeZone":"Eastern Standard Time"},{"_id":513,"ID":513,"HotelID":477,"UserID":1984,"Type":"Hours48","UpdatedBy":"superadmin@mydigitaloffice.ca","UpdatedDateTime":"2019-01-08T05:34:21.663Z","ScheduleTime":"2019-01-07T08:00:00.000Z","TimeZone":"Eastern Standard Time"},{"_id":514,"ID":514,"HotelID":477,"UserID":1054,"Type":"Hours48Plus","UpdatedBy":"superadmin@mydigitaloffice.ca","UpdatedDateTime":"2019-01-08T05:34:21.663Z","ScheduleTime":"2019-01-07T08:00:00.000Z","TimeZone":"Eastern Standard Time"},{"_id":515,"ID":515,"HotelID":482,"UserID":1152,"Type":"Hours24","UpdatedBy":"superadmin@mydigitaloffice.ca","UpdatedDateTime":"2019-01-08T05:34:30.797Z","ScheduleTime":"2019-01-07T08:00:00.000Z","TimeZone":"Eastern Standard Time"},{"_id":516,"ID":516,"HotelID":482,"UserID":1984,"Type":"Hours48","UpdatedBy":"superadmin@mydigitaloffice.ca","UpdatedDateTime":"2019-01-08T05:34:30.797Z","ScheduleTime":"2019-01-07T08:00:00.000Z","TimeZone":"Eastern Standard Time"},{"_id":517,"ID":517,"HotelID":482,"UserID":1054,"Type":"Hours48Plus","UpdatedBy":"superadmin@mydigitaloffice.ca","UpdatedDateTime":"2019-01-08T05:34:30.797Z","ScheduleTime":"2019-01-07T08:00:00.000Z","TimeZone":"Eastern Standard Time"},{"_id":518,"ID":518,"HotelID":487,"UserID":1155,"Type":"Hours24","UpdatedBy":"superadmin@mydigitaloffice.ca","UpdatedDateTime":"2019-01-08T05:40:20.383Z","ScheduleTime":"2019-01-07T08:00:00.000Z","TimeZone":"Eastern Standard Time"},{"_id":519,"ID":519,"HotelID":487,"UserID":1984,"Type":"Hours48","UpdatedBy":"superadmin@mydigitaloffice.ca","UpdatedDateTime":"2019-01-08T05:40:20.383Z","ScheduleTime":"2019-01-07T08:00:00.000Z","TimeZone":"Eastern Standard Time"},{"_id":520,"ID":520,"HotelID":487,"UserID":1054,"Type":"Hours48Plus","UpdatedBy":"superadmin@mydigitaloffice.ca","UpdatedDateTime":"2019-01-08T05:40:20.383Z","ScheduleTime":"2019-01-07T08:00:00.000Z","TimeZone":"Eastern Standard Time"},{"_id":522,"ID":522,"HotelID":484,"UserID":1984,"Type":"Hours48","UpdatedBy":"superadmin@mydigitaloffice.ca","UpdatedDateTime":"2019-01-08T05:40:28.897Z","ScheduleTime":"2019-01-07T08:00:00.000Z","TimeZone":"Eastern Standard Time"},{"_id":523,"ID":523,"HotelID":484,"UserID":1054,"Type":"Hours48Plus","UpdatedBy":"superadmin@mydigitaloffice.ca","UpdatedDateTime":"2019-01-08T05:40:28.897Z","ScheduleTime":"2019-01-07T08:00:00.000Z","TimeZone":"Eastern Standard Time"},{"_id":524,"ID":524,"HotelID":491,"UserID":1161,"Type":"Hours24","UpdatedBy":"superadmin@mydigitaloffice.ca","UpdatedDateTime":"2019-01-08T05:42:01.970Z","ScheduleTime":"2019-01-07T08:00:00.000Z","TimeZone":"Eastern Standard Time"},{"_id":525,"ID":525,"HotelID":491,"UserID":1984,"Type":"Hours48","UpdatedBy":"superadmin@mydigitaloffice.ca","UpdatedDateTime":"2019-01-08T05:42:01.970Z","ScheduleTime":"2019-01-07T08:00:00.000Z","TimeZone":"Eastern Standard Time"},{"_id":526,"ID":526,"HotelID":491,"UserID":1054,"Type":"Hours48Plus","UpdatedBy":"superadmin@mydigitaloffice.ca","UpdatedDateTime":"2019-01-08T05:42:01.970Z","ScheduleTime":"2019-01-07T08:00:00.000Z","TimeZone":"Eastern Standard Time"},{"_id":530,"ID":530,"HotelID":498,"UserID":1184,"Type":"Hours24","UpdatedBy":"superadmin@mydigitaloffice.ca","UpdatedDateTime":"2019-01-08T05:45:02.597Z","ScheduleTime":"2019-01-07T08:15:00.000Z","TimeZone":"Eastern Standard Time"},{"_id":531,"ID":531,"HotelID":498,"UserID":1984,"Type":"Hours48","UpdatedBy":"superadmin@mydigitaloffice.ca","UpdatedDateTime":"2019-01-08T05:45:02.597Z","ScheduleTime":"2019-01-07T08:15:00.000Z","TimeZone":"Eastern Standard Time"},{"_id":532,"ID":532,"HotelID":498,"UserID":1054,"Type":"Hours48Plus","UpdatedBy":"superadmin@mydigitaloffice.ca","UpdatedDateTime":"2019-01-08T05:45:02.597Z","ScheduleTime":"2019-01-07T08:15:00.000Z","TimeZone":"Eastern Standard Time"},{"_id":534,"ID":534,"HotelID":492,"UserID":1984,"Type":"Hours48","UpdatedBy":"superadmin@mydigitaloffice.ca","UpdatedDateTime":"2019-01-08T05:46:23.513Z","ScheduleTime":"2019-01-07T08:00:00.000Z","TimeZone":"Eastern Standard Time"},{"_id":535,"ID":535,"HotelID":492,"UserID":1054,"Type":"Hours48Plus","UpdatedBy":"superadmin@mydigitaloffice.ca","UpdatedDateTime":"2019-01-08T05:46:23.513Z","ScheduleTime":"2019-01-07T08:00:00.000Z","TimeZone":"Eastern Standard Time"},{"_id":536,"ID":536,"HotelID":500,"UserID":1215,"Type":"Hours24","UpdatedBy":"superadmin@mydigitaloffice.ca","UpdatedDateTime":"2019-01-08T05:48:18.383Z","ScheduleTime":"2019-01-07T08:00:00.000Z","TimeZone":"Eastern Standard Time"},{"_id":537,"ID":537,"HotelID":500,"UserID":1984,"Type":"Hours48","UpdatedBy":"superadmin@mydigitaloffice.ca","UpdatedDateTime":"2019-01-08T05:48:18.383Z","ScheduleTime":"2019-01-07T08:00:00.000Z","TimeZone":"Eastern Standard Time"},{"_id":538,"ID":538,"HotelID":500,"UserID":1054,"Type":"Hours48Plus","UpdatedBy":"superadmin@mydigitaloffice.ca","UpdatedDateTime":"2019-01-08T05:48:18.383Z","ScheduleTime":"2019-01-07T08:00:00.000Z","TimeZone":"Eastern Standard Time"},{"_id":539,"ID":539,"HotelID":530,"UserID":1985,"Type":"Hours24","UpdatedBy":"superadmin@mydigitaloffice.ca","UpdatedDateTime":"2019-01-08T05:49:31.600Z","ScheduleTime":"2019-01-07T08:00:00.000Z","TimeZone":"Eastern Standard Time"},{"_id":540,"ID":540,"HotelID":530,"UserID":1984,"Type":"Hours48","UpdatedBy":"superadmin@mydigitaloffice.ca","UpdatedDateTime":"2019-01-08T05:49:31.600Z","ScheduleTime":"2019-01-07T08:00:00.000Z","TimeZone":"Eastern Standard Time"},{"_id":541,"ID":541,"HotelID":530,"UserID":1054,"Type":"Hours48Plus","UpdatedBy":"superadmin@mydigitaloffice.ca","UpdatedDateTime":"2019-01-08T05:49:31.600Z","ScheduleTime":"2019-01-07T08:00:00.000Z","TimeZone":"Eastern Standard Time"},{"_id":542,"ID":542,"HotelID":440,"UserID":1043,"Type":"Hours24","UpdatedBy":"superadmin@mydigitaloffice.ca","UpdatedDateTime":"2019-01-08T05:51:45.617Z","ScheduleTime":"2019-01-07T08:00:00.000Z","TimeZone":"Eastern Standard Time"},{"_id":543,"ID":543,"HotelID":440,"UserID":1047,"Type":"Hours48","UpdatedBy":"superadmin@mydigitaloffice.ca","UpdatedDateTime":"2019-01-08T05:51:45.617Z","ScheduleTime":"2019-01-07T08:00:00.000Z","TimeZone":"Eastern Standard Time"},{"_id":544,"ID":544,"HotelID":440,"UserID":1054,"Type":"Hours48Plus","UpdatedBy":"superadmin@mydigitaloffice.ca","UpdatedDateTime":"2019-01-08T05:51:45.617Z","ScheduleTime":"2019-01-07T08:00:00.000Z","TimeZone":"Eastern Standard Time"},{"_id":545,"ID":545,"HotelID":443,"UserID":1062,"Type":"Hours24","UpdatedBy":"superadmin@mydigitaloffice.ca","UpdatedDateTime":"2019-01-08T05:51:54.030Z","ScheduleTime":"2019-01-07T08:00:00.000Z","TimeZone":"Eastern Standard Time"},{"_id":546,"ID":546,"HotelID":443,"UserID":1047,"Type":"Hours48","UpdatedBy":"superadmin@mydigitaloffice.ca","UpdatedDateTime":"2019-01-08T05:51:54.030Z","ScheduleTime":"2019-01-07T08:00:00.000Z","TimeZone":"Eastern Standard Time"},{"_id":547,"ID":547,"HotelID":443,"UserID":1054,"Type":"Hours48Plus","UpdatedBy":"superadmin@mydigitaloffice.ca","UpdatedDateTime":"2019-01-08T05:51:54.030Z","ScheduleTime":"2019-01-07T08:00:00.000Z","TimeZone":"Eastern Standard Time"},{"_id":549,"ID":549,"HotelID":445,"UserID":1047,"Type":"Hours48","UpdatedBy":"superadmin@mydigitaloffice.ca","UpdatedDateTime":"2019-01-08T05:52:04.107Z","ScheduleTime":"2019-01-07T08:00:00.000Z","TimeZone":"Eastern Standard Time"},{"_id":550,"ID":550,"HotelID":445,"UserID":1054,"Type":"Hours48Plus","UpdatedBy":"superadmin@mydigitaloffice.ca","UpdatedDateTime":"2019-01-08T05:52:04.107Z","ScheduleTime":"2019-01-07T08:00:00.000Z","TimeZone":"Eastern Standard Time"},{"_id":552,"ID":552,"HotelID":451,"UserID":1047,"Type":"Hours48","UpdatedBy":"superadmin@mydigitaloffice.ca","UpdatedDateTime":"2019-01-08T05:54:34.300Z","ScheduleTime":"2019-01-07T08:00:00.000Z","TimeZone":"Eastern Standard Time"},{"_id":553,"ID":553,"HotelID":451,"UserID":1054,"Type":"Hours48Plus","UpdatedBy":"superadmin@mydigitaloffice.ca","UpdatedDateTime":"2019-01-08T05:54:34.300Z","ScheduleTime":"2019-01-07T08:00:00.000Z","TimeZone":"Eastern Standard Time"},{"_id":554,"ID":554,"HotelID":448,"UserID":1088,"Type":"Hours24","UpdatedBy":"superadmin@mydigitaloffice.ca","UpdatedDateTime":"2019-01-08T05:54:42.280Z","ScheduleTime":"2019-01-07T08:00:00.000Z","TimeZone":"Eastern Standard Time"},{"_id":555,"ID":555,"HotelID":448,"UserID":1047,"Type":"Hours48","UpdatedBy":"superadmin@mydigitaloffice.ca","UpdatedDateTime":"2019-01-08T05:54:42.280Z","ScheduleTime":"2019-01-07T08:00:00.000Z","TimeZone":"Eastern Standard Time"},{"_id":556,"ID":556,"HotelID":448,"UserID":1054,"Type":"Hours48Plus","UpdatedBy":"superadmin@mydigitaloffice.ca","UpdatedDateTime":"2019-01-08T05:54:42.280Z","ScheduleTime":"2019-01-07T08:00:00.000Z","TimeZone":"Eastern Standard Time"},{"_id":557,"ID":557,"HotelID":456,"UserID":2052,"Type":"Hours24","UpdatedBy":"superadmin@mydigitaloffice.ca","UpdatedDateTime":"2019-01-08T05:57:22.947Z","ScheduleTime":"2019-01-07T08:30:00.000Z","TimeZone":"Eastern Standard Time"},{"_id":558,"ID":558,"HotelID":456,"UserID":1047,"Type":"Hours48","UpdatedBy":"superadmin@mydigitaloffice.ca","UpdatedDateTime":"2019-01-08T05:57:22.947Z","ScheduleTime":"2019-01-07T08:30:00.000Z","TimeZone":"Eastern Standard Time"},{"_id":559,"ID":559,"HotelID":456,"UserID":1054,"Type":"Hours48Plus","UpdatedBy":"superadmin@mydigitaloffice.ca","UpdatedDateTime":"2019-01-08T05:57:22.947Z","ScheduleTime":"2019-01-07T08:30:00.000Z","TimeZone":"Eastern Standard Time"},{"_id":561,"ID":561,"HotelID":457,"UserID":1047,"Type":"Hours48","UpdatedBy":"superadmin@mydigitaloffice.ca","UpdatedDateTime":"2019-01-08T05:59:37.047Z","ScheduleTime":"2019-01-07T08:00:00.000Z","TimeZone":"Eastern Standard Time"},{"_id":562,"ID":562,"HotelID":457,"UserID":1054,"Type":"Hours48Plus","UpdatedBy":"superadmin@mydigitaloffice.ca","UpdatedDateTime":"2019-01-08T05:59:37.047Z","ScheduleTime":"2019-01-07T08:00:00.000Z","TimeZone":"Eastern Standard Time"},{"_id":564,"ID":564,"HotelID":458,"UserID":1047,"Type":"Hours48","UpdatedBy":"superadmin@mydigitaloffice.ca","UpdatedDateTime":"2019-01-08T05:59:46.713Z","ScheduleTime":"2019-01-07T08:00:00.000Z","TimeZone":"Eastern Standard Time"},{"_id":565,"ID":565,"HotelID":458,"UserID":1054,"Type":"Hours48Plus","UpdatedBy":"superadmin@mydigitaloffice.ca","UpdatedDateTime":"2019-01-08T05:59:46.713Z","ScheduleTime":"2019-01-07T08:00:00.000Z","TimeZone":"Eastern Standard Time"},{"_id":566,"ID":566,"HotelID":461,"UserID":1109,"Type":"Hours24","UpdatedBy":"superadmin@mydigitaloffice.ca","UpdatedDateTime":"2019-01-08T05:59:56.413Z","ScheduleTime":"2019-01-07T08:00:00.000Z","TimeZone":"Eastern Standard Time"},{"_id":567,"ID":567,"HotelID":461,"UserID":1047,"Type":"Hours48","UpdatedBy":"superadmin@mydigitaloffice.ca","UpdatedDateTime":"2019-01-08T05:59:56.413Z","ScheduleTime":"2019-01-07T08:00:00.000Z","TimeZone":"Eastern Standard Time"},{"_id":568,"ID":568,"HotelID":461,"UserID":1054,"Type":"Hours48Plus","UpdatedBy":"superadmin@mydigitaloffice.ca","UpdatedDateTime":"2019-01-08T05:59:56.413Z","ScheduleTime":"2019-01-07T08:00:00.000Z","TimeZone":"Eastern Standard Time"},{"_id":569,"ID":569,"HotelID":464,"UserID":1121,"Type":"Hours24","UpdatedBy":"superadmin@mydigitaloffice.ca","UpdatedDateTime":"2019-01-08T06:01:48.210Z","ScheduleTime":"2019-01-08T08:00:00.000Z","TimeZone":"Eastern Standard Time"},{"_id":570,"ID":570,"HotelID":464,"UserID":1047,"Type":"Hours48","UpdatedBy":"superadmin@mydigitaloffice.ca","UpdatedDateTime":"2019-01-08T06:01:48.210Z","ScheduleTime":"2019-01-08T08:00:00.000Z","TimeZone":"Eastern Standard Time"},{"_id":571,"ID":571,"HotelID":464,"UserID":1054,"Type":"Hours48Plus","UpdatedBy":"superadmin@mydigitaloffice.ca","UpdatedDateTime":"2019-01-08T06:01:48.210Z","ScheduleTime":"2019-01-08T08:00:00.000Z","TimeZone":"Eastern Standard Time"},{"_id":572,"ID":572,"HotelID":465,"UserID":1122,"Type":"Hours24","UpdatedBy":"superadmin@mydigitaloffice.ca","UpdatedDateTime":"2019-01-08T06:01:57.250Z","ScheduleTime":"2019-01-08T08:00:00.000Z","TimeZone":"Eastern Standard Time"},{"_id":573,"ID":573,"HotelID":465,"UserID":1047,"Type":"Hours48","UpdatedBy":"superadmin@mydigitaloffice.ca","UpdatedDateTime":"2019-01-08T06:01:57.250Z","ScheduleTime":"2019-01-08T08:00:00.000Z","TimeZone":"Eastern Standard Time"},{"_id":574,"ID":574,"HotelID":465,"UserID":1054,"Type":"Hours48Plus","UpdatedBy":"superadmin@mydigitaloffice.ca","UpdatedDateTime":"2019-01-08T06:01:57.250Z","ScheduleTime":"2019-01-08T08:00:00.000Z","TimeZone":"Eastern Standard Time"},{"_id":577,"ID":577,"HotelID":469,"UserID":1047,"Type":"Hours48","UpdatedBy":"superadmin@mydigitaloffice.ca","UpdatedDateTime":"2019-01-08T06:02:43.087Z","ScheduleTime":"2019-01-08T08:00:00.000Z","TimeZone":"Eastern Standard Time"},{"_id":578,"ID":578,"HotelID":469,"UserID":1054,"Type":"Hours48Plus","UpdatedBy":"superadmin@mydigitaloffice.ca","UpdatedDateTime":"2019-01-08T06:02:43.087Z","ScheduleTime":"2019-01-08T08:00:00.000Z","TimeZone":"Eastern Standard Time"},{"_id":580,"ID":580,"HotelID":478,"UserID":1047,"Type":"Hours48","UpdatedBy":"superadmin@mydigitaloffice.ca","UpdatedDateTime":"2019-01-08T06:03:22.753Z","ScheduleTime":"2019-01-08T08:00:00.000Z","TimeZone":"Eastern Standard Time"},{"_id":581,"ID":581,"HotelID":478,"UserID":1054,"Type":"Hours48Plus","UpdatedBy":"superadmin@mydigitaloffice.ca","UpdatedDateTime":"2019-01-08T06:03:22.753Z","ScheduleTime":"2019-01-08T08:00:00.000Z","TimeZone":"Eastern Standard Time"},{"_id":582,"ID":582,"HotelID":480,"UserID":1147,"Type":"Hours24","UpdatedBy":"superadmin@mydigitaloffice.ca","UpdatedDateTime":"2019-01-08T06:04:29.103Z","ScheduleTime":"2019-01-08T20:00:00.000Z","TimeZone":"Eastern Standard Time"},{"_id":583,"ID":583,"HotelID":480,"UserID":1047,"Type":"Hours48","UpdatedBy":"superadmin@mydigitaloffice.ca","UpdatedDateTime":"2019-01-08T06:04:29.103Z","ScheduleTime":"2019-01-08T20:00:00.000Z","TimeZone":"Eastern Standard Time"},{"_id":584,"ID":584,"HotelID":480,"UserID":1054,"Type":"Hours48Plus","UpdatedBy":"superadmin@mydigitaloffice.ca","UpdatedDateTime":"2019-01-08T06:04:29.103Z","ScheduleTime":"2019-01-08T20:00:00.000Z","TimeZone":"Eastern Standard Time"},{"_id":586,"ID":586,"HotelID":485,"UserID":1047,"Type":"Hours48","UpdatedBy":"superadmin@mydigitaloffice.ca","UpdatedDateTime":"2019-01-08T06:05:25.473Z","ScheduleTime":"2019-01-08T08:00:00.000Z","TimeZone":"Eastern Standard Time"},{"_id":587,"ID":587,"HotelID":485,"UserID":1054,"Type":"Hours48Plus","UpdatedBy":"superadmin@mydigitaloffice.ca","UpdatedDateTime":"2019-01-08T06:05:25.473Z","ScheduleTime":"2019-01-08T08:00:00.000Z","TimeZone":"Eastern Standard Time"},{"_id":588,"ID":588,"HotelID":496,"UserID":1175,"Type":"Hours24","UpdatedBy":"superadmin@mydigitaloffice.ca","UpdatedDateTime":"2019-01-08T06:05:47.470Z","ScheduleTime":"2019-01-08T08:00:00.000Z","TimeZone":"Eastern Standard Time"},{"_id":589,"ID":589,"HotelID":496,"UserID":1047,"Type":"Hours48","UpdatedBy":"superadmin@mydigitaloffice.ca","UpdatedDateTime":"2019-01-08T06:05:47.470Z","ScheduleTime":"2019-01-08T08:00:00.000Z","TimeZone":"Eastern Standard Time"},{"_id":590,"ID":590,"HotelID":496,"UserID":1054,"Type":"Hours48Plus","UpdatedBy":"superadmin@mydigitaloffice.ca","UpdatedDateTime":"2019-01-08T06:05:47.470Z","ScheduleTime":"2019-01-08T08:00:00.000Z","TimeZone":"Eastern Standard Time"},{"_id":591,"ID":591,"HotelID":442,"UserID":2070,"Type":"Hours24","UpdatedBy":"superadmin@mydigitaloffice.ca","UpdatedDateTime":"2019-01-08T06:19:07.887Z","ScheduleTime":"2019-01-08T08:00:00.000Z","TimeZone":"Eastern Standard Time"},{"_id":592,"ID":592,"HotelID":442,"UserID":1054,"Type":"Hours48","UpdatedBy":"superadmin@mydigitaloffice.ca","UpdatedDateTime":"2019-01-08T06:19:07.887Z","ScheduleTime":"2019-01-08T08:00:00.000Z","TimeZone":"Eastern Standard Time"},{"_id":594,"ID":594,"HotelID":449,"UserID":1054,"Type":"Hours48","UpdatedBy":"superadmin@mydigitaloffice.ca","UpdatedDateTime":"2019-01-08T06:19:49.157Z","ScheduleTime":"2019-01-08T08:00:00.000Z","TimeZone":"Eastern Standard Time"},{"_id":595,"ID":595,"HotelID":446,"UserID":1066,"Type":"Hours24","UpdatedBy":"superadmin@mydigitaloffice.ca","UpdatedDateTime":"2019-01-08T06:19:55.333Z","ScheduleTime":"2019-01-08T08:00:00.000Z","TimeZone":"Eastern Standard Time"},{"_id":596,"ID":596,"HotelID":446,"UserID":1054,"Type":"Hours48","UpdatedBy":"superadmin@mydigitaloffice.ca","UpdatedDateTime":"2019-01-08T06:19:55.333Z","ScheduleTime":"2019-01-08T08:00:00.000Z","TimeZone":"Eastern Standard Time"},{"_id":597,"ID":597,"HotelID":447,"UserID":1087,"Type":"Hours24","UpdatedBy":"superadmin@mydigitaloffice.ca","UpdatedDateTime":"2019-01-08T06:20:01.213Z","ScheduleTime":"2019-01-08T08:00:00.000Z","TimeZone":"Eastern Standard Time"},{"_id":598,"ID":598,"HotelID":447,"UserID":1054,"Type":"Hours48","UpdatedBy":"superadmin@mydigitaloffice.ca","UpdatedDateTime":"2019-01-08T06:20:01.213Z","ScheduleTime":"2019-01-08T08:00:00.000Z","TimeZone":"Eastern Standard Time"},{"_id":599,"ID":599,"HotelID":454,"UserID":1098,"Type":"Hours24","UpdatedBy":"superadmin@mydigitaloffice.ca","UpdatedDateTime":"2019-01-08T06:21:21.357Z","ScheduleTime":"2019-01-08T08:00:00.000Z","TimeZone":"Eastern Standard Time"},{"_id":600,"ID":600,"HotelID":454,"UserID":1054,"Type":"Hours48","UpdatedBy":"superadmin@mydigitaloffice.ca","UpdatedDateTime":"2019-01-08T06:21:21.357Z","ScheduleTime":"2019-01-08T08:00:00.000Z","TimeZone":"Eastern Standard Time"},{"_id":601,"ID":601,"HotelID":452,"UserID":1088,"Type":"Hours24","UpdatedBy":"superadmin@mydigitaloffice.ca","UpdatedDateTime":"2019-01-08T06:21:23.377Z","ScheduleTime":"2019-01-08T08:00:00.000Z","TimeZone":"Eastern Standard Time"},{"_id":602,"ID":602,"HotelID":452,"UserID":1054,"Type":"Hours48","UpdatedBy":"superadmin@mydigitaloffice.ca","UpdatedDateTime":"2019-01-08T06:21:23.377Z","ScheduleTime":"2019-01-08T08:00:00.000Z","TimeZone":"Eastern Standard Time"},{"_id":603,"ID":603,"HotelID":463,"UserID":1120,"Type":"Hours24","UpdatedBy":"superadmin@mydigitaloffice.ca","UpdatedDateTime":"2019-01-08T06:21:29.213Z","ScheduleTime":"2019-01-08T08:00:00.000Z","TimeZone":"Eastern Standard Time"},{"_id":604,"ID":604,"HotelID":463,"UserID":1054,"Type":"Hours48","UpdatedBy":"superadmin@mydigitaloffice.ca","UpdatedDateTime":"2019-01-08T06:21:29.213Z","ScheduleTime":"2019-01-08T08:00:00.000Z","TimeZone":"Eastern Standard Time"},{"_id":605,"ID":605,"HotelID":486,"UserID":1154,"Type":"Hours24","UpdatedBy":"superadmin@mydigitaloffice.ca","UpdatedDateTime":"2019-01-08T06:23:07.963Z","ScheduleTime":"2019-01-08T08:00:00.000Z","TimeZone":"Eastern Standard Time"},{"_id":606,"ID":606,"HotelID":486,"UserID":1054,"Type":"Hours48","UpdatedBy":"superadmin@mydigitaloffice.ca","UpdatedDateTime":"2019-01-08T06:23:07.963Z","ScheduleTime":"2019-01-08T08:00:00.000Z","TimeZone":"Eastern Standard Time"},{"_id":607,"ID":607,"HotelID":481,"UserID":1148,"Type":"Hours24","UpdatedBy":"superadmin@mydigitaloffice.ca","UpdatedDateTime":"2019-01-08T06:23:13.923Z","ScheduleTime":"2019-01-08T08:00:00.000Z","TimeZone":"Eastern Standard Time"},{"_id":608,"ID":608,"HotelID":481,"UserID":1054,"Type":"Hours48","UpdatedBy":"superadmin@mydigitaloffice.ca","UpdatedDateTime":"2019-01-08T06:23:13.923Z","ScheduleTime":"2019-01-08T08:00:00.000Z","TimeZone":"Eastern Standard Time"},{"_id":610,"ID":610,"HotelID":455,"UserID":1054,"Type":"Hours48","UpdatedBy":"superadmin@mydigitaloffice.ca","UpdatedDateTime":"2019-01-08T06:24:01.593Z","ScheduleTime":"2019-01-08T08:00:00.000Z","TimeZone":"Eastern Standard Time"},{"_id":612,"ID":612,"HotelID":479,"UserID":1054,"Type":"Hours48","UpdatedBy":"superadmin@mydigitaloffice.ca","UpdatedDateTime":"2019-01-08T06:27:05.930Z","ScheduleTime":"2019-01-08T08:00:00.000Z","TimeZone":"Eastern Standard Time"},{"_id":613,"ID":613,"HotelID":428,"UserID":1007,"Type":"Hours24","UpdatedBy":"ap@unyq.org","UpdatedDateTime":"2019-01-10T18:33:02.243Z","ScheduleTime":"2019-01-10T12:45:00.000Z","TimeZone":"Central Standard Time"},{"_id":614,"ID":614,"HotelID":428,"UserID":1007,"Type":"Hours48","UpdatedBy":"ap@unyq.org","UpdatedDateTime":"2019-01-10T18:33:02.243Z","ScheduleTime":"2019-01-10T12:45:00.000Z","TimeZone":"Central Standard Time"},{"_id":615,"ID":615,"HotelID":428,"UserID":1007,"Type":"Hours48Plus","UpdatedBy":"ap@unyq.org","UpdatedDateTime":"2019-01-10T18:33:02.243Z","ScheduleTime":"2019-01-10T12:45:00.000Z","TimeZone":"Central Standard Time"},{"_id":616,"ID":616,"HotelID":508,"UserID":1250,"Type":"Hours48","UpdatedBy":"nibaya@mydigitaloffice.ca","UpdatedDateTime":"2019-02-07T10:48:03.800Z","ScheduleTime":"2019-02-07T09:15:00.000Z","TimeZone":"Pacific Standard Time"},{"_id":617,"ID":617,"HotelID":557,"UserID":1250,"Type":"Hours48","UpdatedBy":"nibaya@mydigitaloffice.ca","UpdatedDateTime":"2019-02-07T12:04:17.290Z","ScheduleTime":"2019-02-07T09:15:00.000Z","TimeZone":"Mountain Standard Time"},{"_id":618,"ID":618,"HotelID":632,"UserID":1250,"Type":"Hours48","UpdatedBy":"nibaya@mydigitaloffice.ca","UpdatedDateTime":"2019-02-07T12:05:08.960Z","ScheduleTime":"2019-02-07T09:15:00.000Z","TimeZone":"Pacific Standard Time"},{"_id":619,"ID":619,"HotelID":509,"UserID":1250,"Type":"Hours48","UpdatedBy":"nibaya@mydigitaloffice.ca","UpdatedDateTime":"2019-02-07T12:05:37.527Z","ScheduleTime":"2019-02-07T09:15:00.000Z","TimeZone":"Hawaiian Standard Time"},{"_id":620,"ID":620,"HotelID":623,"UserID":1250,"Type":"Hours48","UpdatedBy":"nibaya@mydigitaloffice.ca","UpdatedDateTime":"2019-02-07T12:06:13.307Z","ScheduleTime":"2019-02-07T09:15:00.000Z","TimeZone":"Central Standard Time"},{"_id":621,"ID":621,"HotelID":631,"UserID":1250,"Type":"Hours48","UpdatedBy":"nibaya@mydigitaloffice.ca","UpdatedDateTime":"2019-02-07T12:06:36.340Z","ScheduleTime":"2019-02-07T09:15:00.000Z","TimeZone":null},{"_id":622,"ID":622,"HotelID":647,"UserID":1250,"Type":"Hours48","UpdatedBy":"nibaya@mydigitaloffice.ca","UpdatedDateTime":"2019-02-07T12:12:47.793Z","ScheduleTime":"2019-02-07T09:15:00.000Z","TimeZone":null},{"_id":623,"ID":623,"HotelID":507,"UserID":1250,"Type":"Hours48","UpdatedBy":"nibaya@mydigitaloffice.ca","UpdatedDateTime":"2019-02-07T12:13:15.180Z","ScheduleTime":"2019-02-07T09:15:00.000Z","TimeZone":"Pacific Standard Time"},{"_id":624,"ID":624,"HotelID":511,"UserID":1250,"Type":"Hours48","UpdatedBy":"nibaya@mydigitaloffice.ca","UpdatedDateTime":"2019-02-07T12:15:07.453Z","ScheduleTime":"2019-02-07T09:15:00.000Z","TimeZone":"Eastern Standard Time"},{"_id":625,"ID":625,"HotelID":506,"UserID":1250,"Type":"Hours48","UpdatedBy":"nibaya@mydigitaloffice.ca","UpdatedDateTime":"2019-02-07T12:15:31.587Z","ScheduleTime":"2019-02-07T09:15:00.000Z","TimeZone":"Mountain Standard Time"},{"_id":626,"ID":626,"HotelID":586,"UserID":1250,"Type":"Hours48","UpdatedBy":"nibaya@mydigitaloffice.ca","UpdatedDateTime":"2019-02-07T12:17:22.280Z","ScheduleTime":"2019-02-07T09:15:00.000Z","TimeZone":"Pacific Standard Time"},{"_id":627,"ID":627,"HotelID":587,"UserID":1250,"Type":"Hours48","UpdatedBy":"nibaya@mydigitaloffice.ca","UpdatedDateTime":"2019-02-07T12:17:45.083Z","ScheduleTime":"2019-02-07T09:15:00.000Z","TimeZone":null},{"_id":628,"ID":628,"HotelID":614,"UserID":1250,"Type":"Hours48","UpdatedBy":"nibaya@mydigitaloffice.ca","UpdatedDateTime":"2019-02-07T12:18:09.433Z","ScheduleTime":"2019-02-07T09:15:00.000Z","TimeZone":null},{"_id":629,"ID":629,"HotelID":387,"UserID":845,"Type":"Hours48Plus","UpdatedBy":"aashmore@commonwealthhotels.com","UpdatedDateTime":"2019-04-11T13:20:36.200Z","ScheduleTime":"2019-04-11T09:30:00.000Z","TimeZone":"Eastern Standard Time"},{"_id":631,"ID":631,"HotelID":385,"UserID":1285,"Type":"Hours48","UpdatedBy":"josh@mydigitaloffice.ca","UpdatedDateTime":"2020-04-21T13:42:52.793Z","ScheduleTime":"2020-04-21T09:15:00.000Z","TimeZone":"Eastern Standard Time"},{"_id":632,"ID":632,"HotelID":385,"UserID":1409,"Type":"Hours48","UpdatedBy":"josh@mydigitaloffice.ca","UpdatedDateTime":"2020-04-21T13:42:52.793Z","ScheduleTime":"2020-04-21T09:15:00.000Z","TimeZone":"Eastern Standard Time"},{"_id":633,"ID":633,"HotelID":385,"UserID":901,"Type":"Hours48Plus","UpdatedBy":"josh@mydigitaloffice.ca","UpdatedDateTime":"2020-04-21T13:42:52.793Z","ScheduleTime":"2020-04-21T09:15:00.000Z","TimeZone":"Eastern Standard Time"}]