{"fields":[{"name":"_id","path":"_id","count":216,"types":[{"name":"Number","bsonType":"Number","path":"_id","count":216,"total_count":0,"probability":1}],"total_count":216,"type":"Number","has_duplicates":false,"probability":1},{"name":"HotelID","path":"HotelID","count":216,"types":[{"name":"Number","bsonType":"Number","path":"HotelID","count":216,"total_count":0,"probability":1}],"total_count":216,"type":"Number","has_duplicates":false,"probability":1},{"name":"ID","path":"ID","count":216,"types":[{"name":"Number","bsonType":"Number","path":"ID","count":216,"total_count":0,"probability":1}],"total_count":216,"type":"Number","has_duplicates":false,"probability":1},{"name":"ScheduleTime","path":"ScheduleTime","count":216,"types":[{"name":"Date","bsonType":"Date","path":"ScheduleTime","count":216,"total_count":0,"probability":1}],"total_count":216,"type":"Date","has_duplicates":false,"probability":1},{"name":"TimeZone","path":"TimeZone","count":216,"types":[{"name":"String","bsonType":"String","path":"TimeZone","count":212,"total_count":0,"probability":0.9814814814814815},{"name":"Null","bsonType":"Null","path":"TimeZone","count":4,"total_count":0,"probability":0.018518518518518517,"unique":1,"has_duplicates":true}],"total_count":216,"type":["String","Null"],"has_duplicates":true,"probability":1},{"name":"Type","path":"Type","count":216,"types":[{"name":"String","bsonType":"String","path":"Type","count":216,"total_count":0,"probability":1}],"total_count":216,"type":"String","has_duplicates":false,"probability":1},{"name":"UpdatedBy","path":"UpdatedBy","count":216,"types":[{"name":"String","bsonType":"String","path":"UpdatedBy","count":216,"total_count":0,"probability":1}],"total_count":216,"type":"String","has_duplicates":false,"probability":1},{"name":"UpdatedDateTime","path":"UpdatedDateTime","count":216,"types":[{"name":"Date","bsonType":"Date","path":"UpdatedDateTime","count":216,"total_count":0,"probability":1}],"total_count":216,"type":"Date","has_duplicates":false,"probability":1},{"name":"UserID","path":"UserID","count":216,"types":[{"name":"Number","bsonType":"Number","path":"UserID","count":216,"total_count":0,"probability":1}],"total_count":216,"type":"Number","has_duplicates":false,"probability":1}],"count":216}