{"fields":[{"name":"_id","path":"_id","count":6463,"types":[{"name":"Number","bsonType":"Number","path":"_id","count":6463,"total_count":0,"probability":1}],"total_count":6463,"type":"Number","has_duplicates":false,"probability":1},{"name":"EmailSent","path":"EmailSent","count":6463,"types":[{"name":"Boolean","bsonType":"Boolean","path":"EmailSent","count":6463,"total_count":0,"probability":1}],"total_count":6463,"type":"Boolean","has_duplicates":false,"probability":1},{"name":"ID","path":"ID","count":6463,"types":[{"name":"Number","bsonType":"Number","path":"ID","count":6463,"total_count":0,"probability":1}],"total_count":6463,"type":"Number","has_duplicates":false,"probability":1},{"name":"InsertedBy","path":"InsertedBy","count":6463,"types":[{"name":"String","bsonType":"String","path":"InsertedBy","count":6463,"total_count":0,"probability":1}],"total_count":6463,"type":"String","has_duplicates":false,"probability":1},{"name":"InsertedDateTime","path":"InsertedDateTime","count":6463,"types":[{"name":"Date","bsonType":"Date","path":"InsertedDateTime","count":6463,"total_count":0,"probability":1}],"total_count":6463,"type":"Date","has_duplicates":false,"probability":1},{"name":"ReportDate","path":"ReportDate","count":6463,"types":[{"name":"Date","bsonType":"Date","path":"ReportDate","count":6463,"total_count":0,"probability":1}],"total_count":6463,"type":"Date","has_duplicates":false,"probability":1},{"name":"UpdatedBy","path":"UpdatedBy","count":6463,"types":[{"name":"String","bsonType":"String","path":"UpdatedBy","count":6463,"total_count":0,"probability":1}],"total_count":6463,"type":"String","has_duplicates":false,"probability":1},{"name":"UpdatedDateTime","path":"UpdatedDateTime","count":6463,"types":[{"name":"Date","bsonType":"Date","path":"UpdatedDateTime","count":6463,"total_count":0,"probability":1}],"total_count":6463,"type":"Date","has_duplicates":false,"probability":1},{"name":"UserID","path":"UserID","count":6463,"types":[{"name":"Number","bsonType":"Number","path":"UserID","count":6463,"total_count":0,"probability":1}],"total_count":6463,"type":"Number","has_duplicates":false,"probability":1}],"count":6463}