{"fields":[{"name":"_id","path":"_id","count":1233,"types":[{"name":"Number","bsonType":"Number","path":"_id","count":1233,"total_count":0,"probability":1}],"total_count":1233,"type":"Number","has_duplicates":false,"probability":1},{"name":"ARAgingPDFReportRequest","path":"ARAgingPDFReportRequest","count":1233,"types":[{"name":"Null","bsonType":"Null","path":"ARAgingPDFReportRequest","count":938,"total_count":0,"probability":0.7607461476074615,"unique":1,"has_duplicates":true},{"name":"Boolean","bsonType":"Boolean","path":"ARAgingPDFReportRequest","count":295,"total_count":0,"probability":0.23925385239253852}],"total_count":1233,"type":["Null","Boolean"],"has_duplicates":true,"probability":1},{"name":"BlackAndWhiteColor","path":"BlackAndWhiteColor","count":1233,"types":[{"name":"Boolean","bsonType":"Boolean","path":"BlackAndWhiteColor","count":1233,"total_count":0,"probability":1}],"total_count":1233,"type":"Boolean","has_duplicates":false,"probability":1},{"name":"EmailNotificationRequest","path":"EmailNotificationRequest","count":1233,"types":[{"name":"Boolean","bsonType":"Boolean","path":"EmailNotificationRequest","count":1233,"total_count":0,"probability":1}],"total_count":1233,"type":"Boolean","has_duplicates":false,"probability":1},{"name":"EmailRequest","path":"EmailRequest","count":1233,"types":[{"name":"Boolean","bsonType":"Boolean","path":"EmailRequest","count":1233,"total_count":0,"probability":1}],"total_count":1233,"type":"Boolean","has_duplicates":false,"probability":1},{"name":"ErrorRequest","path":"ErrorRequest","count":1233,"types":[{"name":"Boolean","bsonType":"Boolean","path":"ErrorRequest","count":1233,"total_count":0,"probability":1}],"total_count":1233,"type":"Boolean","has_duplicates":false,"probability":1},{"name":"ID","path":"ID","count":1233,"types":[{"name":"Number","bsonType":"Number","path":"ID","count":1233,"total_count":0,"probability":1}],"total_count":1233,"type":"Number","has_duplicates":false,"probability":1},{"name":"IsDelete","path":"IsDelete","count":1233,"types":[{"name":"Boolean","bsonType":"Boolean","path":"IsDelete","count":1233,"total_count":0,"probability":1}],"total_count":1233,"type":"Boolean","has_duplicates":false,"probability":1},{"name":"IsEmailActive","path":"IsEmailActive","count":1233,"types":[{"name":"Boolean","bsonType":"Boolean","path":"IsEmailActive","count":1233,"total_count":0,"probability":1}],"total_count":1233,"type":"Boolean","has_duplicates":false,"probability":1},{"name":"MissingDatesPDFReportRequest","path":"MissingDatesPDFReportRequest","count":1233,"types":[{"name":"Null","bsonType":"Null","path":"MissingDatesPDFReportRequest","count":640,"total_count":0,"probability":0.519059205190592,"unique":1,"has_duplicates":true},{"name":"Boolean","bsonType":"Boolean","path":"MissingDatesPDFReportRequest","count":593,"total_count":0,"probability":0.48094079480940793}],"total_count":1233,"type":["Null","Boolean"],"has_duplicates":true,"probability":1},{"name":"OtherRecipients","path":"OtherRecipients","count":1233,"types":[{"name":"Null","bsonType":"Null","path":"OtherRecipients","count":720,"total_count":0,"probability":0.583941605839416,"unique":1,"has_duplicates":true},{"name":"Boolean","bsonType":"Boolean","path":"OtherRecipients","count":513,"total_count":0,"probability":0.41605839416058393}],"total_count":1233,"type":["Null","Boolean"],"has_duplicates":true,"probability":1},{"name":"PDFReportRequest","path":"PDFReportRequest","count":1233,"types":[{"name":"Boolean","bsonType":"Boolean","path":"PDFReportRequest","count":1233,"total_count":0,"probability":1}],"total_count":1233,"type":"Boolean","has_duplicates":false,"probability":1},{"name":"RoomRevenueRequest","path":"RoomRevenueRequest","count":1233,"types":[{"name":"Boolean","bsonType":"Boolean","path":"RoomRevenueRequest","count":1233,"total_count":0,"probability":1}],"total_count":1233,"type":"Boolean","has_duplicates":false,"probability":1},{"name":"RoomRevenueTableRequest","path":"RoomRevenueTableRequest","count":1233,"types":[{"name":"Boolean","bsonType":"Boolean","path":"RoomRevenueTableRequest","count":1233,"total_count":0,"probability":1}],"total_count":1233,"type":"Boolean","has_duplicates":false,"probability":1},{"name":"ScheduleTime","path":"ScheduleTime","count":1233,"types":[{"name":"Date","bsonType":"Date","path":"ScheduleTime","count":697,"total_count":0,"probability":0.5652879156528792},{"name":"Null","bsonType":"Null","path":"ScheduleTime","count":536,"total_count":0,"probability":0.43471208434712083,"unique":1,"has_duplicates":true}],"total_count":1233,"type":["Date","Null"],"has_duplicates":true,"probability":1},{"name":"ScheduleType","path":"ScheduleType","count":1233,"types":[{"name":"Null","bsonType":"Null","path":"ScheduleType","count":1224,"total_count":0,"probability":0.9927007299270073,"unique":1,"has_duplicates":true},{"name":"String","bsonType":"String","path":"ScheduleType","count":9,"total_count":0,"probability":0.0072992700729927005}],"total_count":1233,"type":["Null","String"],"has_duplicates":true,"probability":1},{"name":"TimeZone","path":"TimeZone","count":1233,"types":[{"name":"String","bsonType":"String","path":"TimeZone","count":697,"total_count":0,"probability":0.5652879156528792},{"name":"Null","bsonType":"Null","path":"TimeZone","count":536,"total_count":0,"probability":0.43471208434712083,"unique":1,"has_duplicates":true}],"total_count":1233,"type":["String","Null"],"has_duplicates":true,"probability":1},{"name":"UpdatedBy","path":"UpdatedBy","count":1233,"types":[{"name":"String","bsonType":"String","path":"UpdatedBy","count":1233,"total_count":0,"probability":1}],"total_count":1233,"type":"String","has_duplicates":false,"probability":1},{"name":"UpdatedDateTime","path":"UpdatedDateTime","count":1233,"types":[{"name":"Date","bsonType":"Date","path":"UpdatedDateTime","count":1233,"total_count":0,"probability":1}],"total_count":1233,"type":"Date","has_duplicates":false,"probability":1},{"name":"UserID","path":"UserID","count":1233,"types":[{"name":"Number","bsonType":"Number","path":"UserID","count":1233,"total_count":0,"probability":1}],"total_count":1233,"type":"Number","has_duplicates":false,"probability":1}],"count":1233}