{"fields":[{"name":"_id","path":"_id","count":39,"types":[{"name":"Number","bsonType":"Number","path":"_id","count":38,"total_count":0,"probability":0.9743589743589743},{"name":"Null","bsonType":"Null","path":"_id","count":1,"total_count":0,"probability":0.02564102564102564,"unique":1,"has_duplicates":false}],"total_count":39,"type":["Number","Null"],"has_duplicates":false,"probability":1},{"name":"Day","path":"Day","count":39,"types":[{"name":"String","bsonType":"String","path":"Day","count":38,"total_count":0,"probability":0.9743589743589743},{"name":"Null","bsonType":"Null","path":"Day","count":1,"total_count":0,"probability":0.02564102564102564,"unique":1,"has_duplicates":false}],"total_count":39,"type":["String","Null"],"has_duplicates":false,"probability":1},{"name":"EmailConfigurationID","path":"EmailConfigurationID","count":39,"types":[{"name":"Number","bsonType":"Number","path":"EmailConfigurationID","count":38,"total_count":0,"probability":0.9743589743589743},{"name":"Null","bsonType":"Null","path":"EmailConfigurationID","count":1,"total_count":0,"probability":0.02564102564102564,"unique":1,"has_duplicates":false}],"total_count":39,"type":["Number","Null"],"has_duplicates":false,"probability":1},{"name":"emailConfigurationScheduleID","path":"emailConfigurationScheduleID","count":39,"types":[{"name":"Number","bsonType":"Number","path":"emailConfigurationScheduleID","count":35,"total_count":0,"probability":0.8974358974358975},{"name":"Null","bsonType":"Null","path":"emailConfigurationScheduleID","count":4,"total_count":0,"probability":0.10256410256410256,"unique":1,"has_duplicates":true}],"total_count":39,"type":["Number","Null"],"has_duplicates":true,"probability":1},{"name":"ID","path":"ID","count":39,"types":[{"name":"Number","bsonType":"Number","path":"ID","count":38,"total_count":0,"probability":0.9743589743589743},{"name":"Null","bsonType":"Null","path":"ID","count":1,"total_count":0,"probability":0.02564102564102564,"unique":1,"has_duplicates":false}],"total_count":39,"type":["Number","Null"],"has_duplicates":false,"probability":1},{"name":"UpdatedBy","path":"UpdatedBy","count":39,"types":[{"name":"String","bsonType":"String","path":"UpdatedBy","count":38,"total_count":0,"probability":0.9743589743589743},{"name":"Null","bsonType":"Null","path":"UpdatedBy","count":1,"total_count":0,"probability":0.02564102564102564,"unique":1,"has_duplicates":false}],"total_count":39,"type":["String","Null"],"has_duplicates":false,"probability":1},{"name":"UpdatedDateTime","path":"UpdatedDateTime","count":39,"types":[{"name":"Date","bsonType":"Date","path":"UpdatedDateTime","count":38,"total_count":0,"probability":0.9743589743589743},{"name":"Null","bsonType":"Null","path":"UpdatedDateTime","count":1,"total_count":0,"probability":0.02564102564102564,"unique":1,"has_duplicates":false}],"total_count":39,"type":["Date","Null"],"has_duplicates":false,"probability":1}],"count":39}