{"fields":[{"name":"_id","path":"_id","count":6,"types":[{"name":"Number","bsonType":"Number","path":"_id","count":6,"total_count":0,"probability":1}],"total_count":6,"type":"Number","has_duplicates":false,"probability":1},{"name":"EmailConfigurationReportId","path":"EmailConfigurationReportId","count":6,"types":[{"name":"Number","bsonType":"Number","path":"EmailConfigurationReportId","count":6,"total_count":0,"probability":1}],"total_count":6,"type":"Number","has_duplicates":false,"probability":1},{"name":"EmailConfigurationReportName","path":"EmailConfigurationReportName","count":6,"types":[{"name":"String","bsonType":"String","path":"EmailConfigurationReportName","count":6,"total_count":0,"probability":1}],"total_count":6,"type":"String","has_duplicates":false,"probability":1}],"count":6}