{"fields":[{"name":"_id","path":"_id","count":1,"types":[{"name":"Number","bsonType":"Number","path":"_id","count":1,"total_count":0,"probability":1}],"total_count":1,"type":"Number","has_duplicates":false,"probability":1},{"name":"DatabaseName","path":"DatabaseName","count":1,"types":[{"name":"String","bsonType":"String","path":"DatabaseName","count":1,"total_count":0,"probability":1}],"total_count":1,"type":"String","has_duplicates":false,"probability":1},{"name":"HotelID","path":"HotelID","count":1,"types":[{"name":"Number","bsonType":"Number","path":"HotelID","count":1,"total_count":0,"probability":1}],"total_count":1,"type":"Number","has_duplicates":false,"probability":1},{"name":"ID","path":"ID","count":1,"types":[{"name":"Number","bsonType":"Number","path":"ID","count":1,"total_count":0,"probability":1}],"total_count":1,"type":"Number","has_duplicates":false,"probability":1},{"name":"IsActive","path":"IsActive","count":1,"types":[{"name":"Boolean","bsonType":"Boolean","path":"IsActive","count":1,"total_count":0,"probability":1}],"total_count":1,"type":"Boolean","has_duplicates":false,"probability":1},{"name":"Password","path":"Password","count":1,"types":[{"name":"String","bsonType":"String","path":"Password","count":1,"total_count":0,"probability":1}],"total_count":1,"type":"String","has_duplicates":false,"probability":1},{"name":"ServerName","path":"ServerName","count":1,"types":[{"name":"String","bsonType":"String","path":"ServerName","count":1,"total_count":0,"probability":1}],"total_count":1,"type":"String","has_duplicates":false,"probability":1},{"name":"UpdatedBy","path":"UpdatedBy","count":1,"types":[{"name":"String","bsonType":"String","path":"UpdatedBy","count":1,"total_count":0,"probability":1}],"total_count":1,"type":"String","has_duplicates":false,"probability":1},{"name":"UpdatedDateTime","path":"UpdatedDateTime","count":1,"types":[{"name":"Date","bsonType":"Date","path":"UpdatedDateTime","count":1,"total_count":0,"probability":1}],"total_count":1,"type":"Date","has_duplicates":false,"probability":1},{"name":"UserName","path":"UserName","count":1,"types":[{"name":"String","bsonType":"String","path":"UserName","count":1,"total_count":0,"probability":1}],"total_count":1,"type":"String","has_duplicates":false,"probability":1}],"count":1}