{"fields":[{"name":"_id","path":"_id","count":2098,"types":[{"name":"Number","bsonType":"Number","path":"_id","count":2098,"total_count":0,"probability":1}],"total_count":2098,"type":"Number","has_duplicates":false,"probability":1},{"name":"BlackAndWhiteColor","path":"BlackAndWhiteColor","count":2098,"types":[{"name":"Null","bsonType":"Null","path":"BlackAndWhiteColor","count":2098,"total_count":0,"probability":1,"unique":1,"has_duplicates":true}],"total_count":2098,"type":"Null","has_duplicates":true,"probability":1},{"name":"emailConfigurationID","path":"emailConfigurationID","count":2098,"types":[{"name":"Number","bsonType":"Number","path":"emailConfigurationID","count":2098,"total_count":0,"probability":1}],"total_count":2098,"type":"Number","has_duplicates":false,"probability":1},{"name":"emailConfigurationReport_Id","path":"emailConfigurationReport_Id","count":2098,"types":[{"name":"Number","bsonType":"Number","path":"emailConfigurationReport_Id","count":2098,"total_count":0,"probability":1}],"total_count":2098,"type":"Number","has_duplicates":false,"probability":1},{"name":"emailConfigurationScheduleID","path":"emailConfigurationScheduleID","count":2098,"types":[{"name":"Number","bsonType":"Number","path":"emailConfigurationScheduleID","count":2098,"total_count":0,"probability":1}],"total_count":2098,"type":"Number","has_duplicates":false,"probability":1},{"name":"emailNotificationRequest","path":"emailNotificationRequest","count":2098,"types":[{"name":"Null","bsonType":"Null","path":"emailNotificationRequest","count":2098,"total_count":0,"probability":1,"unique":1,"has_duplicates":true}],"total_count":2098,"type":"Null","has_duplicates":true,"probability":1},{"name":"IsScheduleActive","path":"IsScheduleActive","count":2098,"types":[{"name":"Boolean","bsonType":"Boolean","path":"IsScheduleActive","count":2098,"total_count":0,"probability":1}],"total_count":2098,"type":"Boolean","has_duplicates":false,"probability":1},{"name":"otherRecipients","path":"otherRecipients","count":2098,"types":[{"name":"Null","bsonType":"Null","path":"otherRecipients","count":2098,"total_count":0,"probability":1,"unique":1,"has_duplicates":true}],"total_count":2098,"type":"Null","has_duplicates":true,"probability":1},{"name":"scheduleTime","path":"scheduleTime","count":2098,"types":[{"name":"Date","bsonType":"Date","path":"scheduleTime","count":2098,"total_count":0,"probability":1}],"total_count":2098,"type":"Date","has_duplicates":false,"probability":1},{"name":"scheduleType","path":"scheduleType","count":2098,"types":[{"name":"String","bsonType":"String","path":"scheduleType","count":2098,"total_count":0,"probability":1}],"total_count":2098,"type":"String","has_duplicates":false,"probability":1},{"name":"timeZone","path":"timeZone","count":2098,"types":[{"name":"String","bsonType":"String","path":"timeZone","count":2098,"total_count":0,"probability":1}],"total_count":2098,"type":"String","has_duplicates":false,"probability":1},{"name":"updatedBy","path":"updatedBy","count":2098,"types":[{"name":"String","bsonType":"String","path":"updatedBy","count":2098,"total_count":0,"probability":1}],"total_count":2098,"type":"String","has_duplicates":false,"probability":1},{"name":"updatedOn","path":"updatedOn","count":2098,"types":[{"name":"Date","bsonType":"Date","path":"updatedOn","count":2098,"total_count":0,"probability":1}],"total_count":2098,"type":"Date","has_duplicates":false,"probability":1}],"count":2098}