{"fields":[{"name":"_id","path":"_id","count":20000,"types":[{"name":"Number","bsonType":"Number","path":"_id","count":20000,"total_count":0,"probability":1}],"total_count":20000,"type":"Number","has_duplicates":false,"probability":1},{"name":"ActionType","path":"ActionType","count":20000,"types":[{"name":"String","bsonType":"String","path":"ActionType","count":20000,"total_count":0,"probability":1}],"total_count":20000,"type":"String","has_duplicates":false,"probability":1},{"name":"Category","path":"Category","count":20000,"types":[{"name":"Null","bsonType":"Null","path":"Category","count":20000,"total_count":0,"probability":1,"unique":1,"has_duplicates":true}],"total_count":20000,"type":"Null","has_duplicates":true,"probability":1},{"name":"EmailAddress","path":"EmailAddress","count":20000,"types":[{"name":"String","bsonType":"String","path":"EmailAddress","count":20000,"total_count":0,"probability":1}],"total_count":20000,"type":"String","has_duplicates":false,"probability":1},{"name":"emailConfigurationScheduleID","path":"emailConfigurationScheduleID","count":20000,"types":[{"name":"Null","bsonType":"Null","path":"emailConfigurationScheduleID","count":20000,"total_count":0,"probability":1,"unique":1,"has_duplicates":true}],"total_count":20000,"type":"Null","has_duplicates":true,"probability":1},{"name":"EmailSent","path":"EmailSent","count":20000,"types":[{"name":"Boolean","bsonType":"Boolean","path":"EmailSent","count":19966,"total_count":0,"probability":0.9983},{"name":"Null","bsonType":"Null","path":"EmailSent","count":34,"total_count":0,"probability":0.0017,"unique":1,"has_duplicates":true}],"total_count":20000,"type":["Boolean","Null"],"has_duplicates":true,"probability":1},{"name":"HotelID","path":"HotelID","count":20000,"types":[{"name":"Number","bsonType":"Number","path":"HotelID","count":20000,"total_count":0,"probability":1}],"total_count":20000,"type":"Number","has_duplicates":false,"probability":1},{"name":"ID","path":"ID","count":20000,"types":[{"name":"Number","bsonType":"Number","path":"ID","count":20000,"total_count":0,"probability":1}],"total_count":20000,"type":"Number","has_duplicates":false,"probability":1},{"name":"InsertedDateTime","path":"InsertedDateTime","count":20000,"types":[{"name":"Date","bsonType":"Date","path":"InsertedDateTime","count":20000,"total_count":0,"probability":1}],"total_count":20000,"type":"Date","has_duplicates":false,"probability":1},{"name":"IsAdmin","path":"IsAdmin","count":20000,"types":[{"name":"Boolean","bsonType":"Boolean","path":"IsAdmin","count":19101,"total_count":0,"probability":0.95505},{"name":"Null","bsonType":"Null","path":"IsAdmin","count":899,"total_count":0,"probability":0.04495,"unique":1,"has_duplicates":true}],"total_count":20000,"type":["Boolean","Null"],"has_duplicates":true,"probability":1},{"name":"IsManager","path":"IsManager","count":20000,"types":[{"name":"Null","bsonType":"Null","path":"IsManager","count":19101,"total_count":0,"probability":0.95505,"unique":1,"has_duplicates":true},{"name":"Boolean","bsonType":"Boolean","path":"IsManager","count":899,"total_count":0,"probability":0.04495}],"total_count":20000,"type":["Null","Boolean"],"has_duplicates":true,"probability":1},{"name":"NoDataFound","path":"NoDataFound","count":20000,"types":[{"name":"Boolean","bsonType":"Boolean","path":"NoDataFound","count":20000,"total_count":0,"probability":1}],"total_count":20000,"type":"Boolean","has_duplicates":false,"probability":1},{"name":"ReportDate","path":"ReportDate","count":20000,"types":[{"name":"Date","bsonType":"Date","path":"ReportDate","count":20000,"total_count":0,"probability":1}],"total_count":20000,"type":"Date","has_duplicates":false,"probability":1},{"name":"ScheduledDateTime","path":"ScheduledDateTime","count":20000,"types":[{"name":"Date","bsonType":"Date","path":"ScheduledDateTime","count":19454,"total_count":0,"probability":0.9727},{"name":"Null","bsonType":"Null","path":"ScheduledDateTime","count":546,"total_count":0,"probability":0.0273,"unique":1,"has_duplicates":true}],"total_count":20000,"type":["Date","Null"],"has_duplicates":true,"probability":1},{"name":"UpdatedBy","path":"UpdatedBy","count":20000,"types":[{"name":"String","bsonType":"String","path":"UpdatedBy","count":20000,"total_count":0,"probability":1}],"total_count":20000,"type":"String","has_duplicates":false,"probability":1},{"name":"UpdatedDateTime","path":"UpdatedDateTime","count":20000,"types":[{"name":"Date","bsonType":"Date","path":"UpdatedDateTime","count":19966,"total_count":0,"probability":0.9983},{"name":"Null","bsonType":"Null","path":"UpdatedDateTime","count":34,"total_count":0,"probability":0.0017,"unique":1,"has_duplicates":true}],"total_count":20000,"type":["Date","Null"],"has_duplicates":true,"probability":1},{"name":"UserID","path":"UserID","count":20000,"types":[{"name":"Number","bsonType":"Number","path":"UserID","count":20000,"total_count":0,"probability":1}],"total_count":20000,"type":"Number","has_duplicates":false,"probability":1}],"count":20000}