[{"_id":1,"EmailConfigurationReportId":1,"EmailConfigurationReportName":"PDFReportRequest"},{"_id":2,"EmailConfigurationReportId":2,"EmailConfigurationReportName":"MissingDatesPDFReportRequest"},{"_id":3,"EmailConfigurationReportId":3,"EmailConfigurationReportName":"ARAgingPDFReportRequest"},{"_id":4,"EmailConfigurationReportId":4,"EmailConfigurationReportName":"PickupSummaryExcelReportRequest"},{"_id":7,"EmailConfigurationReportId":7,"EmailConfigurationReportName":"DashboardManagementPDFReportRequest"},{"_id":8,"EmailConfigurationReportId":8,"EmailConfigurationReportName":"OTBReportRequest"}]