{"fields":[{"name":"_id","path":"_id","count":228,"types":[{"name":"Number","bsonType":"Number","path":"_id","count":228,"total_count":0,"probability":1}],"total_count":228,"type":"Number","has_duplicates":false,"probability":1},{"name":"DisplayName","path":"DisplayName","count":228,"types":[{"name":"String","bsonType":"String","path":"DisplayName","count":228,"total_count":0,"probability":1}],"total_count":228,"type":"String","has_duplicates":false,"probability":1},{"name":"DisplayOrder","path":"DisplayOrder","count":228,"types":[{"name":"Number","bsonType":"Number","path":"DisplayOrder","count":228,"total_count":0,"probability":1}],"total_count":228,"type":"Number","has_duplicates":false,"probability":1},{"name":"ID","path":"ID","count":228,"types":[{"name":"Number","bsonType":"Number","path":"ID","count":228,"total_count":0,"probability":1}],"total_count":228,"type":"Number","has_duplicates":false,"probability":1},{"name":"Name","path":"Name","count":228,"types":[{"name":"String","bsonType":"String","path":"Name","count":228,"total_count":0,"probability":1}],"total_count":228,"type":"String","has_duplicates":false,"probability":1},{"name":"Type","path":"Type","count":228,"types":[{"name":"String","bsonType":"String","path":"Type","count":228,"total_count":0,"probability":1}],"total_count":228,"type":"String","has_duplicates":false,"probability":1}],"count":228}