{"fields":[{"name":"_id","path":"_id","count":2764,"types":[{"name":"Number","bsonType":"Number","path":"_id","count":2764,"total_count":0,"probability":1}],"total_count":2764,"type":"Number","has_duplicates":false,"probability":1},{"name":"HotelGroupID","path":"HotelGroupID","count":2764,"types":[{"name":"Number","bsonType":"Number","path":"HotelGroupID","count":2764,"total_count":0,"probability":1}],"total_count":2764,"type":"Number","has_duplicates":false,"probability":1},{"name":"HotelID","path":"HotelID","count":2764,"types":[{"name":"Number","bsonType":"Number","path":"HotelID","count":2764,"total_count":0,"probability":1}],"total_count":2764,"type":"Number","has_duplicates":false,"probability":1},{"name":"Id","path":"Id","count":2764,"types":[{"name":"Number","bsonType":"Number","path":"Id","count":2764,"total_count":0,"probability":1}],"total_count":2764,"type":"Number","has_duplicates":false,"probability":1},{"name":"Token","path":"Token","count":2764,"types":[{"name":"String","bsonType":"String","path":"Token","count":2764,"total_count":0,"probability":1}],"total_count":2764,"type":"String","has_duplicates":false,"probability":1},{"name":"UserID","path":"UserID","count":2764,"types":[{"name":"Number","bsonType":"Number","path":"UserID","count":2764,"total_count":0,"probability":1}],"total_count":2764,"type":"Number","has_duplicates":false,"probability":1}],"count":2764}