{"fields":[{"name":"_id","path":"_id","count":20000,"types":[{"name":"String","bsonType":"String","path":"_id","count":20000,"total_count":0,"probability":1}],"total_count":20000,"type":"String","has_duplicates":false,"probability":1},{"name":"ErrorId","path":"ErrorId","count":20000,"types":[{"name":"String","bsonType":"String","path":"ErrorId","count":20000,"total_count":0,"probability":1}],"total_count":20000,"type":"String","has_duplicates":false,"probability":1},{"name":"ErrorMessage","path":"ErrorMessage","count":20000,"types":[{"name":"String","bsonType":"String","path":"ErrorMessage","count":20000,"total_count":0,"probability":1}],"total_count":20000,"type":"String","has_duplicates":false,"probability":1},{"name":"Exception","path":"Exception","count":20000,"types":[{"name":"String","bsonType":"String","path":"Exception","count":20000,"total_count":0,"probability":1}],"total_count":20000,"type":"String","has_duplicates":false,"probability":1},{"name":"TimeUtc","path":"TimeUtc","count":20000,"types":[{"name":"Date","bsonType":"Date","path":"TimeUtc","count":20000,"total_count":0,"probability":1}],"total_count":20000,"type":"Date","has_duplicates":false,"probability":1},{"name":"UserId","path":"UserId","count":20000,"types":[{"name":"Number","bsonType":"Number","path":"UserId","count":20000,"total_count":0,"probability":1}],"total_count":20000,"type":"Number","has_duplicates":false,"probability":1}],"count":20000}