{"fields":[{"name":"_id","path":"_id","count":351,"types":[{"name":"Number","bsonType":"Number","path":"_id","count":351,"total_count":0,"probability":1}],"total_count":351,"type":"Number","has_duplicates":false,"probability":1},{"name":"Description","path":"Description","count":351,"types":[{"name":"String","bsonType":"String","path":"Description","count":351,"total_count":0,"probability":1}],"total_count":351,"type":"String","has_duplicates":false,"probability":1},{"name":"EndDate","path":"EndDate","count":351,"types":[{"name":"Null","bsonType":"Null","path":"EndDate","count":308,"total_count":0,"probability":0.8774928774928775,"unique":1,"has_duplicates":true},{"name":"Date","bsonType":"Date","path":"EndDate","count":43,"total_count":0,"probability":0.1225071225071225}],"total_count":351,"type":["Null","Date"],"has_duplicates":true,"probability":1},{"name":"EventName","path":"EventName","count":351,"types":[{"name":"String","bsonType":"String","path":"EventName","count":351,"total_count":0,"probability":1}],"total_count":351,"type":"String","has_duplicates":false,"probability":1},{"name":"HotelID","path":"HotelID","count":351,"types":[{"name":"Number","bsonType":"Number","path":"HotelID","count":351,"total_count":0,"probability":1}],"total_count":351,"type":"Number","has_duplicates":false,"probability":1},{"name":"ID","path":"ID","count":351,"types":[{"name":"Number","bsonType":"Number","path":"ID","count":351,"total_count":0,"probability":1}],"total_count":351,"type":"Number","has_duplicates":false,"probability":1},{"name":"IsActive","path":"IsActive","count":351,"types":[{"name":"Boolean","bsonType":"Boolean","path":"IsActive","count":351,"total_count":0,"probability":1}],"total_count":351,"type":"Boolean","has_duplicates":false,"probability":1},{"name":"IsRepeat","path":"IsRepeat","count":351,"types":[{"name":"Boolean","bsonType":"Boolean","path":"IsRepeat","count":351,"total_count":0,"probability":1}],"total_count":351,"type":"Boolean","has_duplicates":false,"probability":1},{"name":"RepeatEvery","path":"RepeatEvery","count":351,"types":[{"name":"Null","bsonType":"Null","path":"RepeatEvery","count":308,"total_count":0,"probability":0.8774928774928775,"unique":1,"has_duplicates":true},{"name":"Number","bsonType":"Number","path":"RepeatEvery","count":43,"total_count":0,"probability":0.1225071225071225}],"total_count":351,"type":["Null","Number"],"has_duplicates":true,"probability":1},{"name":"RepeatOn","path":"RepeatOn","count":351,"types":[{"name":"Null","bsonType":"Null","path":"RepeatOn","count":351,"total_count":0,"probability":1,"unique":1,"has_duplicates":true}],"total_count":351,"type":"Null","has_duplicates":true,"probability":1},{"name":"Repeats","path":"Repeats","count":351,"types":[{"name":"Null","bsonType":"Null","path":"Repeats","count":308,"total_count":0,"probability":0.8774928774928775,"unique":1,"has_duplicates":true},{"name":"String","bsonType":"String","path":"Repeats","count":43,"total_count":0,"probability":0.1225071225071225}],"total_count":351,"type":["Null","String"],"has_duplicates":true,"probability":1},{"name":"StartDate","path":"StartDate","count":351,"types":[{"name":"Date","bsonType":"Date","path":"StartDate","count":351,"total_count":0,"probability":1}],"total_count":351,"type":"Date","has_duplicates":false,"probability":1},{"name":"TimeZone","path":"TimeZone","count":351,"types":[{"name":"String","bsonType":"String","path":"TimeZone","count":351,"total_count":0,"probability":1}],"total_count":351,"type":"String","has_duplicates":false,"probability":1},{"name":"UpdateDateTime","path":"UpdateDateTime","count":351,"types":[{"name":"Date","bsonType":"Date","path":"UpdateDateTime","count":351,"total_count":0,"probability":1}],"total_count":351,"type":"Date","has_duplicates":false,"probability":1},{"name":"UpdatedBy","path":"UpdatedBy","count":351,"types":[{"name":"String","bsonType":"String","path":"UpdatedBy","count":351,"total_count":0,"probability":1}],"total_count":351,"type":"String","has_duplicates":false,"probability":1}],"count":351}