[{"_id":1,"ID":1,"OrganisationId":2,"ExpenseTypeCreditCard":true,"ExpenseTypeInvoice":true,"ExpenseTypeUrgent":true,"UpdatedDateTime":"2018-06-06T20:17:12.963Z","UpdatedBy":"ali@mydigitaloffice.ca","ExpenseTypeStatement":true,"ExpenseTypeDepositSlip":true,"ExpenseTypePettyCash":true,"ExpenseTypeWages":true},{"_id":2,"ID":2,"OrganisationId":238,"ExpenseTypeCreditCard":true,"ExpenseTypeInvoice":true,"ExpenseTypeUrgent":false,"UpdatedDateTime":"2017-08-01T05:58:45.163Z","UpdatedBy":"superadmin@mydigitaloffice.ca","ExpenseTypeStatement":true,"ExpenseTypeDepositSlip":true,"ExpenseTypePettyCash":true,"ExpenseTypeWages":null},{"_id":3,"ID":3,"OrganisationId":328,"ExpenseTypeCreditCard":true,"ExpenseTypeInvoice":true,"ExpenseTypeUrgent":true,"UpdatedDateTime":"2017-06-28T16:58:00.313Z","UpdatedBy":"loneil@pacificahost.com","ExpenseTypeStatement":false,"ExpenseTypeDepositSlip":false,"ExpenseTypePettyCash":null,"ExpenseTypeWages":null},{"_id":4,"ID":4,"OrganisationId":704,"ExpenseTypeCreditCard":true,"ExpenseTypeInvoice":true,"ExpenseTypeUrgent":true,"UpdatedDateTime":"2018-03-29T21:34:34.760Z","UpdatedBy":"ali@mydigitaloffice.ca","ExpenseTypeStatement":false,"ExpenseTypeDepositSlip":false,"ExpenseTypePettyCash":false,"ExpenseTypeWages":false},{"_id":5,"ID":5,"OrganisationId":1002,"ExpenseTypeCreditCard":true,"ExpenseTypeInvoice":true,"ExpenseTypeUrgent":true,"UpdatedDateTime":"2018-07-05T17:23:18.693Z","UpdatedBy":"ap@unyq.org","ExpenseTypeStatement":true,"ExpenseTypeDepositSlip":true,"ExpenseTypePettyCash":true,"ExpenseTypeWages":true},{"_id":6,"ID":6,"OrganisationId":1169,"ExpenseTypeCreditCard":true,"ExpenseTypeInvoice":true,"ExpenseTypeUrgent":true,"UpdatedDateTime":"2018-10-11T22:33:23.870Z","UpdatedBy":"rohit.dand@chospitality.com","ExpenseTypeStatement":true,"ExpenseTypeDepositSlip":true,"ExpenseTypePettyCash":true,"ExpenseTypeWages":false},{"_id":7,"ID":7,"OrganisationId":105,"ExpenseTypeCreditCard":true,"ExpenseTypeInvoice":true,"ExpenseTypeUrgent":true,"UpdatedDateTime":"2019-01-04T05:41:42.490Z","UpdatedBy":"nibaya@mydigitaloffice.ca","ExpenseTypeStatement":true,"ExpenseTypeDepositSlip":true,"ExpenseTypePettyCash":true,"ExpenseTypeWages":true}]