{"fields":[{"name":"_id","path":"_id","count":7,"types":[{"name":"Number","bsonType":"Number","path":"_id","count":7,"total_count":0,"probability":1}],"total_count":7,"type":"Number","has_duplicates":false,"probability":1},{"name":"ExpenseTypeCreditCard","path":"ExpenseTypeCreditCard","count":7,"types":[{"name":"Boolean","bsonType":"Boolean","path":"ExpenseTypeCreditCard","count":7,"total_count":0,"probability":1}],"total_count":7,"type":"Boolean","has_duplicates":false,"probability":1},{"name":"ExpenseTypeDepositSlip","path":"ExpenseTypeDepositSlip","count":7,"types":[{"name":"Boolean","bsonType":"Boolean","path":"ExpenseTypeDepositSlip","count":7,"total_count":0,"probability":1}],"total_count":7,"type":"Boolean","has_duplicates":false,"probability":1},{"name":"ExpenseTypeInvoice","path":"ExpenseTypeInvoice","count":7,"types":[{"name":"Boolean","bsonType":"Boolean","path":"ExpenseTypeInvoice","count":7,"total_count":0,"probability":1}],"total_count":7,"type":"Boolean","has_duplicates":false,"probability":1},{"name":"ExpenseTypePettyCash","path":"ExpenseTypePettyCash","count":7,"types":[{"name":"Boolean","bsonType":"Boolean","path":"ExpenseTypePettyCash","count":6,"total_count":0,"probability":0.8571428571428571},{"name":"Null","bsonType":"Null","path":"ExpenseTypePettyCash","count":1,"total_count":0,"probability":0.14285714285714285,"unique":1,"has_duplicates":false}],"total_count":7,"type":["Boolean","Null"],"has_duplicates":false,"probability":1},{"name":"ExpenseTypeStatement","path":"ExpenseTypeStatement","count":7,"types":[{"name":"Boolean","bsonType":"Boolean","path":"ExpenseTypeStatement","count":7,"total_count":0,"probability":1}],"total_count":7,"type":"Boolean","has_duplicates":false,"probability":1},{"name":"ExpenseTypeUrgent","path":"ExpenseTypeUrgent","count":7,"types":[{"name":"Boolean","bsonType":"Boolean","path":"ExpenseTypeUrgent","count":7,"total_count":0,"probability":1}],"total_count":7,"type":"Boolean","has_duplicates":false,"probability":1},{"name":"ExpenseTypeWages","path":"ExpenseTypeWages","count":7,"types":[{"name":"Boolean","bsonType":"Boolean","path":"ExpenseTypeWages","count":5,"total_count":0,"probability":0.7142857142857143},{"name":"Null","bsonType":"Null","path":"ExpenseTypeWages","count":2,"total_count":0,"probability":0.2857142857142857,"unique":1,"has_duplicates":true}],"total_count":7,"type":["Boolean","Null"],"has_duplicates":true,"probability":1},{"name":"ID","path":"ID","count":7,"types":[{"name":"Number","bsonType":"Number","path":"ID","count":7,"total_count":0,"probability":1}],"total_count":7,"type":"Number","has_duplicates":false,"probability":1},{"name":"OrganisationId","path":"OrganisationId","count":7,"types":[{"name":"Number","bsonType":"Number","path":"OrganisationId","count":7,"total_count":0,"probability":1}],"total_count":7,"type":"Number","has_duplicates":false,"probability":1},{"name":"UpdatedBy","path":"UpdatedBy","count":7,"types":[{"name":"String","bsonType":"String","path":"UpdatedBy","count":7,"total_count":0,"probability":1}],"total_count":7,"type":"String","has_duplicates":false,"probability":1},{"name":"UpdatedDateTime","path":"UpdatedDateTime","count":7,"types":[{"name":"Date","bsonType":"Date","path":"UpdatedDateTime","count":7,"total_count":0,"probability":1}],"total_count":7,"type":"Date","has_duplicates":false,"probability":1}],"count":7}