{"fields":[{"name":"_id","path":"_id","count":545,"types":[{"name":"Number","bsonType":"Number","path":"_id","count":545,"total_count":0,"probability":1}],"total_count":545,"type":"Number","has_duplicates":false,"probability":1},{"name":"EmailAddress","path":"EmailAddress","count":545,"types":[{"name":"String","bsonType":"String","path":"EmailAddress","count":545,"total_count":0,"probability":1}],"total_count":545,"type":"String","has_duplicates":false,"probability":1},{"name":"ID","path":"ID","count":545,"types":[{"name":"Number","bsonType":"Number","path":"ID","count":545,"total_count":0,"probability":1}],"total_count":545,"type":"Number","has_duplicates":false,"probability":1},{"name":"Remarks","path":"Remarks","count":545,"types":[{"name":"Null","bsonType":"Null","path":"Remarks","count":545,"total_count":0,"probability":1,"unique":1,"has_duplicates":true}],"total_count":545,"type":"Null","has_duplicates":true,"probability":1},{"name":"ReportedDate","path":"ReportedDate","count":545,"types":[{"name":"Date","bsonType":"Date","path":"ReportedDate","count":545,"total_count":0,"probability":1}],"total_count":545,"type":"Date","has_duplicates":false,"probability":1},{"name":"Status","path":"Status","count":545,"types":[{"name":"String","bsonType":"String","path":"Status","count":545,"total_count":0,"probability":1}],"total_count":545,"type":"String","has_duplicates":false,"probability":1},{"name":"UpdatedDateTime","path":"UpdatedDateTime","count":545,"types":[{"name":"Date","bsonType":"Date","path":"UpdatedDateTime","count":545,"total_count":0,"probability":1}],"total_count":545,"type":"Date","has_duplicates":false,"probability":1},{"name":"UserId","path":"UserId","count":545,"types":[{"name":"Number","bsonType":"Number","path":"UserId","count":545,"total_count":0,"probability":1}],"total_count":545,"type":"Number","has_duplicates":false,"probability":1}],"count":545}