{"fields":[{"name":"_id","path":"_id","count":968,"types":[{"name":"Number","bsonType":"Number","path":"_id","count":967,"total_count":0,"probability":0.9989669421487604},{"name":"Null","bsonType":"Null","path":"_id","count":1,"total_count":0,"probability":0.0010330578512396695,"unique":1,"has_duplicates":false}],"total_count":968,"type":["Number","Null"],"has_duplicates":false,"probability":1},{"name":"FBPageURL","path":"FBPageURL","count":968,"types":[{"name":"String","bsonType":"String","path":"FBPageURL","count":967,"total_count":0,"probability":0.9989669421487604},{"name":"Null","bsonType":"Null","path":"FBPageURL","count":1,"total_count":0,"probability":0.0010330578512396695,"unique":1,"has_duplicates":false}],"total_count":968,"type":["String","Null"],"has_duplicates":false,"probability":1},{"name":"HotelID","path":"HotelID","count":968,"types":[{"name":"Number","bsonType":"Number","path":"HotelID","count":967,"total_count":0,"probability":0.9989669421487604},{"name":"Null","bsonType":"Null","path":"HotelID","count":1,"total_count":0,"probability":0.0010330578512396695,"unique":1,"has_duplicates":false}],"total_count":968,"type":["Number","Null"],"has_duplicates":false,"probability":1},{"name":"ID","path":"ID","count":968,"types":[{"name":"Number","bsonType":"Number","path":"ID","count":967,"total_count":0,"probability":0.9989669421487604},{"name":"Null","bsonType":"Null","path":"ID","count":1,"total_count":0,"probability":0.0010330578512396695,"unique":1,"has_duplicates":false}],"total_count":968,"type":["Number","Null"],"has_duplicates":false,"probability":1}],"count":968}