[{"_id":2,"ID":2,"PlaceID":"ChIJr1vws6nSSIgRM0JF8ssnEdU","HotelID":32},{"_id":3,"ID":3,"PlaceID":"ChIJdbyELV8yT4gRIID19L7xxY0","HotelID":33},{"_id":4,"ID":4,"PlaceID":"ChIJGaJ8T7U0K4gREXHXECMBjK4","HotelID":45},{"_id":5,"ID":5,"PlaceID":"ChIJQ5y7_0wr34cRQvetDDqieMM","HotelID":67},{"_id":6,"ID":6,"PlaceID":"ChIJLZWJmCsr34cRJraD960eT_o","HotelID":68},{"_id":7,"ID":7,"PlaceID":"ChIJ96FQIC9pQocRvmrj_t940Qs","HotelID":69},{"_id":9,"ID":9,"PlaceID":"ChIJnzL1VcK33IcRN75CBtdWfCY","HotelID":71},{"_id":10,"ID":10,"PlaceID":"ChIJm-uGWPTNQIYRWFlkG7C54EI","HotelID":72},{"_id":11,"ID":11,"PlaceID":"ChIJq9kbi4NbXIYRxuC_1fKtp2s","HotelID":78},{"_id":12,"ID":12,"PlaceID":"ChIJH4iz6kPW94YRwqFclm1BHXg","HotelID":79},{"_id":13,"ID":13,"PlaceID":"ChIJGTbKt2XsMIgRyxFWbNrg0kU","HotelID":80},{"_id":14,"ID":14,"PlaceID":"ChIJ0W12O8_DQIYRp6zoSKKrKyo","HotelID":81},{"_id":15,"ID":15,"PlaceID":"ChIJ-fCGumlbXIYRlq5Tl2TIKpE","HotelID":82},{"_id":16,"ID":16,"PlaceID":"ChIJ14CQRsr0XIYRVEkZ9iKlH_Y","HotelID":83},{"_id":17,"ID":17,"PlaceID":"ChIJTwUmA6vKhVQRxPT0qqj-6kk","HotelID":84},{"_id":23,"ID":23,"PlaceID":"ChIJnco_M0rL1IkRS-gsSLmxOKQ","HotelID":108},{"_id":24,"ID":24,"PlaceID":"ChIJywlhWcM0K4gRghM-IuM-t6I","HotelID":109},{"_id":25,"ID":25,"PlaceID":"ChIJ5_PV7mkayUwR2bk4iVt8R3Q","HotelID":110},{"_id":26,"ID":26,"PlaceID":"ChIJJRvdoSShZYYRL73egczU09w","HotelID":113},{"_id":30,"ID":30,"PlaceID":"ChIJYwxW1VJYwokRTZu3DY8tRwI","HotelID":117},{"_id":31,"ID":31,"PlaceID":"ChIJ-8iVHIKCToYRWOwy4NCfiqY","HotelID":118},{"_id":32,"ID":32,"PlaceID":"ChIJ29FCMgnY-4YRCjgC_fTaghw","HotelID":120},{"_id":33,"ID":33,"PlaceID":"ChIJ4VC9tc1zToYRU3qaHT0kzC4","HotelID":121},{"_id":34,"ID":34,"PlaceID":"ChIJi-3VkSfP-4YRJftmCix5tSo","HotelID":122},{"_id":35,"ID":35,"PlaceID":"ChIJg2LIQ2fZ-4YRuUGKK62hJIs","HotelID":123},{"_id":36,"ID":36,"PlaceID":"ChIJ_SwLiCfP-4YRgoTcA577A_8","HotelID":124},{"_id":37,"ID":37,"PlaceID":"ChIJH1z-qBjP-4YRhb0bVgf-WJc","HotelID":125},{"_id":38,"ID":38,"PlaceID":"ChIJ3XxO5zbP-4YRxZ5WT3Vo46U","HotelID":126},{"_id":39,"ID":39,"PlaceID":"ChIJKerawa9544YRPh6TZ5PqFeM","HotelID":127},{"_id":40,"ID":40,"PlaceID":"ChIJyZUKkMMvSoYRQATCtdX3K9o","HotelID":128},{"_id":41,"ID":41,"PlaceID":"ChIJjxtwl0t58IYRF7gMB3EZJxY","HotelID":129},{"_id":42,"ID":42,"PlaceID":"ChIJhSLdphjA_IYRrSbFq6jwL88","HotelID":130},{"_id":43,"ID":43,"PlaceID":"ChIJW4swxUqV_IYRMNjNcZgihjs","HotelID":131},{"_id":44,"ID":44,"PlaceID":"ChIJuY8tZjWV_IYRMxjeY4kitTw","HotelID":132},{"_id":45,"ID":45,"PlaceID":"ChIJpRm0zR8kQYYRHUHWtDuIrVY","HotelID":133},{"_id":46,"ID":46,"PlaceID":"ChIJy75TBEpNR4YRawAOZwjh1m4","HotelID":134},{"_id":47,"ID":47,"PlaceID":"ChIJWVrW3h8kQYYRS3SMlsqEWm8","HotelID":135},{"_id":48,"ID":48,"PlaceID":"ChIJt9PakH9t_oYR4lu30Wdy0jk","HotelID":137},{"_id":49,"ID":49,"PlaceID":"ChIJvehVk0XkV4YRhZIIlCa_1HE","HotelID":138},{"_id":50,"ID":50,"PlaceID":"ChIJI5QPv0_kV4YRmkXI4APnFpQ","HotelID":139},{"_id":51,"ID":51,"PlaceID":"ChIJ27k2uHBLaYcR9HRaI_A26mg","HotelID":145},{"_id":52,"ID":52,"PlaceID":"ChIJsXXmF3V744kRNe_P_R0FdNc","HotelID":146},{"_id":54,"ID":54,"PlaceID":"ChIJU-7IHq8sDogRlh4L8RM0WEQ","HotelID":148},{"_id":55,"ID":55,"PlaceID":"ChIJzwjZq1dYwokRp3aIwhqEuE4","HotelID":149},{"_id":58,"ID":58,"PlaceID":"ChIJewVpoGfJyFIRr4W0HdBYnYY","HotelID":153},{"_id":79,"ID":79,"PlaceID":"ChIJ1S2RFeHi3YkR7Yxyy8BcvOE","HotelID":182},{"_id":80,"ID":80,"PlaceID":"ChIJbzq2cW0U3okR7v4EO5XTrJE","HotelID":183},{"_id":81,"ID":81,"PlaceID":"ChIJn0jZx_e554kR2op-EoMB-Og","HotelID":184},{"_id":82,"ID":82,"PlaceID":"ChIJXXFmGa8_3okReFyzf1aW_bs","HotelID":185},{"_id":83,"ID":83,"PlaceID":"ChIJXzk5v6hZwokR6aBXNc1gjQU","HotelID":150},{"_id":85,"ID":85,"PlaceID":"ChIJj6KTHTkXTIYRPs_HdvGr-uU","HotelID":189},{"_id":94,"ID":94,"PlaceID":"ChIJJ40XLPVw_ogR39hlSpIyudU","HotelID":199},{"_id":95,"ID":95,"PlaceID":"ChIJGQGt3Irb5IgRlZsk03dhakA","HotelID":200},{"_id":96,"ID":96,"PlaceID":"ChIJRQx21bvnQIYRAvCThN01qt0","HotelID":201},{"_id":98,"ID":98,"PlaceID":"ChIJNz28f6lZwokRG7XqHzfM0Us","HotelID":151},{"_id":99,"ID":99,"PlaceID":"ChIJz1KlpHIj-YYR_rxSdFFkZZ0","HotelID":188},{"_id":100,"ID":100,"PlaceID":"ChIJ_ZhYYAutNYgRxw4ZxlTMZiE","HotelID":115},{"_id":101,"ID":101,"PlaceID":"ChIJKzaR_zcWiYgRiC1cfPYTQjs","HotelID":85},{"_id":105,"ID":105,"PlaceID":"ChIJPyyfI3p58ogRgTADs1gKGFg","HotelID":205},{"_id":106,"ID":106,"PlaceID":"ChIJH90cEDZ6_ogRwC3_IU0wiS0","HotelID":206},{"_id":107,"ID":107,"PlaceID":"ChIJPwXAI4vb5IgRNj9Cwi8aZ9k","HotelID":207},{"_id":108,"ID":108,"PlaceID":"ChIJZTwyT7nN-YgRH5KYtvJjWSs","HotelID":209},{"_id":109,"ID":109,"PlaceID":"ChIJ0YNVZo0IsYkRz5RPli_5oMA","HotelID":210},{"_id":110,"ID":110,"PlaceID":"ChIJRasWjHRqsYkR5dd99Ta0Zig","HotelID":211},{"_id":111,"ID":111,"PlaceID":"ChIJSzx-lORi54gRsvBOYDsAYBQ","HotelID":212},{"_id":133,"ID":133,"PlaceID":"ChIJJcpiv5BqsYkR2JnifZXBmKI","HotelID":238},{"_id":134,"ID":134,"PlaceID":"ChIJl_GR33vi-YcRMjXSWWWKqWY","HotelID":232},{"_id":136,"ID":136,"PlaceID":"ChIJ8ZMQDw-BxlIRt3TfUguuKTA","HotelID":230},{"_id":137,"ID":137,"PlaceID":"ChIJPSgjlFAGsYkRAerQ7BchfLA","HotelID":229},{"_id":138,"ID":138,"PlaceID":"ChIJPVQHsEHLyFIR2dJbRm65oIw","HotelID":228},{"_id":139,"ID":139,"PlaceID":"ChIJWbHiGo0IsYkRRtYQAKv0zU0","HotelID":227},{"_id":140,"ID":140,"PlaceID":"ChIJCx04I5-iuokR8izWEw81YH4","HotelID":224},{"_id":142,"ID":142,"PlaceID":"ChIJ3UIeDiOmsYkRcXDGHqlUe3s","HotelID":223},{"_id":144,"ID":144,"PlaceID":"ChIJsyNVvM-3t4kRgNr61xeH0GA","HotelID":77},{"_id":145,"ID":145,"PlaceID":"ChIJYeBjjLB0HIcR5_LAcziGHnE","HotelID":74},{"_id":146,"ID":146,"PlaceID":"ChIJ9dhxJDGC11IRXY8jdStvjFQ","HotelID":75},{"_id":147,"ID":147,"PlaceID":"ChIJR8L5lFitt4kRQTuPmyfUcPw","HotelID":76},{"_id":157,"ID":157,"PlaceID":"ChIJj0Y9h2IlXIgR95Yv2Sq4fG4","HotelID":247},{"_id":158,"ID":158,"PlaceID":"ChIJQYwjWzQVkFQR-x-m-PGXRm0","HotelID":246},{"_id":159,"ID":159,"PlaceID":"ChIJx3i1lJNmZIgRFSufXG6bIY4","HotelID":242},{"_id":161,"ID":161,"PlaceID":"ChIJh5tRYMlj_ogRPw5KGjZC1-E","HotelID":240},{"_id":172,"ID":172,"PlaceID":"ChIJv-TCQuTgt4kRitBlSJoogTw","HotelID":319},{"_id":174,"ID":174,"PlaceID":"ChIJA55_Vx5WwokR0VYY3f91aKE","HotelID":261},{"_id":175,"ID":175,"PlaceID":"ChIJ6Xx6CarB54kR6Qy8kximcm8","HotelID":260},{"_id":176,"ID":176,"PlaceID":"ChIJ0z9xo-1-1YcReCrVKRwqTbk","HotelID":262},{"_id":177,"ID":177,"PlaceID":"ChIJ88EvvrpIDogR43SltNuyZl4","HotelID":303},{"_id":178,"ID":178,"PlaceID":"ChIJG1JaxPHCwogRAzyNkqpOuAQ","HotelID":294},{"_id":179,"ID":179,"PlaceID":"ChIJ0e7I24RY94cR2MppP74dNS4","HotelID":299},{"_id":180,"ID":180,"PlaceID":"ChIJGRi54aqhj4cRbidGLA-SfCI","HotelID":275},{"_id":181,"ID":181,"PlaceID":"ChIJD6jB5l-r2YgRDBYN3ITJvTM","HotelID":300},{"_id":182,"ID":182,"PlaceID":"ChIJ8Tg2CZXct4kR46sT5JuXhK8","HotelID":295},{"_id":183,"ID":183,"PlaceID":"ChIJjSuQXWLExokRNfNsIPqNDcg","HotelID":296},{"_id":184,"ID":184,"PlaceID":"ChIJ1_Nkk1SN2YkRmEhn3bfkJ3I","HotelID":257},{"_id":185,"ID":185,"PlaceID":"ChIJMc4_g6uhj4cRlo6Lc06C9_c","HotelID":276},{"_id":186,"ID":186,"PlaceID":"ChIJD0Wv6kOuU4gRKM0QQi4iqKE","HotelID":279},{"_id":187,"ID":187,"PlaceID":"ChIJRZtKYSBjM4gRWBzILd2z4ng","HotelID":264},{"_id":188,"ID":188,"PlaceID":"ChIJyX1F4yUnWIgRtVb0fvQ7fIs","HotelID":291},{"_id":189,"ID":189,"PlaceID":"ChIJAYwXDdai6IgRI7BjTf0YmIE","HotelID":310},{"_id":190,"ID":190,"PlaceID":"ChIJ6wXHUIS0RIYRQbhbxHSGB7k","HotelID":270},{"_id":191,"ID":191,"PlaceID":"ChIJ53qniGrbQIYRo4lUFHj6giQ","HotelID":263},{"_id":192,"ID":192,"PlaceID":"ChIJCT8PuGxlYogRIhtHZo4gA4k","HotelID":314},{"_id":193,"ID":193,"PlaceID":"ChIJa9LJ8iHzxokRrrac52C2KjE","HotelID":273},{"_id":194,"ID":194,"PlaceID":"ChIJ9b8qXVRf94cRxx1WTPuGQaM","HotelID":313},{"_id":195,"ID":195,"PlaceID":"ChIJSwLKS_Eo34cRqMlMczsHYoc","HotelID":311},{"_id":196,"ID":196,"PlaceID":"ChIJewVpoGfJyFIRr4W0HdBYnYY","HotelID":153},{"_id":197,"ID":197,"PlaceID":"ChIJUzuwY-AqR4YRYNoz12lZ5iA","HotelID":312},{"_id":198,"ID":198,"PlaceID":"ChIJowlRwRfKRIYRsdUsIEfdn9U","HotelID":308},{"_id":199,"ID":199,"PlaceID":"ChIJT76w6BmbToYRx51c7OZY24I","HotelID":309},{"_id":200,"ID":200,"PlaceID":"ChIJh07Hct2o-IgRoR0V47Cv6Fo","HotelID":297},{"_id":201,"ID":201,"PlaceID":"ChIJsagBHfXMRIYR-YimCQPJHAM","HotelID":269},{"_id":202,"ID":202,"PlaceID":"ChIJbXRTU8cfqokRS2GUkddneQc","HotelID":301},{"_id":203,"ID":203,"PlaceID":"ChIJt9pEq7YO9YgRWEKwwNPIjHc","HotelID":292},{"_id":204,"ID":204,"PlaceID":"ChIJB3z_ZZGeaYgR9PnrnQuNhKY","HotelID":307},{"_id":205,"ID":205,"PlaceID":"ChIJfXlsFQFajIcRl54AOJVIpfA","HotelID":278},{"_id":206,"ID":206,"PlaceID":"ChIJsduwWIS0RIYRrtzyNTnnY4c","HotelID":272},{"_id":207,"ID":207,"PlaceID":"ChIJyZVH4zUTwYARwntEEWC6UGI","HotelID":315},{"_id":208,"ID":208,"PlaceID":"ChIJrfg6-Jd7bIcRaNos3kr8n-U","HotelID":316},{"_id":209,"ID":209,"PlaceID":"ChIJ1Zck1JM8TIYRaNd-X2wvmSU","HotelID":317},{"_id":210,"ID":210,"PlaceID":"ChIJX9c6bWITq4kR1_cyRuLXfLg","HotelID":325},{"_id":211,"ID":211,"PlaceID":"ChIJX9c6bWITq4kROATOD9JJt8o","HotelID":326},{"_id":212,"ID":212,"PlaceID":"ChIJgTdYG0q0woARhMMbBq2KFyw","HotelID":323},{"_id":213,"ID":213,"PlaceID":"ChIJy_eMFw4t3YARlTKaiCbnT34","HotelID":324},{"_id":214,"ID":214,"PlaceID":"ChIJ_7mBs3PEt4kRwJUuHMPqE0k","HotelID":327},{"_id":215,"ID":215,"PlaceID":"ChIJu412WYwbxYkR7unW8ipNH4s","HotelID":328},{"_id":216,"ID":216,"PlaceID":"ChIJdTrIrhq35YgR5CIIt6s9k78","HotelID":329},{"_id":222,"ID":222,"PlaceID":"ChIJfy1w7ZgEyIkRa_2n1JZ73B8","HotelID":306},{"_id":223,"ID":223,"PlaceID":"ChIJgS6ZheeZf4gR_bCrhDmQ_70","HotelID":274},{"_id":224,"ID":224,"PlaceID":"ChIJQeG7bp9E0lIRZv9CeBkXcPw","HotelID":280},{"_id":225,"ID":225,"PlaceID":"ChIJHw2sDSfKjocRKVbXwMZ_P0M","HotelID":286},{"_id":226,"ID":226,"PlaceID":"ChIJUU0SG5DKjocRuymU-91rCnc","HotelID":298},{"_id":227,"ID":227,"PlaceID":"ChIJa_xUc28E9YgRJKfrqhc78OA","HotelID":293},{"_id":228,"ID":228,"PlaceID":"ChIJK1X9nkC_QIYRlp8QGc85bU8","HotelID":302},{"_id":229,"ID":229,"PlaceID":"ChIJz5aqCo8uXIgRYwpMmzkBVTs","HotelID":336},{"_id":232,"ID":232,"PlaceID":"ChIJoc3-YQy33IARbDi9c78tWTw","HotelID":338},{"_id":233,"ID":233,"PlaceID":"ChIJwUevSsE9IYYRu2AgxYeKN7Y","HotelID":339},{"_id":238,"ID":238,"PlaceID":"ChIJB4GTHiaZJIYRb27AGoTV5CI","HotelID":340},{"_id":239,"ID":239,"PlaceID":"ChIJXes_hxqtQYgRvsuVyJMn45Q","HotelID":322},{"_id":240,"ID":240,"PlaceID":"ChIJTRwaPZO7woARMB6CHkQuqvM","HotelID":341},{"_id":242,"ID":242,"PlaceID":"ChIJD9T-cKFvcVMRHSzl1czQkQE","HotelID":343},{"_id":244,"ID":244,"PlaceID":"ChIJuais2YJiNIgRVMhnHoV9E3E","HotelID":345},{"_id":245,"ID":245,"PlaceID":"ChIJd8HAZ7xucVMR1pnrmm29Lsg","HotelID":347},{"_id":246,"ID":246,"PlaceID":"ChIJr10Ht3-wQYgR4oi-HmwgBvE","HotelID":346},{"_id":247,"ID":247,"PlaceID":"ChIJw7UxW784K4gRrM1MvOXcHNE","HotelID":350},{"_id":248,"ID":248,"PlaceID":"ChIJS7PI9INyToYRYYeuDsFycRk","HotelID":351},{"_id":249,"ID":249,"PlaceID":"ChIJX5pVLWhaQIgR4_rsM6nhkhs","HotelID":348},{"_id":250,"ID":250,"PlaceID":"ChIJ0wZJR7EO9YgRCnbmTFigU7w","HotelID":352},{"_id":251,"ID":251,"PlaceID":"ChIJ6_fBPFD99IgRR0LhIN7ABL8","HotelID":353},{"_id":252,"ID":252,"PlaceID":"ChIJZ5uMhCnpYYgRNVWCkMmvUcA","HotelID":354},{"_id":253,"ID":253,"PlaceID":"ChIJIVrF5I8rTIYR1ipLJzwh7hU","HotelID":356},{"_id":254,"ID":254,"PlaceID":"ChIJ-a6rdZB0V4gRz8rtYVlIWhQ","HotelID":357},{"_id":255,"ID":255,"PlaceID":"ChIJUzN-qytySU0RGjORrub7g1Q","HotelID":358},{"_id":256,"ID":256,"PlaceID":"ChIJDXKAUdgJ9YgRRBi2k65Gelo","HotelID":359},{"_id":257,"ID":257,"PlaceID":"ChIJ4b3B1BkPK4cRYQWWmanPd_E","HotelID":360},{"_id":259,"ID":259,"PlaceID":"ChIJWbFhOTQfoFMRAVO9bDZBU7M","HotelID":361},{"_id":260,"ID":260,"PlaceID":"ChIJJcM7GEfNgYgRAFqLwa4N83g","HotelID":335},{"_id":261,"ID":261,"PlaceID":"ChIJ_xUIO1AQ9YgRayB4yV2WfS8","HotelID":363},{"_id":264,"ID":264,"PlaceID":"ChIJTxDVGjYTwYAR8zuajyG5oEY","HotelID":366},{"_id":265,"ID":265,"PlaceID":"ChIJ-drZysbT3ocRnvUOa_6fj6U","HotelID":367},{"_id":266,"ID":266,"PlaceID":"ChIJBZ731cZcXIYRbfDuLeKUO8I","HotelID":368},{"_id":267,"ID":267,"PlaceID":"ChIJKdlABUz59IgRkxBunj9w4qc","HotelID":369},{"_id":268,"ID":268,"PlaceID":"ChIJIS998UHIQYgRh8lliezFACI","HotelID":371},{"_id":269,"ID":269,"PlaceID":"ChIJa4ZjO0DIQYgRNkgptilGPpI","HotelID":372},{"_id":270,"ID":270,"PlaceID":"ChIJ2zahhLbbNogR4Dvlp4R1ayk","HotelID":373},{"_id":271,"ID":271,"PlaceID":"ChIJyxOQsmwWnIgRe8T5FIgf0yE","HotelID":374},{"_id":272,"ID":272,"PlaceID":"ChIJk4ulKlOu5YgRhidYsy5e9qQ","HotelID":375},{"_id":273,"ID":273,"PlaceID":"ChIJzeVqSKINaYgRJABHrl1Gmhw","HotelID":376},{"_id":274,"ID":274,"PlaceID":"ChIJkc6ik6MNaYgREE5GAEuEPA0","HotelID":377},{"_id":275,"ID":275,"PlaceID":"ChIJhx5GukdjbIcRl0MC-A4ZvvE","HotelID":378},{"_id":276,"ID":276,"PlaceID":"ChIJ33xML92zQYgRSsgwNwG1tUI","HotelID":379},{"_id":277,"ID":277,"PlaceID":"ChIJNcjn4BAVmYAROo63wmvb-kc","HotelID":382},{"_id":278,"ID":278,"PlaceID":"ChIJsR4y2lvPwogRfxYJVhsdVtk","HotelID":381},{"_id":279,"ID":279,"PlaceID":"ChIJZ8LQ4ZhcQogRiNs0tyUGZP0","HotelID":380},{"_id":280,"ID":280,"PlaceID":"ChIJ87qjoF-cQIgRUXf2gBYHrGc","HotelID":385},{"_id":281,"ID":281,"PlaceID":"ChIJPdIGfV-cQIgRvW3QPc-OlAw","HotelID":386},{"_id":282,"ID":282,"PlaceID":"ChIJZ9aimZQPV4gRXZZVuu-uFPE","HotelID":383},{"_id":284,"ID":284,"PlaceID":"ChIJcfl0b5AOK4cRNPRF4KMuxZw","HotelID":387},{"_id":286,"ID":286,"PlaceID":"ChIJs2VPXUAq31IRr0UD5APeq2Q","HotelID":389},{"_id":287,"ID":287,"PlaceID":"ChIJd-Nu_AtDmogRUkXFseYb7oI","HotelID":390},{"_id":288,"ID":288,"PlaceID":"ChIJ9cA_WxMWnIgRRS4F4VLJrcM","HotelID":391},{"_id":289,"ID":289,"PlaceID":"ChIJOYdRNwtDmogRnLoYsSi2s3Q","HotelID":392},{"_id":290,"ID":290,"PlaceID":"ChIJzVJDmdLPwogR8j2jwYB8TxE","HotelID":393},{"_id":291,"ID":291,"PlaceID":"ChIJT4SPKANyaYgRbSVoCI_lxY8","HotelID":394},{"_id":292,"ID":292,"PlaceID":"ChIJh9dQyaMNaYgRmf3RPfnt65c","HotelID":395},{"_id":293,"ID":293,"PlaceID":"ChIJ4Rqd2j6Gk4gRcqCOL3fMlBg","HotelID":397},{"_id":294,"ID":294,"PlaceID":"ChIJZxG_Ei2Ck4gRN1Gme94hTfo","HotelID":396},{"_id":295,"ID":295,"PlaceID":"ChIJ34gHcwlKhIAR4cwZ76EMdKQ","HotelID":398},{"_id":296,"ID":296,"PlaceID":"ChIJAU3TeMq0m4gRK7osrq1DbR8","HotelID":400},{"_id":297,"ID":297,"PlaceID":"ChIJxSi2fcbHQYgRA1Eibiu3J2Y","HotelID":399},{"_id":298,"ID":298,"PlaceID":"ChIJ_V75RM1q9YgRgTlRdqRRpRw","HotelID":386},{"_id":299,"ID":299,"PlaceID":"ChIJ_V75RM1q9YgRgTlRdqRRpRw","HotelID":401},{"_id":300,"ID":300,"PlaceID":"ChIJLR3V_hxz_oYRxg2uZOUf30U","HotelID":258},{"_id":303,"ID":303,"PlaceID":"ChIJS4kLCfeBO4gRp7qode3kJZU\t","HotelID":114},{"_id":304,"ID":304,"PlaceID":"Courtyard by Marriott Toledo North Place ID ChIJO9aSsPeBO4gRM44yTSZ7ywk","HotelID":147},{"_id":305,"ID":305,"PlaceID":"holiday-inn-express-and-suites-wilder?osq=Holiday+Inn+and+suits+Express","HotelID":346},{"_id":307,"ID":307,"PlaceID":"ChIJ0T0LXw_KRIYRwgQyXDClTpA","HotelID":355},{"_id":308,"ID":308,"PlaceID":"ChIJ_ZaLLeA2R4YRKPBsU1X1Vi4","HotelID":271},{"_id":309,"ID":309,"PlaceID":"ChIJVxQwvcGVNogR6CILBPXq4_8","HotelID":402},{"_id":310,"ID":310,"PlaceID":"ChIJOzJSJP12NogRwwfIk5PO_XU","HotelID":403},{"_id":311,"ID":311,"PlaceID":"ChIJ-VdmURpWDogRJlto8nXh0rg","HotelID":404},{"_id":312,"ID":312,"PlaceID":"ChIJ-VdmURpWDogRJlto8nXh0rg","HotelID":404},{"_id":313,"ID":313,"PlaceID":"ChIJy2CvTRpWDogRmJTVtMCEKrc","HotelID":405},{"_id":314,"ID":314,"PlaceID":"ChIJa_6j0T-cskwR2LFiY3jW6-4","HotelID":406},{"_id":315,"ID":315,"PlaceID":"ChIJc5M4ah1Da4gRqGoq37F_MAo","HotelID":407},{"_id":316,"ID":316,"PlaceID":"ChIJdYY00BXAQIYRNFyz_TRQY-k","HotelID":408},{"_id":318,"ID":318,"PlaceID":"ChIJf6Itt4ajbIgRGkVyT7uilEE","HotelID":410},{"_id":319,"ID":319,"PlaceID":"ChIJ9TS_Bn6PLYcRwUbybsOJ70o","HotelID":411},{"_id":321,"ID":321,"PlaceID":"ChIJsScrA32PLYcRYtjHh4fyAjU","HotelID":412},{"_id":322,"ID":322,"PlaceID":"ChIJ9cP5SmomLYcRMh5qy7ELqkE","HotelID":413},{"_id":323,"ID":323,"PlaceID":"ChIJg2f2a9AoLYcRrH_hk-jPQdQ","HotelID":414},{"_id":324,"ID":324,"PlaceID":"ChIJtdDCg8q2QYgRBnIWYZWB_Ok","HotelID":415},{"_id":325,"ID":325,"PlaceID":"ChIJvZ2iTsYoLYcR4eAP4M2rOE4","HotelID":416},{"_id":326,"ID":326,"PlaceID":"ChIJyeE0jQtDmogRE4oO40lhtnE","HotelID":417},{"_id":327,"ID":327,"PlaceID":"ChIJIYMEFDXyUocRJ4UEtXd02jE","HotelID":418},{"_id":328,"ID":328,"PlaceID":"ChIJJ1DLmx20hYAROc8rnF5dbic","HotelID":419},{"_id":329,"ID":329,"PlaceID":"ChIJ67ajvpCAhYARubZxREYOmR8","HotelID":420},{"_id":330,"ID":330,"PlaceID":"ChIJz6c5dQW35YgRCHnDNsnGcbY","HotelID":421},{"_id":331,"ID":331,"PlaceID":"ChIJe-R2fwj1f4gRLAcSwb-suGU","HotelID":423},{"_id":332,"ID":332,"PlaceID":"ChIJ2_grb57SKYYRpL0vPCJXFlk","HotelID":426},{"_id":334,"ID":334,"PlaceID":"ChIJK3sMGYmdY4gRXe47JYSYGRA","HotelID":427},{"_id":335,"ID":335,"PlaceID":"ChIJn4xHVNN4ZIgRj-t37_g5zho","HotelID":428},{"_id":336,"ID":336,"PlaceID":"ChIJH2nkU71OZIgRFwvZUDwFrJM","HotelID":429},{"_id":337,"ID":337,"PlaceID":"ChIJrxXjG-ClXIYRaPxb4V-CHOs","HotelID":430},{"_id":338,"ID":338,"PlaceID":"ChIJb7uTLsYS_oYR2fr7rHpuN2U","HotelID":256},{"_id":339,"ID":339,"PlaceID":"ChIJ2YgpxOb2JYYRBIx8rAsflls","HotelID":431},{"_id":340,"ID":340,"PlaceID":"ChIJ_WHu2XfoZYgR-36-hCWKy38","HotelID":432},{"_id":341,"ID":341,"PlaceID":"ChIJ_Rs1vV0yKIYRx54xuGs0IgQ","HotelID":433},{"_id":343,"ID":343,"PlaceID":"ChIJARSCSW3X54gR9_fUs69BTXI","HotelID":438},{"_id":349,"ID":349,"PlaceID":"ChIJcYQgGXl60okRrYXzNVRqnTA","HotelID":440},{"_id":350,"ID":350,"PlaceID":"ChIJfzhtUhZH2YkRJQjDk4JiD9g","HotelID":441},{"_id":351,"ID":351,"PlaceID":"ChIJGTRMhk6z1okRHiz4WBttEJg","HotelID":442},{"_id":352,"ID":352,"PlaceID":"ChIJ2R-DcPTv2okRNR2clQEtIKM","HotelID":443},{"_id":353,"ID":353,"PlaceID":"ChIJH0vgSyEK3okRHx1ZQiyc2pY","HotelID":444},{"_id":354,"ID":354,"PlaceID":"ChIJRUuiRqFB0IkRhnKknmWykg8","HotelID":445},{"_id":355,"ID":355,"PlaceID":"ChIJI922C16x1okR2zNnU55MM9g","HotelID":446},{"_id":356,"ID":356,"PlaceID":"ChIJuwFJ2vVL0YkRo6zT6VVBVI0","HotelID":447},{"_id":357,"ID":357,"PlaceID":"ChIJbzUsLdCQ0YkRlsfpMmLAN88","HotelID":448},{"_id":358,"ID":358,"PlaceID":"ChIJ8T0jcSVL0YkRxU2W7NuGgVQ","HotelID":449},{"_id":359,"ID":359,"PlaceID":"ChIJiRBxTeNv2IkRuhRS2W-cX_k","HotelID":450},{"_id":360,"ID":360,"PlaceID":"ChIJP_xqXgNL0YkRFAjIpTTOjDs","HotelID":452},{"_id":361,"ID":361,"PlaceID":"ChIJj7xF0L9J0IkRUtfk3b4mCBU","HotelID":451},{"_id":362,"ID":362,"PlaceID":"ChIJue0seMBB2YkR6wT-7P00BJo","HotelID":453},{"_id":363,"ID":363,"PlaceID":"ChIJ0dAZ2QRL0YkRC4ScA-2nFTU","HotelID":454},{"_id":364,"ID":364,"PlaceID":"ChIJMXmnjCRL0YkRqOQv7K_aeQU","HotelID":455},{"_id":365,"ID":365,"PlaceID":"ChIJ38KeNYVw0okR1hKKqlPSjZo","HotelID":456},{"_id":366,"ID":366,"PlaceID":"ChIJPQlXxLVJ0IkRCDztwIkU2R8","HotelID":457},{"_id":367,"ID":367,"PlaceID":"ChIJv1xZHAA33YkRqz02aBIv-5Y","HotelID":459},{"_id":369,"ID":369,"PlaceID":"ChIJDzOosKRB0IkRdrLqpZ6oi8s","HotelID":461},{"_id":371,"ID":371,"PlaceID":"ChIJx7PP4QJL0YkRP6WspWK5I0A","HotelID":463},{"_id":372,"ID":372,"PlaceID":"ChIJmyBaRKFB0IkRipTLdMe1axw","HotelID":464},{"_id":373,"ID":373,"PlaceID":"ChIJWcNS43Zr2okR-ozdMp5jkHY","HotelID":465},{"_id":375,"ID":375,"PlaceID":"ChIJLz_I6Wie-4gR5Rz44bfRMUQ","HotelID":467},{"_id":376,"ID":376,"PlaceID":"ChIJe3H4xzXrJIYRqkeyJYYGTTs","HotelID":468},{"_id":377,"ID":377,"PlaceID":"ChIJ2YSjqx5K0IkRzDRuY1J9e_0","HotelID":469},{"_id":384,"ID":384,"PlaceID":"ChIJV13kPtMJ3okRyRkItW5s5_c","HotelID":476},{"_id":385,"ID":385,"PlaceID":"ChIJG37TESRH2YkRgJiDTMTJU_M","HotelID":477},{"_id":386,"ID":386,"PlaceID":"ChIJi00x6jls2okRXCSWqDdvQqQ","HotelID":478},{"_id":387,"ID":387,"PlaceID":"ChIJT0H0TuMm0YkR7Y26KbGl2tk","HotelID":479},{"_id":388,"ID":388,"PlaceID":"ChIJowErWKtx0okRB1vqEEu4VzY","HotelID":480},{"_id":389,"ID":389,"PlaceID":"ChIJUw2yfU8S04kRutdlU14c7j0","HotelID":481},{"_id":390,"ID":390,"PlaceID":"ChIJARxHvw0U2YkRTu-1K3LZl3o","HotelID":482},{"_id":392,"ID":392,"PlaceID":"ChIJU_vgwKqS2YkRgaba_7cvA-g","HotelID":483},{"_id":393,"ID":393,"PlaceID":"ChIJN3MOlxas0IkRcXvKzJpnXPU","HotelID":484},{"_id":394,"ID":394,"PlaceID":"ChIJCTxR71QJ0IkRj3vhr3bWUEw","HotelID":485},{"_id":395,"ID":395,"PlaceID":"ChIJebxrZ0tnzEwR3troTcA56zA","HotelID":487},{"_id":396,"ID":396,"PlaceID":"ChIJ8cWcZiym04kRUS7JAzoJ22Y","HotelID":486},{"_id":399,"ID":399,"PlaceID":"ChIJfdo4pj9914kRo-HzXks-fpk","HotelID":491},{"_id":400,"ID":400,"PlaceID":"ChIJC7j76GkU2YkRZEIofo7YXyU","HotelID":492},{"_id":402,"ID":402,"PlaceID":"ChIJh1_aY8iXQIYR1oScTJGGPTc","HotelID":495},{"_id":403,"ID":403,"PlaceID":"ChIJ1fdKXMiXQIYRxbB-qnGxxRs","HotelID":494},{"_id":404,"ID":404,"PlaceID":"ChIJoyLOfyxK0IkRnuWSfd01WJo","HotelID":496},{"_id":405,"ID":405,"PlaceID":"ChIJbS8maQmHToYRb_NLX0ilfWg","HotelID":497},{"_id":406,"ID":406,"PlaceID":"ChIJFUPJ-RNH2YkRgRBqDsil7nk","HotelID":498},{"_id":408,"ID":408,"PlaceID":"ChIJuYm_oRZH2YkRaY9kQbziJ84","HotelID":500},{"_id":409,"ID":409,"PlaceID":"ChIJg6jptk7W2IgRmpbpLFl1q70","HotelID":504},{"_id":410,"ID":410,"PlaceID":"ChIJM5hR9xGfa4gRzfAGSXNuWTo","HotelID":505},{"_id":411,"ID":411,"PlaceID":"ChIJ5Vh4VNB4bIcRX7CGYIw7jKk","HotelID":506},{"_id":412,"ID":412,"PlaceID":"ChIJKW4lidjs0lQRBPRuktvZSVA","HotelID":507},{"_id":413,"ID":413,"PlaceID":"ChIJG5kUgFlT2YARov6w7xk1-0I","HotelID":508},{"_id":414,"ID":414,"PlaceID":"ChIJ1Tzw0LkaB3wRjm7O7Nsm2v0","HotelID":509},{"_id":415,"ID":415,"PlaceID":"ChIJYZv8DtVOO4gR11GgOKANvmg","HotelID":510},{"_id":416,"ID":416,"PlaceID":"ChIJ0eMgMDTNFogRPPS6EaUhH4Y","HotelID":511},{"_id":417,"ID":417,"PlaceID":"ChIJeSrun-H-UocRMKuCOTJohnM","HotelID":512},{"_id":418,"ID":418,"PlaceID":"ChIJCSAwAl-s_ocRLm-2VIU7_1g","HotelID":513},{"_id":419,"ID":419,"PlaceID":"ChIJ3xLqpW_EyIARm2KM3atkk94","HotelID":514},{"_id":420,"ID":420,"PlaceID":"ChIJZ1w_qjx-gYcR3g9-NwKKNGc","HotelID":515},{"_id":422,"ID":422,"PlaceID":"ChIJ2wyQ6BBawokRxFYo7iLVEpY","HotelID":516},{"_id":423,"ID":423,"PlaceID":"ChIJYyIc5qVTwokRBKNJJzY_ewE","HotelID":518},{"_id":425,"ID":425,"PlaceID":"ChIJ6ZvC94dskFQRwQpcc-eEe-U","HotelID":519},{"_id":426,"ID":426,"PlaceID":"ChIJzWhWaB4kQYYRfccEqDDwG-o","HotelID":520},{"_id":427,"ID":427,"PlaceID":"ChIJS1HfteOlIIYRslqR7VHrcz8","HotelID":521},{"_id":428,"ID":428,"PlaceID":"ChIJS1HfteOlIIYReh0D4MTAEyQ","HotelID":522},{"_id":429,"ID":429,"PlaceID":"ChIJM25slYxBNIYRgrlRDL38KCg","HotelID":523},{"_id":430,"ID":430,"PlaceID":"ChIJ3_vtqyEXsocRiqAT1Iw9NKw","HotelID":524},{"_id":431,"ID":431,"PlaceID":"ChIJTeO711Y_NoYRgnptbsDjGYM","HotelID":525},{"_id":432,"ID":432,"PlaceID":"ChIJsfgMS-NOAYcRWBD8y4VYmvA","HotelID":526},{"_id":433,"ID":433,"PlaceID":"ChIJqTgBNVRRAYcRedczq7Iwa0g","HotelID":527},{"_id":434,"ID":434,"PlaceID":"ChIJJcSjt9kqTIYRjoqOShqiw2U","HotelID":528},{"_id":435,"ID":435,"PlaceID":"ChIJKUH1E1Ja54YRa_iV4Q2jbYc","HotelID":529},{"_id":436,"ID":436,"PlaceID":"ChIJOdZA3DLv2YkRYG5t30AA-yk","HotelID":530},{"_id":437,"ID":437,"PlaceID":"ChIJk2QYQ2QjTIYRZPoAheRHfq0","HotelID":531},{"_id":438,"ID":438,"PlaceID":"ChIJxR0WkyYXsocREeP0V3tGSM8","HotelID":532},{"_id":439,"ID":439,"PlaceID":"ChIJS_lM_g-fa4gRGWT9wBKo60Y","HotelID":533},{"_id":440,"ID":440,"PlaceID":"ChIJw290OZ5yToYR7AfhgvD3eAc","HotelID":535},{"_id":441,"ID":441,"PlaceID":"ChIJ0YzJYoHZ-4YRyajsJ1L5uHQ","HotelID":536},{"_id":442,"ID":442,"PlaceID":"ChIJw290OZ5yToYR7AfhgvD3eAc","HotelID":535},{"_id":443,"ID":443,"PlaceID":"ChIJYWp6CSEXsocRgkBTJXyc3YY","HotelID":537},{"_id":444,"ID":444,"PlaceID":"ChIJpTeR8JI8TIYRD4BBwlzcHUw","HotelID":534},{"_id":445,"ID":445,"PlaceID":"ChIJIVrF5I8rTIYR1-Zi5ImU-QU","HotelID":538},{"_id":446,"ID":446,"PlaceID":"ChIJgeJpm50rTIYRVPIWpJUEERQ","HotelID":539},{"_id":447,"ID":447,"PlaceID":"ChIJgRSLD6DMSYYRmzpNctt-vak","HotelID":540},{"_id":448,"ID":448,"PlaceID":"ChIJH2xggpQeBYgRZ4EcwHhY3dc","HotelID":90},{"_id":449,"ID":449,"PlaceID":"ChIJZ5-g1gJx_ogRPuB_92VYUlc","HotelID":208},{"_id":450,"ID":450,"PlaceID":"ChIJi3cLPB-ZToYRe2eeeJl6LxU","HotelID":541},{"_id":451,"ID":451,"PlaceID":"ChIJRxofviGERoYRPR4Az_fKoRo","HotelID":542},{"_id":452,"ID":452,"PlaceID":"ChIJ387x37cS_oYRQvHT8rDBeeU","HotelID":543},{"_id":453,"ID":453,"PlaceID":"ChIJCxYHEIMrTIYR9dKhE3iOO68","HotelID":544},{"_id":454,"ID":454,"PlaceID":"ChIJIxFJIPxOAYcRxWBcx7m8Hb0","HotelID":545},{"_id":455,"ID":455,"PlaceID":"ChIJD1-KPR-ZToYRmw1QdWj3J_k","HotelID":546},{"_id":456,"ID":456,"PlaceID":"ChIJD1-KPR-ZToYRckTQzqE8SoM","HotelID":548},{"_id":457,"ID":457,"PlaceID":"ChIJPwXAI4vb5IgRNj9Cwi8aZ9k","HotelID":547},{"_id":458,"ID":458,"PlaceID":"ChIJwzXLgcV4ToYRWkgicRq-Vjk","HotelID":549},{"_id":459,"ID":459,"PlaceID":"ChIJUdCFzctgXIYRpThCCG2fkXg","HotelID":550},{"_id":463,"ID":463,"PlaceID":"ChIJfx4zL0Xp3YcRq6ebCiAJOpY","HotelID":555},{"_id":464,"ID":464,"PlaceID":"ChIJ36bHwJBPQogRnS9ea1TOOZo","HotelID":556},{"_id":465,"ID":465,"PlaceID":"ChIJN6QvVRINK4cRfn0VpjtTGdg","HotelID":557},{"_id":466,"ID":466,"PlaceID":"ChIJyTU_UhQbsFMR4rtcaJrIdKk","HotelID":558},{"_id":467,"ID":467,"PlaceID":"ChIJT2rO42ENaYgR3H0aXhlQssY","HotelID":559},{"_id":468,"ID":468,"PlaceID":"ChIJcfpqf8WjToYRsoIp3Iz9heA","HotelID":560},{"_id":469,"ID":469,"PlaceID":"ChIJl0pmL1UhoFMRd-ob4NcshH4","HotelID":561},{"_id":471,"ID":471,"PlaceID":"ChIJMadkFYlqK4gRf3qLPycQ50k","HotelID":566},{"_id":472,"ID":472,"PlaceID":"ChIJ6b4qGnQNaYgRkUIdiOGIzkE","HotelID":567},{"_id":473,"ID":473,"PlaceID":"ChIJ3-wN_39RSogRjgPr8_b9-nc","HotelID":568},{"_id":474,"ID":474,"PlaceID":"ChIJGyrQQcsxNIgRfus9jylCUIw","HotelID":569},{"_id":475,"ID":475,"PlaceID":"ChIJ5z1QQS2gNYgR2vhdmpWMWN4","HotelID":570},{"_id":476,"ID":476,"PlaceID":"ChIJF913HtCT7ocR0abMyC_GKF","HotelID":571},{"_id":477,"ID":477,"PlaceID":"ChIJOaD9lwKQ7ocRO9p74AUiylM","HotelID":572},{"_id":478,"ID":478,"PlaceID":"ChIJ3zkI9no24ocRXiSLLAWSDrg","HotelID":573},{"_id":479,"ID":479,"PlaceID":"ChIJT8Fp5mjasokRDf9raZF8lEA","HotelID":574},{"_id":480,"ID":480,"PlaceID":"ChIJ0_NEFp18SogRyjoDMCw5CIc","HotelID":576},{"_id":481,"ID":481,"PlaceID":"ChIJa8Ahfqp-NYgRy6KnFqBuRcc","HotelID":577},{"_id":482,"ID":482,"PlaceID":"ChIJjW7JymnlDogRAlf75Bb2k1A","HotelID":579},{"_id":483,"ID":483,"PlaceID":"ChIJrfI1MyYqTIYRZ3fMo6r-oZo","HotelID":578},{"_id":486,"ID":486,"PlaceID":"ChIJzxj_Ezg7TIYRhbH5dh6hifY","HotelID":584},{"_id":487,"ID":487,"PlaceID":"ChIJcZxkfjc7TIYR5WN3MO9wUGE","HotelID":585},{"_id":488,"ID":488,"PlaceID":"ChIJxXE_Hzg7TIYRezMrKwPbPZI","HotelID":582},{"_id":489,"ID":489,"PlaceID":"ChIJCySmWf6Gk4gRCLTIiBo2xVU","HotelID":583},{"_id":490,"ID":490,"PlaceID":"ChIJvZhtpq9U2YAROmeT9kEk2w0","HotelID":586},{"_id":491,"ID":491,"PlaceID":"ChIJa53F1MSq3oARQW-jxUzfiIU","HotelID":587},{"_id":492,"ID":492,"PlaceID":"ChIJ39n_eYNbkYgRhgzz5sfmt2k","HotelID":588},{"_id":493,"ID":493,"PlaceID":"ChIJk5opPQwK8YcRfQyN_W3tjAM","HotelID":589},{"_id":495,"ID":495,"PlaceID":"ChIJQeyrGCBetYkR3q8bKV0bMYE","HotelID":591},{"_id":496,"ID":496,"PlaceID":"ChIJE4FVtRACD4gRWl8pqHpNf2g","HotelID":593},{"_id":497,"ID":497,"PlaceID":"ChIJJ1twpt9l24AR5gvlp7bVEi0","HotelID":592},{"_id":498,"ID":498,"PlaceID":"ChIJk6jxZfVWDogRcEyHqhGGttE","HotelID":595},{"_id":499,"ID":499,"PlaceID":"ChIJb0sMtuIUmYARa5jAMh_Rp1E","HotelID":594},{"_id":500,"ID":500,"PlaceID":"ChIJSfEn54_pIogRD_hT76WxBLE","HotelID":596},{"_id":501,"ID":501,"PlaceID":"ChIJSfaaOiYK3okRfad-IU_ylKw","HotelID":597},{"_id":502,"ID":502,"PlaceID":"ChIJr251MGWxQYgRnq1GFv8xP7s","HotelID":598},{"_id":503,"ID":503,"PlaceID":"ChIJG72lkl7u3IARdNBXc8sCd1Q","HotelID":599},{"_id":504,"ID":504,"PlaceID":"ChIJxeI_Qi2zm4gRKSxBQrbQYk4","HotelID":602},{"_id":505,"ID":505,"PlaceID":"ChIJHdfyEOX3Y4gR_PRP_Oal8NQ","HotelID":603},{"_id":506,"ID":506,"PlaceID":"ChIJYezWv_R19YgRPBcy7WhgpVg","HotelID":604},{"_id":507,"ID":507,"PlaceID":"ChIJux9RVaPiDogRjSX2T3sDLII","HotelID":605},{"_id":508,"ID":508,"PlaceID":"ChIJA47Ym_x6bYgRlkrnpOsp3ew","HotelID":606},{"_id":509,"ID":509,"PlaceID":"ChIJ0a9-dGDGkIgRYJ14g_vP3Hk","HotelID":609},{"_id":510,"ID":510,"PlaceID":"ChIJo5Zw-ck084gR1DeyazTRgR0","HotelID":610},{"_id":511,"ID":511,"PlaceID":"ChIJ79dtnbpqkFQR9UHwbcmQx4w","HotelID":608},{"_id":512,"ID":512,"PlaceID":"ChIJBRfPCcgH2YgRwV4fXAgFOmk","HotelID":611},{"_id":513,"ID":513,"PlaceID":"ChIJReL2QWgM3IARJ4aKHTE2-uI","HotelID":614},{"_id":515,"ID":515,"PlaceID":"ChIJr750wLnHwoARUZBkJk-WEBE","HotelID":612},{"_id":516,"ID":516,"PlaceID":"ChIJr750wLnHwoARSMZt-nxmGmc","HotelID":613},{"_id":517,"ID":517,"PlaceID":"ChIJ5Vn7whBawokRQZG4lUrOfaE","HotelID":615},{"_id":518,"ID":518,"PlaceID":"ChIJw2-ssmZQwoARX8_1_06Qx_M","HotelID":617},{"_id":519,"ID":519,"PlaceID":"ChIJEyLYE61004kR04gYtOHu3Bc","HotelID":616},{"_id":520,"ID":520,"PlaceID":"ChIJN4jPvcwjWksRKOL4LngeruQ","HotelID":619},{"_id":521,"ID":521,"PlaceID":"ChIJm8D9stMjWksRByfCXJmAinM","HotelID":618},{"_id":522,"ID":522,"PlaceID":"ChIJ14kJl9yFbIcRKomEJfkyJ5g","HotelID":620},{"_id":523,"ID":523,"PlaceID":"ChIJ6y-fscl004kRaAX3Nrt09fA","HotelID":621},{"_id":524,"ID":524,"PlaceID":"ChIJy4r6UNIjWksRu9m2ikFdnPc","HotelID":622},{"_id":525,"ID":525,"PlaceID":"ChIJtTFgpCUfTIYRNwuAI7OnKfE","HotelID":623},{"_id":526,"ID":526,"PlaceID":"ChIJB888rKRqkFQRSzpRe8ppt5g","HotelID":624},{"_id":527,"ID":527,"PlaceID":"ChIJB888rKRqkFQRSzpRe8ppt5g","HotelID":625},{"_id":528,"ID":528,"PlaceID":"ChIJW_LAspP2JYYRNgUB24ErocM","HotelID":627},{"_id":529,"ID":529,"PlaceID":"ChIJ2SKXUV4hWksR5BKala7Rc7w","HotelID":627},{"_id":530,"ID":530,"PlaceID":"ChIJW_LAspP2JYYRNgUB24ErocM","HotelID":626},{"_id":531,"ID":531,"PlaceID":"ChIJ64IOanrLjIgRRWeU2KA3XYc","HotelID":630},{"_id":532,"ID":532,"PlaceID":"ChIJ9b4bnHc5K4gRq9uEOb3CF_Y","HotelID":628},{"_id":533,"ID":533,"PlaceID":"ChIJbxUa4uqAWUsRMVsVsnFxadI","HotelID":629},{"_id":534,"ID":534,"PlaceID":"ChIJh9ddSZ3LRIYRy0hG-gCvS0k","HotelID":631},{"_id":535,"ID":535,"PlaceID":"ChIJa430MDMiWksRLfACiiZexdg","HotelID":633},{"_id":536,"ID":536,"PlaceID":"ChIJSRHXQOyAWUsRfOm80-M0i7Q","HotelID":634},{"_id":537,"ID":537,"PlaceID":"ChIJ1b-DIng5K4gRuKJeenTUaWk","HotelID":635},{"_id":538,"ID":538,"PlaceID":"ChIJ3eqeurmmDEsR-4NhUNLkauE","HotelID":636},{"_id":539,"ID":539,"PlaceID":"ChIJl9kw6Yw5K4gRd0TCswp4-tk","HotelID":637},{"_id":540,"ID":540,"PlaceID":"ChIJxdH6Tr84K4gRUdwks8K2PiI","HotelID":638},{"_id":541,"ID":541,"PlaceID":"ChIJ14NhUioiWksRSH3HTgVHFm0","HotelID":639},{"_id":542,"ID":542,"PlaceID":"ChIJI_UwHQce1YkRPZFLXmiL4fc","HotelID":634},{"_id":543,"ID":543,"PlaceID":"ChIJY4UCW2fM-YgREL5rFJrz2ik","HotelID":565},{"_id":544,"ID":544,"PlaceID":"ChIJWWeXA5NyaYgRWBsJd-4cU4w","HotelID":642},{"_id":546,"ID":546,"PlaceID":"ChIJ6c1619Ty2YkRt9Ry5cEVKhM","HotelID":643},{"_id":547,"ID":547,"PlaceID":"ChIJt3QGBqqJ-4gRfqGNx6GCAEo","HotelID":644},{"_id":548,"ID":548,"PlaceID":"ChIJ8fb3xLtuYogR1fRmzsfzqdQ","HotelID":645},{"_id":549,"ID":549,"PlaceID":"ChIJX5VXLbpuYogRFhfvw5q3_5o","HotelID":646},{"_id":550,"ID":550,"PlaceID":"ChIJ7fCNMCLKRIYRdK6eYV47Z8Y","HotelID":647},{"_id":551,"ID":551,"PlaceID":"ChIJyYdqFZFPQogRDD5g3g37Qb8","HotelID":648},{"_id":552,"ID":552,"PlaceID":"ChIJ-d9OdC4tO4gR4E8VdQ58EFo","HotelID":649},{"_id":553,"ID":553,"PlaceID":"ChIJnZJsHhJ6_ogRb5HV0fOj5QU","HotelID":650},{"_id":554,"ID":554,"PlaceID":"ChIJ4ZwTUkvbQIYRnEmSkuqWmqk","HotelID":651},{"_id":555,"ID":555,"PlaceID":"ChIJt4BMcDB-54gRtG5tSWtwu9I","HotelID":653},{"_id":556,"ID":556,"PlaceID":"ChIJ-4TpZt0SkFQRAMns_dm9Sa0","HotelID":654},{"_id":558,"ID":558,"PlaceID":"ChIJ_a59uhdy_ogRzle80gMMxTU","HotelID":656},{"_id":559,"ID":559,"PlaceID":"ChIJjWAVFrPEQIYR0m85hfgDlBE","HotelID":657},{"_id":560,"ID":560,"PlaceID":"ChIJk9Do7t_Kj4ARvnZnorLj80A","HotelID":658},{"_id":561,"ID":561,"PlaceID":"ChIJnavUJVZa04kRc-XJi-136RQ","HotelID":662},{"_id":562,"ID":562,"PlaceID":"ChIJsahmjXbMRIYRzfeIM5Jxvbw","HotelID":663},{"_id":563,"ID":563,"PlaceID":"ChIJ_U2W0oWDToYRMnKrAhm2FKU","HotelID":664},{"_id":564,"ID":564,"PlaceID":"ChIJP-zdrpSDRoYRiDp48S6LK5E","HotelID":665},{"_id":565,"ID":565,"PlaceID":"ChIJF2zXt72DRoYREo8JB5LhlRk","HotelID":666},{"_id":566,"ID":566,"PlaceID":"ChIJ78WDfDy_QIYR2HfOaCImYs0","HotelID":667},{"_id":567,"ID":567,"PlaceID":"ChIJyZ4wO1NfXIYRtsq64dVgkjE","HotelID":668},{"_id":568,"ID":568,"PlaceID":"ChIJjWmh58jJt4kRXG_4Vz3YXQM","HotelID":703},{"_id":569,"ID":569,"PlaceID":"ChIJlf90sVitt4kRgQFmsB1cBHg","HotelID":696},{"_id":570,"ID":570,"PlaceID":"ChIJJfly7h57x4kRgy-DWGL6tW0","HotelID":705},{"_id":571,"ID":571,"PlaceID":"ChIJp0SaGH3Bt4kRmhHi1sA6Qz8","HotelID":691},{"_id":573,"ID":573,"PlaceID":"ChIJt52yDKplAIkRHYClXnauGSE","HotelID":707},{"_id":574,"ID":574,"PlaceID":"ChIJwRoLLEHNt4kRjK-_PohBowc","HotelID":687},{"_id":575,"ID":575,"PlaceID":"ChIJvUYkr0vPwokRukkrnRFRgbU","HotelID":688},{"_id":576,"ID":576,"PlaceID":"ChIJgwHWFrqaUogR6r9HMxW8Qcg","HotelID":697},{"_id":577,"ID":577,"PlaceID":"ChIJC936_ZEUUIgRYqwn7nc8h0A","HotelID":700},{"_id":578,"ID":578,"PlaceID":"ChIJNyk5OMC3t4kROLKLFaxmnPk","HotelID":708},{"_id":580,"ID":580,"PlaceID":"ChIJmbIraajsRIYRaHGMrdpe1wA","HotelID":686},{"_id":581,"ID":581,"PlaceID":"ChIJzbgYUsFd04kRlnRhk3N_Nic","HotelID":709},{"_id":582,"ID":582,"PlaceID":"ChIJucGj4W7puokRPNVIscnayvk","HotelID":698},{"_id":583,"ID":583,"PlaceID":"ChIJxwl2Y3UfZIgRpBR5jx_Y-N4","HotelID":693},{"_id":584,"ID":584,"PlaceID":"ChIJ89kXPR9nwokRcos07uBve4M","HotelID":710},{"_id":585,"ID":585,"PlaceID":"ChIJKwR_oeHDhVQRQfIU4LG22f0","HotelID":712},{"_id":587,"ID":587,"PlaceID":"ChIJ0d6E72rlUIgRZKjaRArD9H4","HotelID":689},{"_id":588,"ID":588,"PlaceID":"ChIJmYfmx35B14gRlyQZig4LeYU","HotelID":634},{"_id":589,"ID":589,"PlaceID":"ChIJQwElq4ZZwokRUBB32g_IfQk","HotelID":717},{"_id":590,"ID":590,"PlaceID":"ChIJXTkwaYRZwokRGW_jzjR1LhM","HotelID":718},{"_id":591,"ID":591,"PlaceID":"ChIJddTE-xSnfogRMKrUoAsbga4","HotelID":714},{"_id":592,"ID":592,"PlaceID":"ChIJ6SoydPuJf4gRNg2Og9Tem7M","HotelID":719},{"_id":593,"ID":593,"PlaceID":"ChIJxYLENPeJf4gReFQS4Jukj7A","HotelID":720},{"_id":594,"ID":594,"PlaceID":"ChIJRx2-Jt7BQIYRNHlhhd54Gcc","HotelID":721},{"_id":595,"ID":595,"PlaceID":"ChIJkyxY-A-fa4gRUaqub-MFnQ8","HotelID":722},{"_id":596,"ID":596,"PlaceID":"ChIJswjElbUN6IcR-mSq4Uws5Gc","HotelID":723},{"_id":597,"ID":597,"PlaceID":"ChIJNRJpEZiJwokRBsByo-2ocMM","HotelID":724},{"_id":598,"ID":598,"PlaceID":"ChIJddJ7IvVw_ogRYibb-Y1FVKY","HotelID":725},{"_id":599,"ID":599,"PlaceID":"ChIJKTY8cIWzw4kRdLU9o0U0ScA","HotelID":726},{"_id":600,"ID":600,"PlaceID":"ChIJM2VU1JFw44kRMiKBdEOZkPk","HotelID":728},{"_id":601,"ID":601,"PlaceID":"ChIJQ5y7_0wr34cRQvetDDqieMM","HotelID":729},{"_id":602,"ID":602,"PlaceID":"ChIJh3ScOUXvaIgRIMDifRplRAU","HotelID":730},{"_id":603,"ID":603,"PlaceID":"ChIJVVWV89ZckFQR-HSx4JVHPjQ","HotelID":731},{"_id":604,"ID":604,"PlaceID":"ChIJMXUI6P_GmoARx22xBYSh0vI","HotelID":732},{"_id":605,"ID":605,"PlaceID":"ChIJk3p2Z58HkYAR2xcTcxc4mrg","HotelID":733},{"_id":606,"ID":606,"PlaceID":"ChIJxduNxOgPH1MRtQooHLITQIQ","HotelID":734},{"_id":607,"ID":607,"PlaceID":"ChIJHRvk254iIFMRyRdomAqYuIo","HotelID":735},{"_id":608,"ID":608,"PlaceID":"ChIJcyb2lGyuiFQR_KchN8PnTlA","HotelID":736},{"_id":609,"ID":609,"PlaceID":"ChIJs8HF5KOyCVMRDbfdQVWTnvo","HotelID":737},{"_id":610,"ID":610,"PlaceID":"ChIJAYKXyHybc1QRcb6OUY-qzLY","HotelID":738},{"_id":611,"ID":611,"PlaceID":"ChIJn7hXWbw2klMRw9_lh2q-pgc","HotelID":739},{"_id":612,"ID":612,"PlaceID":"ChIJVUxlhSyop1MRSZgUIvBld2U","HotelID":740},{"_id":613,"ID":613,"PlaceID":"ChIJ9ynNaUvTnlMRFLo_ESOtNQo","HotelID":741},{"_id":614,"ID":614,"PlaceID":"ChIJx9ej1C6VcVMRKfW7ARaBtV0","HotelID":742},{"_id":615,"ID":615,"PlaceID":"ChIJFQt1KeN1z0wRsTZ8fpqBkJ0","HotelID":743},{"_id":616,"ID":616,"PlaceID":"ChIJQZ4RaHJT30wRpoIp71G7b2o","HotelID":744},{"_id":617,"ID":617,"PlaceID":"ChIJ3bXkRtbIKYgRoEfZPH31uvQ","HotelID":745},{"_id":618,"ID":618,"PlaceID":"ChIJ72-eMTu0t4kRWOlFnhNUuN0","HotelID":746},{"_id":619,"ID":619,"PlaceID":"ChIJY8fXFIQ1w4AR_GSH3Na00LM","HotelID":747},{"_id":620,"ID":620,"PlaceID":"ChIJn8BCop8EyIkR2r66-HdAYJU","HotelID":748},{"_id":621,"ID":621,"PlaceID":"ChIJSdLnLXvJt4kRX_aNxrRBlgA","HotelID":749},{"_id":622,"ID":622,"PlaceID":"ChIJ25FE_Vu2t4kRU-smhllnkxc","HotelID":750},{"_id":623,"ID":623,"PlaceID":"ChIJLzJyufsu34cRDG-Xx86qo9k","HotelID":751},{"_id":624,"ID":624,"PlaceID":"ChIJPZ6Hi1te4IkRyGT5kuX6ohE","HotelID":752},{"_id":625,"ID":625,"PlaceID":"ChIJJzNjbXwy34cRdP7fmmvNVsE","HotelID":753},{"_id":626,"ID":626,"PlaceID":"ChIJAfLGDJyXQIYR6cUt3eP9n00","HotelID":754},{"_id":627,"ID":627,"PlaceID":"ChIJ5Z4rAnMGsFMRyW-TLf-QcPk","HotelID":756},{"_id":628,"ID":628,"PlaceID":"ChIJPbOmgpa66IkRke9wTnYLR-M","HotelID":758},{"_id":629,"ID":629,"PlaceID":"ChIJwa9ux5dZwokR7GyUwYOBP64","HotelID":759},{"_id":630,"ID":630,"PlaceID":"ChIJ45xBMdpOO4gR3N5ibPMnrDI","HotelID":760},{"_id":631,"ID":631,"PlaceID":"ChIJ0dO2mfza5ogRSIu7Vet_Jis","HotelID":761},{"_id":632,"ID":632,"PlaceID":"ChIJBbF-XblnaYcRTKK1PEx_jcI","HotelID":762},{"_id":633,"ID":633,"PlaceID":"ChIJMfyminp1bIcRYNwWe4Oi9XA","HotelID":763},{"_id":634,"ID":634,"PlaceID":"ChIJJXDgCNpjbIcRSzsakhohqSc","HotelID":764},{"_id":635,"ID":635,"PlaceID":"ChIJpTLICDjEyIARqkbiFYuWTZM","HotelID":766},{"_id":636,"ID":636,"PlaceID":"ChIJR0qwHmjEyIARRyt0GPmyj58","HotelID":767},{"_id":637,"ID":637,"PlaceID":"ChIJhfN183tEe0gR1zOPsligA4M","HotelID":768},{"_id":638,"ID":638,"PlaceID":"ChIJCWQkqi5V2YARLj7W6GfxSGM","HotelID":769},{"_id":639,"ID":639,"PlaceID":"ChIJAQCQFB8dwYcRqIv7n3j02Q4","HotelID":770},{"_id":640,"ID":640,"PlaceID":"ChIJt_o367N5j4ARU2hdfLvrEbo","HotelID":771},{"_id":641,"ID":641,"PlaceID":"ChIJkTyyQeU9yUwR5pFAGcdd4Tc","HotelID":772},{"_id":642,"ID":642,"PlaceID":"ChIJd2daaNo0K4gRELhObMfXhiw","HotelID":773},{"_id":643,"ID":643,"PlaceID":"ChIJe5l-lqUb24ARoo-jcQE2py4","HotelID":774},{"_id":644,"ID":644,"PlaceID":"ChIJATFyk58vK4gRX7UXDONQ4oI","HotelID":775},{"_id":645,"ID":645,"PlaceID":"ChIJobYqpbsvK4gRIUDAvb4zDwc","HotelID":776},{"_id":646,"ID":646,"PlaceID":"ChIJH8wv984FSE0RP8jGlZnW454","HotelID":777},{"_id":647,"ID":647,"PlaceID":"ChIJt74AJohDK4gR6M8eppqrmKU","HotelID":778},{"_id":648,"ID":648,"PlaceID":"ChIJmR_74TOOT1MRQCuzV2RDy-Y","HotelID":779},{"_id":649,"ID":649,"PlaceID":"ChIJuUHsOeSr0kwRP57kq0hQDyQ","HotelID":780},{"_id":650,"ID":650,"PlaceID":"ChIJh45_BfAhWU0RCyflEgZmY2Y","HotelID":781},{"_id":651,"ID":651,"PlaceID":"ChIJDex9Zfa1j4ARt_ANXqGoZm4","HotelID":782},{"_id":652,"ID":652,"PlaceID":"ChIJVVVlf2bwwIcRCEOm1Hf4TMU","HotelID":783},{"_id":653,"ID":653,"PlaceID":"ChIJVy3BfGXT1IkRjZhm3zfseUE","HotelID":784},{"_id":654,"ID":654,"PlaceID":"ChIJk33wMGXT1IkRP0SNzXrR7Gk","HotelID":785},{"_id":655,"ID":655,"PlaceID":"ChIJk_O-djIyK4gRlXK8HJfKiks","HotelID":786},{"_id":656,"ID":656,"PlaceID":"ChIJM4jfzpo5K4gR-esWBMzSjv4","HotelID":787},{"_id":657,"ID":657,"PlaceID":"ChIJlwafuGLwwIcR6Jyi8iGgOgw","HotelID":788},{"_id":658,"ID":658,"PlaceID":"ChIJd1AiWtc0K4gREEouyJB8GMs","HotelID":789},{"_id":659,"ID":659,"PlaceID":"ChIJcZ10daIvK4gRHA0oHTViMY8","HotelID":790},{"_id":660,"ID":660,"PlaceID":"ChIJzV0OTb6PwoARKYmeK9d9IGg","HotelID":791},{"_id":661,"ID":661,"PlaceID":"ChIJle12Edh72IkRvcuDSYOoVnM","HotelID":792},{"_id":662,"ID":662,"PlaceID":"ChIJk9n1Yps5K4gRY18HOIrEt04","HotelID":793},{"_id":663,"ID":663,"PlaceID":"ChIJvx9YRG85K4gR4iFD-t5V6jg","HotelID":794},{"_id":664,"ID":664,"PlaceID":"ChIJawvOKSpw2IkRrYLQTH_I3Ok","HotelID":795},{"_id":665,"ID":665,"PlaceID":"ChIJywDuIQymIIYRhtO5oxo1HPs","HotelID":796},{"_id":666,"ID":666,"PlaceID":"ChIJD1fEdWhV2YARhxFdlQERtZM","HotelID":797},{"_id":667,"ID":667,"PlaceID":"ChIJna2R4Kcl3YAR43ZaknlvtC4","HotelID":798},{"_id":670,"ID":670,"PlaceID":"ChIJDbwxb97bwoARjJh3qrQH53o","HotelID":800},{"_id":671,"ID":671,"PlaceID":"ChIJKVPLG4yAhYAReJyIVfDpP1M","HotelID":801},{"_id":672,"ID":672,"PlaceID":"ChIJxzyvvap20IARS6--iWFXgoM","HotelID":802},{"_id":673,"ID":673,"PlaceID":"ChIJjcNfLoQ1w4ARq4jrornq3Q0","HotelID":803},{"_id":674,"ID":674,"PlaceID":"ChIJDUIrRdFz04kRcw2Xgr4FGiM","HotelID":804},{"_id":675,"ID":675,"PlaceID":"ChIJyfVFtUwpm4ARbOfx3RBDwyU","HotelID":805},{"_id":676,"ID":676,"PlaceID":"ChIJ65M00i2TOIgR573IAU4cxOc","HotelID":806},{"_id":677,"ID":677,"PlaceID":"ChIJd7LWgpuhU4gRRYI_tFRfMlA","HotelID":809},{"_id":678,"ID":678,"PlaceID":"ChIJW7IBPps5K4gRo_fCpC9T_TA","HotelID":807},{"_id":679,"ID":679,"PlaceID":"ChIJ-X9QMYWD11IR3Bd_bmuKozU","HotelID":810},{"_id":680,"ID":680,"PlaceID":"ChIJXdIoiitV2YAR457m_ljsWFE","HotelID":813},{"_id":681,"ID":681,"PlaceID":"ChIJ6a24FP3NwoARqtNkoHrRFr8","HotelID":814},{"_id":682,"ID":682,"PlaceID":"ChIJWX7dAoU1w4ARGitCOm6b_i8","HotelID":815},{"_id":683,"ID":683,"PlaceID":"ChIJuUzVrLw1w4ARMsZgNZ_OGZ8","HotelID":816},{"_id":684,"ID":684,"PlaceID":"ChIJz3XV6YtewIcRUjQr0UTj6FU","HotelID":817},{"_id":685,"ID":685,"PlaceID":"ChIJOd3c1ymEv4AR5inqZeKCiTk","HotelID":818},{"_id":686,"ID":686,"PlaceID":"ChIJM8mGj4lZwokRSbZBvNOVNKM","HotelID":821},{"_id":687,"ID":687,"PlaceID":"ChIJWZVoalVYwokRiKS594qHz1g","HotelID":822},{"_id":688,"ID":688,"PlaceID":"ChIJq05aJPhYwokRAj0fuEBVFoY","HotelID":823},{"_id":689,"ID":689,"PlaceID":"ChIJzSgPFf9vwokR6xQZOgZGX4U","HotelID":824},{"_id":690,"ID":690,"PlaceID":"ChIJwXACZ9y20YgRG19FH8RuAcA","HotelID":825},{"_id":691,"ID":691,"PlaceID":"ChIJbw0-HRJawokR7JBft_d1orY","HotelID":826},{"_id":692,"ID":692,"PlaceID":"ChIJr50LlKdZwokR0W52Jm0beso","HotelID":827},{"_id":693,"ID":693,"PlaceID":"ChIJTZP2ru1XwokRtCUHsT_3yFs","HotelID":828},{"_id":695,"ID":695,"PlaceID":"ChIJmzdAP1RYwokRmZAtbkFvlq4","HotelID":830},{"_id":696,"ID":696,"PlaceID":"ChIJ46lctrkHsFMRnH4WRXS1zow","HotelID":831},{"_id":697,"ID":697,"PlaceID":"ChIJSUFT-_gOVHkRgGh5rZLyBgw","HotelID":832},{"_id":699,"ID":699,"PlaceID":"ChIJaXHpdqlZwokRZa-gPKDxyv0","HotelID":833},{"_id":700,"ID":700,"PlaceID":"ChIJb2q-m_hYwokRFLZdzzJP3mo","HotelID":834},{"_id":701,"ID":701,"PlaceID":"ChIJjZ-ZgXM6ZIgRwMJL_9vuDXM","HotelID":835},{"_id":702,"ID":702,"PlaceID":"ChIJA34-5ahZwokRtVmPqibesEw","HotelID":836},{"_id":703,"ID":703,"PlaceID":"ChIJQ8RuE4ttAHwRD04BACKqXIw","HotelID":837},{"_id":704,"ID":704,"PlaceID":"ChIJAQAAAIVYwokRgjSEms1j39E","HotelID":838},{"_id":705,"ID":705,"PlaceID":"ChIJPXcdVoyAhYARnNhQn7zlr7c","HotelID":839},{"_id":706,"ID":706,"PlaceID":"ChIJw_JUgvhYwokRIgBAxZdF4eA","HotelID":840},{"_id":707,"ID":707,"PlaceID":"ChIJ093Y81jL-4YRutaIhKQXmdY","HotelID":841},{"_id":708,"ID":708,"PlaceID":"ChIJjUGQIPhYwokRHeD9KPkNSfE","HotelID":843},{"_id":709,"ID":709,"PlaceID":"ChIJo_6Ueo2AhYARKGTNZ5Spoiw","HotelID":844},{"_id":710,"ID":710,"PlaceID":"ChIJA8yjWBFF5IkRYF0TdxKGiDs","HotelID":846},{"_id":711,"ID":711,"PlaceID":"ChIJQ60fKzjFQIYR5dkTGok7_SQ","HotelID":136},{"_id":712,"ID":712,"PlaceID":"ChIJJchzzPjNKYYRJidxl6VG9z0","HotelID":847},{"_id":713,"ID":713,"PlaceID":"ChIJCZiGNmP1zEwR5BExVVsXUbU","HotelID":852},{"_id":714,"ID":714,"PlaceID":"ChIJE1b91RlawokRoKQ8l9Y6-co","HotelID":853},{"_id":715,"ID":715,"PlaceID":"ChIJ1Z4YKUrtOIgR1oJNdG1vr3I","HotelID":854},{"_id":716,"ID":716,"PlaceID":"ChIJ2RR8s6ys6IkRnZQwwqiPW-w","HotelID":856},{"_id":717,"ID":717,"PlaceID":"ChIJ86j-abqD44kRigzipHjIQNM","HotelID":855},{"_id":718,"ID":718,"PlaceID":"ChIJpbI5vqdU74kR1ivFsVcv8gU","HotelID":857},{"_id":719,"ID":719,"PlaceID":"ChIJaTJuFjHqwIcRVT1djiI92mM","HotelID":858},{"_id":720,"ID":720,"PlaceID":"ChIJCeneTj_zOIgRg_fwW9S1zzU","HotelID":859},{"_id":721,"ID":721,"PlaceID":"ChIJjbIxRjy5oEwRxhxw7wU7Ae4","HotelID":860},{"_id":722,"ID":722,"PlaceID":"ChIJGcJmIiCz2YgR57gCmOLUE2M","HotelID":861},{"_id":723,"ID":723,"PlaceID":"ChIJm2elWwFZwokRuQe6cS9Jdks","HotelID":862},{"_id":724,"ID":724,"PlaceID":"ChIJbxXyrqYYpEwR6qvJET9RN6A","HotelID":863},{"_id":725,"ID":725,"PlaceID":"ChIJ2XrzWqEYpEwRhrg9ion7HoU","HotelID":864},{"_id":726,"ID":726,"PlaceID":"ChIJMerAw5a_VogRg76wiPMT4hE","HotelID":872},{"_id":727,"ID":727,"PlaceID":"ChIJRQBi2IJ19YgRINGtBsPwxbg","HotelID":865},{"_id":728,"ID":728,"PlaceID":"ChIJRQBi2IJ19YgRINGtBsPwxbg","HotelID":865},{"_id":729,"ID":729,"PlaceID":"ChIJ9WjlPYXqwogRByT0X2jRZSY","HotelID":870},{"_id":730,"ID":730,"PlaceID":"ChIJC4oX95bzToYRLzhAkDV5Tk0","HotelID":869},{"_id":731,"ID":731,"PlaceID":"ChIJb6IKwJ0pWIgRtt57mpqXd0Q","HotelID":867},{"_id":732,"ID":732,"PlaceID":"ChIJPbgoKzaU9YgRyLWzR0kmT_c","HotelID":866},{"_id":733,"ID":733,"PlaceID":"ChIJfduOUMZZ9IgROsXGYAnlizg","HotelID":868},{"_id":734,"ID":734,"PlaceID":"ChIJwQdQ8M7tF4gR0uLahd2O-TQ","HotelID":871},{"_id":735,"ID":735,"PlaceID":"ChIJx9SfuxIpWIgRBU0nJ3Hq_fw","HotelID":873},{"_id":736,"ID":736,"PlaceID":"ChIJwVDs5wZ5oYcRJ4kj2vKeu9E","HotelID":905},{"_id":737,"ID":737,"PlaceID":"ChIJRV2JK5hQ4IYRDnY8gEtP-88","HotelID":874},{"_id":738,"ID":738,"PlaceID":"ChIJXxQTCABOaIYRChfLUPJgToA","HotelID":875},{"_id":739,"ID":739,"PlaceID":"ChIJey4yWqJh_ogRXvqoxELxTv4","HotelID":877},{"_id":740,"ID":740,"PlaceID":"ChIJezL9J5blwogRRIz_ezf3AS0","HotelID":889},{"_id":741,"ID":741,"PlaceID":"ChIJTQtZnqtNE4cRuQEPOqe5ffY","HotelID":878},{"_id":742,"ID":742,"PlaceID":"ChIJC7Na_52STYYRJoI3Tu_EiKQ","HotelID":879},{"_id":743,"ID":743,"PlaceID":"ChIJ-T-VV6Uf8YgRbG_g4YEWVfo","HotelID":880},{"_id":744,"ID":744,"PlaceID":"ChIJL4URD7gIkVQRlUzL2l41OC8","HotelID":881},{"_id":745,"ID":745,"PlaceID":"ChIJ_c166Z0koFMRoSe89jz21ew","HotelID":882},{"_id":746,"ID":746,"PlaceID":"ChIJexd7VQTlrYcRYtkaoYsLHUQ","HotelID":883},{"_id":747,"ID":747,"PlaceID":"ChIJQ9nudCij6IgRmGnaJ8nlbSQ","HotelID":906},{"_id":748,"ID":748,"PlaceID":"ChIJv7vGZx709YgRt35rTMTHdbg","HotelID":884},{"_id":749,"ID":749,"PlaceID":"ChIJW7NqWpL29YgR4rbBcaycso8","HotelID":895},{"_id":750,"ID":750,"PlaceID":"ChIJf_4Dnf6NwogRf9_QhKVsxKI","HotelID":907},{"_id":751,"ID":751,"PlaceID":"ChIJrQyWnVjasokRcekl_tF1eyE","HotelID":885},{"_id":752,"ID":752,"PlaceID":"ChIJcc4RQDaU9YgR_hBW0zRI6NM","HotelID":876},{"_id":753,"ID":753,"PlaceID":"ChIJYVL217Emk4gRu6divDI5oQg","HotelID":886},{"_id":754,"ID":754,"PlaceID":"ChIJHSfZ86BNmogRdK0aipNN0yI","HotelID":887},{"_id":755,"ID":755,"PlaceID":"ChIJJ8xO2-1RZYcRmVnVb5Yq9ho","HotelID":888},{"_id":756,"ID":756,"PlaceID":"ChIJfcP0GQtOSYYRP2Mtp6lr4rc","HotelID":890},{"_id":757,"ID":757,"PlaceID":"ChIJz5ko0ekB7ogRGUHt74UUyws","HotelID":891},{"_id":758,"ID":758,"PlaceID":"ChIJWR04IVosE1MRMGciUda5g5o","HotelID":911},{"_id":759,"ID":759,"PlaceID":"ChIJ650-W3iOtocRc3RuVDgzgcs","HotelID":892},{"_id":760,"ID":760,"PlaceID":"ChIJWWxfL_9y5okRhm7OMRI3KcI","HotelID":893},{"_id":761,"ID":761,"PlaceID":"ChIJ5weerJbuToYRayG4m8P5pVI","HotelID":894},{"_id":762,"ID":762,"PlaceID":"ChIJu9nPlvYRBogRfFhMcEGX3Ok","HotelID":910},{"_id":763,"ID":763,"PlaceID":"ChIJ668NU14J9YgRa92qMmX-u1k","HotelID":896},{"_id":764,"ID":764,"PlaceID":"ChIJGZV0tDTaTYYRhs2mmh-o3Ag","HotelID":909},{"_id":765,"ID":765,"PlaceID":"ChIJ6yWAHhTOQIYRqE04e8PgV6w","HotelID":912},{"_id":766,"ID":766,"PlaceID":"ChIJUbsvKdP3n1MRGq_X7EvmGUA","HotelID":908},{"_id":767,"ID":767,"PlaceID":"ChIJUbsvKdP3n1MRGq_X7EvmGUA","HotelID":904},{"_id":768,"ID":768,"PlaceID":"ChIJLZlyRAlNmogRY_hALFbN8RE","HotelID":903},{"_id":769,"ID":769,"PlaceID":"ChIJ7VXl2RDAQIYRc17yRtIHey4","HotelID":898},{"_id":770,"ID":770,"PlaceID":"ChIJ5TBMaoQeoFMRFESR_j2vvso","HotelID":902},{"_id":771,"ID":771,"PlaceID":"ChIJG7lpq1PQQIYRRuhi9wXsmf0","HotelID":899},{"_id":772,"ID":772,"PlaceID":"ChIJfXH-GejFkIgRW9tHQ6WoenU","HotelID":900},{"_id":773,"ID":773,"PlaceID":"ChIJheTfPjMr34cRr3PDTkgKwmk","HotelID":897},{"_id":774,"ID":774,"PlaceID":"ChIJiy-kpKLlwogRqK2Uo02Vubw","HotelID":901},{"_id":775,"ID":775,"PlaceID":"ChIJQaI6wwcHmogRBwPnYQu3q8g","HotelID":913},{"_id":776,"ID":776,"PlaceID":"ChIJ26SFDiG3t4kR11OlwZzfO0k","HotelID":914},{"_id":777,"ID":777,"PlaceID":"ChIJeyOeCTULYIgRxa0ve6YkVqU","HotelID":915},{"_id":778,"ID":778,"PlaceID":"ChIJudfKwGiyCVMRW9ZtxOelpIc","HotelID":916},{"_id":779,"ID":779,"PlaceID":"ChIJW7-AQ4DExokRjkd3o-GLRCk","HotelID":917},{"_id":780,"ID":780,"PlaceID":"ChIJ8QAXZSu8xokRSoYkAkktRTU","HotelID":918},{"_id":781,"ID":781,"PlaceID":"ChIJo0P2KqSo9YgRGg6cQh4swp8","HotelID":919},{"_id":782,"ID":782,"PlaceID":"ChIJQRjiH2259YgRSJeJuPS9RvU","HotelID":920},{"_id":783,"ID":783,"PlaceID":"ChIJVfMbT4YRd4gR4R0w3tZMY68","HotelID":921},{"_id":784,"ID":784,"PlaceID":"ChIJ-RtnKXjjQIYRbe7EuUefiwU","HotelID":922},{"_id":785,"ID":785,"PlaceID":"ChIJ-Xwj2d-02IcRbEOc2LHQqDY","HotelID":923},{"_id":786,"ID":786,"PlaceID":"ChIJrZkhTz7VQIYRX-Dij-D8nYE","HotelID":924},{"_id":787,"ID":787,"PlaceID":"ChIJW0JCXrH484gRDdy-T03DtFo","HotelID":925},{"_id":789,"ID":789,"PlaceID":"ChIJjX9zk_dB6oAR9waMmB-9LDw","HotelID":936},{"_id":790,"ID":790,"PlaceID":"ChIJoymWNuepVogRIG1d6UK8yTc","HotelID":937},{"_id":791,"ID":791,"PlaceID":"ChIJsSkpkMkBdogR9jhNvDft9Bo","HotelID":938},{"_id":792,"ID":792,"PlaceID":"ChIJQ3DgSY-yCVMRYo8FaaMHXvg","HotelID":926},{"_id":793,"ID":793,"PlaceID":"ChIJ0wi1SiUhoFMRI0rNdNY3IHM","HotelID":927},{"_id":794,"ID":794,"PlaceID":"ChIJ361DsqJHnlMRy5sb1lGiPbs","HotelID":928},{"_id":795,"ID":795,"PlaceID":"ChIJHwgpIAzGkIgRkpxor5wXsas","HotelID":929},{"_id":796,"ID":796,"PlaceID":"ChIJCZ0ff3mNolMR9aKX9WUJfvM","HotelID":930},{"_id":797,"ID":797,"PlaceID":"ChIJ4aBHPFPTnlMRcDuOqeqHHCM","HotelID":931},{"_id":798,"ID":798,"PlaceID":"ChIJRVBqF5fFcFMR4SgReFKqJ8s","HotelID":932},{"_id":799,"ID":799,"PlaceID":"ChIJWdZ68G0inFMRYaEeL17W9CM","HotelID":933},{"_id":800,"ID":800,"PlaceID":"ChIJfV78en2p2YgRetQQiKE8Ni8","HotelID":934},{"_id":801,"ID":801,"PlaceID":"ChIJp6ZlS5stE1MR26I_Bx1ory8","HotelID":943},{"_id":802,"ID":802,"PlaceID":"ChIJF-mfajMZHFMREZfJ5LAjqVM","HotelID":944},{"_id":803,"ID":803,"PlaceID":"ChIJIXHgSCqNfVMRK5N66mbZG70","HotelID":945},{"_id":804,"ID":804,"PlaceID":"ChIJeaPxkjz2BFMR5c1gUAGd8a0","HotelID":946},{"_id":806,"ID":806,"PlaceID":"ChIJGZjv0011glQRkh_iqBuubMw","HotelID":940},{"_id":807,"ID":807,"PlaceID":"ChIJAQCQvrzWC1MRHC9g1raof9A","HotelID":941},{"_id":808,"ID":808,"PlaceID":"ChIJT1eO0DM0R4YRQp06kPFL0a4","HotelID":942},{"_id":809,"ID":809,"PlaceID":"ChIJJQA6xpcyK4gRwTgJDqrefpo","HotelID":948},{"_id":810,"ID":810,"PlaceID":"ChIJ9Vt-lKVlmVMR0Q7WvwIqjrU","HotelID":947},{"_id":812,"ID":812,"PlaceID":"ChIJV3lZtls0w4ARM3aBQMw7GdY","HotelID":950},{"_id":813,"ID":813,"PlaceID":"ChIJzfan_T3DxokRjRB4lOKiAms","HotelID":951},{"_id":814,"ID":814,"PlaceID":"ChIJ1YUKoCBawokR5wfkM635e6o","HotelID":952},{"_id":815,"ID":815,"PlaceID":"ChIJabUTCU_Z1IkRrMaLR4mTJoc","HotelID":953},{"_id":816,"ID":816,"PlaceID":"ChIJ9x_iJAXyLogRgo-UXD15_7o","HotelID":956},{"_id":817,"ID":817,"PlaceID":"ChIJS7vbbMdhK4gRn8jMoWQExJQ","HotelID":954},{"_id":818,"ID":818,"PlaceID":"ChIJ7zhVpL5gK4gRLS0YuSFKwbU","HotelID":955},{"_id":819,"ID":819,"PlaceID":"ChIJY397sg0D9YgRi_iKbIoz0nQ","HotelID":957},{"_id":820,"ID":820,"PlaceID":"ChIJW9UvPYptAHwRXxTT5K2aCE8","HotelID":958},{"_id":821,"ID":821,"PlaceID":"ChIJK14-X0VHNoYRTia3tHG7QeQ","HotelID":959},{"_id":822,"ID":822,"PlaceID":"ChIJB7fSqXqdcVMRw-X3zTOsTys","HotelID":960},{"_id":823,"ID":823,"PlaceID":"ChIJT1VVVdF3cVMRoxOdB6s1qpg","HotelID":961},{"_id":824,"ID":824,"PlaceID":"ChIJ2aU5ip202YgRoGBqa5JIR0w","HotelID":964},{"_id":825,"ID":825,"PlaceID":"ChIJpR03hzuHToYRgzPfyXn3iWw","HotelID":965},{"_id":826,"ID":826,"PlaceID":"ChIJHSfZ86BNmogRdK0aipNN0yI","HotelID":966},{"_id":827,"ID":827,"PlaceID":"ChIJL6qKtCxfwokRmTHEIBQgqKM","HotelID":967},{"_id":828,"ID":828,"PlaceID":"ChIJfwqw5zTaTYYR2y4nahBnL5c","HotelID":968},{"_id":829,"ID":829,"PlaceID":"ChIJ-06vpGgR9YgRCyO1UJE6OXI","HotelID":969},{"_id":830,"ID":830,"PlaceID":"ChIJBeOpRFI_kYgRfGRnApt6yAA","HotelID":970},{"_id":831,"ID":831,"PlaceID":"ChIJY33sb7DAkIgRL8gQNbABqTk","HotelID":971},{"_id":832,"ID":832,"PlaceID":"ChIJJQA6xpcyK4gRwTgJDqrefpo","HotelID":972},{"_id":833,"ID":833,"PlaceID":"ChIJLZlyRAlNmogRY_hALFbN8RE","HotelID":973},{"_id":834,"ID":834,"PlaceID":"ChIJJ1FIUpLT3ocR-dG8gJanK2E","HotelID":974},{"_id":835,"ID":835,"PlaceID":"ChIJP45CeRhQkIARxX52yTmlwL4","HotelID":975},{"_id":836,"ID":836,"PlaceID":"ChIJ2bk9rq3LyFIRbdt_jAjGOLg","HotelID":976},{"_id":837,"ID":837,"PlaceID":"ChIJHeVuYhtQkIARKf3lhoQJ34M","HotelID":977},{"_id":838,"ID":838,"PlaceID":"ChIJxRSyBOVYwokRVV4NWXvL8H8","HotelID":979},{"_id":839,"ID":839,"PlaceID":"ChIJUW-VsRKmIIYR4oxF1ePFoBA","HotelID":980},{"_id":840,"ID":840,"PlaceID":"ChIJEenQuNNzhlQRYBLvIjoqPJE","HotelID":981},{"_id":841,"ID":841,"PlaceID":"ChIJ8bwsNwDG6VIR3VA_RMjMnHQ","HotelID":982},{"_id":842,"ID":842,"PlaceID":"ChIJ9VBjeDLL1IkR0cbQyZDDhAA","HotelID":983},{"_id":843,"ID":843,"PlaceID":"ChIJF2K3zqBNmogRzi68mpuNUEI","HotelID":984},{"_id":844,"ID":844,"PlaceID":"ChIJiRSHH8Y_K4cRzfEO2iwhY84","HotelID":985},{"_id":845,"ID":845,"PlaceID":"ChIJAVy2W4O86IgRezvCSlQR1vQ","HotelID":986},{"_id":846,"ID":846,"PlaceID":"ChIJoaGfh6lZwokRvDNWPqHDgQc","HotelID":987},{"_id":847,"ID":847,"PlaceID":"ChIJYdpET7FqkFQRG7EKuXswzmg","HotelID":988},{"_id":848,"ID":848,"PlaceID":"ChIJ69O7Xksjh1QRssl8_FzTdGA","HotelID":989},{"_id":849,"ID":849,"PlaceID":"ChIJSTJUPm35hlQRDoN6uyikRcw","HotelID":990},{"_id":850,"ID":850,"PlaceID":"ChIJKfk6boJxhlQR21rmrpWtZs0","HotelID":991},{"_id":851,"ID":851,"PlaceID":"ChIJ-SJ-F4JxhlQRy0oZefneGKE","HotelID":992},{"_id":852,"ID":852,"PlaceID":"ChIJD8snJtfLj4ARBwiVOrGWpyk","HotelID":993},{"_id":853,"ID":853,"PlaceID":"ChIJt4TrE_1YwokRVedrKxaqYoo","HotelID":994},{"_id":854,"ID":854,"PlaceID":"ChIJW6bTwXfNKogRXdT1e_s5-to","HotelID":995},{"_id":855,"ID":855,"PlaceID":"ChIJMdAiAiJ-MogRTsqDl5Axo6M","HotelID":996},{"_id":856,"ID":856,"PlaceID":"ChIJc-y6DKHu2okRjVIySjIVUAk","HotelID":997},{"_id":857,"ID":857,"PlaceID":"ChIJ7yGup1RYwokRnGBh8EluQWs","HotelID":998},{"_id":858,"ID":858,"PlaceID":"ChIJrRwF4ojL54kRrB7Jr3qxJrQ","HotelID":999},{"_id":859,"ID":859,"PlaceID":"ChIJRSiVNcwKhlQRsxy36OFTQQk","HotelID":1000},{"_id":860,"ID":860,"PlaceID":"ChIJ0b2hN7233IcRRXrp_evpqwI","HotelID":1004},{"_id":861,"ID":861,"PlaceID":"ChIJa_hOyrjz2YkRPNS3MsHdMlA","HotelID":1005},{"_id":862,"ID":862,"PlaceID":"ChIJJQZEQ4DYwUwRfSiIXlstVrk","HotelID":1006},{"_id":863,"ID":863,"PlaceID":"ChIJpT6vd0NJX0sRxBxuyNtYQ60","HotelID":1007},{"_id":864,"ID":864,"PlaceID":"ChIJrwBYYPyZuEwRQ_XYw4V2MvQ","HotelID":1008},{"_id":865,"ID":865,"PlaceID":"ChIJSX2HE5ELlEwREICc7Nj9GA8","HotelID":1009},{"_id":866,"ID":866,"PlaceID":"ChIJQ6FiQnYl1okR0uN0qCm8wok","HotelID":1010},{"_id":867,"ID":867,"PlaceID":"ChIJwctBINYCyUwRKJkEznsZg4U","HotelID":1011},{"_id":868,"ID":868,"PlaceID":"ChIJUSYmf6OX51IRymaVDBF1-Fw","HotelID":1012},{"_id":869,"ID":869,"PlaceID":"ChIJuzPADHoPyUwR6Z2f-NsCLcs","HotelID":1013},{"_id":870,"ID":870,"PlaceID":"ChIJg5WucM1LuIkR2NcgO509p34","HotelID":1014},{"_id":871,"ID":871,"PlaceID":"ChIJm_opgUatX0sRkKK7jPyBNNs","HotelID":1015},{"_id":872,"ID":872,"PlaceID":"ChIJa7LuKyghwEwRGD5hAWVIgZg","HotelID":1016},{"_id":873,"ID":873,"PlaceID":"ChIJu75rpUjE1YkRTdxYEIuABks","HotelID":1017},{"_id":874,"ID":874,"PlaceID":"ChIJn0IrEw6ye0sRB5-8dxpKz8Y","HotelID":1018},{"_id":875,"ID":875,"PlaceID":"ChIJp_KZxbUTyEwRe8KIl7gBE4Y","HotelID":1019},{"_id":876,"ID":876,"PlaceID":"ChIJ7dPJoCmyolIRAORuq-ccl8Y","HotelID":1020},{"_id":877,"ID":877,"PlaceID":"ChIJQTDzhzgioFMRN5-FtBpemyc","HotelID":1021},{"_id":878,"ID":878,"PlaceID":"ChIJN07Y85SpvUwR7-QIkIOBXcw","HotelID":1022},{"_id":879,"ID":879,"PlaceID":"ChIJ3wEGPmcipEwRtyIJJ-jPZRY","HotelID":1023},{"_id":880,"ID":880,"PlaceID":"ChIJTceMRhUbzkwRLw4UVIrvAfE","HotelID":1024},{"_id":881,"ID":881,"PlaceID":"ChIJz8xpRJWYLIgR0taNpZq1ju4","HotelID":1025},{"_id":882,"ID":882,"PlaceID":"ChIJXR20YfL_zUwRUvrPpvl0x1o","HotelID":1026},{"_id":883,"ID":883,"PlaceID":"ChIJhYT28FrePU0R2v_W_5cMHIM","HotelID":1027},{"_id":884,"ID":884,"PlaceID":"ChIJndTN8noIvlIRUMY0h-Lp5wY","HotelID":1028},{"_id":885,"ID":885,"PlaceID":"ChIJjyUMbeSr0kwRHcnl_G9P-vo","HotelID":1029},{"_id":886,"ID":886,"PlaceID":"ChIJUbTZfcUjyUwRCeWJaT4RIRY","HotelID":1030},{"_id":887,"ID":887,"PlaceID":"ChIJ_zdPEtLAoEwRF8H-N1doC4o","HotelID":1031},{"_id":888,"ID":888,"PlaceID":"ChIJN2Gqpsu-oEwRuRPESbiXiV8","HotelID":1032},{"_id":889,"ID":889,"PlaceID":"ChIJWzb1UwMcXEsR0t3HSwnTVO4","HotelID":1033},{"_id":890,"ID":890,"PlaceID":"ChIJsVCsyVupKk0R0GWg3Amrll4","HotelID":1034},{"_id":891,"ID":891,"PlaceID":"ChIJvw1EK5sPzkwR5uRR76ZZPCs","HotelID":1035},{"_id":892,"ID":892,"PlaceID":"ChIJuWOyh3mwK00RHBxTMI72Nmk","HotelID":1036},{"_id":893,"ID":893,"PlaceID":"ChIJWV76YO96AVMRWuG6gGwKBzk","HotelID":1037},{"_id":894,"ID":894,"PlaceID":"ChIJPYhWNHk30UwRFt7HA_y3Ldc","HotelID":1038},{"_id":895,"ID":895,"PlaceID":"ChIJ_a5i5fYfHFMRYZpEauEZQEE","HotelID":1039},{"_id":896,"ID":896,"PlaceID":"ChIJsRIX2fb2BFMR93jdoQj_0Jk","HotelID":1040},{"_id":897,"ID":897,"PlaceID":"ChIJEYi68FA5Nk0RZHAXFDLZf3w","HotelID":1041},{"_id":898,"ID":898,"PlaceID":"ChIJBa-QL9LfkUwRKJ1acspsdJc","HotelID":1042},{"_id":899,"ID":899,"PlaceID":"ChIJtRwoXTVLtkwRJ0QRvUFfV2Y","HotelID":1043},{"_id":900,"ID":900,"PlaceID":"ChIJC5l-9g5OLIgRcmwzNBLCcBI","HotelID":1044},{"_id":901,"ID":901,"PlaceID":"ChIJyXNtLogAL00RFLk0SX4soqY","HotelID":1045},{"_id":902,"ID":902,"PlaceID":"ChIJyXNtLogAL00R3owPcXIuBew","HotelID":1046},{"_id":903,"ID":903,"PlaceID":"ChIJ9xeU5CTeEFMRzjc4MTAXwtc","HotelID":1047},{"_id":904,"ID":904,"PlaceID":"ChIJ9ZpKsxX7Z0sRu08VnnzgSlQ","HotelID":1048},{"_id":905,"ID":905,"PlaceID":"ChIJx0L_y_YwuEwRLulHBgaLYTg","HotelID":1049},{"_id":906,"ID":906,"PlaceID":"ChIJkTPcbpQfWU0RU3UzFPf5TBE","HotelID":1050},{"_id":907,"ID":907,"PlaceID":"ChIJrQWPQv2lPE0RFc1l4HxZulg","HotelID":1051},{"_id":908,"ID":908,"PlaceID":"ChIJdfFhYchPWUsRczdPa1PpH-E","HotelID":1052},{"_id":909,"ID":909,"PlaceID":"ChIJOYtls29T30wRSYHGxjp9bC4","HotelID":1053},{"_id":910,"ID":910,"PlaceID":"ChIJg0b1TIrzK4gRNIixiGDColQ","HotelID":1054},{"_id":911,"ID":911,"PlaceID":"ChIJ_W7r3BZz6lIRsX1G-dMBlyI","HotelID":1055},{"_id":912,"ID":912,"PlaceID":"ChIJ_W7r3BZz6lIR1_zyqVJQ5Ks","HotelID":1056},{"_id":913,"ID":913,"PlaceID":"ChIJry6ilA8RVksRojbk6VWw0fo","HotelID":1057},{"_id":914,"ID":914,"PlaceID":"ChIJPek-HoQtE1MRwpnkm7C1CSQ","HotelID":1058},{"_id":915,"ID":915,"PlaceID":"ChIJMU4JOahsNIcRriYDBmDbYjo","HotelID":1059},{"_id":916,"ID":916,"PlaceID":"ChIJoVIgdKlsNIcR0-uMR1t6IV4","HotelID":1060},{"_id":917,"ID":917,"PlaceID":"ChIJ4_U31o_pj4AReUbLlbz8Tas","HotelID":1061},{"_id":918,"ID":918,"PlaceID":"ChIJCyvtDEXOwoARcRd6WqGVYC4","HotelID":1062},{"_id":919,"ID":919,"PlaceID":"ChIJtZ84yVJYwokROvOLbnIOsi8","HotelID":1063},{"_id":920,"ID":920,"PlaceID":"ChIJl_pVOT9PtokRwCTSfmj8BGI","HotelID":1064},{"_id":921,"ID":921,"PlaceID":"ChIJkek8VFxmZIgR3F6lSaUee_c","HotelID":1066},{"_id":922,"ID":922,"PlaceID":"ChIJkek8VFxmZIgR3F6lSaUee_c","HotelID":1065},{"_id":923,"ID":923,"PlaceID":"ChIJbbQv3W2OOIgRzgR3lHlUyEM","HotelID":1067},{"_id":924,"ID":924,"PlaceID":"ChIJVdvEvqhZwokR1mgl1dOMO7U","HotelID":1069},{"_id":925,"ID":925,"PlaceID":"ChIJq7MzgKlZwokRzkp9sskfGV8","HotelID":1069},{"_id":926,"ID":926,"PlaceID":"ChIJYcI09r7z2YkRk0CwUpWkNqo","HotelID":1070},{"_id":927,"ID":927,"PlaceID":"ChIJLzy3wrX-2oAR2phIw74am1g","HotelID":1071},{"_id":928,"ID":928,"PlaceID":"ChIJyXOFXcEbiYgRItPiEeLLC9o","HotelID":1072},{"_id":929,"ID":929,"PlaceID":"ChIJP0bmwNnQmoARdgQYo-iKCEg","HotelID":1003},{"_id":930,"ID":930,"PlaceID":"ChIJP0bmwNnQmoARdgQYo-iKCEg","HotelID":1073},{"_id":931,"ID":931,"PlaceID":"ChIJWzsIQWPExokRcepgkjoE_i0","HotelID":1074},{"_id":932,"ID":932,"PlaceID":"ChIJYUDKkci3t4kR9jY5P6F5t3w","HotelID":1075},{"_id":933,"ID":933,"PlaceID":"ChIJm9n48Na2woARW4r7IZhhQi4","HotelID":1076},{"_id":934,"ID":934,"PlaceID":"ChIJXbBgzEdvA4wRmaGw_WwY5Sg","HotelID":1003},{"_id":935,"ID":935,"PlaceID":"ChIJXbBgzEdvA4wRmaGw_WwY5Sg","HotelID":1077},{"_id":936,"ID":936,"PlaceID":"ChIJpeekwXByAHwRTSwnqwSxXqo","HotelID":1078},{"_id":937,"ID":937,"PlaceID":"ChIJmZOE3-N544kRZZEyc_Ebj9M","HotelID":1080},{"_id":938,"ID":938,"PlaceID":"ChIJ8chHwq9YwokRcIXTNY1pbCU","HotelID":1081},{"_id":939,"ID":939,"PlaceID":"ChIJP79nc1ZYwokRkfeUgsDBspQ","HotelID":1082},{"_id":940,"ID":940,"PlaceID":" ChIJjzyoyPxYwokReeBZIuWqIeo","HotelID":1083},{"_id":941,"ID":941,"PlaceID":"ChIJzwjZq1dYwokRp3aIwhqEuE4","HotelID":1084},{"_id":942,"ID":942,"PlaceID":"ChIJ7cZO06pZwokR0RzfCc1M114","HotelID":1085},{"_id":943,"ID":943,"PlaceID":"ChIJI1vLm1ZYwokRBinvjuB-HiE","HotelID":1086},{"_id":944,"ID":944,"PlaceID":"ChIJgRmYJXZyAHwR6cZmR8Hc6H0","HotelID":1087},{"_id":945,"ID":945,"PlaceID":"ChIJpSMN7_9YwokRkCnu6yqV-Rk","HotelID":1088},{"_id":946,"ID":946,"PlaceID":"ChIJiQOUROt544kRYcS-icxVIB0","HotelID":1089},{"_id":947,"ID":947,"PlaceID":"ChIJHW6u1FRYwokRg9rrxRT-DP8","HotelID":1090},{"_id":948,"ID":948,"PlaceID":"ChIJK3PRMI6AhYARYG5SMzRLKjo","HotelID":1091},{"_id":949,"ID":949,"PlaceID":"ChIJw8jO2PxYwokRh5R3sWGnwC0","HotelID":1092},{"_id":950,"ID":950,"PlaceID":"ChIJ9VyQp5u02YgRf-LOZeoHf54","HotelID":1093},{"_id":951,"ID":951,"PlaceID":"ChIJK61WI5622YgRFCl1Znr_N7Q","HotelID":1094},{"_id":952,"ID":952,"PlaceID":"ChIJUUgge1RYwokRYPkWTLt7MSE","HotelID":1096},{"_id":953,"ID":953,"PlaceID":"ChIJx6HbeQQkLYcRTbhZkSNC1vU","HotelID":1098},{"_id":954,"ID":954,"PlaceID":"ChIJCfXYDVIayUwRFyQHI88EBUU","HotelID":1099},{"_id":957,"ID":957,"PlaceID":"ChIJobk6vBJE5IcRjPZDFd4VGKc","HotelID":1100},{"_id":958,"ID":958,"PlaceID":"ChIJceKaeYr_zUwR4DTI51ySSJM","HotelID":1101},{"_id":959,"ID":959,"PlaceID":"ChIJ7zhVpL5gK4gRXoTSpQ2Fj3U","HotelID":1107},{"_id":960,"ID":960,"PlaceID":"ChIJLcj8_LdPWUsRRybU83jp8ks","HotelID":1106},{"_id":961,"ID":961,"PlaceID":"ChIJoaP3Pve9KogRWVNvo5OQ4pA","HotelID":1109},{"_id":962,"ID":962,"PlaceID":"ChIJ8Y8JmSWFK4gR5ST6thR6KOc","HotelID":1108},{"_id":963,"ID":963,"PlaceID":"ChIJwxbo28ZgzEwRhWyfKgE8xic","HotelID":1111},{"_id":964,"ID":964,"PlaceID":"ChIJHezu3jyWlocR8hLvvG43hLE","HotelID":1110},{"_id":965,"ID":965,"PlaceID":"ChIJIRCQJ1QEzkwRDKX5rFxp0RU","HotelID":1112},{"_id":966,"ID":966,"PlaceID":"ChIJDYcxXpMhWksR1zyuGRhCyuo","HotelID":1105},{"_id":967,"ID":967,"PlaceID":"ChIJ4TrUCFoayUwRwVQyUKR9ol8","HotelID":1113},{"_id":968,"ID":968,"PlaceID":"ChIJ7bMXUxJ71oYRL7Hoo2boW6E","HotelID":1114},{"_id":969,"ID":969,"PlaceID":"ChIJp3i2H8RlAIkRGProx-Ytn4k","HotelID":1115},{"_id":970,"ID":970,"PlaceID":"ChIJ0dofBPmPQIgRO8SdeXz850k","HotelID":1116},{"_id":971,"ID":971,"PlaceID":"ChIJzeBOk4C9yFYR8mod-g5kGd8","HotelID":1117},{"_id":972,"ID":972,"PlaceID":"ChIJdzLpEJrO-4YRY7i3mPemB2o","HotelID":1119},{"_id":973,"ID":973,"PlaceID":"ChIJgzxCdIe9yFYRdq3MOq8mrQ0","HotelID":1120},{"_id":974,"ID":974,"PlaceID":"ChIJ4-lx5xkXsocRsW1N5t2fE48","HotelID":1118},{"_id":975,"ID":975,"PlaceID":"ChIJnxim6viq0kwRscNFnTETef0","HotelID":1121},{"_id":977,"ID":977,"PlaceID":"ChIJP-zdrpSDRoYRiDp48S6LK5E","HotelID":1122},{"_id":978,"ID":978,"PlaceID":"ChIJeTKE9ZZfQIgR2RxgYR8xXDk","HotelID":1123},{"_id":979,"ID":979,"PlaceID":"ChIJKdhQBZ4l1okRjTJkWme5Lks","HotelID":1124},{"_id":980,"ID":980,"PlaceID":"ChIJL-W8N8GgJoYRzBHEaQ5_w60","HotelID":1125},{"_id":981,"ID":981,"PlaceID":"ChIJt_eHI4th1oYRX4UjVvVvrY4","HotelID":1126},{"_id":982,"ID":982,"PlaceID":"ChIJu4khqTIoTIYR-Zk9pBasjEI","HotelID":1127},{"_id":983,"ID":983,"PlaceID":"ChIJBQrJUFDxNIgReW6sFfW4ij0","HotelID":1128},{"_id":984,"ID":984,"PlaceID":"ChIJW_IZ_l-wU4gRUACg0sFGpOE","HotelID":1129},{"_id":985,"ID":985,"PlaceID":"ChIJVbgSi72CToYRLOTo4q0L4Qk","HotelID":1130},{"_id":986,"ID":986,"PlaceID":"ChIJVbgSi72CToYRLOTo4q0L4Qk","HotelID":1130},{"_id":987,"ID":987,"PlaceID":"ChIJS03p_PqPQIgRyBdd9hhLoRA","HotelID":1132},{"_id":988,"ID":988,"PlaceID":"ChIJb7H-v3xZP4gR4VWCUjk7HJo","HotelID":1131},{"_id":989,"ID":989,"PlaceID":"ChIJ9TceA2CwU4gR98olSWtcyS4","HotelID":1133},{"_id":990,"ID":990,"PlaceID":"ChIJQ-iXsMQjyUwROR7lf-DE6Lo","HotelID":1134},{"_id":991,"ID":991,"PlaceID":"ChIJDX27H0JwcVMRvV9kX1OhnEk","HotelID":1135},{"_id":992,"ID":992,"PlaceID":"ChIJCfXYDVIayUwRcGZm5e0aDxU","HotelID":1136},{"_id":993,"ID":993,"PlaceID":"ChIJC09lJPsM1oYR3UwQ89hPoDk","HotelID":1137},{"_id":994,"ID":994,"PlaceID":"ChIJhbyEM6yZ7ocROWlFcDTa9kY","HotelID":1138},{"_id":995,"ID":995,"PlaceID":"ChIJXZnSAXd644kRuICXqkMmVnA","HotelID":1139},{"_id":996,"ID":996,"PlaceID":"ChIJ4eCzfMvbTYYRE__EZJ76UZ8","HotelID":1140},{"_id":997,"ID":997,"PlaceID":"ChIJAzFclyBxhlQRTvFsDe0SvLw","HotelID":1141},{"_id":999,"ID":999,"PlaceID":"ChIJO_0hm3PKN4gRdDHIVxDkKnM","HotelID":1142},{"_id":1000,"ID":1000,"PlaceID":"ChIJIaggRL9v1oYR4kmX8PxuYtA","HotelID":1143},{"_id":1001,"ID":1001,"PlaceID":"ChIJaXXDNN5D5IcR3tTPWz_RlDw","HotelID":1144},{"_id":1002,"ID":1002,"PlaceID":"ChIJG1VCgZaCToYRAxASIiLy2xo","HotelID":1145},{"_id":1003,"ID":1003,"PlaceID":" ChIJt7w4qUgVkFQRJgC49fDmbzo","HotelID":1146},{"_id":1004,"ID":1004,"PlaceID":"ChIJG4NPQ8a1j4ARA5IXnkqZwAk","HotelID":1147},{"_id":1005,"ID":1005,"PlaceID":"ChIJ8wntPnxZP4gRdOCgY20O6UI","HotelID":1148},{"_id":1006,"ID":1006,"PlaceID":"ChIJKRymkhPVclQRUgUhzImhR6E","HotelID":1149},{"_id":1007,"ID":1007,"PlaceID":"ChIJYeeU50gVkFQRAX75OSIKADg","HotelID":1150},{"_id":1008,"ID":1008,"PlaceID":"ChIJne1xIjtrq4kRVFmMcGFSHYQ","HotelID":1152},{"_id":1009,"ID":1009,"PlaceID":"ChIJyzEIhgZM5IkRsu1zqbIO40w","HotelID":1154},{"_id":1010,"ID":1010,"PlaceID":"ChIJ63JSw11ZP4YRShR54iYpzZg","HotelID":1155},{"_id":1011,"ID":1011,"PlaceID":"ChIJP1085SqxwoARn8EflcGJNZw","HotelID":1156},{"_id":1012,"ID":1012,"PlaceID":"ChIJQUev1_GqKU0R3igPlaBtY28","HotelID":1157},{"_id":1013,"ID":1013,"PlaceID":"ChIJrd1XurtQa4gRHHKPGbuxZQs","HotelID":1158},{"_id":1014,"ID":1014,"PlaceID":"ChIJTUw04ESJs4kRqoEaAFfenRw","HotelID":1159},{"_id":1015,"ID":1015,"PlaceID":"ChIJbUYAUza32YgRTOSt4x1-SnY","HotelID":1160},{"_id":1016,"ID":1016,"PlaceID":"ChIJiYG24HXPwogRUvao1885IsU","HotelID":1161},{"_id":1017,"ID":1017,"PlaceID":"Lombard St, Toronto, ON M5C 2T9, Canada","HotelID":1294},{"_id":1018,"ID":1018,"PlaceID":"ChIJWfh8cAJGB4gRGqkYb9PftG0","HotelID":949},{"_id":1019,"ID":1019,"PlaceID":"ChIJudNJi9qvU4gROY0QP6U1EO8","HotelID":1341},{"_id":1020,"ID":1020,"PlaceID":"ChIJcRnGkQtgXIYRkMrDKWCeaY0","HotelID":1338},{"_id":1021,"ID":1021,"PlaceID":"ChIJe3eiAwBwcVMRL2EO1APsIRI","HotelID":1557},{"_id":1022,"ID":1022,"PlaceID":"ChIJe3eiAwBwcVMRXnJ2VxRkolQ","HotelID":1558},{"_id":1023,"ID":1023,"PlaceID":"ChIJz20LgdoKIocRmTYstDtzkhs","HotelID":1863},{"_id":1025,"ID":1025,"PlaceID":" ChIJpXHm3wMFzkwRLC22CEvfRYg","HotelID":1864},{"_id":1026,"ID":1026,"PlaceID":"ChIJWSg8hkXXTYYRLChdY-RM2jI","HotelID":1865},{"_id":1027,"ID":1027,"PlaceID":"ChIJqVrNoFN0IocRuUTHP21YmBY","HotelID":2866},{"_id":1028,"ID":1028,"PlaceID":"ChIJbWZiay0RkFQRAuMNuiraEvk","HotelID":2867},{"_id":1029,"ID":1029,"PlaceID":"ChIJGZjv0011glQRkh_iqBuubMw","HotelID":939},{"_id":1030,"ID":1030,"PlaceID":"ChIJ43t_8IHZ-4YRNSEkU8cCMhU","HotelID":1295},{"_id":1031,"ID":1031,"PlaceID":"ChIJz5X41XemXIYRdOnljC4oV20","HotelID":1296},{"_id":1032,"ID":1032,"PlaceID":"ChIJf8-Vhu33Y4gRjr3IVTr82tY","HotelID":1297},{"_id":1033,"ID":1033,"PlaceID":"ChIJz5X41XemXIYRdOnljC4oV20","HotelID":1322},{"_id":1034,"ID":1034,"PlaceID":"ChIJTY4utlVQAYcRJd7by7zVf-U","HotelID":1308},{"_id":1035,"ID":1035,"PlaceID":"ChIJUSYRjkcfZIgRORpsd7i3kv4","HotelID":1298},{"_id":1036,"ID":1036,"PlaceID":"ChIJP_wwOVxZP4YR9IarZ0LFLbs","HotelID":1299},{"_id":1037,"ID":1037,"PlaceID":"ChIJ8aryRjQiZ4gRaErFLXhPhXc","HotelID":1300},{"_id":1038,"ID":1038,"PlaceID":"ChIJuTK7Tn5EkYgRaN-q4rUZ7KY","HotelID":1301},{"_id":1039,"ID":1039,"PlaceID":"ChIJoaZbKl3Z-4YR6z0rQEb31d8","HotelID":1302},{"_id":1040,"ID":1040,"PlaceID":"ChIJNYtr7EFpZIgR3KsNAUIcSLQ","HotelID":1303},{"_id":1041,"ID":1041,"PlaceID":"ChIJWUzxDKcYZ4gRHV5A6ufMTi8","HotelID":1304},{"_id":1042,"ID":1042,"PlaceID":"ChIJtbwbku33Y4gR0ofvjUHKVDM","HotelID":1321},{"_id":1043,"ID":1043,"PlaceID":"ChIJnxYeBctbGIcR33VKyYqQtPQ","HotelID":2868},{"_id":1044,"ID":1044,"PlaceID":"ChIJCbPv2kauU4gRzVDTFDYCjHM","HotelID":2869},{"_id":1045,"ID":1045,"PlaceID":"ChIJf2uNSjDh84gRCOkZYlkYRTw","HotelID":1544},{"_id":1046,"ID":1046,"PlaceID":"ChIJleltTJnS-YgRTgFii-9VmPo","HotelID":1548},{"_id":1047,"ID":1047,"PlaceID":"ChIJ3S8FJtrm84gR1Va63YZpIO4","HotelID":1545},{"_id":1048,"ID":1048,"PlaceID":"ChIJ3S8FJtrm84gR1Va63YZpIO4","HotelID":1545},{"_id":1049,"ID":1049,"PlaceID":"ChIJqaH1W0vS-YgRer8FyK8EBZM","HotelID":1549},{"_id":1050,"ID":1050,"PlaceID":"ChIJ2UjD-Npb9IgRMdImDoBwc4U","HotelID":1554},{"_id":1051,"ID":1051,"PlaceID":"ChIJPWqYQUvS-YgRmW3qTpVA1Rc","HotelID":1550},{"_id":1052,"ID":1052,"PlaceID":"ChIJ4cgC5tzm84gR9k1BcHobgBs","HotelID":1546},{"_id":1053,"ID":1053,"PlaceID":"ChIJyzaCxhhW9IgRkddyQyxSyh8","HotelID":1547},{"_id":1054,"ID":1054,"PlaceID":"ChIJcYRVE7N98ogRfhQPw_DSFZo","HotelID":1551},{"_id":1055,"ID":1055,"PlaceID":"ChIJ1w4MS6sY9YgR59_HKKjYzqM","HotelID":1541},{"_id":1056,"ID":1056,"PlaceID":"ChIJG_mgnwAi9YgRSKIR58949_s","HotelID":1542},{"_id":1057,"ID":1057,"PlaceID":"ChIJ9bCyWiF19YgRFY_zTdB6xV8","HotelID":1543},{"_id":1058,"ID":1058,"PlaceID":"ChIJAQCwrKBckFQRS_6RquCZJ5k","HotelID":2870},{"_id":1059,"ID":1059,"PlaceID":"ChIJ3afqosLTSIgRIGqTJ3GroAE","HotelID":31},{"_id":1060,"ID":1060,"PlaceID":"ChIJE1QXMcQk8ogROVIso0ri3LI","HotelID":1552},{"_id":1061,"ID":1061,"PlaceID":"ChIJ72xAZ8Ek8ogRgaguDOzfs7g","HotelID":1553},{"_id":1062,"ID":1062,"PlaceID":"ChIJraeTCwnY-4YRH5ogvELN3Jc","HotelID":2874},{"_id":1063,"ID":1063,"PlaceID":"ChIJGzi5h3IChogRkSTy9KN3z0g","HotelID":2877},{"_id":1064,"ID":1064,"PlaceID":"ChIJjzLkX3IChogRrK08gXj4Q1c","HotelID":2876},{"_id":1065,"ID":1065,"PlaceID":"ChIJgYGpkRZH2YkR2QpdFe4CKhQ","HotelID":2903},{"_id":1100,"ID":1100,"PlaceID":"ChIJv7vGZx709YgRt35rTMTHdbg","HotelID":2995},{"_id":1101,"ID":1101,"PlaceID":"ChIJ6yWAHhTOQIYRqE04e8PgV6w","HotelID":2996},{"_id":1102,"ID":1102,"PlaceID":"ChIJMerAw5a_VogRg76wiPMT4hE","HotelID":2997},{"_id":1103,"ID":1103,"PlaceID":"ChIJ-xlOK8zj9IgRfZnHLi01Ny0","HotelID":935},{"_id":1104,"ID":1104,"PlaceID":"ChIJx9SfuxIpWIgRBU0nJ3Hq_fw","HotelID":2998},{"_id":1105,"ID":1105,"PlaceID":"ChIJjzLkX3IChogRrK08gXj4Q1c","HotelID":2999},{"_id":1106,"ID":1106,"PlaceID":"ChIJoymWNuepVogRIG1d6UK8yTc","HotelID":3000},{"_id":1107,"ID":1107,"PlaceID":"ChIJ-xlOK8zj9IgRfZnHLi01Ny0","HotelID":3001},{"_id":1108,"ID":1108,"PlaceID":"ChIJjX9zk_dB6oAR9waMmB-9LDw","HotelID":3002},{"_id":1109,"ID":1109,"PlaceID":"ChIJsSkpkMkBdogR9jhNvDft9Bo","HotelID":3003},{"_id":1110,"ID":1110,"PlaceID":"ChIJWSg8hkXXTYYRLChdY-RM2jI","HotelID":3004},{"_id":1111,"ID":1111,"PlaceID":"ChIJfwqw5zTaTYYR2y4nahBnL5c","HotelID":3005},{"_id":1112,"ID":1112,"PlaceID":"ChIJQRjiH2259YgRSJeJuPS9RvU","HotelID":3006},{"_id":1113,"ID":1113,"PlaceID":"ChIJudfKwGiyCVMRW9ZtxOelpIc","HotelID":3007},{"_id":1114,"ID":1114,"PlaceID":"ChIJnX3adFhRQIgRF4Ypjvy2IYc","HotelID":3023},{"_id":1115,"ID":1115,"PlaceID":"ChIJM7zm6dfiNogRqCl-oTYMV5o","HotelID":3024},{"_id":1116,"ID":1116,"PlaceID":"ChIJ8Y2rfTSEFIgRKb3e6RyxuCA","HotelID":3025},{"_id":1117,"ID":1117,"PlaceID":"ChIJjeKQg63jM4gRmMYg70lQOns","HotelID":3026},{"_id":1118,"ID":1118,"PlaceID":"ChIJUbS53Ly33IcR1ZeWT1C8Fvg","HotelID":70},{"_id":1119,"ID":1119,"PlaceID":"ChIJFbpzuD2JQIgRiRu9MxkTWp8","HotelID":3028},{"_id":1120,"ID":1120,"PlaceID":"ChIJsbDpl_svMYgRlzWhQLad2wg","HotelID":3029},{"_id":1121,"ID":1121,"PlaceID":"ChIJXZmbQEReQIgRg138vfxTvsE","HotelID":3030},{"_id":1122,"ID":1122,"PlaceID":"ChIJWVnhoiz7OYgRP0HK1BbtPT8","HotelID":3031},{"_id":1123,"ID":1123,"PlaceID":"ChIJz_J57w5-P4gReqy3zRa9ZaA","HotelID":3032},{"_id":1124,"ID":1124,"PlaceID":"ChIJUVWOs_8XFYgRkT159kf9WM4","HotelID":555},{"_id":1125,"ID":1125,"PlaceID":"ChIJUVWOs_8XFYgRkT159kf9WM4","HotelID":3033},{"_id":1126,"ID":1126,"PlaceID":"ChIJYfE3YAUHQIgRtAYcTGB0ZVc","HotelID":3034},{"_id":1127,"ID":1127,"PlaceID":"ChIJt5hWlS9QQIgRRwqdc25ps9w","HotelID":3036},{"_id":1128,"ID":1128,"PlaceID":"ChIJj10JJxsHQIgR-kesA4FmSuo","HotelID":3037},{"_id":1129,"ID":1129,"PlaceID":"ChIJndAEFMEqMYgRLapmL3_mhhE","HotelID":3038},{"_id":1130,"ID":1130,"PlaceID":"ChIJ1Rdm-XQJR4gROz19tCIlaPo","HotelID":3039},{"_id":1131,"ID":1131,"PlaceID":"ChIJzRIOwtfiNogRgk3WGQEx0vI","HotelID":3040},{"_id":1132,"ID":1132,"PlaceID":"ChIJa-uZmFv0OIgR94prAyZL6VY","HotelID":3041},{"_id":1133,"ID":1133,"PlaceID":"ChIJ72OhNneTMIgRSxsPCWOYrC0","HotelID":3042},{"_id":1134,"ID":1134,"PlaceID":"ChIJ-x3KjpFjOIgRJBpxRrLF4Qk","HotelID":3043},{"_id":1135,"ID":1135,"PlaceID":"ChIJpSwCKAV-P4gR0rrxfVYJJ7c","HotelID":3044},{"_id":1136,"ID":1136,"PlaceID":"ChIJo57afbAcE4gRsQmQC0OiOKI","HotelID":3045},{"_id":1137,"ID":1137,"PlaceID":"ChIJ4YJMkEasFIgRWeYOa_g_Rus","HotelID":3046},{"_id":1138,"ID":1138,"PlaceID":"ChIJRaG7AFv0OIgRjLiNCVoP4pE","HotelID":3053},{"_id":1139,"ID":1139,"PlaceID":"ChIJV7rMFV-2t4kRFBzxRWFQ7Ow","HotelID":3047},{"_id":1140,"ID":1140,"PlaceID":"ChIJz5o9AsEqMYgRIUcnEd_aGsQ","HotelID":3048},{"_id":1141,"ID":1141,"PlaceID":"ChIJ43HLrzsdE4gRSfJiw3P3qHA","HotelID":3049},{"_id":1142,"ID":1142,"PlaceID":"ChIJc1xq1hLrMIgRxxxRoVGsF5E","HotelID":3050},{"_id":1143,"ID":1143,"PlaceID":"ChIJw6_kr2p-P4gRcGPnTm2aWc4","HotelID":3051},{"_id":1144,"ID":1144,"PlaceID":"ChIJPSfW-faIQIgRUgKlB35_R7s","HotelID":3052},{"_id":1145,"ID":1145,"PlaceID":"ChIJbW573Gex0YgRZlpXL2ECVfM","HotelID":3056},{"_id":1146,"ID":1146,"PlaceID":"ChIJi3ui5I8OK4cRr6gfLxW75Gs","HotelID":3057},{"_id":1147,"ID":1147,"PlaceID":"ChIJO9sdSCslDFQRuzJuBJ4em08","HotelID":3058},{"_id":1148,"ID":1148,"PlaceID":"ChIJ3xbee2ix0YgR1JhYJw8mh78","HotelID":3059},{"_id":1149,"ID":1149,"PlaceID":"ChIJn0YSm5AKK4cRROKOIq6tKdY","HotelID":3060},{"_id":1150,"ID":1150,"PlaceID":"ChIJlwrQk2ix0YgR5W2Ss4gcLOU","HotelID":3061},{"_id":1151,"ID":1151,"PlaceID":"ChIJwbhAveYOK4cRS_nQ9KGAi6s","HotelID":3062},{"_id":1152,"ID":1152,"PlaceID":"ChIJ8co75UFv1oYRJC3tOjyojqQ","HotelID":3063},{"_id":1153,"ID":1153,"PlaceID":"ChIJM348ESYMK4cR4baZP8jz5pA","HotelID":3064},{"_id":1154,"ID":1154,"PlaceID":"ChIJixcZtBaoK4cRgJ3cS91yP-E","HotelID":3065},{"_id":1155,"ID":1155,"PlaceID":"ChIJJ82qICS8W48RU4GoZEveEsI","HotelID":3066},{"_id":1156,"ID":1156,"PlaceID":"ChIJS_qjj7Pl3IARjlsLtMnNS_o","HotelID":555},{"_id":1157,"ID":1157,"PlaceID":"ChIJS_qjj7Pl3IARjlsLtMnNS_o","HotelID":3067},{"_id":1158,"ID":1158,"PlaceID":"ChIJ83njR2ueDlQRJp9x0jUv-nM","HotelID":3068},{"_id":1159,"ID":1159,"PlaceID":"ChIJueFzldaMfVMRNStKp6S7WdI","HotelID":3069},{"_id":1160,"ID":1160,"PlaceID":"ChIJg56VbFVYwokRWbuhFlj0ZEY","HotelID":3072},{"_id":1161,"ID":1161,"PlaceID":"ChIJp30eLjox3YARVgWmr1RR9NQ","HotelID":3070},{"_id":1162,"ID":1162,"PlaceID":"ChIJp30eLjox3YARVgWmr1RR9NQ 333 E Ocean Blvd, Long Beach, CA 90802, USA","HotelID":3070},{"_id":1163,"ID":1163,"PlaceID":"ChIJ42NOWh2klVQRkGW0guqQUMY","HotelID":3100},{"_id":1164,"ID":1164,"PlaceID":"ChIJTUwgWDJ-54gRiPYq-t7eDTk","HotelID":3101},{"_id":1165,"ID":1165,"PlaceID":"ChIJex81XJGvlVQRBbBQbkEZZUE","HotelID":3103},{"_id":1166,"ID":1166,"PlaceID":"ChIJr0mmksdZ9IgR9moC9IR0nrI","HotelID":3112},{"_id":1167,"ID":1167,"PlaceID":"ChIJfwwY0zFzToYRPq-shHiIx_o","HotelID":3114},{"_id":1168,"ID":1168,"PlaceID":"ChIJq4G7FLmWb4YRzfEmhVlzk4o","HotelID":3115},{"_id":1169,"ID":1169,"PlaceID":"ChIJF9R-f5OBb4YRZW92kT33Jr8","HotelID":3116},{"_id":1170,"ID":1170,"PlaceID":"ChIJr4C_7qny2YkR-u21f9NdQls","HotelID":3119},{"_id":1183,"ID":1183,"PlaceID":"ChIJHapUvjrlrYcRItH5axNxpBg","HotelID":3269},{"_id":1185,"ID":1185,"PlaceID":"ChIJFUaOyqdZwokRlFzEZ5UygAY","HotelID":3337},{"_id":1184,"ID":1184,"PlaceID":"ChIJ1eNig1VYwokRaYklB7yT0mo","HotelID":3336},{"_id":1186,"ID":1186,"PlaceID":"ChIJNYQNSAt644kR0TU0HNAgiYs","HotelID":3338},{"_id":1187,"ID":1187,"PlaceID":"ChIJKR2xQIzEQIYRgUuDTYjHHtM","HotelID":3339},{"_id":1188,"ID":1188,"PlaceID":"ChIJmf8759Lw24ARXrEMWw0eYnU","HotelID":3318},{"_id":1190,"ID":1190,"PlaceID":"ChIJtxxyjMre5ogR--5mPzV1lO0","HotelID":3295},{"_id":1189,"ID":1189,"PlaceID":" ChIJjYlPmM6klVQRe_fmPzyCYcM","HotelID":3314},{"_id":1191,"ID":1191,"PlaceID":"ChIJ2XkJqimHUocRUPAkOU_4Vag","HotelID":3331},{"_id":1192,"ID":1192,"PlaceID":"ChIJczRFsYAPlVQRRzqqMvXuyJo","HotelID":3312},{"_id":1193,"ID":1193,"PlaceID":"ChIJoSc7tXVvkFQRxd8eA3hmKzw","HotelID":3327},{"_id":1194,"ID":1194,"PlaceID":"ChIJVVWVkTPGuFQRLd0XW63hqNM","HotelID":3316},{"_id":1195,"ID":1195,"PlaceID":"ChIJUYtvNiSmlVQRahY8Athw37Y","HotelID":3309},{"_id":1196,"ID":1196,"PlaceID":"ChIJMR_SX3wPlVQRTWQoLKsJ524","HotelID":3293},{"_id":1197,"ID":1197,"PlaceID":"ChIJ50zehzGL_ogRzEO6G9WQupk","HotelID":3296},{"_id":1198,"ID":1198,"PlaceID":"ChIJ9-9NTTK7lVQRNAObA9hJnZ4","HotelID":3313},{"_id":1199,"ID":1199,"PlaceID":"ChIJPZu42i8PlVQRuImqOuUWQrU","HotelID":3303},{"_id":1200,"ID":1200,"PlaceID":"ChIJ_YZusxd544YRiTH-o09zYN8","HotelID":3406},{"_id":1201,"ID":1201,"PlaceID":"ChIJiYm3yX2r3IARjf1G9kPVHbU","HotelID":3298},{"_id":1202,"ID":1202,"PlaceID":"ChIJjTRee699z4cR04qLSqbkOuQ","HotelID":3330},{"_id":1204,"ID":1204,"PlaceID":"ChIJBXQcUi5ERVMRvdukUXJAS0c","HotelID":3290},{"_id":1205,"ID":1205,"PlaceID":"ChIJ2TX04FGjlVQR8tG1jvr1IL0","HotelID":3335},{"_id":1206,"ID":1206,"PlaceID":"ChIJOecgWzoVkFQRDRvsRuNsayk","HotelID":3322},{"_id":1207,"ID":1207,"PlaceID":"ChIJoRBDSyOHToYRlQY1cqK6wjo","HotelID":3328},{"_id":1208,"ID":1208,"PlaceID":"ChIJw0prcJPXmVQRRk83XvRUK0s","HotelID":3334},{"_id":1209,"ID":1209,"PlaceID":"ChIJZ8v2sF0PlVQR6_mRJfrZwTY","HotelID":3307},{"_id":1210,"ID":1210,"PlaceID":"ChIJqcEYD4ek0ocR8WUcy5CZ5aI","HotelID":3297},{"_id":1211,"ID":1211,"PlaceID":"ChIJqcEYD4ek0ocR8WUcy5CZ5aI","HotelID":3306},{"_id":1212,"ID":1212,"PlaceID":"ChIJa4KDfGd7bIcRQfZOI9XOxL4","HotelID":3329},{"_id":1213,"ID":1213,"PlaceID":"ChIJsdf-Pj5okFQRyxFyw9RhtZ4","HotelID":1862},{"_id":1214,"ID":1214,"PlaceID":"ChIJUbGxepmqmlQRy_hXSNtpgtY","HotelID":3320},{"_id":1215,"ID":1215,"PlaceID":"ChIJB75LuyWmlVQRHUgYNpZZ-QE","HotelID":3310},{"_id":1216,"ID":1216,"PlaceID":" ChIJ7UhAv5ywj4ARWx-KW-Hms-c","HotelID":3302},{"_id":1217,"ID":1217,"PlaceID":"ChIJJUNIwapx1oYR3bBNQFmOr14","HotelID":3435},{"_id":1218,"ID":1218,"PlaceID":"ChIJ6zHgg40rlYARtvGTel2pDGA","HotelID":3333},{"_id":1219,"ID":1219,"PlaceID":"ChIJsxJPOov4rlQRXV1hYJLrJtE","HotelID":3289},{"_id":1221,"ID":1221,"PlaceID":"ChIJv5nKewoFkFQRAGG7CygOH2M","HotelID":3323},{"_id":1220,"ID":1220,"PlaceID":"ChIJg5mqsehckFQRRb4cffsrabs","HotelID":3321},{"_id":1228,"ID":1228,"PlaceID":"ChIJ1Wv9VW85K4gRcDICLRxn3ok","HotelID":3483},{"_id":1229,"ID":1229,"PlaceID":"ChIJZ9ZjTAemLYcR1vKD4wBbsNc","HotelID":3291},{"_id":1230,"ID":1230,"PlaceID":"ChIJ0QGMDNRq9YgRJbBagmuh7YY","HotelID":3491},{"_id":1232,"ID":1232,"PlaceID":"ChIJb_vbtyWmlVQRZHo8xxo-lpo","HotelID":3311},{"_id":1231,"ID":1231,"PlaceID":"ChIJx0UteK2v5YgRbEix1kc2xQw","HotelID":3504}]