{"fields":[{"name":"_id","path":"_id","count":20000,"types":[{"name":"Number","bsonType":"Number","path":"_id","count":20000,"total_count":0,"probability":1}],"total_count":20000,"type":"Number","has_duplicates":false,"probability":1},{"name":"DepartmentID","path":"DepartmentID","count":20000,"types":[{"name":"String","bsonType":"String","path":"DepartmentID","count":19853,"total_count":0,"probability":0.99265},{"name":"Null","bsonType":"Null","path":"DepartmentID","count":147,"total_count":0,"probability":0.00735,"unique":1,"has_duplicates":true}],"total_count":20000,"type":["String","Null"],"has_duplicates":true,"probability":1},{"name":"GLCode","path":"GLCode","count":20000,"types":[{"name":"String","bsonType":"String","path":"GLCode","count":19853,"total_count":0,"probability":0.99265},{"name":"Null","bsonType":"Null","path":"GLCode","count":147,"total_count":0,"probability":0.00735,"unique":1,"has_duplicates":true}],"total_count":20000,"type":["String","Null"],"has_duplicates":true,"probability":1},{"name":"GLDescripton","path":"GLDescripton","count":20000,"types":[{"name":"String","bsonType":"String","path":"GLDescripton","count":19829,"total_count":0,"probability":0.99145},{"name":"Null","bsonType":"Null","path":"GLDescripton","count":171,"total_count":0,"probability":0.00855,"unique":1,"has_duplicates":true}],"total_count":20000,"type":["String","Null"],"has_duplicates":true,"probability":1},{"name":"HotelID","path":"HotelID","count":20000,"types":[{"name":"Number","bsonType":"Number","path":"HotelID","count":20000,"total_count":0,"probability":1}],"total_count":20000,"type":"Number","has_duplicates":false,"probability":1},{"name":"ID","path":"ID","count":20000,"types":[{"name":"Number","bsonType":"Number","path":"ID","count":20000,"total_count":0,"probability":1}],"total_count":20000,"type":"Number","has_duplicates":false,"probability":1},{"name":"UpdateDateTime","path":"UpdateDateTime","count":20000,"types":[{"name":"Date","bsonType":"Date","path":"UpdateDateTime","count":20000,"total_count":0,"probability":1}],"total_count":20000,"type":"Date","has_duplicates":false,"probability":1},{"name":"UpdatedBy","path":"UpdatedBy","count":20000,"types":[{"name":"String","bsonType":"String","path":"UpdatedBy","count":20000,"total_count":0,"probability":1}],"total_count":20000,"type":"String","has_duplicates":false,"probability":1}],"count":20000}