{"fields":[{"name":"_id","path":"_id","count":66,"types":[{"name":"ObjectID","bsonType":"ObjectID","path":"_id","count":66,"total_count":0,"probability":1}],"total_count":66,"type":"ObjectID","has_duplicates":false,"probability":1},{"name":"Name","path":"Name","count":66,"types":[{"name":"String","bsonType":"String","path":"Name","count":66,"total_count":0,"probability":1}],"total_count":66,"type":"String","has_duplicates":false,"probability":1},{"name":"Text","path":"Text","count":66,"types":[{"name":"String","bsonType":"String","path":"Text","count":66,"total_count":0,"probability":1}],"total_count":66,"type":"String","has_duplicates":false,"probability":1}],"count":66}