{"fields":[{"name":"_id","path":"_id","count":1131,"types":[{"name":"ObjectID","bsonType":"ObjectID","path":"_id","count":1131,"total_count":0,"probability":1}],"total_count":1131,"type":"ObjectID","has_duplicates":false,"probability":1},{"name":"__v","path":"__v","count":1131,"types":[{"name":"Number","bsonType":"Number","path":"__v","count":1131,"total_count":0,"probability":1}],"total_count":1131,"type":"Number","has_duplicates":false,"probability":1},{"name":"Description","path":"Description","count":1131,"types":[{"name":"String","bsonType":"String","path":"Description","count":1131,"total_count":0,"probability":1}],"total_count":1131,"type":"String","has_duplicates":false,"probability":1},{"name":"DisplayDescription","path":"DisplayDescription","count":1131,"types":[{"name":"String","bsonType":"String","path":"DisplayDescription","count":1131,"total_count":0,"probability":1}],"total_count":1131,"type":"String","has_duplicates":false,"probability":1},{"name":"GLCode","path":"GLCode","count":1131,"types":[{"name":"String","bsonType":"String","path":"GLCode","count":1131,"total_count":0,"probability":1}],"total_count":1131,"type":"String","has_duplicates":false,"probability":1},{"name":"ID","path":"ID","count":1131,"types":[{"name":"Number","bsonType":"Number","path":"ID","count":1131,"total_count":0,"probability":1}],"total_count":1131,"type":"Number","has_duplicates":false,"probability":1},{"name":"IsActive","path":"IsActive","count":1131,"types":[{"name":"Boolean","bsonType":"Boolean","path":"IsActive","count":1131,"total_count":0,"probability":1}],"total_count":1131,"type":"Boolean","has_duplicates":false,"probability":1},{"name":"ParentId","path":"ParentId","count":1131,"types":[{"name":"Number","bsonType":"Number","path":"ParentId","count":1131,"total_count":0,"probability":1}],"total_count":1131,"type":"Number","has_duplicates":false,"probability":1}],"count":1131}