{"fields":[{"name":"_id","path":"_id","count":20000,"types":[{"name":"Number","bsonType":"Number","path":"_id","count":19999,"total_count":0,"probability":0.99995},{"name":"Null","bsonType":"Null","path":"_id","count":1,"total_count":0,"probability":0.00005,"unique":1,"has_duplicates":false}],"total_count":20000,"type":["Number","Null"],"has_duplicates":false,"probability":1},{"name":"BeginingBalance","path":"BeginingBalance","count":20000,"types":[{"name":"Number","bsonType":"Number","path":"BeginingBalance","count":19999,"total_count":0,"probability":0.99995},{"name":"Null","bsonType":"Null","path":"BeginingBalance","count":1,"total_count":0,"probability":0.00005,"unique":1,"has_duplicates":false}],"total_count":20000,"type":["Number","Null"],"has_duplicates":false,"probability":1},{"name":"Credit","path":"Credit","count":20000,"types":[{"name":"Number","bsonType":"Number","path":"Credit","count":19999,"total_count":0,"probability":0.99995},{"name":"Null","bsonType":"Null","path":"Credit","count":1,"total_count":0,"probability":0.00005,"unique":1,"has_duplicates":false}],"total_count":20000,"type":["Number","Null"],"has_duplicates":false,"probability":1},{"name":"Date","path":"Date","count":20000,"types":[{"name":"Date","bsonType":"Date","path":"Date","count":19999,"total_count":0,"probability":0.99995},{"name":"Null","bsonType":"Null","path":"Date","count":1,"total_count":0,"probability":0.00005,"unique":1,"has_duplicates":false}],"total_count":20000,"type":["Date","Null"],"has_duplicates":false,"probability":1},{"name":"Debit","path":"Debit","count":20000,"types":[{"name":"Number","bsonType":"Number","path":"Debit","count":19999,"total_count":0,"probability":0.99995},{"name":"Null","bsonType":"Null","path":"Debit","count":1,"total_count":0,"probability":0.00005,"unique":1,"has_duplicates":false}],"total_count":20000,"type":["Number","Null"],"has_duplicates":false,"probability":1},{"name":"Description","path":"Description","count":20000,"types":[{"name":"String","bsonType":"String","path":"Description","count":19999,"total_count":0,"probability":0.99995},{"name":"Null","bsonType":"Null","path":"Description","count":1,"total_count":0,"probability":0.00005,"unique":1,"has_duplicates":false}],"total_count":20000,"type":["String","Null"],"has_duplicates":false,"probability":1},{"name":"EndingBalance","path":"EndingBalance","count":20000,"types":[{"name":"Number","bsonType":"Number","path":"EndingBalance","count":19999,"total_count":0,"probability":0.99995},{"name":"Null","bsonType":"Null","path":"EndingBalance","count":1,"total_count":0,"probability":0.00005,"unique":1,"has_duplicates":false}],"total_count":20000,"type":["Number","Null"],"has_duplicates":false,"probability":1},{"name":"HotelID","path":"HotelID","count":20000,"types":[{"name":"Number","bsonType":"Number","path":"HotelID","count":19999,"total_count":0,"probability":0.99995},{"name":"Null","bsonType":"Null","path":"HotelID","count":1,"total_count":0,"probability":0.00005,"unique":1,"has_duplicates":false}],"total_count":20000,"type":["Number","Null"],"has_duplicates":false,"probability":1},{"name":"ID","path":"ID","count":20000,"types":[{"name":"Number","bsonType":"Number","path":"ID","count":19999,"total_count":0,"probability":0.99995},{"name":"Null","bsonType":"Null","path":"ID","count":1,"total_count":0,"probability":0.00005,"unique":1,"has_duplicates":false}],"total_count":20000,"type":["Number","Null"],"has_duplicates":false,"probability":1},{"name":"UpdatedBy","path":"UpdatedBy","count":20000,"types":[{"name":"String","bsonType":"String","path":"UpdatedBy","count":19999,"total_count":0,"probability":0.99995},{"name":"Null","bsonType":"Null","path":"UpdatedBy","count":1,"total_count":0,"probability":0.00005,"unique":1,"has_duplicates":false}],"total_count":20000,"type":["String","Null"],"has_duplicates":false,"probability":1},{"name":"UpdatedDateTime","path":"UpdatedDateTime","count":20000,"types":[{"name":"Date","bsonType":"Date","path":"UpdatedDateTime","count":19999,"total_count":0,"probability":0.99995},{"name":"Null","bsonType":"Null","path":"UpdatedDateTime","count":1,"total_count":0,"probability":0.00005,"unique":1,"has_duplicates":false}],"total_count":20000,"type":["Date","Null"],"has_duplicates":false,"probability":1}],"count":20000}