{"fields":[{"name":"_id","path":"_id","count":16,"types":[{"name":"Number","bsonType":"Number","path":"_id","count":16,"total_count":0,"probability":1}],"total_count":16,"type":"Number","has_duplicates":false,"probability":1},{"name":"AccountingProperty","path":"AccountingProperty","count":16,"types":[{"name":"String","bsonType":"String","path":"AccountingProperty","count":16,"total_count":0,"probability":1}],"total_count":16,"type":"String","has_duplicates":false,"probability":1},{"name":"HotelId","path":"HotelId","count":16,"types":[{"name":"Number","bsonType":"Number","path":"HotelId","count":16,"total_count":0,"probability":1}],"total_count":16,"type":"Number","has_duplicates":false,"probability":1},{"name":"Id","path":"Id","count":16,"types":[{"name":"Number","bsonType":"Number","path":"Id","count":16,"total_count":0,"probability":1}],"total_count":16,"type":"Number","has_duplicates":false,"probability":1},{"name":"MasterProperty","path":"MasterProperty","count":16,"types":[{"name":"String","bsonType":"String","path":"MasterProperty","count":16,"total_count":0,"probability":1}],"total_count":16,"type":"String","has_duplicates":false,"probability":1},{"name":"UpdatedBy","path":"UpdatedBy","count":16,"types":[{"name":"String","bsonType":"String","path":"UpdatedBy","count":16,"total_count":0,"probability":1}],"total_count":16,"type":"String","has_duplicates":false,"probability":1},{"name":"UpdatedDateTime","path":"UpdatedDateTime","count":16,"types":[{"name":"Date","bsonType":"Date","path":"UpdatedDateTime","count":16,"total_count":0,"probability":1}],"total_count":16,"type":"Date","has_duplicates":false,"probability":1}],"count":16}