{"fields":[{"name":"_id","path":"_id","count":2403,"types":[{"name":"Number","bsonType":"Number","path":"_id","count":2403,"total_count":0,"probability":1}],"total_count":2403,"type":"Number","has_duplicates":false,"probability":1},{"name":"Date","path":"Date","count":2403,"types":[{"name":"Date","bsonType":"Date","path":"Date","count":2403,"total_count":0,"probability":1}],"total_count":2403,"type":"Date","has_duplicates":false,"probability":1},{"name":"Description","path":"Description","count":2403,"types":[{"name":"String","bsonType":"String","path":"Description","count":2403,"total_count":0,"probability":1}],"total_count":2403,"type":"String","has_duplicates":false,"probability":1},{"name":"HotelID","path":"HotelID","count":2403,"types":[{"name":"Number","bsonType":"Number","path":"HotelID","count":2403,"total_count":0,"probability":1}],"total_count":2403,"type":"Number","has_duplicates":false,"probability":1},{"name":"ID","path":"ID","count":2403,"types":[{"name":"Number","bsonType":"Number","path":"ID","count":2403,"total_count":0,"probability":1}],"total_count":2403,"type":"Number","has_duplicates":false,"probability":1},{"name":"TotalRevenue","path":"TotalRevenue","count":2403,"types":[{"name":"Boolean","bsonType":"Boolean","path":"TotalRevenue","count":2403,"total_count":0,"probability":1}],"total_count":2403,"type":"Boolean","has_duplicates":false,"probability":1},{"name":"TotalRevenueMTD","path":"TotalRevenueMTD","count":2403,"types":[{"name":"Boolean","bsonType":"Boolean","path":"TotalRevenueMTD","count":2403,"total_count":0,"probability":1}],"total_count":2403,"type":"Boolean","has_duplicates":false,"probability":1},{"name":"TotalRevenueYTD","path":"TotalRevenueYTD","count":2403,"types":[{"name":"Boolean","bsonType":"Boolean","path":"TotalRevenueYTD","count":2403,"total_count":0,"probability":1}],"total_count":2403,"type":"Boolean","has_duplicates":false,"probability":1},{"name":"Updatedby","path":"Updatedby","count":2403,"types":[{"name":"String","bsonType":"String","path":"Updatedby","count":2403,"total_count":0,"probability":1}],"total_count":2403,"type":"String","has_duplicates":false,"probability":1},{"name":"UpdatedDateTime","path":"UpdatedDateTime","count":2403,"types":[{"name":"Date","bsonType":"Date","path":"UpdatedDateTime","count":2403,"total_count":0,"probability":1}],"total_count":2403,"type":"Date","has_duplicates":false,"probability":1}],"count":2403}