[{"_id":1,"AvendraAlertNonMFDDetailDataId":1,"AvendraAlertInsightid":17,"ERM_Parent":"A0089369\r\n","CUST_ID":"A0054298\r\n","BP_CATEGORY_NM":"Disposable Cups\r\n","BP_DIST_CATEGORY":"NON-MFD\r\n","DIST_NM":"Office Depot U.S. & Caribbean\r\n","SPEND":51.02},{"_id":2,"AvendraAlertNonMFDDetailDataId":2,"AvendraAlertInsightid":17,"ERM_Parent":"A0089369\r\n","CUST_ID":"A0054298\r\n","BP_CATEGORY_NM":"Disposable Cups\r\n","BP_DIST_CATEGORY":"NON-MFD\r\n","DIST_NM":"Courtesy Products\r\n","SPEND":1729.45},{"_id":3,"AvendraAlertNonMFDDetailDataId":3,"AvendraAlertInsightid":17,"ERM_Parent":"A0089369\r\n","CUST_ID":"A0054298\r\n","BP_CATEGORY_NM":"Chicken\r\n","BP_DIST_CATEGORY":"NON-MFD\r\n","DIST_NM":"Sherwin Williams\r\n","SPEND":26.53},{"_id":4,"AvendraAlertNonMFDDetailDataId":4,"AvendraAlertInsightid":17,"ERM_Parent":"A0089369\r\n","CUST_ID":"A0054298\r\n","BP_CATEGORY_NM":"Facial Tissues\r\n","BP_DIST_CATEGORY":"NON-MFD\r\n","DIST_NM":"Office Depot U.S. & Caribbean\r\n","SPEND":20.32},{"_id":5,"AvendraAlertNonMFDDetailDataId":5,"AvendraAlertInsightid":17,"ERM_Parent":"A0089369\r\n","CUST_ID":"A0054298\r\n","BP_CATEGORY_NM":"Gloves\r\n","BP_DIST_CATEGORY":"NON-MFD\r\n","DIST_NM":"Grainger Industrial Supply (Master)\r\n","SPEND":76.85},{"_id":6,"AvendraAlertNonMFDDetailDataId":6,"AvendraAlertInsightid":17,"ERM_Parent":"A0089369\r\n","CUST_ID":"A0054298\r\n","BP_CATEGORY_NM":"Water\r\n","BP_DIST_CATEGORY":"NON-MFD\r\n","DIST_NM":"Office Depot U.S. & Caribbean\r\n","SPEND":1624.45},{"_id":7,"AvendraAlertNonMFDDetailDataId":7,"AvendraAlertInsightid":193,"ERM_Parent":"A0089369","CUST_ID":"337K9","BP_CATEGORY_NM":"Chicken","BP_DIST_CATEGORY":"NON-MFD","DIST_NM":"Northern Haserot (DC)","SPEND":5561.8},{"_id":8,"AvendraAlertNonMFDDetailDataId":8,"AvendraAlertInsightid":193,"ERM_Parent":"A0089369","CUST_ID":"337K9","BP_CATEGORY_NM":"Disposable Cups","BP_DIST_CATEGORY":"NON-MFD","DIST_NM":"Royal Cup","SPEND":222},{"_id":9,"AvendraAlertNonMFDDetailDataId":9,"AvendraAlertInsightid":193,"ERM_Parent":"A0089369","CUST_ID":"337K9","BP_CATEGORY_NM":"Disposable Cups","BP_DIST_CATEGORY":"NON-MFD","DIST_NM":"Courtesy Products","SPEND":1400.4},{"_id":10,"AvendraAlertNonMFDDetailDataId":10,"AvendraAlertInsightid":193,"ERM_Parent":"A0089369","CUST_ID":"337K9","BP_CATEGORY_NM":"Fluid Dairy","BP_DIST_CATEGORY":"NON-MFD","DIST_NM":"Simon & Leeman LLC","SPEND":274.97},{"_id":11,"AvendraAlertNonMFDDetailDataId":11,"AvendraAlertInsightid":193,"ERM_Parent":"A0089369","CUST_ID":"337K9","BP_CATEGORY_NM":"Gloves","BP_DIST_CATEGORY":"NON-MFD","DIST_NM":"HD Supply (US)","SPEND":100.6},{"_id":12,"AvendraAlertNonMFDDetailDataId":12,"AvendraAlertInsightid":193,"ERM_Parent":"A0089369","CUST_ID":"337K9","BP_CATEGORY_NM":"Muffins","BP_DIST_CATEGORY":"NON-MFD","DIST_NM":"Vistar","SPEND":165.59},{"_id":13,"AvendraAlertNonMFDDetailDataId":13,"AvendraAlertInsightid":193,"ERM_Parent":"A0089369","CUST_ID":"337K9","BP_CATEGORY_NM":"Orange Juice","BP_DIST_CATEGORY":"NON-MFD","DIST_NM":"Pepsi - Marriott","SPEND":276.6},{"_id":14,"AvendraAlertNonMFDDetailDataId":14,"AvendraAlertInsightid":193,"ERM_Parent":"A0089369","CUST_ID":"337K9","BP_CATEGORY_NM":"Orange Juice","BP_DIST_CATEGORY":"NON-MFD","DIST_NM":"Simon & Leeman LLC","SPEND":722.55},{"_id":15,"AvendraAlertNonMFDDetailDataId":15,"AvendraAlertInsightid":193,"ERM_Parent":"A0089369","CUST_ID":"337K9","BP_CATEGORY_NM":"Potatoes","BP_DIST_CATEGORY":"NON-MFD","DIST_NM":"Simon & Leeman LLC","SPEND":3277.57},{"_id":16,"AvendraAlertNonMFDDetailDataId":16,"AvendraAlertInsightid":193,"ERM_Parent":"A0089369","CUST_ID":"337K9","BP_CATEGORY_NM":"Sausage","BP_DIST_CATEGORY":"NON-MFD","DIST_NM":"Northern Haserot (DC)","SPEND":737.02},{"_id":17,"AvendraAlertNonMFDDetailDataId":17,"AvendraAlertInsightid":193,"ERM_Parent":"A0089369","CUST_ID":"337K9","BP_CATEGORY_NM":"Soda Pre/Post-Mix","BP_DIST_CATEGORY":"NON-MFD","DIST_NM":"Pepsi - Marriott","SPEND":124.25},{"_id":18,"AvendraAlertNonMFDDetailDataId":18,"AvendraAlertInsightid":193,"ERM_Parent":"A0089369","CUST_ID":"337K9","BP_CATEGORY_NM":"Toilet Tissues","BP_DIST_CATEGORY":"NON-MFD","DIST_NM":"American Hotel Register","SPEND":186.4},{"_id":19,"AvendraAlertNonMFDDetailDataId":19,"AvendraAlertInsightid":193,"ERM_Parent":"A0089369","CUST_ID":"337K9","BP_CATEGORY_NM":"Trash Bags","BP_DIST_CATEGORY":"NON-MFD","DIST_NM":"American Hotel Register","SPEND":1784.38},{"_id":20,"AvendraAlertNonMFDDetailDataId":20,"AvendraAlertInsightid":193,"ERM_Parent":"A0089369","CUST_ID":"337K9","BP_CATEGORY_NM":"Water","BP_DIST_CATEGORY":"NON-MFD","DIST_NM":"Pepsi - Marriott","SPEND":1419.52},{"_id":21,"AvendraAlertNonMFDDetailDataId":21,"AvendraAlertInsightid":193,"ERM_Parent":"A0089369","CUST_ID":"337K9","BP_CATEGORY_NM":"Chicken","BP_DIST_CATEGORY":"MFD","DIST_NM":"GORDON FOOD SERVICE MID WEST (PARENT)","SPEND":14534.27},{"_id":22,"AvendraAlertNonMFDDetailDataId":22,"AvendraAlertInsightid":193,"ERM_Parent":"A0089369","CUST_ID":"337K9","BP_CATEGORY_NM":"Disposable Cups","BP_DIST_CATEGORY":"MFD","DIST_NM":"GORDON FOOD SERVICE MID WEST (PARENT)","SPEND":2779.49},{"_id":23,"AvendraAlertNonMFDDetailDataId":23,"AvendraAlertInsightid":193,"ERM_Parent":"A0089369","CUST_ID":"337K9","BP_CATEGORY_NM":"Fluid Dairy","BP_DIST_CATEGORY":"MFD","DIST_NM":"GORDON FOOD SERVICE MID WEST (PARENT)","SPEND":3918.91},{"_id":24,"AvendraAlertNonMFDDetailDataId":24,"AvendraAlertInsightid":193,"ERM_Parent":"A0089369","CUST_ID":"337K9","BP_CATEGORY_NM":"Gloves","BP_DIST_CATEGORY":"MFD","DIST_NM":"GORDON FOOD SERVICE MID WEST (PARENT)","SPEND":1170.3},{"_id":25,"AvendraAlertNonMFDDetailDataId":25,"AvendraAlertInsightid":193,"ERM_Parent":"A0089369","CUST_ID":"337K9","BP_CATEGORY_NM":"Muffins","BP_DIST_CATEGORY":"MFD","DIST_NM":"GORDON FOOD SERVICE MID WEST (PARENT)","SPEND":1265.74},{"_id":26,"AvendraAlertNonMFDDetailDataId":26,"AvendraAlertInsightid":193,"ERM_Parent":"A0089369","CUST_ID":"337K9","BP_CATEGORY_NM":"Orange Juice","BP_DIST_CATEGORY":"MFD","DIST_NM":"GORDON FOOD SERVICE MID WEST (PARENT)","SPEND":2837.85},{"_id":27,"AvendraAlertNonMFDDetailDataId":27,"AvendraAlertInsightid":193,"ERM_Parent":"A0089369","CUST_ID":"337K9","BP_CATEGORY_NM":"Potatoes","BP_DIST_CATEGORY":"MFD","DIST_NM":"GORDON FOOD SERVICE MID WEST (PARENT)","SPEND":8846.89},{"_id":28,"AvendraAlertNonMFDDetailDataId":28,"AvendraAlertInsightid":193,"ERM_Parent":"A0089369","CUST_ID":"337K9","BP_CATEGORY_NM":"Sausage","BP_DIST_CATEGORY":"MFD","DIST_NM":"GORDON FOOD SERVICE MID WEST (PARENT)","SPEND":5827.09},{"_id":29,"AvendraAlertNonMFDDetailDataId":29,"AvendraAlertInsightid":193,"ERM_Parent":"A0089369","CUST_ID":"337K9","BP_CATEGORY_NM":"Soda Pre/Post-Mix","BP_DIST_CATEGORY":"MFD","DIST_NM":"GORDON FOOD SERVICE MID WEST (PARENT)","SPEND":1506.7},{"_id":30,"AvendraAlertNonMFDDetailDataId":30,"AvendraAlertInsightid":193,"ERM_Parent":"A0089369","CUST_ID":"337K9","BP_CATEGORY_NM":"Toilet Tissues","BP_DIST_CATEGORY":"MFD","DIST_NM":"GORDON FOOD SERVICE MID WEST (PARENT)","SPEND":2837.85},{"_id":31,"AvendraAlertNonMFDDetailDataId":31,"AvendraAlertInsightid":193,"ERM_Parent":"A0089369","CUST_ID":"337K9","BP_CATEGORY_NM":"Trash Bags","BP_DIST_CATEGORY":"MFD","DIST_NM":"GORDON FOOD SERVICE MID WEST (PARENT)","SPEND":1942.18},{"_id":32,"AvendraAlertNonMFDDetailDataId":32,"AvendraAlertInsightid":193,"ERM_Parent":"A0089369","CUST_ID":"337K9","BP_CATEGORY_NM":"Water","BP_DIST_CATEGORY":"MFD","DIST_NM":"GORDON FOOD SERVICE MID WEST (PARENT)","SPEND":4219.44},{"_id":33,"AvendraAlertNonMFDDetailDataId":33,"AvendraAlertInsightid":197,"ERM_Parent":"A0089369","CUST_ID":"34444","BP_CATEGORY_NM":"Bacon","BP_DIST_CATEGORY":"MFD","DIST_NM":"US FOODS (MASTER)","SPEND":18988.71},{"_id":34,"AvendraAlertNonMFDDetailDataId":34,"AvendraAlertInsightid":197,"ERM_Parent":"A0089369","CUST_ID":"34444","BP_CATEGORY_NM":"Cereal","BP_DIST_CATEGORY":"MFD","DIST_NM":"US FOODS (MASTER)","SPEND":1296.15},{"_id":35,"AvendraAlertNonMFDDetailDataId":35,"AvendraAlertInsightid":197,"ERM_Parent":"A0089369","CUST_ID":"34444","BP_CATEGORY_NM":"Chicken","BP_DIST_CATEGORY":"MFD","DIST_NM":"US FOODS (MASTER)","SPEND":21344.29},{"_id":36,"AvendraAlertNonMFDDetailDataId":36,"AvendraAlertInsightid":197,"ERM_Parent":"A0089369","CUST_ID":"34444","BP_CATEGORY_NM":"Gloves","BP_DIST_CATEGORY":"MFD","DIST_NM":"US FOODS (MASTER)","SPEND":1126.02},{"_id":37,"AvendraAlertNonMFDDetailDataId":37,"AvendraAlertInsightid":197,"ERM_Parent":"A0089369","CUST_ID":"34444","BP_CATEGORY_NM":"Potatoes","BP_DIST_CATEGORY":"MFD","DIST_NM":"US FOODS (MASTER)","SPEND":13833.15},{"_id":38,"AvendraAlertNonMFDDetailDataId":38,"AvendraAlertInsightid":197,"ERM_Parent":"A0089369","CUST_ID":"34444","BP_CATEGORY_NM":"Sausage","BP_DIST_CATEGORY":"MFD","DIST_NM":"US FOODS (MASTER)","SPEND":5595.94},{"_id":39,"AvendraAlertNonMFDDetailDataId":39,"AvendraAlertInsightid":197,"ERM_Parent":"A0089369","CUST_ID":"34444","BP_CATEGORY_NM":"Trash Bags","BP_DIST_CATEGORY":"MFD","DIST_NM":"US FOODS (MASTER)","SPEND":969.78},{"_id":40,"AvendraAlertNonMFDDetailDataId":40,"AvendraAlertInsightid":197,"ERM_Parent":"A0089369","CUST_ID":"34444","BP_CATEGORY_NM":"Yogurt","BP_DIST_CATEGORY":"MFD","DIST_NM":"US FOODS (MASTER)","SPEND":2277.08},{"_id":41,"AvendraAlertNonMFDDetailDataId":41,"AvendraAlertInsightid":197,"ERM_Parent":"A0089369","CUST_ID":"34444","BP_CATEGORY_NM":"Bacon","BP_DIST_CATEGORY":"NON-MFD","DIST_NM":"JFS Foodservice","SPEND":184.2},{"_id":42,"AvendraAlertNonMFDDetailDataId":42,"AvendraAlertInsightid":197,"ERM_Parent":"A0089369","CUST_ID":"34444","BP_CATEGORY_NM":"Cereal","BP_DIST_CATEGORY":"NON-MFD","DIST_NM":"Vistar","SPEND":127.42},{"_id":43,"AvendraAlertNonMFDDetailDataId":43,"AvendraAlertInsightid":197,"ERM_Parent":"A0089369","CUST_ID":"34444","BP_CATEGORY_NM":"Chicken","BP_DIST_CATEGORY":"NON-MFD","DIST_NM":"JFS Foodservice","SPEND":9779.76},{"_id":44,"AvendraAlertNonMFDDetailDataId":44,"AvendraAlertInsightid":197,"ERM_Parent":"A0089369","CUST_ID":"34444","BP_CATEGORY_NM":"Gloves","BP_DIST_CATEGORY":"NON-MFD","DIST_NM":"HD Supply (US)","SPEND":20.12},{"_id":45,"AvendraAlertNonMFDDetailDataId":45,"AvendraAlertInsightid":197,"ERM_Parent":"A0089369","CUST_ID":"34444","BP_CATEGORY_NM":"Gloves","BP_DIST_CATEGORY":"NON-MFD","DIST_NM":"American Hotel Register","SPEND":244.01},{"_id":46,"AvendraAlertNonMFDDetailDataId":46,"AvendraAlertInsightid":197,"ERM_Parent":"A0089369","CUST_ID":"34444","BP_CATEGORY_NM":"Potatoes","BP_DIST_CATEGORY":"NON-MFD","DIST_NM":"JFS Foodservice","SPEND":50.29},{"_id":47,"AvendraAlertNonMFDDetailDataId":47,"AvendraAlertInsightid":197,"ERM_Parent":"A0089369","CUST_ID":"34444","BP_CATEGORY_NM":"Potatoes","BP_DIST_CATEGORY":"NON-MFD","DIST_NM":"Syracuse Banana","SPEND":495},{"_id":48,"AvendraAlertNonMFDDetailDataId":48,"AvendraAlertInsightid":197,"ERM_Parent":"A0089369","CUST_ID":"34444","BP_CATEGORY_NM":"Sausage","BP_DIST_CATEGORY":"NON-MFD","DIST_NM":"JFS Foodservice","SPEND":655.33},{"_id":49,"AvendraAlertNonMFDDetailDataId":49,"AvendraAlertInsightid":197,"ERM_Parent":"A0089369","CUST_ID":"34444","BP_CATEGORY_NM":"Trash Bags","BP_DIST_CATEGORY":"NON-MFD","DIST_NM":"American Hotel Register","SPEND":512.7},{"_id":50,"AvendraAlertNonMFDDetailDataId":50,"AvendraAlertInsightid":197,"ERM_Parent":"A0089369","CUST_ID":"34444","BP_CATEGORY_NM":"Yogurt","BP_DIST_CATEGORY":"NON-MFD","DIST_NM":"Syracuse Banana","SPEND":4246},{"_id":51,"AvendraAlertNonMFDDetailDataId":51,"AvendraAlertInsightid":201,"ERM_Parent":"A0089369","CUST_ID":"88HI009","BP_CATEGORY_NM":"Bacon","BP_DIST_CATEGORY":"MFD","DIST_NM":"US FOODS (MASTER)","SPEND":13182.37},{"_id":52,"AvendraAlertNonMFDDetailDataId":52,"AvendraAlertInsightid":201,"ERM_Parent":"A0089369","CUST_ID":"88HI009","BP_CATEGORY_NM":"Bagels","BP_DIST_CATEGORY":"MFD","DIST_NM":"US FOODS (MASTER)","SPEND":22},{"_id":53,"AvendraAlertNonMFDDetailDataId":53,"AvendraAlertInsightid":201,"ERM_Parent":"A0089369","CUST_ID":"88HI009","BP_CATEGORY_NM":"Bread","BP_DIST_CATEGORY":"MFD","DIST_NM":"US FOODS (MASTER)","SPEND":600.52},{"_id":54,"AvendraAlertNonMFDDetailDataId":54,"AvendraAlertInsightid":201,"ERM_Parent":"A0089369","CUST_ID":"88HI009","BP_CATEGORY_NM":"Chicken","BP_DIST_CATEGORY":"MFD","DIST_NM":"US FOODS (MASTER)","SPEND":8730.16},{"_id":55,"AvendraAlertNonMFDDetailDataId":55,"AvendraAlertInsightid":201,"ERM_Parent":"A0089369","CUST_ID":"88HI009","BP_CATEGORY_NM":"Danish","BP_DIST_CATEGORY":"MFD","DIST_NM":"US FOODS (MASTER)","SPEND":324.92},{"_id":56,"AvendraAlertNonMFDDetailDataId":56,"AvendraAlertInsightid":201,"ERM_Parent":"A0089369","CUST_ID":"88HI009","BP_CATEGORY_NM":"Disposable Cups","BP_DIST_CATEGORY":"MFD","DIST_NM":"US FOODS (MASTER)","SPEND":1400.28},{"_id":57,"AvendraAlertNonMFDDetailDataId":57,"AvendraAlertInsightid":201,"ERM_Parent":"A0089369","CUST_ID":"88HI009","BP_CATEGORY_NM":"Fluid Dairy","BP_DIST_CATEGORY":"MFD","DIST_NM":"US FOODS (MASTER)","SPEND":3038.64},{"_id":58,"AvendraAlertNonMFDDetailDataId":58,"AvendraAlertInsightid":201,"ERM_Parent":"A0089369","CUST_ID":"88HI009","BP_CATEGORY_NM":"Gloves","BP_DIST_CATEGORY":"MFD","DIST_NM":"US FOODS (MASTER)","SPEND":436},{"_id":59,"AvendraAlertNonMFDDetailDataId":59,"AvendraAlertInsightid":201,"ERM_Parent":"A0089369","CUST_ID":"88HI009","BP_CATEGORY_NM":"Liquid Eggs / Cooked Eggs","BP_DIST_CATEGORY":"MFD","DIST_NM":"US FOODS (MASTER)","SPEND":7825.38},{"_id":60,"AvendraAlertNonMFDDetailDataId":60,"AvendraAlertInsightid":201,"ERM_Parent":"A0089369","CUST_ID":"88HI009","BP_CATEGORY_NM":"Muffins","BP_DIST_CATEGORY":"MFD","DIST_NM":"US FOODS (MASTER)","SPEND":2393.43},{"_id":61,"AvendraAlertNonMFDDetailDataId":61,"AvendraAlertInsightid":201,"ERM_Parent":"A0089369","CUST_ID":"88HI009","BP_CATEGORY_NM":"Potatoes","BP_DIST_CATEGORY":"MFD","DIST_NM":"US FOODS (MASTER)","SPEND":3150.79},{"_id":62,"AvendraAlertNonMFDDetailDataId":62,"AvendraAlertInsightid":201,"ERM_Parent":"A0089369","CUST_ID":"88HI009","BP_CATEGORY_NM":"Sausage","BP_DIST_CATEGORY":"MFD","DIST_NM":"US FOODS (MASTER)","SPEND":3862.37},{"_id":63,"AvendraAlertNonMFDDetailDataId":63,"AvendraAlertInsightid":201,"ERM_Parent":"A0089369","CUST_ID":"88HI009","BP_CATEGORY_NM":"Toilet Tissues","BP_DIST_CATEGORY":"MFD","DIST_NM":"US FOODS (MASTER)","SPEND":3298.25},{"_id":64,"AvendraAlertNonMFDDetailDataId":64,"AvendraAlertInsightid":201,"ERM_Parent":"A0089369","CUST_ID":"88HI009","BP_CATEGORY_NM":"Trash Bags","BP_DIST_CATEGORY":"MFD","DIST_NM":"US FOODS (MASTER)","SPEND":313.26},{"_id":65,"AvendraAlertNonMFDDetailDataId":65,"AvendraAlertInsightid":201,"ERM_Parent":"A0089369","CUST_ID":"88HI009","BP_CATEGORY_NM":"Bacon","BP_DIST_CATEGORY":"NON-MFD","DIST_NM":"Halperns' - Parent (Meat)","SPEND":532.8},{"_id":66,"AvendraAlertNonMFDDetailDataId":66,"AvendraAlertInsightid":201,"ERM_Parent":"A0089369","CUST_ID":"88HI009","BP_CATEGORY_NM":"Bagels","BP_DIST_CATEGORY":"NON-MFD","DIST_NM":"H&S Bakery Inc","SPEND":710.71},{"_id":67,"AvendraAlertNonMFDDetailDataId":67,"AvendraAlertInsightid":201,"ERM_Parent":"A0089369","CUST_ID":"88HI009","BP_CATEGORY_NM":"Bread","BP_DIST_CATEGORY":"NON-MFD","DIST_NM":"H&S Bakery Inc","SPEND":4472.25},{"_id":68,"AvendraAlertNonMFDDetailDataId":68,"AvendraAlertInsightid":201,"ERM_Parent":"A0089369","CUST_ID":"88HI009","BP_CATEGORY_NM":"Chicken","BP_DIST_CATEGORY":"NON-MFD","DIST_NM":"Halperns' - Parent (Meat)","SPEND":5720.44},{"_id":69,"AvendraAlertNonMFDDetailDataId":69,"AvendraAlertInsightid":201,"ERM_Parent":"A0089369","CUST_ID":"88HI009","BP_CATEGORY_NM":"Danish","BP_DIST_CATEGORY":"NON-MFD","DIST_NM":"Bakery de France","SPEND":1344},{"_id":70,"AvendraAlertNonMFDDetailDataId":70,"AvendraAlertInsightid":201,"ERM_Parent":"A0089369","CUST_ID":"88HI009","BP_CATEGORY_NM":"Disposable Cups","BP_DIST_CATEGORY":"NON-MFD","DIST_NM":"HD Supply (US)","SPEND":438.53},{"_id":71,"AvendraAlertNonMFDDetailDataId":71,"AvendraAlertInsightid":201,"ERM_Parent":"A0089369","CUST_ID":"88HI009","BP_CATEGORY_NM":"Disposable Cups","BP_DIST_CATEGORY":"NON-MFD","DIST_NM":"American Hotel Register","SPEND":2203.53},{"_id":72,"AvendraAlertNonMFDDetailDataId":72,"AvendraAlertInsightid":201,"ERM_Parent":"A0089369","CUST_ID":"88HI009","BP_CATEGORY_NM":"Fluid Dairy","BP_DIST_CATEGORY":"NON-MFD","DIST_NM":"Coastal Sunbelt Produce Company","SPEND":183.61},{"_id":73,"AvendraAlertNonMFDDetailDataId":73,"AvendraAlertInsightid":201,"ERM_Parent":"A0089369","CUST_ID":"88HI009","BP_CATEGORY_NM":"Fluid Dairy","BP_DIST_CATEGORY":"NON-MFD","DIST_NM":"Keany Produce","SPEND":623.39},{"_id":74,"AvendraAlertNonMFDDetailDataId":74,"AvendraAlertInsightid":201,"ERM_Parent":"A0089369","CUST_ID":"88HI009","BP_CATEGORY_NM":"Gloves","BP_DIST_CATEGORY":"NON-MFD","DIST_NM":"HD Supply (US)","SPEND":79.12},{"_id":75,"AvendraAlertNonMFDDetailDataId":75,"AvendraAlertInsightid":201,"ERM_Parent":"A0089369","CUST_ID":"88HI009","BP_CATEGORY_NM":"Gloves","BP_DIST_CATEGORY":"NON-MFD","DIST_NM":"American Hotel Register","SPEND":165.7},{"_id":76,"AvendraAlertNonMFDDetailDataId":76,"AvendraAlertInsightid":201,"ERM_Parent":"A0089369","CUST_ID":"88HI009","BP_CATEGORY_NM":"Liquid Eggs / Cooked Eggs","BP_DIST_CATEGORY":"NON-MFD","DIST_NM":"Coastal Sunbelt Produce Company","SPEND":202.05},{"_id":77,"AvendraAlertNonMFDDetailDataId":77,"AvendraAlertInsightid":201,"ERM_Parent":"A0089369","CUST_ID":"88HI009","BP_CATEGORY_NM":"Liquid Eggs / Cooked Eggs","BP_DIST_CATEGORY":"NON-MFD","DIST_NM":"Keany Produce","SPEND":338.49},{"_id":78,"AvendraAlertNonMFDDetailDataId":78,"AvendraAlertInsightid":201,"ERM_Parent":"A0089369","CUST_ID":"88HI009","BP_CATEGORY_NM":"Muffins","BP_DIST_CATEGORY":"NON-MFD","DIST_NM":"Bakery de France","SPEND":452.94},{"_id":79,"AvendraAlertNonMFDDetailDataId":79,"AvendraAlertInsightid":201,"ERM_Parent":"A0089369","CUST_ID":"88HI009","BP_CATEGORY_NM":"Potatoes","BP_DIST_CATEGORY":"NON-MFD","DIST_NM":"Coastal Sunbelt Produce Company","SPEND":853.31},{"_id":80,"AvendraAlertNonMFDDetailDataId":80,"AvendraAlertInsightid":201,"ERM_Parent":"A0089369","CUST_ID":"88HI009","BP_CATEGORY_NM":"Potatoes","BP_DIST_CATEGORY":"NON-MFD","DIST_NM":"Keany Produce","SPEND":2979.25},{"_id":81,"AvendraAlertNonMFDDetailDataId":81,"AvendraAlertInsightid":201,"ERM_Parent":"A0089369","CUST_ID":"88HI009","BP_CATEGORY_NM":"Sausage","BP_DIST_CATEGORY":"NON-MFD","DIST_NM":"Halperns' - Parent (Meat)","SPEND":734.4},{"_id":82,"AvendraAlertNonMFDDetailDataId":82,"AvendraAlertInsightid":201,"ERM_Parent":"A0089369","CUST_ID":"88HI009","BP_CATEGORY_NM":"Toilet Tissues","BP_DIST_CATEGORY":"NON-MFD","DIST_NM":"American Hotel Register","SPEND":69.84},{"_id":83,"AvendraAlertNonMFDDetailDataId":83,"AvendraAlertInsightid":201,"ERM_Parent":"A0089369","CUST_ID":"88HI009","BP_CATEGORY_NM":"Trash Bags","BP_DIST_CATEGORY":"NON-MFD","DIST_NM":"HD Supply (US)","SPEND":0},{"_id":84,"AvendraAlertNonMFDDetailDataId":84,"AvendraAlertInsightid":201,"ERM_Parent":"A0089369","CUST_ID":"88HI009","BP_CATEGORY_NM":"Trash Bags","BP_DIST_CATEGORY":"NON-MFD","DIST_NM":"American Hotel Register","SPEND":946.92},{"_id":85,"AvendraAlertNonMFDDetailDataId":85,"AvendraAlertInsightid":205,"ERM_Parent":"A0089369","CUST_ID":"88HI030","BP_CATEGORY_NM":"Bread","BP_DIST_CATEGORY":"MFD","DIST_NM":"US FOODS (MASTER)","SPEND":133.88},{"_id":86,"AvendraAlertNonMFDDetailDataId":86,"AvendraAlertInsightid":205,"ERM_Parent":"A0089369","CUST_ID":"88HI030","BP_CATEGORY_NM":"Chicken","BP_DIST_CATEGORY":"MFD","DIST_NM":"US FOODS (MASTER)","SPEND":7291.2},{"_id":87,"AvendraAlertNonMFDDetailDataId":87,"AvendraAlertInsightid":205,"ERM_Parent":"A0089369","CUST_ID":"88HI030","BP_CATEGORY_NM":"Disposable Cups","BP_DIST_CATEGORY":"MFD","DIST_NM":"US FOODS (MASTER)","SPEND":451.63},{"_id":88,"AvendraAlertNonMFDDetailDataId":88,"AvendraAlertInsightid":205,"ERM_Parent":"A0089369","CUST_ID":"88HI030","BP_CATEGORY_NM":"Facial Tissues","BP_DIST_CATEGORY":"MFD","DIST_NM":"US FOODS (MASTER)","SPEND":1265.76},{"_id":89,"AvendraAlertNonMFDDetailDataId":89,"AvendraAlertInsightid":205,"ERM_Parent":"A0089369","CUST_ID":"88HI030","BP_CATEGORY_NM":"Fluid Dairy","BP_DIST_CATEGORY":"MFD","DIST_NM":"US FOODS (MASTER)","SPEND":3851.68},{"_id":90,"AvendraAlertNonMFDDetailDataId":90,"AvendraAlertInsightid":205,"ERM_Parent":"A0089369","CUST_ID":"88HI030","BP_CATEGORY_NM":"Gloves","BP_DIST_CATEGORY":"MFD","DIST_NM":"US FOODS (MASTER)","SPEND":802.95},{"_id":91,"AvendraAlertNonMFDDetailDataId":91,"AvendraAlertInsightid":205,"ERM_Parent":"A0089369","CUST_ID":"88HI030","BP_CATEGORY_NM":"Liquid Eggs / Cooked Eggs","BP_DIST_CATEGORY":"MFD","DIST_NM":"US FOODS (MASTER)","SPEND":5812.5},{"_id":92,"AvendraAlertNonMFDDetailDataId":92,"AvendraAlertInsightid":205,"ERM_Parent":"A0089369","CUST_ID":"88HI030","BP_CATEGORY_NM":"Orange Juice","BP_DIST_CATEGORY":"MFD","DIST_NM":"US FOODS (MASTER)","SPEND":2145.72},{"_id":93,"AvendraAlertNonMFDDetailDataId":93,"AvendraAlertInsightid":205,"ERM_Parent":"A0089369","CUST_ID":"88HI030","BP_CATEGORY_NM":"Potatoes","BP_DIST_CATEGORY":"MFD","DIST_NM":"US FOODS (MASTER)","SPEND":5595.9},{"_id":94,"AvendraAlertNonMFDDetailDataId":94,"AvendraAlertInsightid":205,"ERM_Parent":"A0089369","CUST_ID":"88HI030","BP_CATEGORY_NM":"Toilet Tissues","BP_DIST_CATEGORY":"MFD","DIST_NM":"US FOODS (MASTER)","SPEND":3885.8},{"_id":95,"AvendraAlertNonMFDDetailDataId":95,"AvendraAlertInsightid":205,"ERM_Parent":"A0089369","CUST_ID":"88HI030","BP_CATEGORY_NM":"Trash Bags","BP_DIST_CATEGORY":"MFD","DIST_NM":"US FOODS (MASTER)","SPEND":1168.99},{"_id":96,"AvendraAlertNonMFDDetailDataId":96,"AvendraAlertInsightid":205,"ERM_Parent":"A0089369","CUST_ID":"88HI030","BP_CATEGORY_NM":"Water","BP_DIST_CATEGORY":"MFD","DIST_NM":"US FOODS (MASTER)","SPEND":3657.12},{"_id":97,"AvendraAlertNonMFDDetailDataId":97,"AvendraAlertInsightid":205,"ERM_Parent":"A0089369","CUST_ID":"88HI030","BP_CATEGORY_NM":"Yogurt","BP_DIST_CATEGORY":"MFD","DIST_NM":"US FOODS (MASTER)","SPEND":3226.4},{"_id":98,"AvendraAlertNonMFDDetailDataId":98,"AvendraAlertInsightid":205,"ERM_Parent":"A0089369","CUST_ID":"88HI030","BP_CATEGORY_NM":"Bagels","BP_DIST_CATEGORY":"NON-MFD","DIST_NM":"Bakery de France","SPEND":154.56},{"_id":99,"AvendraAlertNonMFDDetailDataId":99,"AvendraAlertInsightid":205,"ERM_Parent":"A0089369","CUST_ID":"88HI030","BP_CATEGORY_NM":"Bread","BP_DIST_CATEGORY":"NON-MFD","DIST_NM":"Bakery de France","SPEND":1195.03},{"_id":100,"AvendraAlertNonMFDDetailDataId":100,"AvendraAlertInsightid":205,"ERM_Parent":"A0089369","CUST_ID":"88HI030","BP_CATEGORY_NM":"Bread","BP_DIST_CATEGORY":"NON-MFD","DIST_NM":"Metropolitan Meat, Seafood and Poultry","SPEND":29.72},{"_id":101,"AvendraAlertNonMFDDetailDataId":101,"AvendraAlertInsightid":205,"ERM_Parent":"A0089369","CUST_ID":"88HI030","BP_CATEGORY_NM":"Chicken","BP_DIST_CATEGORY":"NON-MFD","DIST_NM":"Metropolitan Meat, Seafood and Poultry","SPEND":1568.24},{"_id":102,"AvendraAlertNonMFDDetailDataId":102,"AvendraAlertInsightid":205,"ERM_Parent":"A0089369","CUST_ID":"88HI030","BP_CATEGORY_NM":"Danish","BP_DIST_CATEGORY":"NON-MFD","DIST_NM":"Bakery de France","SPEND":1596},{"_id":103,"AvendraAlertNonMFDDetailDataId":103,"AvendraAlertInsightid":205,"ERM_Parent":"A0089369","CUST_ID":"88HI030","BP_CATEGORY_NM":"Disposable Cups","BP_DIST_CATEGORY":"NON-MFD","DIST_NM":"HD Supply (US)","SPEND":923.08},{"_id":104,"AvendraAlertNonMFDDetailDataId":104,"AvendraAlertInsightid":205,"ERM_Parent":"A0089369","CUST_ID":"88HI030","BP_CATEGORY_NM":"Disposable Cups","BP_DIST_CATEGORY":"NON-MFD","DIST_NM":"Sherwin Williams","SPEND":74.96},{"_id":105,"AvendraAlertNonMFDDetailDataId":105,"AvendraAlertInsightid":205,"ERM_Parent":"A0089369","CUST_ID":"88HI030","BP_CATEGORY_NM":"Disposable Cups","BP_DIST_CATEGORY":"NON-MFD","DIST_NM":"American Hotel Register","SPEND":2238.58},{"_id":106,"AvendraAlertNonMFDDetailDataId":106,"AvendraAlertInsightid":205,"ERM_Parent":"A0089369","CUST_ID":"88HI030","BP_CATEGORY_NM":"Facial Tissues","BP_DIST_CATEGORY":"NON-MFD","DIST_NM":"American Hotel Register","SPEND":81.64},{"_id":107,"AvendraAlertNonMFDDetailDataId":107,"AvendraAlertInsightid":205,"ERM_Parent":"A0089369","CUST_ID":"88HI030","BP_CATEGORY_NM":"Fluid Dairy","BP_DIST_CATEGORY":"NON-MFD","DIST_NM":"Metropolitan Meat, Seafood and Poultry","SPEND":32.76},{"_id":108,"AvendraAlertNonMFDDetailDataId":108,"AvendraAlertInsightid":205,"ERM_Parent":"A0089369","CUST_ID":"88HI030","BP_CATEGORY_NM":"Fluid Dairy","BP_DIST_CATEGORY":"NON-MFD","DIST_NM":"Coastal Sunbelt Produce Company","SPEND":-13.6},{"_id":109,"AvendraAlertNonMFDDetailDataId":109,"AvendraAlertInsightid":205,"ERM_Parent":"A0089369","CUST_ID":"88HI030","BP_CATEGORY_NM":"Gloves","BP_DIST_CATEGORY":"NON-MFD","DIST_NM":"HD Supply (US)","SPEND":32.96},{"_id":110,"AvendraAlertNonMFDDetailDataId":110,"AvendraAlertInsightid":205,"ERM_Parent":"A0089369","CUST_ID":"88HI030","BP_CATEGORY_NM":"Gloves","BP_DIST_CATEGORY":"NON-MFD","DIST_NM":"American Hotel Register","SPEND":310.37},{"_id":111,"AvendraAlertNonMFDDetailDataId":111,"AvendraAlertInsightid":205,"ERM_Parent":"A0089369","CUST_ID":"88HI030","BP_CATEGORY_NM":"Liquid Eggs / Cooked Eggs","BP_DIST_CATEGORY":"NON-MFD","DIST_NM":"Coastal Sunbelt Produce Company","SPEND":50.69},{"_id":112,"AvendraAlertNonMFDDetailDataId":112,"AvendraAlertInsightid":205,"ERM_Parent":"A0089369","CUST_ID":"88HI030","BP_CATEGORY_NM":"Muffins","BP_DIST_CATEGORY":"NON-MFD","DIST_NM":"Bakery de France","SPEND":1361.6},{"_id":113,"AvendraAlertNonMFDDetailDataId":113,"AvendraAlertInsightid":205,"ERM_Parent":"A0089369","CUST_ID":"88HI030","BP_CATEGORY_NM":"Muffins","BP_DIST_CATEGORY":"NON-MFD","DIST_NM":"Coastal Sunbelt Produce Company","SPEND":20.04},{"_id":114,"AvendraAlertNonMFDDetailDataId":114,"AvendraAlertInsightid":205,"ERM_Parent":"A0089369","CUST_ID":"88HI030","BP_CATEGORY_NM":"Orange Juice","BP_DIST_CATEGORY":"NON-MFD","DIST_NM":"Coastal Sunbelt Produce Company","SPEND":21.65},{"_id":115,"AvendraAlertNonMFDDetailDataId":115,"AvendraAlertInsightid":205,"ERM_Parent":"A0089369","CUST_ID":"88HI030","BP_CATEGORY_NM":"Potatoes","BP_DIST_CATEGORY":"NON-MFD","DIST_NM":"Coastal Sunbelt Produce Company","SPEND":167.89},{"_id":116,"AvendraAlertNonMFDDetailDataId":116,"AvendraAlertInsightid":205,"ERM_Parent":"A0089369","CUST_ID":"88HI030","BP_CATEGORY_NM":"Toilet Tissues","BP_DIST_CATEGORY":"NON-MFD","DIST_NM":"American Hotel Register","SPEND":270.8},{"_id":117,"AvendraAlertNonMFDDetailDataId":117,"AvendraAlertInsightid":205,"ERM_Parent":"A0089369","CUST_ID":"88HI030","BP_CATEGORY_NM":"Trash Bags","BP_DIST_CATEGORY":"NON-MFD","DIST_NM":"HD Supply (US)","SPEND":28.71},{"_id":118,"AvendraAlertNonMFDDetailDataId":118,"AvendraAlertInsightid":205,"ERM_Parent":"A0089369","CUST_ID":"88HI030","BP_CATEGORY_NM":"Trash Bags","BP_DIST_CATEGORY":"NON-MFD","DIST_NM":"American Hotel Register","SPEND":1189.82},{"_id":119,"AvendraAlertNonMFDDetailDataId":119,"AvendraAlertInsightid":205,"ERM_Parent":"A0089369","CUST_ID":"88HI030","BP_CATEGORY_NM":"Water","BP_DIST_CATEGORY":"NON-MFD","DIST_NM":"Coastal Sunbelt Produce Company","SPEND":98},{"_id":120,"AvendraAlertNonMFDDetailDataId":120,"AvendraAlertInsightid":205,"ERM_Parent":"A0089369","CUST_ID":"88HI030","BP_CATEGORY_NM":"Yogurt","BP_DIST_CATEGORY":"NON-MFD","DIST_NM":"Coastal Sunbelt Produce Company","SPEND":180.64},{"_id":121,"AvendraAlertNonMFDDetailDataId":121,"AvendraAlertInsightid":211,"ERM_Parent":"A0089369","CUST_ID":"A0054298","BP_CATEGORY_NM":"Disposable Cups","BP_DIST_CATEGORY":"MFD","DIST_NM":"US FOODS (MASTER)","SPEND":801.12},{"_id":122,"AvendraAlertNonMFDDetailDataId":122,"AvendraAlertInsightid":211,"ERM_Parent":"A0089369","CUST_ID":"A0054298","BP_CATEGORY_NM":"Disposable Cups","BP_DIST_CATEGORY":"NON-MFD","DIST_NM":"Office Depot U.S. & Caribbean","SPEND":25.51},{"_id":123,"AvendraAlertNonMFDDetailDataId":123,"AvendraAlertInsightid":211,"ERM_Parent":"A0089369","CUST_ID":"A0054298","BP_CATEGORY_NM":"Disposable Cups","BP_DIST_CATEGORY":"NON-MFD","DIST_NM":"Courtesy Products","SPEND":4370.7},{"_id":124,"AvendraAlertNonMFDDetailDataId":124,"AvendraAlertInsightid":211,"ERM_Parent":"A0089369","CUST_ID":"A0054298","BP_CATEGORY_NM":"Facial Tissues","BP_DIST_CATEGORY":"NON-MFD","DIST_NM":"Office Depot U.S. & Caribbean","SPEND":35.34},{"_id":125,"AvendraAlertNonMFDDetailDataId":125,"AvendraAlertInsightid":211,"ERM_Parent":"A0089369","CUST_ID":"A0054298","BP_CATEGORY_NM":"Gloves","BP_DIST_CATEGORY":"NON-MFD","DIST_NM":"HD Supply (US)","SPEND":129.46},{"_id":126,"AvendraAlertNonMFDDetailDataId":126,"AvendraAlertInsightid":217,"ERM_Parent":"A0089369","CUST_ID":"A0056478","BP_CATEGORY_NM":"Disposable Cups","BP_DIST_CATEGORY":"MFD","DIST_NM":"US FOODS (MASTER)","SPEND":4169.81},{"_id":127,"AvendraAlertNonMFDDetailDataId":127,"AvendraAlertInsightid":217,"ERM_Parent":"A0089369","CUST_ID":"A0056478","BP_CATEGORY_NM":"Facial Tissues","BP_DIST_CATEGORY":"MFD","DIST_NM":"US FOODS (MASTER)","SPEND":156.08},{"_id":128,"AvendraAlertNonMFDDetailDataId":128,"AvendraAlertInsightid":217,"ERM_Parent":"A0089369","CUST_ID":"A0056478","BP_CATEGORY_NM":"Fluid Dairy","BP_DIST_CATEGORY":"MFD","DIST_NM":"US FOODS (MASTER)","SPEND":63.16},{"_id":129,"AvendraAlertNonMFDDetailDataId":129,"AvendraAlertInsightid":217,"ERM_Parent":"A0089369","CUST_ID":"A0056478","BP_CATEGORY_NM":"Gloves","BP_DIST_CATEGORY":"MFD","DIST_NM":"US FOODS (MASTER)","SPEND":1134.22},{"_id":130,"AvendraAlertNonMFDDetailDataId":130,"AvendraAlertInsightid":217,"ERM_Parent":"A0089369","CUST_ID":"A0056478","BP_CATEGORY_NM":"Liquid Eggs / Cooked Eggs","BP_DIST_CATEGORY":"MFD","DIST_NM":"US FOODS (MASTER)","SPEND":415.66},{"_id":131,"AvendraAlertNonMFDDetailDataId":131,"AvendraAlertInsightid":217,"ERM_Parent":"A0089369","CUST_ID":"A0056478","BP_CATEGORY_NM":"Potatoes","BP_DIST_CATEGORY":"MFD","DIST_NM":"US FOODS (MASTER)","SPEND":2318.07},{"_id":132,"AvendraAlertNonMFDDetailDataId":132,"AvendraAlertInsightid":217,"ERM_Parent":"A0089369","CUST_ID":"A0056478","BP_CATEGORY_NM":"Toilet Tissues","BP_DIST_CATEGORY":"MFD","DIST_NM":"US FOODS (MASTER)","SPEND":3999.15},{"_id":133,"AvendraAlertNonMFDDetailDataId":133,"AvendraAlertInsightid":217,"ERM_Parent":"A0089369","CUST_ID":"A0056478","BP_CATEGORY_NM":"Trash Bags","BP_DIST_CATEGORY":"MFD","DIST_NM":"US FOODS (MASTER)","SPEND":1296.37},{"_id":134,"AvendraAlertNonMFDDetailDataId":134,"AvendraAlertInsightid":217,"ERM_Parent":"A0089369","CUST_ID":"A0056478","BP_CATEGORY_NM":"Yogurt","BP_DIST_CATEGORY":"MFD","DIST_NM":"US FOODS (MASTER)","SPEND":27.72},{"_id":135,"AvendraAlertNonMFDDetailDataId":135,"AvendraAlertInsightid":217,"ERM_Parent":"A0089369","CUST_ID":"A0056478","BP_CATEGORY_NM":"Disposable Cups","BP_DIST_CATEGORY":"NON-MFD","DIST_NM":"HD Supply (US)","SPEND":219.92},{"_id":136,"AvendraAlertNonMFDDetailDataId":136,"AvendraAlertInsightid":217,"ERM_Parent":"A0089369","CUST_ID":"A0056478","BP_CATEGORY_NM":"Disposable Cups","BP_DIST_CATEGORY":"NON-MFD","DIST_NM":"Office Depot U.S. & Caribbean","SPEND":12.52},{"_id":137,"AvendraAlertNonMFDDetailDataId":137,"AvendraAlertInsightid":217,"ERM_Parent":"A0089369","CUST_ID":"A0056478","BP_CATEGORY_NM":"Disposable Cups","BP_DIST_CATEGORY":"NON-MFD","DIST_NM":"American Hotel Register","SPEND":2247.43},{"_id":138,"AvendraAlertNonMFDDetailDataId":138,"AvendraAlertInsightid":217,"ERM_Parent":"A0089369","CUST_ID":"A0056478","BP_CATEGORY_NM":"Facial Tissues","BP_DIST_CATEGORY":"NON-MFD","DIST_NM":"American Hotel Register","SPEND":296.82},{"_id":139,"AvendraAlertNonMFDDetailDataId":139,"AvendraAlertInsightid":217,"ERM_Parent":"A0089369","CUST_ID":"A0056478","BP_CATEGORY_NM":"Fluid Dairy","BP_DIST_CATEGORY":"NON-MFD","DIST_NM":"Keany Produce","SPEND":462.1},{"_id":140,"AvendraAlertNonMFDDetailDataId":140,"AvendraAlertInsightid":217,"ERM_Parent":"A0089369","CUST_ID":"A0056478","BP_CATEGORY_NM":"Gloves","BP_DIST_CATEGORY":"NON-MFD","DIST_NM":"HD Supply (US)","SPEND":263.16},{"_id":141,"AvendraAlertNonMFDDetailDataId":141,"AvendraAlertInsightid":217,"ERM_Parent":"A0089369","CUST_ID":"A0056478","BP_CATEGORY_NM":"Gloves","BP_DIST_CATEGORY":"NON-MFD","DIST_NM":"American Hotel Register","SPEND":349},{"_id":142,"AvendraAlertNonMFDDetailDataId":142,"AvendraAlertInsightid":217,"ERM_Parent":"A0089369","CUST_ID":"A0056478","BP_CATEGORY_NM":"Liquid Eggs / Cooked Eggs","BP_DIST_CATEGORY":"NON-MFD","DIST_NM":"Keany Produce","SPEND":3008.8},{"_id":143,"AvendraAlertNonMFDDetailDataId":143,"AvendraAlertInsightid":217,"ERM_Parent":"A0089369","CUST_ID":"A0056478","BP_CATEGORY_NM":"Potatoes","BP_DIST_CATEGORY":"NON-MFD","DIST_NM":"Keany Produce","SPEND":1676.01},{"_id":144,"AvendraAlertNonMFDDetailDataId":144,"AvendraAlertInsightid":217,"ERM_Parent":"A0089369","CUST_ID":"A0056478","BP_CATEGORY_NM":"Toilet Tissues","BP_DIST_CATEGORY":"NON-MFD","DIST_NM":"HD Supply (US)","SPEND":320.2},{"_id":145,"AvendraAlertNonMFDDetailDataId":145,"AvendraAlertInsightid":217,"ERM_Parent":"A0089369","CUST_ID":"A0056478","BP_CATEGORY_NM":"Trash Bags","BP_DIST_CATEGORY":"NON-MFD","DIST_NM":"HD Supply (US)","SPEND":1236.84},{"_id":146,"AvendraAlertNonMFDDetailDataId":146,"AvendraAlertInsightid":217,"ERM_Parent":"A0089369","CUST_ID":"A0056478","BP_CATEGORY_NM":"Trash Bags","BP_DIST_CATEGORY":"NON-MFD","DIST_NM":"American Hotel Register","SPEND":1033.01},{"_id":147,"AvendraAlertNonMFDDetailDataId":147,"AvendraAlertInsightid":217,"ERM_Parent":"A0089369","CUST_ID":"A0056478","BP_CATEGORY_NM":"Yogurt","BP_DIST_CATEGORY":"NON-MFD","DIST_NM":"Keany Produce","SPEND":308.21},{"_id":148,"AvendraAlertNonMFDDetailDataId":148,"AvendraAlertInsightid":221,"ERM_Parent":"A0089369","CUST_ID":"A0069155","BP_CATEGORY_NM":"Disposable Cups","BP_DIST_CATEGORY":"MFD","DIST_NM":"US FOODS (MASTER)","SPEND":2918.48},{"_id":149,"AvendraAlertNonMFDDetailDataId":149,"AvendraAlertInsightid":221,"ERM_Parent":"A0089369","CUST_ID":"A0069155","BP_CATEGORY_NM":"Gloves","BP_DIST_CATEGORY":"MFD","DIST_NM":"US FOODS (MASTER)","SPEND":1165.52},{"_id":150,"AvendraAlertNonMFDDetailDataId":150,"AvendraAlertInsightid":221,"ERM_Parent":"A0089369","CUST_ID":"A0069155","BP_CATEGORY_NM":"Trash Bags","BP_DIST_CATEGORY":"MFD","DIST_NM":"US FOODS (MASTER)","SPEND":1009.76},{"_id":151,"AvendraAlertNonMFDDetailDataId":151,"AvendraAlertInsightid":221,"ERM_Parent":"A0089369","CUST_ID":"A0069155","BP_CATEGORY_NM":"Disposable Cups","BP_DIST_CATEGORY":"NON-MFD","DIST_NM":"HD Supply (US)","SPEND":131.76},{"_id":152,"AvendraAlertNonMFDDetailDataId":152,"AvendraAlertInsightid":221,"ERM_Parent":"A0089369","CUST_ID":"A0069155","BP_CATEGORY_NM":"Disposable Cups","BP_DIST_CATEGORY":"NON-MFD","DIST_NM":"American Hotel Register","SPEND":1959.61},{"_id":153,"AvendraAlertNonMFDDetailDataId":153,"AvendraAlertInsightid":221,"ERM_Parent":"A0089369","CUST_ID":"A0069155","BP_CATEGORY_NM":"Facial Tissues","BP_DIST_CATEGORY":"NON-MFD","DIST_NM":"American Hotel Register","SPEND":330.5},{"_id":154,"AvendraAlertNonMFDDetailDataId":154,"AvendraAlertInsightid":221,"ERM_Parent":"A0089369","CUST_ID":"A0069155","BP_CATEGORY_NM":"Gloves","BP_DIST_CATEGORY":"NON-MFD","DIST_NM":"HD Supply (US)","SPEND":7.31},{"_id":155,"AvendraAlertNonMFDDetailDataId":155,"AvendraAlertInsightid":221,"ERM_Parent":"A0089369","CUST_ID":"A0069155","BP_CATEGORY_NM":"Gloves","BP_DIST_CATEGORY":"NON-MFD","DIST_NM":"American Hotel Register","SPEND":39.56},{"_id":156,"AvendraAlertNonMFDDetailDataId":156,"AvendraAlertInsightid":221,"ERM_Parent":"A0089369","CUST_ID":"A0069155","BP_CATEGORY_NM":"Toilet Tissues","BP_DIST_CATEGORY":"NON-MFD","DIST_NM":"American Hotel Register","SPEND":856.9},{"_id":157,"AvendraAlertNonMFDDetailDataId":157,"AvendraAlertInsightid":221,"ERM_Parent":"A0089369","CUST_ID":"A0069155","BP_CATEGORY_NM":"Trash Bags","BP_DIST_CATEGORY":"NON-MFD","DIST_NM":"HD Supply (US)","SPEND":173.53},{"_id":158,"AvendraAlertNonMFDDetailDataId":158,"AvendraAlertInsightid":221,"ERM_Parent":"A0089369","CUST_ID":"A0069155","BP_CATEGORY_NM":"Trash Bags","BP_DIST_CATEGORY":"NON-MFD","DIST_NM":"American Hotel Register","SPEND":408.2},{"_id":159,"AvendraAlertNonMFDDetailDataId":159,"AvendraAlertInsightid":227,"ERM_Parent":"A0089369","CUST_ID":"A0083370","BP_CATEGORY_NM":"Bacon","BP_DIST_CATEGORY":"MFD","DIST_NM":"US FOODS (MASTER)","SPEND":13652.05},{"_id":160,"AvendraAlertNonMFDDetailDataId":160,"AvendraAlertInsightid":227,"ERM_Parent":"A0089369","CUST_ID":"A0083370","BP_CATEGORY_NM":"Bagels","BP_DIST_CATEGORY":"MFD","DIST_NM":"US FOODS (MASTER)","SPEND":63.54},{"_id":161,"AvendraAlertNonMFDDetailDataId":161,"AvendraAlertInsightid":227,"ERM_Parent":"A0089369","CUST_ID":"A0083370","BP_CATEGORY_NM":"Bread","BP_DIST_CATEGORY":"MFD","DIST_NM":"US FOODS (MASTER)","SPEND":2041.21},{"_id":162,"AvendraAlertNonMFDDetailDataId":162,"AvendraAlertInsightid":227,"ERM_Parent":"A0089369","CUST_ID":"A0083370","BP_CATEGORY_NM":"Chicken","BP_DIST_CATEGORY":"MFD","DIST_NM":"US FOODS (MASTER)","SPEND":10445.39},{"_id":163,"AvendraAlertNonMFDDetailDataId":163,"AvendraAlertInsightid":227,"ERM_Parent":"A0089369","CUST_ID":"A0083370","BP_CATEGORY_NM":"Disposable Cups","BP_DIST_CATEGORY":"MFD","DIST_NM":"US FOODS (MASTER)","SPEND":5979.08},{"_id":164,"AvendraAlertNonMFDDetailDataId":164,"AvendraAlertInsightid":227,"ERM_Parent":"A0089369","CUST_ID":"A0083370","BP_CATEGORY_NM":"Fluid Dairy","BP_DIST_CATEGORY":"MFD","DIST_NM":"US FOODS (MASTER)","SPEND":5137.99},{"_id":165,"AvendraAlertNonMFDDetailDataId":165,"AvendraAlertInsightid":227,"ERM_Parent":"A0089369","CUST_ID":"A0083370","BP_CATEGORY_NM":"Gloves","BP_DIST_CATEGORY":"MFD","DIST_NM":"US FOODS (MASTER)","SPEND":3247.61},{"_id":166,"AvendraAlertNonMFDDetailDataId":166,"AvendraAlertInsightid":227,"ERM_Parent":"A0089369","CUST_ID":"A0083370","BP_CATEGORY_NM":"Liquid Eggs / Cooked Eggs","BP_DIST_CATEGORY":"MFD","DIST_NM":"US FOODS (MASTER)","SPEND":9425.07},{"_id":167,"AvendraAlertNonMFDDetailDataId":167,"AvendraAlertInsightid":227,"ERM_Parent":"A0089369","CUST_ID":"A0083370","BP_CATEGORY_NM":"Orange Juice","BP_DIST_CATEGORY":"MFD","DIST_NM":"US FOODS (MASTER)","SPEND":148.68},{"_id":168,"AvendraAlertNonMFDDetailDataId":168,"AvendraAlertInsightid":227,"ERM_Parent":"A0089369","CUST_ID":"A0083370","BP_CATEGORY_NM":"Potatoes","BP_DIST_CATEGORY":"MFD","DIST_NM":"US FOODS (MASTER)","SPEND":6266.27},{"_id":169,"AvendraAlertNonMFDDetailDataId":169,"AvendraAlertInsightid":227,"ERM_Parent":"A0089369","CUST_ID":"A0083370","BP_CATEGORY_NM":"Sausage","BP_DIST_CATEGORY":"MFD","DIST_NM":"US FOODS (MASTER)","SPEND":1364.53},{"_id":170,"AvendraAlertNonMFDDetailDataId":170,"AvendraAlertInsightid":227,"ERM_Parent":"A0089369","CUST_ID":"A0083370","BP_CATEGORY_NM":"Trash Bags","BP_DIST_CATEGORY":"MFD","DIST_NM":"US FOODS (MASTER)","SPEND":8099.06},{"_id":171,"AvendraAlertNonMFDDetailDataId":171,"AvendraAlertInsightid":227,"ERM_Parent":"A0089369","CUST_ID":"A0083370","BP_CATEGORY_NM":"Yogurt","BP_DIST_CATEGORY":"MFD","DIST_NM":"US FOODS (MASTER)","SPEND":2919.21},{"_id":172,"AvendraAlertNonMFDDetailDataId":172,"AvendraAlertInsightid":227,"ERM_Parent":"A0089369","CUST_ID":"A0083370","BP_CATEGORY_NM":"Bacon","BP_DIST_CATEGORY":"NON-MFD","DIST_NM":"Halperns' - Parent (Meat)","SPEND":1102.82},{"_id":173,"AvendraAlertNonMFDDetailDataId":173,"AvendraAlertInsightid":227,"ERM_Parent":"A0089369","CUST_ID":"A0083370","BP_CATEGORY_NM":"Bagels","BP_DIST_CATEGORY":"NON-MFD","DIST_NM":"Cusano's Bakery","SPEND":5.97},{"_id":174,"AvendraAlertNonMFDDetailDataId":174,"AvendraAlertInsightid":227,"ERM_Parent":"A0089369","CUST_ID":"A0083370","BP_CATEGORY_NM":"Bread","BP_DIST_CATEGORY":"NON-MFD","DIST_NM":"Cusano's Bakery","SPEND":4217.04},{"_id":175,"AvendraAlertNonMFDDetailDataId":175,"AvendraAlertInsightid":227,"ERM_Parent":"A0089369","CUST_ID":"A0083370","BP_CATEGORY_NM":"Chicken","BP_DIST_CATEGORY":"NON-MFD","DIST_NM":"Halperns' - Parent (Meat)","SPEND":15681.39},{"_id":176,"AvendraAlertNonMFDDetailDataId":176,"AvendraAlertInsightid":227,"ERM_Parent":"A0089369","CUST_ID":"A0083370","BP_CATEGORY_NM":"Disposable Cups","BP_DIST_CATEGORY":"NON-MFD","DIST_NM":"American Hotel Register","SPEND":883.12},{"_id":177,"AvendraAlertNonMFDDetailDataId":177,"AvendraAlertInsightid":227,"ERM_Parent":"A0089369","CUST_ID":"A0083370","BP_CATEGORY_NM":"Disposable Cups","BP_DIST_CATEGORY":"NON-MFD","DIST_NM":"Gourmet Foods International","SPEND":288.75},{"_id":178,"AvendraAlertNonMFDDetailDataId":178,"AvendraAlertInsightid":227,"ERM_Parent":"A0089369","CUST_ID":"A0083370","BP_CATEGORY_NM":"Fluid Dairy","BP_DIST_CATEGORY":"NON-MFD","DIST_NM":"Premier Produce, Inc.","SPEND":351.39},{"_id":179,"AvendraAlertNonMFDDetailDataId":179,"AvendraAlertInsightid":227,"ERM_Parent":"A0089369","CUST_ID":"A0083370","BP_CATEGORY_NM":"Fluid Dairy","BP_DIST_CATEGORY":"NON-MFD","DIST_NM":"FreshPoint-South Florida","SPEND":29.6},{"_id":180,"AvendraAlertNonMFDDetailDataId":180,"AvendraAlertInsightid":227,"ERM_Parent":"A0089369","CUST_ID":"A0083370","BP_CATEGORY_NM":"Gloves","BP_DIST_CATEGORY":"NON-MFD","DIST_NM":"HD Supply (US)","SPEND":116.96},{"_id":181,"AvendraAlertNonMFDDetailDataId":181,"AvendraAlertInsightid":227,"ERM_Parent":"A0089369","CUST_ID":"A0083370","BP_CATEGORY_NM":"Liquid Eggs / Cooked Eggs","BP_DIST_CATEGORY":"NON-MFD","DIST_NM":"Premier Produce, Inc.","SPEND":198.92},{"_id":182,"AvendraAlertNonMFDDetailDataId":182,"AvendraAlertInsightid":227,"ERM_Parent":"A0089369","CUST_ID":"A0083370","BP_CATEGORY_NM":"Liquid Eggs / Cooked Eggs","BP_DIST_CATEGORY":"NON-MFD","DIST_NM":"FreshPoint-South Florida","SPEND":85.64},{"_id":183,"AvendraAlertNonMFDDetailDataId":183,"AvendraAlertInsightid":227,"ERM_Parent":"A0089369","CUST_ID":"A0083370","BP_CATEGORY_NM":"Orange Juice","BP_DIST_CATEGORY":"NON-MFD","DIST_NM":"Kennesaw Fruit & Juice (Avendra)","SPEND":4482},{"_id":184,"AvendraAlertNonMFDDetailDataId":184,"AvendraAlertInsightid":227,"ERM_Parent":"A0089369","CUST_ID":"A0083370","BP_CATEGORY_NM":"Orange Juice","BP_DIST_CATEGORY":"NON-MFD","DIST_NM":"Premier Produce, Inc.","SPEND":180},{"_id":185,"AvendraAlertNonMFDDetailDataId":185,"AvendraAlertInsightid":227,"ERM_Parent":"A0089369","CUST_ID":"A0083370","BP_CATEGORY_NM":"Potatoes","BP_DIST_CATEGORY":"NON-MFD","DIST_NM":"Premier Produce, Inc.","SPEND":2252.61},{"_id":186,"AvendraAlertNonMFDDetailDataId":186,"AvendraAlertInsightid":227,"ERM_Parent":"A0089369","CUST_ID":"A0083370","BP_CATEGORY_NM":"Potatoes","BP_DIST_CATEGORY":"NON-MFD","DIST_NM":"FreshPoint-South Florida","SPEND":702.78},{"_id":187,"AvendraAlertNonMFDDetailDataId":187,"AvendraAlertInsightid":227,"ERM_Parent":"A0089369","CUST_ID":"A0083370","BP_CATEGORY_NM":"Sausage","BP_DIST_CATEGORY":"NON-MFD","DIST_NM":"Halperns' - Parent (Meat)","SPEND":2089.4},{"_id":188,"AvendraAlertNonMFDDetailDataId":188,"AvendraAlertInsightid":227,"ERM_Parent":"A0089369","CUST_ID":"A0083370","BP_CATEGORY_NM":"Sausage","BP_DIST_CATEGORY":"NON-MFD","DIST_NM":"Gourmet Foods International","SPEND":221.93},{"_id":189,"AvendraAlertNonMFDDetailDataId":189,"AvendraAlertInsightid":227,"ERM_Parent":"A0089369","CUST_ID":"A0083370","BP_CATEGORY_NM":"Trash Bags","BP_DIST_CATEGORY":"NON-MFD","DIST_NM":"HD Supply (US)","SPEND":188.57},{"_id":190,"AvendraAlertNonMFDDetailDataId":190,"AvendraAlertInsightid":227,"ERM_Parent":"A0089369","CUST_ID":"A0083370","BP_CATEGORY_NM":"Trash Bags","BP_DIST_CATEGORY":"NON-MFD","DIST_NM":"American Hotel Register","SPEND":68.6},{"_id":191,"AvendraAlertNonMFDDetailDataId":191,"AvendraAlertInsightid":227,"ERM_Parent":"A0089369","CUST_ID":"A0083370","BP_CATEGORY_NM":"Yogurt","BP_DIST_CATEGORY":"NON-MFD","DIST_NM":"Premier Produce, Inc.","SPEND":111.54},{"_id":192,"AvendraAlertNonMFDDetailDataId":192,"AvendraAlertInsightid":233,"ERM_Parent":"A0089369","CUST_ID":"A0088597","BP_CATEGORY_NM":"Bread","BP_DIST_CATEGORY":"MFD","DIST_NM":"US FOODS (MASTER)","SPEND":41.86},{"_id":193,"AvendraAlertNonMFDDetailDataId":193,"AvendraAlertInsightid":233,"ERM_Parent":"A0089369","CUST_ID":"A0088597","BP_CATEGORY_NM":"Cereal","BP_DIST_CATEGORY":"MFD","DIST_NM":"US FOODS (MASTER)","SPEND":160.66},{"_id":194,"AvendraAlertNonMFDDetailDataId":194,"AvendraAlertInsightid":233,"ERM_Parent":"A0089369","CUST_ID":"A0088597","BP_CATEGORY_NM":"Disposable Cups","BP_DIST_CATEGORY":"MFD","DIST_NM":"US FOODS (MASTER)","SPEND":1986.05},{"_id":195,"AvendraAlertNonMFDDetailDataId":195,"AvendraAlertInsightid":233,"ERM_Parent":"A0089369","CUST_ID":"A0088597","BP_CATEGORY_NM":"Fluid Dairy","BP_DIST_CATEGORY":"MFD","DIST_NM":"US FOODS (MASTER)","SPEND":129.45},{"_id":196,"AvendraAlertNonMFDDetailDataId":196,"AvendraAlertInsightid":233,"ERM_Parent":"A0089369","CUST_ID":"A0088597","BP_CATEGORY_NM":"Liquid Eggs / Cooked Eggs","BP_DIST_CATEGORY":"MFD","DIST_NM":"US FOODS (MASTER)","SPEND":519.53},{"_id":197,"AvendraAlertNonMFDDetailDataId":197,"AvendraAlertInsightid":233,"ERM_Parent":"A0089369","CUST_ID":"A0088597","BP_CATEGORY_NM":"Orange Juice","BP_DIST_CATEGORY":"MFD","DIST_NM":"US FOODS (MASTER)","SPEND":2991.52},{"_id":198,"AvendraAlertNonMFDDetailDataId":198,"AvendraAlertInsightid":233,"ERM_Parent":"A0089369","CUST_ID":"A0088597","BP_CATEGORY_NM":"Potatoes","BP_DIST_CATEGORY":"MFD","DIST_NM":"US FOODS (MASTER)","SPEND":5803.34},{"_id":199,"AvendraAlertNonMFDDetailDataId":199,"AvendraAlertInsightid":233,"ERM_Parent":"A0089369","CUST_ID":"A0088597","BP_CATEGORY_NM":"Trash Bags","BP_DIST_CATEGORY":"MFD","DIST_NM":"US FOODS (MASTER)","SPEND":541.71},{"_id":200,"AvendraAlertNonMFDDetailDataId":200,"AvendraAlertInsightid":233,"ERM_Parent":"A0089369","CUST_ID":"A0088597","BP_CATEGORY_NM":"Yogurt","BP_DIST_CATEGORY":"MFD","DIST_NM":"US FOODS (MASTER)","SPEND":969.13},{"_id":201,"AvendraAlertNonMFDDetailDataId":201,"AvendraAlertInsightid":233,"ERM_Parent":"A0089369","CUST_ID":"A0088597","BP_CATEGORY_NM":"Bagels","BP_DIST_CATEGORY":"NON-MFD","DIST_NM":"H&S Bakery Inc","SPEND":563.25},{"_id":202,"AvendraAlertNonMFDDetailDataId":202,"AvendraAlertInsightid":233,"ERM_Parent":"A0089369","CUST_ID":"A0088597","BP_CATEGORY_NM":"Bread","BP_DIST_CATEGORY":"NON-MFD","DIST_NM":"H&S Bakery Inc","SPEND":4661.64},{"_id":203,"AvendraAlertNonMFDDetailDataId":203,"AvendraAlertInsightid":233,"ERM_Parent":"A0089369","CUST_ID":"A0088597","BP_CATEGORY_NM":"Bread","BP_DIST_CATEGORY":"NON-MFD","DIST_NM":"Soft Stuff Distributors, Inc.","SPEND":138.65},{"_id":204,"AvendraAlertNonMFDDetailDataId":204,"AvendraAlertInsightid":233,"ERM_Parent":"A0089369","CUST_ID":"A0088597","BP_CATEGORY_NM":"Cereal","BP_DIST_CATEGORY":"NON-MFD","DIST_NM":"Coastal Sunbelt Produce Company","SPEND":163.2},{"_id":205,"AvendraAlertNonMFDDetailDataId":205,"AvendraAlertInsightid":233,"ERM_Parent":"A0089369","CUST_ID":"A0088597","BP_CATEGORY_NM":"Danish","BP_DIST_CATEGORY":"NON-MFD","DIST_NM":"Clement's Pastry Shop, Inc","SPEND":48.02},{"_id":206,"AvendraAlertNonMFDDetailDataId":206,"AvendraAlertInsightid":233,"ERM_Parent":"A0089369","CUST_ID":"A0088597","BP_CATEGORY_NM":"Disposable Cups","BP_DIST_CATEGORY":"NON-MFD","DIST_NM":"Sherwin Williams","SPEND":14.99},{"_id":207,"AvendraAlertNonMFDDetailDataId":207,"AvendraAlertInsightid":233,"ERM_Parent":"A0089369","CUST_ID":"A0088597","BP_CATEGORY_NM":"Facial Tissues","BP_DIST_CATEGORY":"NON-MFD","DIST_NM":"American Hotel Register","SPEND":968.26},{"_id":208,"AvendraAlertNonMFDDetailDataId":208,"AvendraAlertInsightid":233,"ERM_Parent":"A0089369","CUST_ID":"A0088597","BP_CATEGORY_NM":"Fluid Dairy","BP_DIST_CATEGORY":"NON-MFD","DIST_NM":"Coastal Sunbelt Produce Company","SPEND":1263.05},{"_id":209,"AvendraAlertNonMFDDetailDataId":209,"AvendraAlertInsightid":233,"ERM_Parent":"A0089369","CUST_ID":"A0088597","BP_CATEGORY_NM":"Liquid Eggs / Cooked Eggs","BP_DIST_CATEGORY":"NON-MFD","DIST_NM":"Coastal Sunbelt Produce Company","SPEND":1945.1},{"_id":210,"AvendraAlertNonMFDDetailDataId":210,"AvendraAlertInsightid":233,"ERM_Parent":"A0089369","CUST_ID":"A0088597","BP_CATEGORY_NM":"Muffins","BP_DIST_CATEGORY":"NON-MFD","DIST_NM":"H&S Bakery Inc","SPEND":423},{"_id":211,"AvendraAlertNonMFDDetailDataId":211,"AvendraAlertInsightid":233,"ERM_Parent":"A0089369","CUST_ID":"A0088597","BP_CATEGORY_NM":"Orange Juice","BP_DIST_CATEGORY":"NON-MFD","DIST_NM":"Coastal Sunbelt Produce Company","SPEND":145.38},{"_id":212,"AvendraAlertNonMFDDetailDataId":212,"AvendraAlertInsightid":233,"ERM_Parent":"A0089369","CUST_ID":"A0088597","BP_CATEGORY_NM":"Potatoes","BP_DIST_CATEGORY":"NON-MFD","DIST_NM":"Coastal Sunbelt Produce Company","SPEND":784.38},{"_id":213,"AvendraAlertNonMFDDetailDataId":213,"AvendraAlertInsightid":233,"ERM_Parent":"A0089369","CUST_ID":"A0088597","BP_CATEGORY_NM":"Trash Bags","BP_DIST_CATEGORY":"NON-MFD","DIST_NM":"HD Supply (US)","SPEND":17.97},{"_id":214,"AvendraAlertNonMFDDetailDataId":214,"AvendraAlertInsightid":233,"ERM_Parent":"A0089369","CUST_ID":"A0088597","BP_CATEGORY_NM":"Trash Bags","BP_DIST_CATEGORY":"NON-MFD","DIST_NM":"American Hotel Register","SPEND":904.7},{"_id":215,"AvendraAlertNonMFDDetailDataId":215,"AvendraAlertInsightid":233,"ERM_Parent":"A0089369","CUST_ID":"A0088597","BP_CATEGORY_NM":"Yogurt","BP_DIST_CATEGORY":"NON-MFD","DIST_NM":"Coastal Sunbelt Produce Company","SPEND":8.28},{"_id":216,"AvendraAlertNonMFDDetailDataId":216,"AvendraAlertInsightid":239,"ERM_Parent":"A0089369","CUST_ID":"A0089277","BP_CATEGORY_NM":"Cereal","BP_DIST_CATEGORY":"MFD","DIST_NM":"US FOODS (MASTER)","SPEND":1033.35},{"_id":217,"AvendraAlertNonMFDDetailDataId":217,"AvendraAlertInsightid":239,"ERM_Parent":"A0089369","CUST_ID":"A0089277","BP_CATEGORY_NM":"Disposable Cups","BP_DIST_CATEGORY":"MFD","DIST_NM":"US FOODS (MASTER)","SPEND":2455.52},{"_id":218,"AvendraAlertNonMFDDetailDataId":218,"AvendraAlertInsightid":239,"ERM_Parent":"A0089369","CUST_ID":"A0089277","BP_CATEGORY_NM":"Fluid Dairy","BP_DIST_CATEGORY":"MFD","DIST_NM":"US FOODS (MASTER)","SPEND":5745.04},{"_id":219,"AvendraAlertNonMFDDetailDataId":219,"AvendraAlertInsightid":239,"ERM_Parent":"A0089369","CUST_ID":"A0089277","BP_CATEGORY_NM":"Gloves","BP_DIST_CATEGORY":"MFD","DIST_NM":"US FOODS (MASTER)","SPEND":3665.56},{"_id":220,"AvendraAlertNonMFDDetailDataId":220,"AvendraAlertInsightid":239,"ERM_Parent":"A0089369","CUST_ID":"A0089277","BP_CATEGORY_NM":"Trash Bags","BP_DIST_CATEGORY":"MFD","DIST_NM":"US FOODS (MASTER)","SPEND":680.09},{"_id":221,"AvendraAlertNonMFDDetailDataId":221,"AvendraAlertInsightid":239,"ERM_Parent":"A0089369","CUST_ID":"A0089277","BP_CATEGORY_NM":"Water","BP_DIST_CATEGORY":"MFD","DIST_NM":"US FOODS (MASTER)","SPEND":357.5},{"_id":222,"AvendraAlertNonMFDDetailDataId":222,"AvendraAlertInsightid":239,"ERM_Parent":"A0089369","CUST_ID":"A0089277","BP_CATEGORY_NM":"Cereal","BP_DIST_CATEGORY":"NON-MFD","DIST_NM":"Vistar","SPEND":119.55},{"_id":223,"AvendraAlertNonMFDDetailDataId":223,"AvendraAlertInsightid":239,"ERM_Parent":"A0089369","CUST_ID":"A0089277","BP_CATEGORY_NM":"Disposable Cups","BP_DIST_CATEGORY":"NON-MFD","DIST_NM":"American Hotel Register","SPEND":735.2},{"_id":224,"AvendraAlertNonMFDDetailDataId":224,"AvendraAlertInsightid":239,"ERM_Parent":"A0089369","CUST_ID":"A0089277","BP_CATEGORY_NM":"Facial Tissues","BP_DIST_CATEGORY":"NON-MFD","DIST_NM":"American Hotel Register","SPEND":977.55},{"_id":225,"AvendraAlertNonMFDDetailDataId":225,"AvendraAlertInsightid":239,"ERM_Parent":"A0089369","CUST_ID":"A0089277","BP_CATEGORY_NM":"Fluid Dairy","BP_DIST_CATEGORY":"NON-MFD","DIST_NM":"Vistar","SPEND":640.02},{"_id":226,"AvendraAlertNonMFDDetailDataId":226,"AvendraAlertInsightid":239,"ERM_Parent":"A0089369","CUST_ID":"A0089277","BP_CATEGORY_NM":"Gloves","BP_DIST_CATEGORY":"NON-MFD","DIST_NM":"Grainger Industrial Supply (Master)","SPEND":13.2},{"_id":227,"AvendraAlertNonMFDDetailDataId":227,"AvendraAlertInsightid":239,"ERM_Parent":"A0089369","CUST_ID":"A0089277","BP_CATEGORY_NM":"Gloves","BP_DIST_CATEGORY":"NON-MFD","DIST_NM":"American Hotel Register","SPEND":30.01},{"_id":228,"AvendraAlertNonMFDDetailDataId":228,"AvendraAlertInsightid":239,"ERM_Parent":"A0089369","CUST_ID":"A0089277","BP_CATEGORY_NM":"Toilet Tissues","BP_DIST_CATEGORY":"NON-MFD","DIST_NM":"American Hotel Register","SPEND":3825.91},{"_id":229,"AvendraAlertNonMFDDetailDataId":229,"AvendraAlertInsightid":239,"ERM_Parent":"A0089369","CUST_ID":"A0089277","BP_CATEGORY_NM":"Trash Bags","BP_DIST_CATEGORY":"NON-MFD","DIST_NM":"HD Supply (US)","SPEND":48.75},{"_id":230,"AvendraAlertNonMFDDetailDataId":230,"AvendraAlertInsightid":239,"ERM_Parent":"A0089369","CUST_ID":"A0089277","BP_CATEGORY_NM":"Trash Bags","BP_DIST_CATEGORY":"NON-MFD","DIST_NM":"Grainger Industrial Supply (Master)","SPEND":67.24},{"_id":231,"AvendraAlertNonMFDDetailDataId":231,"AvendraAlertInsightid":239,"ERM_Parent":"A0089369","CUST_ID":"A0089277","BP_CATEGORY_NM":"Trash Bags","BP_DIST_CATEGORY":"NON-MFD","DIST_NM":"American Hotel Register","SPEND":1304.04},{"_id":232,"AvendraAlertNonMFDDetailDataId":232,"AvendraAlertInsightid":239,"ERM_Parent":"A0089369","CUST_ID":"A0089277","BP_CATEGORY_NM":"Water","BP_DIST_CATEGORY":"NON-MFD","DIST_NM":"Vistar","SPEND":100.44},{"_id":233,"AvendraAlertNonMFDDetailDataId":233,"AvendraAlertInsightid":245,"ERM_Parent":"A0089369","CUST_ID":"A0095382","BP_CATEGORY_NM":"Disposable Cups","BP_DIST_CATEGORY":"MFD","DIST_NM":"US FOODS (MASTER)","SPEND":1872.74},{"_id":234,"AvendraAlertNonMFDDetailDataId":234,"AvendraAlertInsightid":245,"ERM_Parent":"A0089369","CUST_ID":"A0095382","BP_CATEGORY_NM":"Gloves","BP_DIST_CATEGORY":"MFD","DIST_NM":"US FOODS (MASTER)","SPEND":1180.54},{"_id":235,"AvendraAlertNonMFDDetailDataId":235,"AvendraAlertInsightid":245,"ERM_Parent":"A0089369","CUST_ID":"A0095382","BP_CATEGORY_NM":"Trash Bags","BP_DIST_CATEGORY":"MFD","DIST_NM":"US FOODS (MASTER)","SPEND":1070.68},{"_id":236,"AvendraAlertNonMFDDetailDataId":236,"AvendraAlertInsightid":245,"ERM_Parent":"A0089369","CUST_ID":"A0095382","BP_CATEGORY_NM":"Disposable Cups","BP_DIST_CATEGORY":"NON-MFD","DIST_NM":"American Hotel Register","SPEND":1153.57},{"_id":237,"AvendraAlertNonMFDDetailDataId":237,"AvendraAlertInsightid":245,"ERM_Parent":"A0089369","CUST_ID":"A0095382","BP_CATEGORY_NM":"Facial Tissues","BP_DIST_CATEGORY":"NON-MFD","DIST_NM":"American Hotel Register","SPEND":916.18},{"_id":238,"AvendraAlertNonMFDDetailDataId":238,"AvendraAlertInsightid":245,"ERM_Parent":"A0089369","CUST_ID":"A0095382","BP_CATEGORY_NM":"Gloves","BP_DIST_CATEGORY":"NON-MFD","DIST_NM":"American Hotel Register","SPEND":551.15},{"_id":239,"AvendraAlertNonMFDDetailDataId":239,"AvendraAlertInsightid":245,"ERM_Parent":"A0089369","CUST_ID":"A0095382","BP_CATEGORY_NM":"Toilet Tissues","BP_DIST_CATEGORY":"NON-MFD","DIST_NM":"American Hotel Register","SPEND":1288.16},{"_id":240,"AvendraAlertNonMFDDetailDataId":240,"AvendraAlertInsightid":245,"ERM_Parent":"A0089369","CUST_ID":"A0095382","BP_CATEGORY_NM":"Trash Bags","BP_DIST_CATEGORY":"NON-MFD","DIST_NM":"American Hotel Register","SPEND":1054.02},{"_id":241,"AvendraAlertNonMFDDetailDataId":241,"AvendraAlertInsightid":249,"ERM_Parent":"A0089369","CUST_ID":"A0095387","BP_CATEGORY_NM":"Bread","BP_DIST_CATEGORY":"MFD","DIST_NM":"US FOODS (MASTER)","SPEND":1261.24},{"_id":242,"AvendraAlertNonMFDDetailDataId":242,"AvendraAlertInsightid":249,"ERM_Parent":"A0089369","CUST_ID":"A0095387","BP_CATEGORY_NM":"Chicken","BP_DIST_CATEGORY":"MFD","DIST_NM":"US FOODS (MASTER)","SPEND":2114.05},{"_id":243,"AvendraAlertNonMFDDetailDataId":243,"AvendraAlertInsightid":249,"ERM_Parent":"A0089369","CUST_ID":"A0095387","BP_CATEGORY_NM":"Disposable Cups","BP_DIST_CATEGORY":"MFD","DIST_NM":"US FOODS (MASTER)","SPEND":1047.19},{"_id":244,"AvendraAlertNonMFDDetailDataId":244,"AvendraAlertInsightid":249,"ERM_Parent":"A0089369","CUST_ID":"A0095387","BP_CATEGORY_NM":"Fluid Dairy","BP_DIST_CATEGORY":"MFD","DIST_NM":"US FOODS (MASTER)","SPEND":2221.81},{"_id":245,"AvendraAlertNonMFDDetailDataId":245,"AvendraAlertInsightid":249,"ERM_Parent":"A0089369","CUST_ID":"A0095387","BP_CATEGORY_NM":"Gloves","BP_DIST_CATEGORY":"MFD","DIST_NM":"US FOODS (MASTER)","SPEND":757.52},{"_id":246,"AvendraAlertNonMFDDetailDataId":246,"AvendraAlertInsightid":249,"ERM_Parent":"A0089369","CUST_ID":"A0095387","BP_CATEGORY_NM":"Liquid Eggs / Cooked Eggs","BP_DIST_CATEGORY":"MFD","DIST_NM":"US FOODS (MASTER)","SPEND":3453.03},{"_id":247,"AvendraAlertNonMFDDetailDataId":247,"AvendraAlertInsightid":249,"ERM_Parent":"A0089369","CUST_ID":"A0095387","BP_CATEGORY_NM":"Muffins","BP_DIST_CATEGORY":"MFD","DIST_NM":"US FOODS (MASTER)","SPEND":258.62},{"_id":248,"AvendraAlertNonMFDDetailDataId":248,"AvendraAlertInsightid":249,"ERM_Parent":"A0089369","CUST_ID":"A0095387","BP_CATEGORY_NM":"Potatoes","BP_DIST_CATEGORY":"MFD","DIST_NM":"US FOODS (MASTER)","SPEND":4431.19},{"_id":249,"AvendraAlertNonMFDDetailDataId":249,"AvendraAlertInsightid":249,"ERM_Parent":"A0089369","CUST_ID":"A0095387","BP_CATEGORY_NM":"Sausage","BP_DIST_CATEGORY":"MFD","DIST_NM":"US FOODS (MASTER)","SPEND":1390.32},{"_id":250,"AvendraAlertNonMFDDetailDataId":250,"AvendraAlertInsightid":249,"ERM_Parent":"A0089369","CUST_ID":"A0095387","BP_CATEGORY_NM":"Yogurt","BP_DIST_CATEGORY":"MFD","DIST_NM":"US FOODS (MASTER)","SPEND":894.73},{"_id":251,"AvendraAlertNonMFDDetailDataId":251,"AvendraAlertInsightid":249,"ERM_Parent":"A0089369","CUST_ID":"A0095387","BP_CATEGORY_NM":"Bread","BP_DIST_CATEGORY":"NON-MFD","DIST_NM":"Highland Baking Co.","SPEND":3533.4},{"_id":252,"AvendraAlertNonMFDDetailDataId":252,"AvendraAlertInsightid":249,"ERM_Parent":"A0089369","CUST_ID":"A0095387","BP_CATEGORY_NM":"Chicken","BP_DIST_CATEGORY":"NON-MFD","DIST_NM":"Meats by Linz, Inc","SPEND":10474.4},{"_id":253,"AvendraAlertNonMFDDetailDataId":253,"AvendraAlertInsightid":249,"ERM_Parent":"A0089369","CUST_ID":"A0095387","BP_CATEGORY_NM":"Disposable Cups","BP_DIST_CATEGORY":"NON-MFD","DIST_NM":"HD Supply (US)","SPEND":1022.31},{"_id":254,"AvendraAlertNonMFDDetailDataId":254,"AvendraAlertInsightid":249,"ERM_Parent":"A0089369","CUST_ID":"A0095387","BP_CATEGORY_NM":"Disposable Cups","BP_DIST_CATEGORY":"NON-MFD","DIST_NM":"Grainger Industrial Supply (Master)","SPEND":16.03},{"_id":255,"AvendraAlertNonMFDDetailDataId":255,"AvendraAlertInsightid":249,"ERM_Parent":"A0089369","CUST_ID":"A0095387","BP_CATEGORY_NM":"Disposable Cups","BP_DIST_CATEGORY":"NON-MFD","DIST_NM":"American Hotel Register","SPEND":1518.41},{"_id":256,"AvendraAlertNonMFDDetailDataId":256,"AvendraAlertInsightid":249,"ERM_Parent":"A0089369","CUST_ID":"A0095387","BP_CATEGORY_NM":"Fluid Dairy","BP_DIST_CATEGORY":"NON-MFD","DIST_NM":"Testa Produce","SPEND":806.25},{"_id":257,"AvendraAlertNonMFDDetailDataId":257,"AvendraAlertInsightid":249,"ERM_Parent":"A0089369","CUST_ID":"A0095387","BP_CATEGORY_NM":"Gloves","BP_DIST_CATEGORY":"NON-MFD","DIST_NM":"HD Supply (US)","SPEND":32.32},{"_id":258,"AvendraAlertNonMFDDetailDataId":258,"AvendraAlertInsightid":249,"ERM_Parent":"A0089369","CUST_ID":"A0095387","BP_CATEGORY_NM":"Liquid Eggs / Cooked Eggs","BP_DIST_CATEGORY":"NON-MFD","DIST_NM":"Testa Produce","SPEND":60.8},{"_id":259,"AvendraAlertNonMFDDetailDataId":259,"AvendraAlertInsightid":249,"ERM_Parent":"A0089369","CUST_ID":"A0095387","BP_CATEGORY_NM":"Muffins","BP_DIST_CATEGORY":"NON-MFD","DIST_NM":"Testa Produce","SPEND":46.8},{"_id":260,"AvendraAlertNonMFDDetailDataId":260,"AvendraAlertInsightid":249,"ERM_Parent":"A0089369","CUST_ID":"A0095387","BP_CATEGORY_NM":"Potatoes","BP_DIST_CATEGORY":"NON-MFD","DIST_NM":"Testa Produce","SPEND":945.5},{"_id":261,"AvendraAlertNonMFDDetailDataId":261,"AvendraAlertInsightid":249,"ERM_Parent":"A0089369","CUST_ID":"A0095387","BP_CATEGORY_NM":"Sausage","BP_DIST_CATEGORY":"NON-MFD","DIST_NM":"Meats by Linz, Inc","SPEND":375},{"_id":262,"AvendraAlertNonMFDDetailDataId":262,"AvendraAlertInsightid":249,"ERM_Parent":"A0089369","CUST_ID":"A0095387","BP_CATEGORY_NM":"Yogurt","BP_DIST_CATEGORY":"NON-MFD","DIST_NM":"Testa Produce","SPEND":27.6},{"_id":263,"AvendraAlertNonMFDDetailDataId":263,"AvendraAlertInsightid":253,"ERM_Parent":"A0089369","CUST_ID":"A0095927","BP_CATEGORY_NM":"Disposable Cups","BP_DIST_CATEGORY":"MFD","DIST_NM":"GORDON FOOD SERVICE MID WEST (PARENT)","SPEND":193.65},{"_id":264,"AvendraAlertNonMFDDetailDataId":264,"AvendraAlertInsightid":253,"ERM_Parent":"A0089369","CUST_ID":"A0095927","BP_CATEGORY_NM":"Fluid Dairy","BP_DIST_CATEGORY":"MFD","DIST_NM":"GORDON FOOD SERVICE MID WEST (PARENT)","SPEND":32.18},{"_id":265,"AvendraAlertNonMFDDetailDataId":265,"AvendraAlertInsightid":253,"ERM_Parent":"A0089369","CUST_ID":"A0095927","BP_CATEGORY_NM":"Gloves","BP_DIST_CATEGORY":"MFD","DIST_NM":"GORDON FOOD SERVICE MID WEST (PARENT)","SPEND":479.6},{"_id":266,"AvendraAlertNonMFDDetailDataId":266,"AvendraAlertInsightid":253,"ERM_Parent":"A0089369","CUST_ID":"A0095927","BP_CATEGORY_NM":"Muffins","BP_DIST_CATEGORY":"MFD","DIST_NM":"GORDON FOOD SERVICE MID WEST (PARENT)","SPEND":102.04},{"_id":267,"AvendraAlertNonMFDDetailDataId":267,"AvendraAlertInsightid":253,"ERM_Parent":"A0089369","CUST_ID":"A0095927","BP_CATEGORY_NM":"Orange Juice","BP_DIST_CATEGORY":"MFD","DIST_NM":"GORDON FOOD SERVICE MID WEST (PARENT)","SPEND":126.74},{"_id":268,"AvendraAlertNonMFDDetailDataId":268,"AvendraAlertInsightid":253,"ERM_Parent":"A0089369","CUST_ID":"A0095927","BP_CATEGORY_NM":"Trash Bags","BP_DIST_CATEGORY":"MFD","DIST_NM":"GORDON FOOD SERVICE MID WEST (PARENT)","SPEND":856.32},{"_id":269,"AvendraAlertNonMFDDetailDataId":269,"AvendraAlertInsightid":253,"ERM_Parent":"A0089369","CUST_ID":"A0095927","BP_CATEGORY_NM":"Water","BP_DIST_CATEGORY":"MFD","DIST_NM":"GORDON FOOD SERVICE MID WEST (PARENT)","SPEND":8.94},{"_id":270,"AvendraAlertNonMFDDetailDataId":270,"AvendraAlertInsightid":253,"ERM_Parent":"A0089369","CUST_ID":"A0095927","BP_CATEGORY_NM":"Yogurt","BP_DIST_CATEGORY":"MFD","DIST_NM":"GORDON FOOD SERVICE MID WEST (PARENT)","SPEND":242.7},{"_id":271,"AvendraAlertNonMFDDetailDataId":271,"AvendraAlertInsightid":253,"ERM_Parent":"A0089369","CUST_ID":"A0095927","BP_CATEGORY_NM":"Disposable Cups","BP_DIST_CATEGORY":"NON-MFD","DIST_NM":"American Hotel Register","SPEND":3014.72},{"_id":272,"AvendraAlertNonMFDDetailDataId":272,"AvendraAlertInsightid":253,"ERM_Parent":"A0089369","CUST_ID":"A0095927","BP_CATEGORY_NM":"Disposable Cups","BP_DIST_CATEGORY":"NON-MFD","DIST_NM":"The Wasserstrom Company","SPEND":619.07},{"_id":273,"AvendraAlertNonMFDDetailDataId":273,"AvendraAlertInsightid":253,"ERM_Parent":"A0089369","CUST_ID":"A0095927","BP_CATEGORY_NM":"Facial Tissues","BP_DIST_CATEGORY":"NON-MFD","DIST_NM":"American Hotel Register","SPEND":842.51},{"_id":274,"AvendraAlertNonMFDDetailDataId":274,"AvendraAlertInsightid":253,"ERM_Parent":"A0089369","CUST_ID":"A0095927","BP_CATEGORY_NM":"Fluid Dairy","BP_DIST_CATEGORY":"NON-MFD","DIST_NM":"Vistar","SPEND":368.96},{"_id":275,"AvendraAlertNonMFDDetailDataId":275,"AvendraAlertInsightid":253,"ERM_Parent":"A0089369","CUST_ID":"A0095927","BP_CATEGORY_NM":"Gloves","BP_DIST_CATEGORY":"NON-MFD","DIST_NM":"American Hotel Register","SPEND":34.9},{"_id":276,"AvendraAlertNonMFDDetailDataId":276,"AvendraAlertInsightid":253,"ERM_Parent":"A0089369","CUST_ID":"A0095927","BP_CATEGORY_NM":"Muffins","BP_DIST_CATEGORY":"NON-MFD","DIST_NM":"Vistar","SPEND":438.16},{"_id":277,"AvendraAlertNonMFDDetailDataId":277,"AvendraAlertInsightid":253,"ERM_Parent":"A0089369","CUST_ID":"A0095927","BP_CATEGORY_NM":"Orange Juice","BP_DIST_CATEGORY":"NON-MFD","DIST_NM":"Pepsi - Marriott","SPEND":200},{"_id":278,"AvendraAlertNonMFDDetailDataId":278,"AvendraAlertInsightid":253,"ERM_Parent":"A0089369","CUST_ID":"A0095927","BP_CATEGORY_NM":"Soda Pre/Post-Mix","BP_DIST_CATEGORY":"NON-MFD","DIST_NM":"Pepsi - Marriott","SPEND":430.95},{"_id":279,"AvendraAlertNonMFDDetailDataId":279,"AvendraAlertInsightid":253,"ERM_Parent":"A0089369","CUST_ID":"A0095927","BP_CATEGORY_NM":"Trash Bags","BP_DIST_CATEGORY":"NON-MFD","DIST_NM":"American Hotel Register","SPEND":271.35},{"_id":280,"AvendraAlertNonMFDDetailDataId":280,"AvendraAlertInsightid":253,"ERM_Parent":"A0089369","CUST_ID":"A0095927","BP_CATEGORY_NM":"Water","BP_DIST_CATEGORY":"NON-MFD","DIST_NM":"Pepsi - Marriott","SPEND":2548.52},{"_id":281,"AvendraAlertNonMFDDetailDataId":281,"AvendraAlertInsightid":253,"ERM_Parent":"A0089369","CUST_ID":"A0095927","BP_CATEGORY_NM":"Water","BP_DIST_CATEGORY":"NON-MFD","DIST_NM":"Vistar","SPEND":5.37},{"_id":282,"AvendraAlertNonMFDDetailDataId":282,"AvendraAlertInsightid":253,"ERM_Parent":"A0089369","CUST_ID":"A0095927","BP_CATEGORY_NM":"Yogurt","BP_DIST_CATEGORY":"NON-MFD","DIST_NM":"Vistar","SPEND":30.14},{"_id":283,"AvendraAlertNonMFDDetailDataId":283,"AvendraAlertInsightid":259,"ERM_Parent":"A0089369","CUST_ID":"A0096958","BP_CATEGORY_NM":"Disposable Cups","BP_DIST_CATEGORY":"NON-MFD","DIST_NM":"American Hotel Register","SPEND":295.28},{"_id":284,"AvendraAlertNonMFDDetailDataId":284,"AvendraAlertInsightid":259,"ERM_Parent":"A0089369","CUST_ID":"A0096958","BP_CATEGORY_NM":"Facial Tissues","BP_DIST_CATEGORY":"NON-MFD","DIST_NM":"American Hotel Register","SPEND":437.25},{"_id":285,"AvendraAlertNonMFDDetailDataId":285,"AvendraAlertInsightid":259,"ERM_Parent":"A0089369","CUST_ID":"A0096958","BP_CATEGORY_NM":"Gloves","BP_DIST_CATEGORY":"NON-MFD","DIST_NM":"HD Supply (US)","SPEND":24.24},{"_id":286,"AvendraAlertNonMFDDetailDataId":286,"AvendraAlertInsightid":259,"ERM_Parent":"A0089369","CUST_ID":"A0096958","BP_CATEGORY_NM":"Toilet Tissues","BP_DIST_CATEGORY":"NON-MFD","DIST_NM":"American Hotel Register","SPEND":1012.25},{"_id":287,"AvendraAlertNonMFDDetailDataId":287,"AvendraAlertInsightid":259,"ERM_Parent":"A0089369","CUST_ID":"A0096958","BP_CATEGORY_NM":"Trash Bags","BP_DIST_CATEGORY":"NON-MFD","DIST_NM":"American Hotel Register","SPEND":649.22},{"_id":288,"AvendraAlertNonMFDDetailDataId":288,"AvendraAlertInsightid":265,"ERM_Parent":"A0089369","CUST_ID":"A0101100","BP_CATEGORY_NM":"Disposable Cups","BP_DIST_CATEGORY":"MFD","DIST_NM":"US FOODS (MASTER)","SPEND":1945.33},{"_id":289,"AvendraAlertNonMFDDetailDataId":289,"AvendraAlertInsightid":265,"ERM_Parent":"A0089369","CUST_ID":"A0101100","BP_CATEGORY_NM":"Gloves","BP_DIST_CATEGORY":"MFD","DIST_NM":"US FOODS (MASTER)","SPEND":91.17},{"_id":290,"AvendraAlertNonMFDDetailDataId":290,"AvendraAlertInsightid":265,"ERM_Parent":"A0089369","CUST_ID":"A0101100","BP_CATEGORY_NM":"Jams","BP_DIST_CATEGORY":"MFD","DIST_NM":"US FOODS (MASTER)","SPEND":113.54},{"_id":291,"AvendraAlertNonMFDDetailDataId":291,"AvendraAlertInsightid":265,"ERM_Parent":"A0089369","CUST_ID":"A0101100","BP_CATEGORY_NM":"Orange Juice","BP_DIST_CATEGORY":"MFD","DIST_NM":"US FOODS (MASTER)","SPEND":1274.25},{"_id":292,"AvendraAlertNonMFDDetailDataId":292,"AvendraAlertInsightid":265,"ERM_Parent":"A0089369","CUST_ID":"A0101100","BP_CATEGORY_NM":"Toilet Tissues","BP_DIST_CATEGORY":"MFD","DIST_NM":"US FOODS (MASTER)","SPEND":670.88},{"_id":293,"AvendraAlertNonMFDDetailDataId":293,"AvendraAlertInsightid":265,"ERM_Parent":"A0089369","CUST_ID":"A0101100","BP_CATEGORY_NM":"Trash Bags","BP_DIST_CATEGORY":"MFD","DIST_NM":"US FOODS (MASTER)","SPEND":625.99},{"_id":294,"AvendraAlertNonMFDDetailDataId":294,"AvendraAlertInsightid":265,"ERM_Parent":"A0089369","CUST_ID":"A0101100","BP_CATEGORY_NM":"Water","BP_DIST_CATEGORY":"MFD","DIST_NM":"US FOODS (MASTER)","SPEND":217.78},{"_id":295,"AvendraAlertNonMFDDetailDataId":295,"AvendraAlertInsightid":265,"ERM_Parent":"A0089369","CUST_ID":"A0101100","BP_CATEGORY_NM":"Yogurt","BP_DIST_CATEGORY":"MFD","DIST_NM":"US FOODS (MASTER)","SPEND":2486.02},{"_id":296,"AvendraAlertNonMFDDetailDataId":296,"AvendraAlertInsightid":265,"ERM_Parent":"A0089369","CUST_ID":"A0101100","BP_CATEGORY_NM":"Disposable Cups","BP_DIST_CATEGORY":"NON-MFD","DIST_NM":"Royal Cup","SPEND":2556.84},{"_id":297,"AvendraAlertNonMFDDetailDataId":297,"AvendraAlertInsightid":265,"ERM_Parent":"A0089369","CUST_ID":"A0101100","BP_CATEGORY_NM":"Gloves","BP_DIST_CATEGORY":"NON-MFD","DIST_NM":"American Hotel Register","SPEND":90.03},{"_id":298,"AvendraAlertNonMFDDetailDataId":298,"AvendraAlertInsightid":265,"ERM_Parent":"A0089369","CUST_ID":"A0101100","BP_CATEGORY_NM":"Jams","BP_DIST_CATEGORY":"NON-MFD","DIST_NM":"Vistar","SPEND":16.57},{"_id":299,"AvendraAlertNonMFDDetailDataId":299,"AvendraAlertInsightid":265,"ERM_Parent":"A0089369","CUST_ID":"A0101100","BP_CATEGORY_NM":"Orange Juice","BP_DIST_CATEGORY":"NON-MFD","DIST_NM":"Pepsi - Marriott","SPEND":48},{"_id":300,"AvendraAlertNonMFDDetailDataId":300,"AvendraAlertInsightid":265,"ERM_Parent":"A0089369","CUST_ID":"A0101100","BP_CATEGORY_NM":"Soda Pre/Post-Mix","BP_DIST_CATEGORY":"NON-MFD","DIST_NM":"Pepsi - Marriott","SPEND":74.55},{"_id":301,"AvendraAlertNonMFDDetailDataId":301,"AvendraAlertInsightid":265,"ERM_Parent":"A0089369","CUST_ID":"A0101100","BP_CATEGORY_NM":"Toilet Tissues","BP_DIST_CATEGORY":"NON-MFD","DIST_NM":"American Hotel Register","SPEND":416.28},{"_id":302,"AvendraAlertNonMFDDetailDataId":302,"AvendraAlertInsightid":265,"ERM_Parent":"A0089369","CUST_ID":"A0101100","BP_CATEGORY_NM":"Trash Bags","BP_DIST_CATEGORY":"NON-MFD","DIST_NM":"HD Supply (US)","SPEND":55.2},{"_id":303,"AvendraAlertNonMFDDetailDataId":303,"AvendraAlertInsightid":265,"ERM_Parent":"A0089369","CUST_ID":"A0101100","BP_CATEGORY_NM":"Trash Bags","BP_DIST_CATEGORY":"NON-MFD","DIST_NM":"American Hotel Register","SPEND":59.19},{"_id":304,"AvendraAlertNonMFDDetailDataId":304,"AvendraAlertInsightid":265,"ERM_Parent":"A0089369","CUST_ID":"A0101100","BP_CATEGORY_NM":"Water","BP_DIST_CATEGORY":"NON-MFD","DIST_NM":"Pepsi - Marriott","SPEND":438.94},{"_id":305,"AvendraAlertNonMFDDetailDataId":305,"AvendraAlertInsightid":265,"ERM_Parent":"A0089369","CUST_ID":"A0101100","BP_CATEGORY_NM":"Yogurt","BP_DIST_CATEGORY":"NON-MFD","DIST_NM":"HD Supply (US)","SPEND":20.12},{"_id":306,"AvendraAlertNonMFDDetailDataId":306,"AvendraAlertInsightid":271,"ERM_Parent":"A0089369","CUST_ID":"A0148606","BP_CATEGORY_NM":"Disposable Cups","BP_DIST_CATEGORY":"NON-MFD","DIST_NM":"HD Supply (US)","SPEND":2662.98},{"_id":307,"AvendraAlertNonMFDDetailDataId":307,"AvendraAlertInsightid":271,"ERM_Parent":"A0089369","CUST_ID":"A0148606","BP_CATEGORY_NM":"Disposable Cups","BP_DIST_CATEGORY":"NON-MFD","DIST_NM":"American Hotel Register","SPEND":1499.98},{"_id":308,"AvendraAlertNonMFDDetailDataId":308,"AvendraAlertInsightid":271,"ERM_Parent":"A0089369","CUST_ID":"A0148606","BP_CATEGORY_NM":"Facial Tissues","BP_DIST_CATEGORY":"NON-MFD","DIST_NM":"American Hotel Register","SPEND":1098.8},{"_id":309,"AvendraAlertNonMFDDetailDataId":309,"AvendraAlertInsightid":271,"ERM_Parent":"A0089369","CUST_ID":"A0148606","BP_CATEGORY_NM":"Fluid Dairy","BP_DIST_CATEGORY":"NON-MFD","DIST_NM":"Corey Brothers, Inc.","SPEND":1282.63},{"_id":310,"AvendraAlertNonMFDDetailDataId":310,"AvendraAlertInsightid":271,"ERM_Parent":"A0089369","CUST_ID":"A0148606","BP_CATEGORY_NM":"Trash Bags","BP_DIST_CATEGORY":"NON-MFD","DIST_NM":"American Hotel Register","SPEND":1089},{"_id":311,"AvendraAlertNonMFDDetailDataId":311,"AvendraAlertInsightid":275,"ERM_Parent":"A0089369","CUST_ID":"A0148607","BP_CATEGORY_NM":"Bacon","BP_DIST_CATEGORY":"MFD","DIST_NM":"US FOODS (MASTER)","SPEND":2360.05},{"_id":312,"AvendraAlertNonMFDDetailDataId":312,"AvendraAlertInsightid":275,"ERM_Parent":"A0089369","CUST_ID":"A0148607","BP_CATEGORY_NM":"Bread","BP_DIST_CATEGORY":"MFD","DIST_NM":"US FOODS (MASTER)","SPEND":3171.31},{"_id":313,"AvendraAlertNonMFDDetailDataId":313,"AvendraAlertInsightid":275,"ERM_Parent":"A0089369","CUST_ID":"A0148607","BP_CATEGORY_NM":"Chicken","BP_DIST_CATEGORY":"MFD","DIST_NM":"US FOODS (MASTER)","SPEND":9474.3},{"_id":314,"AvendraAlertNonMFDDetailDataId":314,"AvendraAlertInsightid":275,"ERM_Parent":"A0089369","CUST_ID":"A0148607","BP_CATEGORY_NM":"Disposable Cups","BP_DIST_CATEGORY":"MFD","DIST_NM":"US FOODS (MASTER)","SPEND":2537.93},{"_id":315,"AvendraAlertNonMFDDetailDataId":315,"AvendraAlertInsightid":275,"ERM_Parent":"A0089369","CUST_ID":"A0148607","BP_CATEGORY_NM":"Fluid Dairy","BP_DIST_CATEGORY":"MFD","DIST_NM":"US FOODS (MASTER)","SPEND":1921.02},{"_id":316,"AvendraAlertNonMFDDetailDataId":316,"AvendraAlertInsightid":275,"ERM_Parent":"A0089369","CUST_ID":"A0148607","BP_CATEGORY_NM":"Potatoes","BP_DIST_CATEGORY":"MFD","DIST_NM":"US FOODS (MASTER)","SPEND":7758},{"_id":317,"AvendraAlertNonMFDDetailDataId":317,"AvendraAlertInsightid":275,"ERM_Parent":"A0089369","CUST_ID":"A0148607","BP_CATEGORY_NM":"Trash Bags","BP_DIST_CATEGORY":"MFD","DIST_NM":"US FOODS (MASTER)","SPEND":1131},{"_id":318,"AvendraAlertNonMFDDetailDataId":318,"AvendraAlertInsightid":275,"ERM_Parent":"A0089369","CUST_ID":"A0148607","BP_CATEGORY_NM":"Bacon","BP_DIST_CATEGORY":"NON-MFD","DIST_NM":"Buzz Products Inc.","SPEND":338.69},{"_id":319,"AvendraAlertNonMFDDetailDataId":319,"AvendraAlertInsightid":275,"ERM_Parent":"A0089369","CUST_ID":"A0148607","BP_CATEGORY_NM":"Bread","BP_DIST_CATEGORY":"NON-MFD","DIST_NM":"Buzz Products Inc.","SPEND":33.4},{"_id":320,"AvendraAlertNonMFDDetailDataId":320,"AvendraAlertInsightid":275,"ERM_Parent":"A0089369","CUST_ID":"A0148607","BP_CATEGORY_NM":"Chicken","BP_DIST_CATEGORY":"NON-MFD","DIST_NM":"Buzz Products Inc.","SPEND":2024.98},{"_id":321,"AvendraAlertNonMFDDetailDataId":321,"AvendraAlertInsightid":275,"ERM_Parent":"A0089369","CUST_ID":"A0148607","BP_CATEGORY_NM":"Disposable Cups","BP_DIST_CATEGORY":"NON-MFD","DIST_NM":"Office Depot U.S. & Caribbean","SPEND":45.26},{"_id":322,"AvendraAlertNonMFDDetailDataId":322,"AvendraAlertInsightid":275,"ERM_Parent":"A0089369","CUST_ID":"A0148607","BP_CATEGORY_NM":"Disposable Cups","BP_DIST_CATEGORY":"NON-MFD","DIST_NM":"American Hotel Register","SPEND":1528.72},{"_id":323,"AvendraAlertNonMFDDetailDataId":323,"AvendraAlertInsightid":275,"ERM_Parent":"A0089369","CUST_ID":"A0148607","BP_CATEGORY_NM":"Facial Tissues","BP_DIST_CATEGORY":"NON-MFD","DIST_NM":"American Hotel Register","SPEND":935.6},{"_id":324,"AvendraAlertNonMFDDetailDataId":324,"AvendraAlertInsightid":275,"ERM_Parent":"A0089369","CUST_ID":"A0148607","BP_CATEGORY_NM":"Fluid Dairy","BP_DIST_CATEGORY":"NON-MFD","DIST_NM":"Corey Brothers, Inc.","SPEND":398.97},{"_id":325,"AvendraAlertNonMFDDetailDataId":325,"AvendraAlertInsightid":275,"ERM_Parent":"A0089369","CUST_ID":"A0148607","BP_CATEGORY_NM":"Potatoes","BP_DIST_CATEGORY":"NON-MFD","DIST_NM":"Corey Brothers, Inc.","SPEND":382.85},{"_id":326,"AvendraAlertNonMFDDetailDataId":326,"AvendraAlertInsightid":275,"ERM_Parent":"A0089369","CUST_ID":"A0148607","BP_CATEGORY_NM":"Toilet Tissues","BP_DIST_CATEGORY":"NON-MFD","DIST_NM":"Office Depot U.S. & Caribbean","SPEND":253.04},{"_id":327,"AvendraAlertNonMFDDetailDataId":327,"AvendraAlertInsightid":275,"ERM_Parent":"A0089369","CUST_ID":"A0148607","BP_CATEGORY_NM":"Toilet Tissues","BP_DIST_CATEGORY":"NON-MFD","DIST_NM":"American Hotel Register","SPEND":1320.7},{"_id":328,"AvendraAlertNonMFDDetailDataId":328,"AvendraAlertInsightid":275,"ERM_Parent":"A0089369","CUST_ID":"A0148607","BP_CATEGORY_NM":"Trash Bags","BP_DIST_CATEGORY":"NON-MFD","DIST_NM":"HD Supply (US)","SPEND":16.1},{"_id":329,"AvendraAlertNonMFDDetailDataId":329,"AvendraAlertInsightid":275,"ERM_Parent":"A0089369","CUST_ID":"A0148607","BP_CATEGORY_NM":"Trash Bags","BP_DIST_CATEGORY":"NON-MFD","DIST_NM":"American Hotel Register","SPEND":634.44},{"_id":330,"AvendraAlertNonMFDDetailDataId":330,"AvendraAlertInsightid":281,"ERM_Parent":"A0089369","CUST_ID":"A0154142","BP_CATEGORY_NM":"Gloves","BP_DIST_CATEGORY":"MFD","DIST_NM":"US FOODS (MASTER)","SPEND":197.55},{"_id":331,"AvendraAlertNonMFDDetailDataId":331,"AvendraAlertInsightid":281,"ERM_Parent":"A0089369","CUST_ID":"A0154142","BP_CATEGORY_NM":"Trash Bags","BP_DIST_CATEGORY":"MFD","DIST_NM":"US FOODS (MASTER)","SPEND":109.6},{"_id":332,"AvendraAlertNonMFDDetailDataId":332,"AvendraAlertInsightid":281,"ERM_Parent":"A0089369","CUST_ID":"A0154142","BP_CATEGORY_NM":"Canned Fuel","BP_DIST_CATEGORY":"NON-MFD","DIST_NM":"The Wasserstrom Company","SPEND":179.68},{"_id":333,"AvendraAlertNonMFDDetailDataId":333,"AvendraAlertInsightid":281,"ERM_Parent":"A0089369","CUST_ID":"A0154142","BP_CATEGORY_NM":"Facial Tissues","BP_DIST_CATEGORY":"NON-MFD","DIST_NM":"American Hotel Register","SPEND":218.26},{"_id":334,"AvendraAlertNonMFDDetailDataId":334,"AvendraAlertInsightid":281,"ERM_Parent":"A0089369","CUST_ID":"A0154142","BP_CATEGORY_NM":"Gloves","BP_DIST_CATEGORY":"NON-MFD","DIST_NM":"American Hotel Register","SPEND":93.08},{"_id":335,"AvendraAlertNonMFDDetailDataId":335,"AvendraAlertInsightid":281,"ERM_Parent":"A0089369","CUST_ID":"A0154142","BP_CATEGORY_NM":"Toilet Tissues","BP_DIST_CATEGORY":"NON-MFD","DIST_NM":"American Hotel Register","SPEND":189.56},{"_id":336,"AvendraAlertNonMFDDetailDataId":336,"AvendraAlertInsightid":281,"ERM_Parent":"A0089369","CUST_ID":"A0154142","BP_CATEGORY_NM":"Trash Bags","BP_DIST_CATEGORY":"NON-MFD","DIST_NM":"American Hotel Register","SPEND":182.45},{"_id":337,"AvendraAlertNonMFDDetailDataId":337,"AvendraAlertInsightid":287,"ERM_Parent":"A0089369","CUST_ID":"A0154636","BP_CATEGORY_NM":"Facial Tissues","BP_DIST_CATEGORY":"MFD","DIST_NM":"US FOODS (MASTER)","SPEND":145.5},{"_id":338,"AvendraAlertNonMFDDetailDataId":338,"AvendraAlertInsightid":287,"ERM_Parent":"A0089369","CUST_ID":"A0154636","BP_CATEGORY_NM":"Toilet Tissues","BP_DIST_CATEGORY":"MFD","DIST_NM":"US FOODS (MASTER)","SPEND":197.85},{"_id":339,"AvendraAlertNonMFDDetailDataId":339,"AvendraAlertInsightid":287,"ERM_Parent":"A0089369","CUST_ID":"A0154636","BP_CATEGORY_NM":"Trash Bags","BP_DIST_CATEGORY":"MFD","DIST_NM":"US FOODS (MASTER)","SPEND":40.18},{"_id":340,"AvendraAlertNonMFDDetailDataId":340,"AvendraAlertInsightid":287,"ERM_Parent":"A0089369","CUST_ID":"A0154636","BP_CATEGORY_NM":"Facial Tissues","BP_DIST_CATEGORY":"NON-MFD","DIST_NM":"American Hotel Register","SPEND":317.3},{"_id":341,"AvendraAlertNonMFDDetailDataId":341,"AvendraAlertInsightid":287,"ERM_Parent":"A0089369","CUST_ID":"A0154636","BP_CATEGORY_NM":"Toilet Tissues","BP_DIST_CATEGORY":"NON-MFD","DIST_NM":"American Hotel Register","SPEND":415.8},{"_id":342,"AvendraAlertNonMFDDetailDataId":342,"AvendraAlertInsightid":287,"ERM_Parent":"A0089369","CUST_ID":"A0154636","BP_CATEGORY_NM":"Trash Bags","BP_DIST_CATEGORY":"NON-MFD","DIST_NM":"HD Supply (US)","SPEND":57.72},{"_id":343,"AvendraAlertNonMFDDetailDataId":343,"AvendraAlertInsightid":287,"ERM_Parent":"A0089369","CUST_ID":"A0154636","BP_CATEGORY_NM":"Trash Bags","BP_DIST_CATEGORY":"NON-MFD","DIST_NM":"American Hotel Register","SPEND":276},{"_id":344,"AvendraAlertNonMFDDetailDataId":344,"AvendraAlertInsightid":293,"ERM_Parent":"A0089369","CUST_ID":"A0156077","BP_CATEGORY_NM":"Disposable Cups","BP_DIST_CATEGORY":"NON-MFD","DIST_NM":"American Hotel Register","SPEND":1012.32},{"_id":345,"AvendraAlertNonMFDDetailDataId":345,"AvendraAlertInsightid":297,"ERM_Parent":"A0089369","CUST_ID":"SF01723","BP_CATEGORY_NM":"Bagels","BP_DIST_CATEGORY":"MFD","DIST_NM":"US FOODS (MASTER)","SPEND":509.53},{"_id":346,"AvendraAlertNonMFDDetailDataId":346,"AvendraAlertInsightid":297,"ERM_Parent":"A0089369","CUST_ID":"SF01723","BP_CATEGORY_NM":"Bread","BP_DIST_CATEGORY":"MFD","DIST_NM":"US FOODS (MASTER)","SPEND":2540.55},{"_id":347,"AvendraAlertNonMFDDetailDataId":347,"AvendraAlertInsightid":297,"ERM_Parent":"A0089369","CUST_ID":"SF01723","BP_CATEGORY_NM":"Danish","BP_DIST_CATEGORY":"MFD","DIST_NM":"US FOODS (MASTER)","SPEND":669.91},{"_id":348,"AvendraAlertNonMFDDetailDataId":348,"AvendraAlertInsightid":297,"ERM_Parent":"A0089369","CUST_ID":"SF01723","BP_CATEGORY_NM":"Disposable Cups","BP_DIST_CATEGORY":"MFD","DIST_NM":"US FOODS (MASTER)","SPEND":462.37},{"_id":349,"AvendraAlertNonMFDDetailDataId":349,"AvendraAlertInsightid":297,"ERM_Parent":"A0089369","CUST_ID":"SF01723","BP_CATEGORY_NM":"Fluid Dairy","BP_DIST_CATEGORY":"MFD","DIST_NM":"US FOODS (MASTER)","SPEND":2160.91},{"_id":350,"AvendraAlertNonMFDDetailDataId":350,"AvendraAlertInsightid":297,"ERM_Parent":"A0089369","CUST_ID":"SF01723","BP_CATEGORY_NM":"Liquid Eggs / Cooked Eggs","BP_DIST_CATEGORY":"MFD","DIST_NM":"US FOODS (MASTER)","SPEND":3728.73},{"_id":351,"AvendraAlertNonMFDDetailDataId":351,"AvendraAlertInsightid":297,"ERM_Parent":"A0089369","CUST_ID":"SF01723","BP_CATEGORY_NM":"Muffins","BP_DIST_CATEGORY":"MFD","DIST_NM":"US FOODS (MASTER)","SPEND":1197.58},{"_id":352,"AvendraAlertNonMFDDetailDataId":352,"AvendraAlertInsightid":297,"ERM_Parent":"A0089369","CUST_ID":"SF01723","BP_CATEGORY_NM":"Orange Juice","BP_DIST_CATEGORY":"MFD","DIST_NM":"US FOODS (MASTER)","SPEND":6289.11},{"_id":353,"AvendraAlertNonMFDDetailDataId":353,"AvendraAlertInsightid":297,"ERM_Parent":"A0089369","CUST_ID":"SF01723","BP_CATEGORY_NM":"Potatoes","BP_DIST_CATEGORY":"MFD","DIST_NM":"US FOODS (MASTER)","SPEND":5221.82},{"_id":354,"AvendraAlertNonMFDDetailDataId":354,"AvendraAlertInsightid":297,"ERM_Parent":"A0089369","CUST_ID":"SF01723","BP_CATEGORY_NM":"Trash Bags","BP_DIST_CATEGORY":"MFD","DIST_NM":"US FOODS (MASTER)","SPEND":231.12},{"_id":355,"AvendraAlertNonMFDDetailDataId":355,"AvendraAlertInsightid":297,"ERM_Parent":"A0089369","CUST_ID":"SF01723","BP_CATEGORY_NM":"Yogurt","BP_DIST_CATEGORY":"MFD","DIST_NM":"US FOODS (MASTER)","SPEND":2109.22},{"_id":356,"AvendraAlertNonMFDDetailDataId":356,"AvendraAlertInsightid":297,"ERM_Parent":"A0089369","CUST_ID":"SF01723","BP_CATEGORY_NM":"Bagels","BP_DIST_CATEGORY":"NON-MFD","DIST_NM":"Soft Stuff Distributors, Inc.","SPEND":35.38},{"_id":357,"AvendraAlertNonMFDDetailDataId":357,"AvendraAlertInsightid":297,"ERM_Parent":"A0089369","CUST_ID":"SF01723","BP_CATEGORY_NM":"Bread","BP_DIST_CATEGORY":"NON-MFD","DIST_NM":"Soft Stuff Distributors, Inc.","SPEND":198.24},{"_id":358,"AvendraAlertNonMFDDetailDataId":358,"AvendraAlertInsightid":297,"ERM_Parent":"A0089369","CUST_ID":"SF01723","BP_CATEGORY_NM":"Danish","BP_DIST_CATEGORY":"NON-MFD","DIST_NM":"Soft Stuff Distributors, Inc.","SPEND":837.22},{"_id":359,"AvendraAlertNonMFDDetailDataId":359,"AvendraAlertInsightid":297,"ERM_Parent":"A0089369","CUST_ID":"SF01723","BP_CATEGORY_NM":"Disposable Cups","BP_DIST_CATEGORY":"NON-MFD","DIST_NM":"HD Supply (US)","SPEND":388.4},{"_id":360,"AvendraAlertNonMFDDetailDataId":360,"AvendraAlertInsightid":297,"ERM_Parent":"A0089369","CUST_ID":"SF01723","BP_CATEGORY_NM":"Disposable Cups","BP_DIST_CATEGORY":"NON-MFD","DIST_NM":"American Hotel Register","SPEND":1048.37},{"_id":361,"AvendraAlertNonMFDDetailDataId":361,"AvendraAlertInsightid":297,"ERM_Parent":"A0089369","CUST_ID":"SF01723","BP_CATEGORY_NM":"Facial Tissues","BP_DIST_CATEGORY":"NON-MFD","DIST_NM":"Office Depot U.S. & Caribbean","SPEND":864.12},{"_id":362,"AvendraAlertNonMFDDetailDataId":362,"AvendraAlertInsightid":297,"ERM_Parent":"A0089369","CUST_ID":"SF01723","BP_CATEGORY_NM":"Fluid Dairy","BP_DIST_CATEGORY":"NON-MFD","DIST_NM":"Coastal Sunbelt Produce Company","SPEND":318.95},{"_id":363,"AvendraAlertNonMFDDetailDataId":363,"AvendraAlertInsightid":297,"ERM_Parent":"A0089369","CUST_ID":"SF01723","BP_CATEGORY_NM":"Fluid Dairy","BP_DIST_CATEGORY":"NON-MFD","DIST_NM":"Keany Produce","SPEND":13.77},{"_id":364,"AvendraAlertNonMFDDetailDataId":364,"AvendraAlertInsightid":297,"ERM_Parent":"A0089369","CUST_ID":"SF01723","BP_CATEGORY_NM":"Gloves","BP_DIST_CATEGORY":"NON-MFD","DIST_NM":"HD Supply (US)","SPEND":96.96},{"_id":365,"AvendraAlertNonMFDDetailDataId":365,"AvendraAlertInsightid":297,"ERM_Parent":"A0089369","CUST_ID":"SF01723","BP_CATEGORY_NM":"Liquid Eggs / Cooked Eggs","BP_DIST_CATEGORY":"NON-MFD","DIST_NM":"Coastal Sunbelt Produce Company","SPEND":862.99},{"_id":366,"AvendraAlertNonMFDDetailDataId":366,"AvendraAlertInsightid":297,"ERM_Parent":"A0089369","CUST_ID":"SF01723","BP_CATEGORY_NM":"Muffins","BP_DIST_CATEGORY":"NON-MFD","DIST_NM":"Soft Stuff Distributors, Inc.","SPEND":49.52},{"_id":367,"AvendraAlertNonMFDDetailDataId":367,"AvendraAlertInsightid":297,"ERM_Parent":"A0089369","CUST_ID":"SF01723","BP_CATEGORY_NM":"Orange Juice","BP_DIST_CATEGORY":"NON-MFD","DIST_NM":"Coastal Sunbelt Produce Company","SPEND":77.18},{"_id":368,"AvendraAlertNonMFDDetailDataId":368,"AvendraAlertInsightid":297,"ERM_Parent":"A0089369","CUST_ID":"SF01723","BP_CATEGORY_NM":"Orange Juice","BP_DIST_CATEGORY":"NON-MFD","DIST_NM":"Keany Produce","SPEND":63.57},{"_id":369,"AvendraAlertNonMFDDetailDataId":369,"AvendraAlertInsightid":297,"ERM_Parent":"A0089369","CUST_ID":"SF01723","BP_CATEGORY_NM":"Potatoes","BP_DIST_CATEGORY":"NON-MFD","DIST_NM":"Coastal Sunbelt Produce Company","SPEND":896.51},{"_id":370,"AvendraAlertNonMFDDetailDataId":370,"AvendraAlertInsightid":297,"ERM_Parent":"A0089369","CUST_ID":"SF01723","BP_CATEGORY_NM":"Toilet Tissues","BP_DIST_CATEGORY":"NON-MFD","DIST_NM":"Office Depot U.S. & Caribbean","SPEND":2411.8},{"_id":371,"AvendraAlertNonMFDDetailDataId":371,"AvendraAlertInsightid":297,"ERM_Parent":"A0089369","CUST_ID":"SF01723","BP_CATEGORY_NM":"Trash Bags","BP_DIST_CATEGORY":"NON-MFD","DIST_NM":"HD Supply (US)","SPEND":123.95},{"_id":372,"AvendraAlertNonMFDDetailDataId":372,"AvendraAlertInsightid":297,"ERM_Parent":"A0089369","CUST_ID":"SF01723","BP_CATEGORY_NM":"Trash Bags","BP_DIST_CATEGORY":"NON-MFD","DIST_NM":"Office Depot U.S. & Caribbean","SPEND":55.95},{"_id":373,"AvendraAlertNonMFDDetailDataId":373,"AvendraAlertInsightid":297,"ERM_Parent":"A0089369","CUST_ID":"SF01723","BP_CATEGORY_NM":"Trash Bags","BP_DIST_CATEGORY":"NON-MFD","DIST_NM":"American Hotel Register","SPEND":415.74},{"_id":374,"AvendraAlertNonMFDDetailDataId":374,"AvendraAlertInsightid":297,"ERM_Parent":"A0089369","CUST_ID":"SF01723","BP_CATEGORY_NM":"Yogurt","BP_DIST_CATEGORY":"NON-MFD","DIST_NM":"Coastal Sunbelt Produce Company","SPEND":355.49},{"_id":375,"AvendraAlertNonMFDDetailDataId":375,"AvendraAlertInsightid":297,"ERM_Parent":"A0089369","CUST_ID":"SF01723","BP_CATEGORY_NM":"Yogurt","BP_DIST_CATEGORY":"NON-MFD","DIST_NM":"Soft Stuff Distributors, Inc.","SPEND":12.39},{"_id":376,"AvendraAlertNonMFDDetailDataId":376,"AvendraAlertInsightid":301,"ERM_Parent":"A0089369","CUST_ID":"SF01959","BP_CATEGORY_NM":"Bacon","BP_DIST_CATEGORY":"MFD","DIST_NM":"GORDON FOOD SERVICE MID WEST (PARENT)","SPEND":19489.96},{"_id":377,"AvendraAlertNonMFDDetailDataId":377,"AvendraAlertInsightid":301,"ERM_Parent":"A0089369","CUST_ID":"SF01959","BP_CATEGORY_NM":"Chicken","BP_DIST_CATEGORY":"MFD","DIST_NM":"GORDON FOOD SERVICE MID WEST (PARENT)","SPEND":28772.82},{"_id":378,"AvendraAlertNonMFDDetailDataId":378,"AvendraAlertInsightid":301,"ERM_Parent":"A0089369","CUST_ID":"SF01959","BP_CATEGORY_NM":"Danish","BP_DIST_CATEGORY":"MFD","DIST_NM":"GORDON FOOD SERVICE MID WEST (PARENT)","SPEND":2004.49},{"_id":379,"AvendraAlertNonMFDDetailDataId":379,"AvendraAlertInsightid":301,"ERM_Parent":"A0089369","CUST_ID":"SF01959","BP_CATEGORY_NM":"Disposable Cups","BP_DIST_CATEGORY":"MFD","DIST_NM":"GORDON FOOD SERVICE MID WEST (PARENT)","SPEND":7968.46},{"_id":380,"AvendraAlertNonMFDDetailDataId":380,"AvendraAlertInsightid":301,"ERM_Parent":"A0089369","CUST_ID":"SF01959","BP_CATEGORY_NM":"Facial Tissues","BP_DIST_CATEGORY":"MFD","DIST_NM":"GORDON FOOD SERVICE MID WEST (PARENT)","SPEND":1055.36},{"_id":381,"AvendraAlertNonMFDDetailDataId":381,"AvendraAlertInsightid":301,"ERM_Parent":"A0089369","CUST_ID":"SF01959","BP_CATEGORY_NM":"Fluid Dairy","BP_DIST_CATEGORY":"MFD","DIST_NM":"GORDON FOOD SERVICE MID WEST (PARENT)","SPEND":3505.51},{"_id":382,"AvendraAlertNonMFDDetailDataId":382,"AvendraAlertInsightid":301,"ERM_Parent":"A0089369","CUST_ID":"SF01959","BP_CATEGORY_NM":"Gloves","BP_DIST_CATEGORY":"MFD","DIST_NM":"GORDON FOOD SERVICE MID WEST (PARENT)","SPEND":3070.38},{"_id":383,"AvendraAlertNonMFDDetailDataId":383,"AvendraAlertInsightid":301,"ERM_Parent":"A0089369","CUST_ID":"SF01959","BP_CATEGORY_NM":"Muffins","BP_DIST_CATEGORY":"MFD","DIST_NM":"GORDON FOOD SERVICE MID WEST (PARENT)","SPEND":2066.69},{"_id":384,"AvendraAlertNonMFDDetailDataId":384,"AvendraAlertInsightid":301,"ERM_Parent":"A0089369","CUST_ID":"SF01959","BP_CATEGORY_NM":"Orange Juice","BP_DIST_CATEGORY":"MFD","DIST_NM":"GORDON FOOD SERVICE MID WEST (PARENT)","SPEND":4136},{"_id":385,"AvendraAlertNonMFDDetailDataId":385,"AvendraAlertInsightid":301,"ERM_Parent":"A0089369","CUST_ID":"SF01959","BP_CATEGORY_NM":"Potatoes","BP_DIST_CATEGORY":"MFD","DIST_NM":"GORDON FOOD SERVICE MID WEST (PARENT)","SPEND":11314.93},{"_id":386,"AvendraAlertNonMFDDetailDataId":386,"AvendraAlertInsightid":301,"ERM_Parent":"A0089369","CUST_ID":"SF01959","BP_CATEGORY_NM":"Sausage","BP_DIST_CATEGORY":"MFD","DIST_NM":"GORDON FOOD SERVICE MID WEST (PARENT)","SPEND":6072.16},{"_id":387,"AvendraAlertNonMFDDetailDataId":387,"AvendraAlertInsightid":301,"ERM_Parent":"A0089369","CUST_ID":"SF01959","BP_CATEGORY_NM":"Soda Pre/Post-Mix","BP_DIST_CATEGORY":"MFD","DIST_NM":"GORDON FOOD SERVICE MID WEST (PARENT)","SPEND":2061.8},{"_id":388,"AvendraAlertNonMFDDetailDataId":388,"AvendraAlertInsightid":301,"ERM_Parent":"A0089369","CUST_ID":"SF01959","BP_CATEGORY_NM":"Toilet Tissues","BP_DIST_CATEGORY":"MFD","DIST_NM":"GORDON FOOD SERVICE MID WEST (PARENT)","SPEND":4611.34},{"_id":389,"AvendraAlertNonMFDDetailDataId":389,"AvendraAlertInsightid":301,"ERM_Parent":"A0089369","CUST_ID":"SF01959","BP_CATEGORY_NM":"Trash Bags","BP_DIST_CATEGORY":"MFD","DIST_NM":"GORDON FOOD SERVICE MID WEST (PARENT)","SPEND":2355.47},{"_id":390,"AvendraAlertNonMFDDetailDataId":390,"AvendraAlertInsightid":301,"ERM_Parent":"A0089369","CUST_ID":"SF01959","BP_CATEGORY_NM":"Water","BP_DIST_CATEGORY":"MFD","DIST_NM":"GORDON FOOD SERVICE MID WEST (PARENT)","SPEND":236.39},{"_id":391,"AvendraAlertNonMFDDetailDataId":391,"AvendraAlertInsightid":301,"ERM_Parent":"A0089369","CUST_ID":"SF01959","BP_CATEGORY_NM":"Yogurt","BP_DIST_CATEGORY":"MFD","DIST_NM":"GORDON FOOD SERVICE MID WEST (PARENT)","SPEND":2155.22},{"_id":392,"AvendraAlertNonMFDDetailDataId":392,"AvendraAlertInsightid":301,"ERM_Parent":"A0089369","CUST_ID":"SF01959","BP_CATEGORY_NM":"Bacon","BP_DIST_CATEGORY":"NON-MFD","DIST_NM":"Northern Haserot (DC)","SPEND":692.03},{"_id":393,"AvendraAlertNonMFDDetailDataId":393,"AvendraAlertInsightid":301,"ERM_Parent":"A0089369","CUST_ID":"SF01959","BP_CATEGORY_NM":"Chicken","BP_DIST_CATEGORY":"NON-MFD","DIST_NM":"Northern Haserot (DC)","SPEND":1725.1},{"_id":394,"AvendraAlertNonMFDDetailDataId":394,"AvendraAlertInsightid":301,"ERM_Parent":"A0089369","CUST_ID":"SF01959","BP_CATEGORY_NM":"Danish","BP_DIST_CATEGORY":"NON-MFD","DIST_NM":"Vistar","SPEND":145.38},{"_id":395,"AvendraAlertNonMFDDetailDataId":395,"AvendraAlertInsightid":301,"ERM_Parent":"A0089369","CUST_ID":"SF01959","BP_CATEGORY_NM":"Disposable Cups","BP_DIST_CATEGORY":"NON-MFD","DIST_NM":"Grainger Industrial Supply (Master)","SPEND":13.92},{"_id":396,"AvendraAlertNonMFDDetailDataId":396,"AvendraAlertInsightid":301,"ERM_Parent":"A0089369","CUST_ID":"SF01959","BP_CATEGORY_NM":"Disposable Cups","BP_DIST_CATEGORY":"NON-MFD","DIST_NM":"American Hotel Register","SPEND":264.7},{"_id":397,"AvendraAlertNonMFDDetailDataId":397,"AvendraAlertInsightid":301,"ERM_Parent":"A0089369","CUST_ID":"SF01959","BP_CATEGORY_NM":"Facial Tissues","BP_DIST_CATEGORY":"NON-MFD","DIST_NM":"American Hotel Register","SPEND":980.28},{"_id":398,"AvendraAlertNonMFDDetailDataId":398,"AvendraAlertInsightid":301,"ERM_Parent":"A0089369","CUST_ID":"SF01959","BP_CATEGORY_NM":"Fluid Dairy","BP_DIST_CATEGORY":"NON-MFD","DIST_NM":"Northern Haserot (DC)","SPEND":223.89},{"_id":399,"AvendraAlertNonMFDDetailDataId":399,"AvendraAlertInsightid":301,"ERM_Parent":"A0089369","CUST_ID":"SF01959","BP_CATEGORY_NM":"Fluid Dairy","BP_DIST_CATEGORY":"NON-MFD","DIST_NM":"Simon & Leeman LLC","SPEND":80.44},{"_id":400,"AvendraAlertNonMFDDetailDataId":400,"AvendraAlertInsightid":301,"ERM_Parent":"A0089369","CUST_ID":"SF01959","BP_CATEGORY_NM":"Gloves","BP_DIST_CATEGORY":"NON-MFD","DIST_NM":"Grainger Industrial Supply (Master)","SPEND":72.32},{"_id":401,"AvendraAlertNonMFDDetailDataId":401,"AvendraAlertInsightid":301,"ERM_Parent":"A0089369","CUST_ID":"SF01959","BP_CATEGORY_NM":"Muffins","BP_DIST_CATEGORY":"NON-MFD","DIST_NM":"Vistar","SPEND":138.44},{"_id":402,"AvendraAlertNonMFDDetailDataId":402,"AvendraAlertInsightid":301,"ERM_Parent":"A0089369","CUST_ID":"SF01959","BP_CATEGORY_NM":"Orange Juice","BP_DIST_CATEGORY":"NON-MFD","DIST_NM":"Pepsi - Marriott","SPEND":147.52},{"_id":403,"AvendraAlertNonMFDDetailDataId":403,"AvendraAlertInsightid":301,"ERM_Parent":"A0089369","CUST_ID":"SF01959","BP_CATEGORY_NM":"Orange Juice","BP_DIST_CATEGORY":"NON-MFD","DIST_NM":"Simon & Leeman LLC","SPEND":558.7},{"_id":404,"AvendraAlertNonMFDDetailDataId":404,"AvendraAlertInsightid":301,"ERM_Parent":"A0089369","CUST_ID":"SF01959","BP_CATEGORY_NM":"Potatoes","BP_DIST_CATEGORY":"NON-MFD","DIST_NM":"Northern Haserot (DC)","SPEND":92.09},{"_id":405,"AvendraAlertNonMFDDetailDataId":405,"AvendraAlertInsightid":301,"ERM_Parent":"A0089369","CUST_ID":"SF01959","BP_CATEGORY_NM":"Potatoes","BP_DIST_CATEGORY":"NON-MFD","DIST_NM":"Simon & Leeman LLC","SPEND":563.47},{"_id":406,"AvendraAlertNonMFDDetailDataId":406,"AvendraAlertInsightid":301,"ERM_Parent":"A0089369","CUST_ID":"SF01959","BP_CATEGORY_NM":"Sausage","BP_DIST_CATEGORY":"NON-MFD","DIST_NM":"Northern Haserot (DC)","SPEND":189.58},{"_id":407,"AvendraAlertNonMFDDetailDataId":407,"AvendraAlertInsightid":301,"ERM_Parent":"A0089369","CUST_ID":"SF01959","BP_CATEGORY_NM":"Soda Pre/Post-Mix","BP_DIST_CATEGORY":"NON-MFD","DIST_NM":"Pepsi - Marriott","SPEND":1125.55},{"_id":408,"AvendraAlertNonMFDDetailDataId":408,"AvendraAlertInsightid":301,"ERM_Parent":"A0089369","CUST_ID":"SF01959","BP_CATEGORY_NM":"Toilet Tissues","BP_DIST_CATEGORY":"NON-MFD","DIST_NM":"HD Supply (US)","SPEND":149.6},{"_id":409,"AvendraAlertNonMFDDetailDataId":409,"AvendraAlertInsightid":301,"ERM_Parent":"A0089369","CUST_ID":"SF01959","BP_CATEGORY_NM":"Toilet Tissues","BP_DIST_CATEGORY":"NON-MFD","DIST_NM":"American Hotel Register","SPEND":94.84},{"_id":410,"AvendraAlertNonMFDDetailDataId":410,"AvendraAlertInsightid":301,"ERM_Parent":"A0089369","CUST_ID":"SF01959","BP_CATEGORY_NM":"Trash Bags","BP_DIST_CATEGORY":"NON-MFD","DIST_NM":"American Hotel Register","SPEND":743.23},{"_id":411,"AvendraAlertNonMFDDetailDataId":411,"AvendraAlertInsightid":301,"ERM_Parent":"A0089369","CUST_ID":"SF01959","BP_CATEGORY_NM":"Water","BP_DIST_CATEGORY":"NON-MFD","DIST_NM":"Pepsi - Marriott","SPEND":7845.88},{"_id":412,"AvendraAlertNonMFDDetailDataId":412,"AvendraAlertInsightid":301,"ERM_Parent":"A0089369","CUST_ID":"SF01959","BP_CATEGORY_NM":"Yogurt","BP_DIST_CATEGORY":"NON-MFD","DIST_NM":"Northern Haserot (DC)","SPEND":15.5},{"_id":413,"AvendraAlertNonMFDDetailDataId":413,"AvendraAlertInsightid":305,"ERM_Parent":"A0089369","CUST_ID":"SF02592","BP_CATEGORY_NM":"Bagels","BP_DIST_CATEGORY":"MFD","DIST_NM":"US FOODS (MASTER)","SPEND":168.82},{"_id":414,"AvendraAlertNonMFDDetailDataId":414,"AvendraAlertInsightid":305,"ERM_Parent":"A0089369","CUST_ID":"SF02592","BP_CATEGORY_NM":"Bread","BP_DIST_CATEGORY":"MFD","DIST_NM":"US FOODS (MASTER)","SPEND":1434.44},{"_id":415,"AvendraAlertNonMFDDetailDataId":415,"AvendraAlertInsightid":305,"ERM_Parent":"A0089369","CUST_ID":"SF02592","BP_CATEGORY_NM":"Danish","BP_DIST_CATEGORY":"MFD","DIST_NM":"US FOODS (MASTER)","SPEND":1003.52},{"_id":416,"AvendraAlertNonMFDDetailDataId":416,"AvendraAlertInsightid":305,"ERM_Parent":"A0089369","CUST_ID":"SF02592","BP_CATEGORY_NM":"Disposable Cups","BP_DIST_CATEGORY":"MFD","DIST_NM":"US FOODS (MASTER)","SPEND":4094.73},{"_id":417,"AvendraAlertNonMFDDetailDataId":417,"AvendraAlertInsightid":305,"ERM_Parent":"A0089369","CUST_ID":"SF02592","BP_CATEGORY_NM":"Gloves","BP_DIST_CATEGORY":"MFD","DIST_NM":"US FOODS (MASTER)","SPEND":802.01},{"_id":418,"AvendraAlertNonMFDDetailDataId":418,"AvendraAlertInsightid":305,"ERM_Parent":"A0089369","CUST_ID":"SF02592","BP_CATEGORY_NM":"Jams","BP_DIST_CATEGORY":"MFD","DIST_NM":"US FOODS (MASTER)","SPEND":177.69},{"_id":419,"AvendraAlertNonMFDDetailDataId":419,"AvendraAlertInsightid":305,"ERM_Parent":"A0089369","CUST_ID":"SF02592","BP_CATEGORY_NM":"Liquid Eggs / Cooked Eggs","BP_DIST_CATEGORY":"MFD","DIST_NM":"US FOODS (MASTER)","SPEND":4106.73},{"_id":420,"AvendraAlertNonMFDDetailDataId":420,"AvendraAlertInsightid":305,"ERM_Parent":"A0089369","CUST_ID":"SF02592","BP_CATEGORY_NM":"Muffins","BP_DIST_CATEGORY":"MFD","DIST_NM":"US FOODS (MASTER)","SPEND":652.83},{"_id":421,"AvendraAlertNonMFDDetailDataId":421,"AvendraAlertInsightid":305,"ERM_Parent":"A0089369","CUST_ID":"SF02592","BP_CATEGORY_NM":"Potatoes","BP_DIST_CATEGORY":"MFD","DIST_NM":"US FOODS (MASTER)","SPEND":5959.23},{"_id":422,"AvendraAlertNonMFDDetailDataId":422,"AvendraAlertInsightid":305,"ERM_Parent":"A0089369","CUST_ID":"SF02592","BP_CATEGORY_NM":"Toilet Tissues","BP_DIST_CATEGORY":"MFD","DIST_NM":"US FOODS (MASTER)","SPEND":5911.28},{"_id":423,"AvendraAlertNonMFDDetailDataId":423,"AvendraAlertInsightid":305,"ERM_Parent":"A0089369","CUST_ID":"SF02592","BP_CATEGORY_NM":"Trash Bags","BP_DIST_CATEGORY":"MFD","DIST_NM":"US FOODS (MASTER)","SPEND":1628.48},{"_id":424,"AvendraAlertNonMFDDetailDataId":424,"AvendraAlertInsightid":305,"ERM_Parent":"A0089369","CUST_ID":"SF02592","BP_CATEGORY_NM":"Bagels","BP_DIST_CATEGORY":"NON-MFD","DIST_NM":"Cusano's Bakery","SPEND":2.43},{"_id":425,"AvendraAlertNonMFDDetailDataId":425,"AvendraAlertInsightid":305,"ERM_Parent":"A0089369","CUST_ID":"SF02592","BP_CATEGORY_NM":"Bread","BP_DIST_CATEGORY":"NON-MFD","DIST_NM":"Cusano's Bakery","SPEND":2690.61},{"_id":426,"AvendraAlertNonMFDDetailDataId":426,"AvendraAlertInsightid":305,"ERM_Parent":"A0089369","CUST_ID":"SF02592","BP_CATEGORY_NM":"Danish","BP_DIST_CATEGORY":"NON-MFD","DIST_NM":"Cusano's Bakery","SPEND":404.5},{"_id":427,"AvendraAlertNonMFDDetailDataId":427,"AvendraAlertInsightid":305,"ERM_Parent":"A0089369","CUST_ID":"SF02592","BP_CATEGORY_NM":"Disposable Cups","BP_DIST_CATEGORY":"NON-MFD","DIST_NM":"HD Supply (US)","SPEND":401.59},{"_id":428,"AvendraAlertNonMFDDetailDataId":428,"AvendraAlertInsightid":305,"ERM_Parent":"A0089369","CUST_ID":"SF02592","BP_CATEGORY_NM":"Gloves","BP_DIST_CATEGORY":"NON-MFD","DIST_NM":"HD Supply (US)","SPEND":38.65},{"_id":429,"AvendraAlertNonMFDDetailDataId":429,"AvendraAlertInsightid":305,"ERM_Parent":"A0089369","CUST_ID":"SF02592","BP_CATEGORY_NM":"Jams","BP_DIST_CATEGORY":"NON-MFD","DIST_NM":"Freshpoint-Central Florida","SPEND":9.8},{"_id":430,"AvendraAlertNonMFDDetailDataId":430,"AvendraAlertInsightid":305,"ERM_Parent":"A0089369","CUST_ID":"SF02592","BP_CATEGORY_NM":"Liquid Eggs / Cooked Eggs","BP_DIST_CATEGORY":"NON-MFD","DIST_NM":"Freshpoint-Central Florida","SPEND":57.78},{"_id":431,"AvendraAlertNonMFDDetailDataId":431,"AvendraAlertInsightid":305,"ERM_Parent":"A0089369","CUST_ID":"SF02592","BP_CATEGORY_NM":"Muffins","BP_DIST_CATEGORY":"NON-MFD","DIST_NM":"Cusano's Bakery","SPEND":176.64},{"_id":432,"AvendraAlertNonMFDDetailDataId":432,"AvendraAlertInsightid":305,"ERM_Parent":"A0089369","CUST_ID":"SF02592","BP_CATEGORY_NM":"Potatoes","BP_DIST_CATEGORY":"NON-MFD","DIST_NM":"Freshpoint-Central Florida","SPEND":1300.97},{"_id":433,"AvendraAlertNonMFDDetailDataId":433,"AvendraAlertInsightid":305,"ERM_Parent":"A0089369","CUST_ID":"SF02592","BP_CATEGORY_NM":"Toilet Tissues","BP_DIST_CATEGORY":"NON-MFD","DIST_NM":"HD Supply (US)","SPEND":45.74},{"_id":434,"AvendraAlertNonMFDDetailDataId":434,"AvendraAlertInsightid":305,"ERM_Parent":"A0089369","CUST_ID":"SF02592","BP_CATEGORY_NM":"Trash Bags","BP_DIST_CATEGORY":"NON-MFD","DIST_NM":"HD Supply (US)","SPEND":2348.86}]