{"fields":[{"name":"_id","path":"_id","count":2,"types":[{"name":"Number","bsonType":"Number","path":"_id","count":2,"total_count":0,"probability":1}],"total_count":2,"type":"Number","has_duplicates":false,"probability":1},{"name":"AvendraAlertInsightLevelId","path":"AvendraAlertInsightLevelId","count":2,"types":[{"name":"Number","bsonType":"Number","path":"AvendraAlertInsightLevelId","count":2,"total_count":0,"probability":1}],"total_count":2,"type":"Number","has_duplicates":false,"probability":1},{"name":"AvendraAlertInsightLevelName","path":"AvendraAlertInsightLevelName","count":2,"types":[{"name":"String","bsonType":"String","path":"AvendraAlertInsightLevelName","count":2,"total_count":0,"probability":1}],"total_count":2,"type":"String","has_duplicates":false,"probability":1}],"count":2}