{"fields":[{"name":"_id","path":"_id","count":20000,"types":[{"name":"Number","bsonType":"Number","path":"_id","count":20000,"total_count":0,"probability":1}],"total_count":20000,"type":"Number","has_duplicates":false,"probability":1},{"name":"CompRooms","path":"CompRooms","count":20000,"types":[{"name":"Number","bsonType":"Number","path":"CompRooms","count":13394,"total_count":0,"probability":0.6697},{"name":"Null","bsonType":"Null","path":"CompRooms","count":6606,"total_count":0,"probability":0.3303,"unique":1,"has_duplicates":true}],"total_count":20000,"type":["Number","Null"],"has_duplicates":true,"probability":1},{"name":"CompRoomsMTD","path":"CompRoomsMTD","count":20000,"types":[{"name":"Number","bsonType":"Number","path":"CompRoomsMTD","count":13394,"total_count":0,"probability":0.6697},{"name":"Null","bsonType":"Null","path":"CompRoomsMTD","count":6606,"total_count":0,"probability":0.3303,"unique":1,"has_duplicates":true}],"total_count":20000,"type":["Number","Null"],"has_duplicates":true,"probability":1},{"name":"CompRoomsTTM","path":"CompRoomsTTM","count":20000,"types":[{"name":"Number","bsonType":"Number","path":"CompRoomsTTM","count":13394,"total_count":0,"probability":0.6697},{"name":"Null","bsonType":"Null","path":"CompRoomsTTM","count":6606,"total_count":0,"probability":0.3303,"unique":1,"has_duplicates":true}],"total_count":20000,"type":["Number","Null"],"has_duplicates":true,"probability":1},{"name":"CompRoomsYTD","path":"CompRoomsYTD","count":20000,"types":[{"name":"Number","bsonType":"Number","path":"CompRoomsYTD","count":13394,"total_count":0,"probability":0.6697},{"name":"Null","bsonType":"Null","path":"CompRoomsYTD","count":6606,"total_count":0,"probability":0.3303,"unique":1,"has_duplicates":true}],"total_count":20000,"type":["Number","Null"],"has_duplicates":true,"probability":1},{"name":"Date","path":"Date","count":20000,"types":[{"name":"Date","bsonType":"Date","path":"Date","count":20000,"total_count":0,"probability":1}],"total_count":20000,"type":"Date","has_duplicates":false,"probability":1},{"name":"GuestRoom","path":"GuestRoom","count":20000,"types":[{"name":"Number","bsonType":"Number","path":"GuestRoom","count":19997,"total_count":0,"probability":0.99985},{"name":"Null","bsonType":"Null","path":"GuestRoom","count":3,"total_count":0,"probability":0.00015,"unique":1,"has_duplicates":true}],"total_count":20000,"type":["Number","Null"],"has_duplicates":true,"probability":1},{"name":"GuestRoomMTD","path":"GuestRoomMTD","count":20000,"types":[{"name":"Number","bsonType":"Number","path":"GuestRoomMTD","count":19997,"total_count":0,"probability":0.99985},{"name":"Null","bsonType":"Null","path":"GuestRoomMTD","count":3,"total_count":0,"probability":0.00015,"unique":1,"has_duplicates":true}],"total_count":20000,"type":["Number","Null"],"has_duplicates":true,"probability":1},{"name":"GuestRoomTTM","path":"GuestRoomTTM","count":20000,"types":[{"name":"Number","bsonType":"Number","path":"GuestRoomTTM","count":19997,"total_count":0,"probability":0.99985},{"name":"Null","bsonType":"Null","path":"GuestRoomTTM","count":3,"total_count":0,"probability":0.00015,"unique":1,"has_duplicates":true}],"total_count":20000,"type":["Number","Null"],"has_duplicates":true,"probability":1},{"name":"GuestRoomYTD","path":"GuestRoomYTD","count":20000,"types":[{"name":"Number","bsonType":"Number","path":"GuestRoomYTD","count":19997,"total_count":0,"probability":0.99985},{"name":"Null","bsonType":"Null","path":"GuestRoomYTD","count":3,"total_count":0,"probability":0.00015,"unique":1,"has_duplicates":true}],"total_count":20000,"type":["Number","Null"],"has_duplicates":true,"probability":1},{"name":"HotelID","path":"HotelID","count":20000,"types":[{"name":"Number","bsonType":"Number","path":"HotelID","count":20000,"total_count":0,"probability":1}],"total_count":20000,"type":"Number","has_duplicates":false,"probability":1},{"name":"ID","path":"ID","count":20000,"types":[{"name":"Number","bsonType":"Number","path":"ID","count":20000,"total_count":0,"probability":1}],"total_count":20000,"type":"Number","has_duplicates":false,"probability":1},{"name":"OutOfOrderRooms","path":"OutOfOrderRooms","count":20000,"types":[{"name":"Number","bsonType":"Number","path":"OutOfOrderRooms","count":20000,"total_count":0,"probability":1}],"total_count":20000,"type":"Number","has_duplicates":false,"probability":1},{"name":"OutOfOrderRooms_NoCalc","path":"OutOfOrderRooms_NoCalc","count":20000,"types":[{"name":"Number","bsonType":"Number","path":"OutOfOrderRooms_NoCalc","count":20000,"total_count":0,"probability":1}],"total_count":20000,"type":"Number","has_duplicates":false,"probability":1},{"name":"OutOfOrderRoomsMTD","path":"OutOfOrderRoomsMTD","count":20000,"types":[{"name":"Number","bsonType":"Number","path":"OutOfOrderRoomsMTD","count":20000,"total_count":0,"probability":1}],"total_count":20000,"type":"Number","has_duplicates":false,"probability":1},{"name":"OutOfOrderRoomsMTD_NoCalc","path":"OutOfOrderRoomsMTD_NoCalc","count":20000,"types":[{"name":"Number","bsonType":"Number","path":"OutOfOrderRoomsMTD_NoCalc","count":20000,"total_count":0,"probability":1}],"total_count":20000,"type":"Number","has_duplicates":false,"probability":1},{"name":"OutOfOrderRoomsTTM","path":"OutOfOrderRoomsTTM","count":20000,"types":[{"name":"Number","bsonType":"Number","path":"OutOfOrderRoomsTTM","count":20000,"total_count":0,"probability":1}],"total_count":20000,"type":"Number","has_duplicates":false,"probability":1},{"name":"OutOfOrderRoomsTTM_NoCalc","path":"OutOfOrderRoomsTTM_NoCalc","count":20000,"types":[{"name":"Number","bsonType":"Number","path":"OutOfOrderRoomsTTM_NoCalc","count":20000,"total_count":0,"probability":1}],"total_count":20000,"type":"Number","has_duplicates":false,"probability":1},{"name":"OutOfOrderRoomsYTD","path":"OutOfOrderRoomsYTD","count":20000,"types":[{"name":"Number","bsonType":"Number","path":"OutOfOrderRoomsYTD","count":20000,"total_count":0,"probability":1}],"total_count":20000,"type":"Number","has_duplicates":false,"probability":1},{"name":"OutOfOrderRoomsYTD_NoCalc","path":"OutOfOrderRoomsYTD_NoCalc","count":20000,"types":[{"name":"Number","bsonType":"Number","path":"OutOfOrderRoomsYTD_NoCalc","count":20000,"total_count":0,"probability":1}],"total_count":20000,"type":"Number","has_duplicates":false,"probability":1},{"name":"UpdatedBy","path":"UpdatedBy","count":20000,"types":[{"name":"String","bsonType":"String","path":"UpdatedBy","count":20000,"total_count":0,"probability":1}],"total_count":20000,"type":"String","has_duplicates":false,"probability":1},{"name":"UpdatedDateTime","path":"UpdatedDateTime","count":20000,"types":[{"name":"Date","bsonType":"Date","path":"UpdatedDateTime","count":20000,"total_count":0,"probability":1}],"total_count":20000,"type":"Date","has_duplicates":false,"probability":1}],"count":20000}