[{"_id":1,"Id":1,"Group_Name":"Test1","Org_Id":2,"IsDelete":true},{"_id":2,"Id":2,"Group_Name":"Territory 01","Org_Id":105,"IsDelete":false},{"_id":3,"Id":3,"Group_Name":"HSG - Hotel Services Group","Org_Id":31,"IsDelete":false},{"_id":4,"Id":4,"Group_Name":"REM Hospitality","Org_Id":102,"IsDelete":false},{"_id":5,"Id":5,"Group_Name":"Territory 2","Org_Id":105,"IsDelete":true},{"_id":6,"Id":6,"Group_Name":"My Hotels","Org_Id":105,"IsDelete":true},{"_id":7,"Id":7,"Group_Name":"Hiltons","Org_Id":105,"IsDelete":false},{"_id":10,"Id":10,"Group_Name":"Chesterfield","Org_Id":85,"IsDelete":false},{"_id":11,"Id":11,"Group_Name":"Forza Properties","Org_Id":229,"IsDelete":false},{"_id":13,"Id":13,"Group_Name":"Monarch Hotel Group","Org_Id":30,"IsDelete":false},{"_id":17,"Id":17,"Group_Name":"1Insignia Hospitality Group","Org_Id":238,"IsDelete":false},{"_id":19,"Id":19,"Group_Name":"Prestige Hospitality ","Org_Id":350,"IsDelete":false},{"_id":20,"Id":20,"Group_Name":"Choice Hotels","Org_Id":229,"IsDelete":false},{"_id":21,"Id":21,"Group_Name":"Hilton Hotels","Org_Id":229,"IsDelete":false},{"_id":22,"Id":22,"Group_Name":"Marriott Hotels","Org_Id":229,"IsDelete":false},{"_id":23,"Id":23,"Group_Name":"IHG Hotels","Org_Id":229,"IsDelete":false},{"_id":24,"Id":24,"Group_Name":"SageWood Hospitality","Org_Id":388,"IsDelete":false},{"_id":25,"Id":25,"Group_Name":"Northpointe Hospitality","Org_Id":402,"IsDelete":false},{"_id":28,"Id":28,"Group_Name":"Debbie Balderaz Area Sales","Org_Id":238,"IsDelete":false},{"_id":31,"Id":31,"Group_Name":"Amber Guerrero Regional Manager","Org_Id":238,"IsDelete":true},{"_id":38,"Id":38,"Group_Name":"Fabian Hernandez Regional Manager","Org_Id":238,"IsDelete":false},{"_id":39,"Id":39,"Group_Name":"Dana Weiche Regional Manager","Org_Id":238,"IsDelete":false},{"_id":40,"Id":40,"Group_Name":"Ali's Hotels","Org_Id":105,"IsDelete":false},{"_id":41,"Id":41,"Group_Name":"Rita Norman Area Sales","Org_Id":238,"IsDelete":false},{"_id":42,"Id":42,"Group_Name":"Shamin Hotels","Org_Id":419,"IsDelete":true},{"_id":43,"Id":43,"Group_Name":"Demo Group","Org_Id":105,"IsDelete":true},{"_id":44,"Id":44,"Group_Name":"Affilliate Managers Group","Org_Id":30,"IsDelete":false},{"_id":45,"Id":45,"Group_Name":"Amanda Prestige Hotels","Org_Id":350,"IsDelete":false},{"_id":46,"Id":46,"Group_Name":"James Prestige Hotels","Org_Id":350,"IsDelete":false},{"_id":48,"Id":48,"Group_Name":"Kim Wood Hotels","Org_Id":238,"IsDelete":false},{"_id":51,"Id":51,"Group_Name":"MN Hotel Group","Org_Id":288,"IsDelete":true},{"_id":52,"Id":52,"Group_Name":"Dane's Village","Org_Id":105,"IsDelete":true},{"_id":53,"Id":53,"Group_Name":"Tejpar Hotel Group","Org_Id":41,"IsDelete":false},{"_id":56,"Id":56,"Group_Name":"Moody National Hospitality","Org_Id":522,"IsDelete":false},{"_id":68,"Id":68,"Group_Name":"Shamin Demo Hotels","Org_Id":419,"IsDelete":false},{"_id":69,"Id":69,"Group_Name":"Todrick Gibbs Area Sales","Org_Id":238,"IsDelete":false},{"_id":70,"Id":70,"Group_Name":"Rebecca Miranda Area Sales","Org_Id":238,"IsDelete":false},{"_id":71,"Id":71,"Group_Name":"Abenov Hospitality","Org_Id":615,"IsDelete":true},{"_id":76,"Id":76,"Group_Name":"Sarona Holdings","Org_Id":439,"IsDelete":false},{"_id":78,"Id":78,"Group_Name":"(01) Imperial Investments Hotels","Org_Id":636,"IsDelete":false},{"_id":79,"Id":79,"Group_Name":"Chesapeake Hospitality","Org_Id":137,"IsDelete":false},{"_id":80,"Id":80,"Group_Name":"K Partners Hotel Management\t\t\t","Org_Id":694,"IsDelete":false},{"_id":81,"Id":81,"Group_Name":"Globiwest Hospitality Group","Org_Id":704,"IsDelete":true},{"_id":84,"Id":84,"Group_Name":"(02) Hotel Evolution","Org_Id":636,"IsDelete":false},{"_id":85,"Id":85,"Group_Name":"SunRay Companies","Org_Id":733,"IsDelete":true},{"_id":86,"Id":86,"Group_Name":"Austin H.I. Borrower Hotel Group","Org_Id":288,"IsDelete":false},{"_id":87,"Id":87,"Group_Name":"St. Charles Hotel Group","Org_Id":288,"IsDelete":false},{"_id":89,"Id":89,"Group_Name":"Diamond Point Hospitality","Org_Id":539,"IsDelete":false},{"_id":91,"Id":91,"Group_Name":"K Partners - Dual Property Users Group","Org_Id":694,"IsDelete":false},{"_id":92,"Id":92,"Group_Name":"Coastal Hospitality Ltd","Org_Id":768,"IsDelete":false},{"_id":93,"Id":93,"Group_Name":"nagib's hotels","Org_Id":137,"IsDelete":false},{"_id":94,"Id":94,"Group_Name":"Crestpoint Companies","Org_Id":700,"IsDelete":false},{"_id":95,"Id":95,"Group_Name":"GreenTree Inn","Org_Id":804,"IsDelete":true},{"_id":96,"Id":96,"Group_Name":"Bob's Group ","Org_Id":105,"IsDelete":true},{"_id":97,"Id":97,"Group_Name":"Bob's Group ","Org_Id":105,"IsDelete":true},{"_id":98,"Id":98,"Group_Name":"Commonwealth Hotels","Org_Id":824,"IsDelete":false},{"_id":99,"Id":99,"Group_Name":"Chesterfield Hotels","Org_Id":85,"IsDelete":false},{"_id":100,"Id":100,"Group_Name":"c","Org_Id":824,"IsDelete":false},{"_id":101,"Id":101,"Group_Name":"Coastal-Karim Sorathia","Org_Id":768,"IsDelete":false},{"_id":102,"Id":102,"Group_Name":"Wayne's Hotels","Org_Id":105,"IsDelete":true},{"_id":103,"Id":103,"Group_Name":"Test Group - Courtyards","Org_Id":824,"IsDelete":false},{"_id":104,"Id":104,"Group_Name":"Tutorial Group","Org_Id":105,"IsDelete":true},{"_id":105,"Id":105,"Group_Name":"MDO Tutorial Hotels","Org_Id":105,"IsDelete":true},{"_id":106,"Id":106,"Group_Name":"Ponderosa Hotel Management Services","Org_Id":954,"IsDelete":true},{"_id":107,"Id":107,"Group_Name":"Dayton","Org_Id":824,"IsDelete":false},{"_id":108,"Id":108,"Group_Name":"REGION 3","Org_Id":824,"IsDelete":false},{"_id":109,"Id":109,"Group_Name":"Test Group","Org_Id":105,"IsDelete":true},{"_id":110,"Id":110,"Group_Name":"Test Group Admin","Org_Id":105,"IsDelete":true},{"_id":112,"Id":112,"Group_Name":"BMS Hotels","Org_Id":979,"IsDelete":true},{"_id":113,"Id":113,"Group_Name":"Corporex 11","Org_Id":824,"IsDelete":false},{"_id":114,"Id":114,"Group_Name":"Oil Patch","Org_Id":824,"IsDelete":false},{"_id":115,"Id":115,"Group_Name":"Desai Hotel Group","Org_Id":989,"IsDelete":false},{"_id":116,"Id":116,"Group_Name":"Holli's Region","Org_Id":954,"IsDelete":false},{"_id":117,"Id":117,"Group_Name":"UNYQ Management","Org_Id":1002,"IsDelete":false},{"_id":118,"Id":118,"Group_Name":"Megan's Hotel Group","Org_Id":824,"IsDelete":true},{"_id":119,"Id":119,"Group_Name":"AL Portfolio","Org_Id":824,"IsDelete":false},{"_id":120,"Id":120,"Group_Name":"Chad's Group","Org_Id":824,"IsDelete":true},{"_id":121,"Id":121,"Group_Name":"Michele's Hotels","Org_Id":824,"IsDelete":true},{"_id":122,"Id":122,"Group_Name":"Sapp","Org_Id":824,"IsDelete":false},{"_id":123,"Id":123,"Group_Name":"Ben's Hotels","Org_Id":824,"IsDelete":false},{"_id":125,"Id":125,"Group_Name":"Prime Hotel Group","Org_Id":1029,"IsDelete":true},{"_id":126,"Id":126,"Group_Name":"PDWG Hotel Group","Org_Id":288,"IsDelete":false},{"_id":127,"Id":127,"Group_Name":"1Visions Hotels","Org_Id":1042,"IsDelete":false},{"_id":128,"Id":128,"Group_Name":"Cimarron Hospitality","Org_Id":1169,"IsDelete":false},{"_id":129,"Id":129,"Group_Name":"Cimarron Hospitality - DaLana Davenport Hotel Group","Org_Id":1169,"IsDelete":false},{"_id":130,"Id":130,"Group_Name":"4Western NY Portfolio","Org_Id":1042,"IsDelete":false},{"_id":131,"Id":131,"Group_Name":"Southern Tier","Org_Id":1042,"IsDelete":true},{"_id":132,"Id":132,"Group_Name":"Marriott","Org_Id":1042,"IsDelete":true},{"_id":133,"Id":133,"Group_Name":"IHG","Org_Id":1042,"IsDelete":true},{"_id":134,"Id":134,"Group_Name":"2Southern Tier Region","Org_Id":1042,"IsDelete":false},{"_id":135,"Id":135,"Group_Name":"3Central/Eastern NY Region","Org_Id":1042,"IsDelete":false},{"_id":136,"Id":136,"Group_Name":"Azul Hospitality Group","Org_Id":1247,"IsDelete":false},{"_id":137,"Id":137,"Group_Name":"RevMAX","Org_Id":137,"IsDelete":false},{"_id":138,"Id":138,"Group_Name":"new test grp 1","Org_Id":105,"IsDelete":true},{"_id":139,"Id":139,"Group_Name":"Crescent Hotels & Resorts","Org_Id":1328,"IsDelete":false},{"_id":140,"Id":140,"Group_Name":"1960 II LLC Hotel Group","Org_Id":288,"IsDelete":false},{"_id":141,"Id":141,"Group_Name":"Dimension Hotel Gorup","Org_Id":236,"IsDelete":false},{"_id":142,"Id":142,"Group_Name":"Amy's Hotel Portfolio","Org_Id":824,"IsDelete":true},{"_id":143,"Id":143,"Group_Name":"Louisville 5","Org_Id":824,"IsDelete":false},{"_id":144,"Id":144,"Group_Name":"NewcrestImage ","Org_Id":1377,"IsDelete":false},{"_id":145,"Id":145,"Group_Name":"Sarona ","Org_Id":439,"IsDelete":false},{"_id":146,"Id":146,"Group_Name":"ADS","Org_Id":439,"IsDelete":false},{"_id":147,"Id":147,"Group_Name":"Southern Tier","Org_Id":1042,"IsDelete":true},{"_id":149,"Id":149,"Group_Name":"New Crest Image Group","Org_Id":1377,"IsDelete":false},{"_id":150,"Id":150,"Group_Name":"Marriott","Org_Id":1042,"IsDelete":false},{"_id":151,"Id":151,"Group_Name":"IHG","Org_Id":1042,"IsDelete":false},{"_id":152,"Id":152,"Group_Name":"Hilton","Org_Id":1042,"IsDelete":false},{"_id":153,"Id":153,"Group_Name":"Hilton","Org_Id":1042,"IsDelete":true},{"_id":154,"Id":154,"Group_Name":"Wyndham","Org_Id":1042,"IsDelete":false},{"_id":155,"Id":155,"Group_Name":"Best Western","Org_Id":1042,"IsDelete":false},{"_id":156,"Id":156,"Group_Name":"Jaffer Inc.","Org_Id":1952,"IsDelete":false},{"_id":160,"Id":160,"Group_Name":"Northeast Region","Org_Id":105,"IsDelete":true},{"_id":162,"Id":162,"Group_Name":"BREIT 6","Org_Id":824,"IsDelete":true},{"_id":163,"Id":163,"Group_Name":"Millennium Hospitality","Org_Id":1970,"IsDelete":true},{"_id":164,"Id":164,"Group_Name":"Sabra","Org_Id":238,"IsDelete":true},{"_id":165,"Id":165,"Group_Name":"Dana Weiche","Org_Id":238,"IsDelete":true},{"_id":166,"Id":166,"Group_Name":"BRE","Org_Id":824,"IsDelete":true},{"_id":167,"Id":167,"Group_Name":"Fabian Hernandez","Org_Id":238,"IsDelete":true},{"_id":168,"Id":168,"Group_Name":"Amber Slaughter","Org_Id":238,"IsDelete":true},{"_id":169,"Id":169,"Group_Name":"Kim Wood","Org_Id":238,"IsDelete":true},{"_id":170,"Id":170,"Group_Name":"Insignia Hospitality Group, Inc.","Org_Id":238,"IsDelete":true},{"_id":171,"Id":171,"Group_Name":"Maine Hospitality LLC","Org_Id":288,"IsDelete":true},{"_id":172,"Id":172,"Group_Name":"Maine Hospitality LLC","Org_Id":288,"IsDelete":true},{"_id":173,"Id":173,"Group_Name":"Banyan Tree Management","Org_Id":2030,"IsDelete":true},{"_id":174,"Id":174,"Group_Name":"R&R Hospitality","Org_Id":2041,"IsDelete":false},{"_id":175,"Id":175,"Group_Name":"American Life, Inc.","Org_Id":2075,"IsDelete":false},{"_id":176,"Id":176,"Group_Name":"Manga Hotels","Org_Id":2087,"IsDelete":false},{"_id":177,"Id":177,"Group_Name":"Everwood","Org_Id":439,"IsDelete":false},{"_id":178,"Id":178,"Group_Name":"Horwath HTL","Org_Id":2175,"IsDelete":true},{"_id":179,"Id":179,"Group_Name":"Marriott Group","Org_Id":105,"IsDelete":true},{"_id":180,"Id":180,"Group_Name":"Valencia Hotel Group","Org_Id":2174,"IsDelete":false},{"_id":181,"Id":181,"Group_Name":"Columbia Hospitality","Org_Id":2188,"IsDelete":false},{"_id":182,"Id":182,"Group_Name":"Marriott","Org_Id":105,"IsDelete":false},{"_id":183,"Id":183,"Group_Name":"Michael F. Hotel","Org_Id":824,"IsDelete":false},{"_id":184,"Id":184,"Group_Name":"Coakley & Williams Hotel Management Co.","Org_Id":2231,"IsDelete":false},{"_id":185,"Id":185,"Group_Name":"Best Western","Org_Id":2231,"IsDelete":false},{"_id":186,"Id":186,"Group_Name":"IHG Hotels","Org_Id":2231,"IsDelete":false},{"_id":187,"Id":187,"Group_Name":"Hilton","Org_Id":2231,"IsDelete":false},{"_id":188,"Id":188,"Group_Name":"The Avengers","Org_Id":105,"IsDelete":true},{"_id":189,"Id":189,"Group_Name":"Gaurdians of The Galaxy","Org_Id":105,"IsDelete":true},{"_id":190,"Id":190,"Group_Name":"Justice League","Org_Id":105,"IsDelete":true},{"_id":191,"Id":191,"Group_Name":"Davidson Hotel & Resorts","Org_Id":2312,"IsDelete":false},{"_id":192,"Id":192,"Group_Name":"Eller Enterprises Portfolio","Org_Id":1970,"IsDelete":true},{"_id":193,"Id":193,"Group_Name":"Wilfong Portfolio","Org_Id":1970,"IsDelete":false},{"_id":194,"Id":194,"Group_Name":"Messenger Portfolio","Org_Id":1970,"IsDelete":false},{"_id":195,"Id":195,"Group_Name":"Williams Portfolio","Org_Id":1970,"IsDelete":false},{"_id":196,"Id":196,"Group_Name":"Bridgeton Holdings","Org_Id":2317,"IsDelete":true},{"_id":197,"Id":197,"Group_Name":"Vista Host","Org_Id":2315,"IsDelete":false},{"_id":198,"Id":198,"Group_Name":"airport hotels","Org_Id":105,"IsDelete":false},{"_id":199,"Id":199,"Group_Name":"Mohawk Valley","Org_Id":1042,"IsDelete":false},{"_id":200,"Id":200,"Group_Name":"temp","Org_Id":105,"IsDelete":true},{"_id":205,"Id":205,"Group_Name":"kpmg","Org_Id":105,"IsDelete":true},{"_id":206,"Id":206,"Group_Name":"REG 1 Jim Seitz","Org_Id":824,"IsDelete":true},{"_id":207,"Id":207,"Group_Name":"REG 1","Org_Id":824,"IsDelete":false},{"_id":208,"Id":208,"Group_Name":"Ricky's hotels","Org_Id":105,"IsDelete":true},{"_id":209,"Id":209,"Group_Name":"Mclean","Org_Id":105,"IsDelete":true},{"_id":210,"Id":210,"Group_Name":"MasterBuilt Hotels","Org_Id":2436,"IsDelete":false},{"_id":211,"Id":211,"Group_Name":"Highgate","Org_Id":2479,"IsDelete":false},{"_id":212,"Id":212,"Group_Name":"WS Management","Org_Id":2425,"IsDelete":false},{"_id":213,"Id":213,"Group_Name":"Mark's hotels","Org_Id":105,"IsDelete":true},{"_id":214,"Id":214,"Group_Name":"Lahcen Tigui Hotels","Org_Id":238,"IsDelete":false},{"_id":215,"Id":215,"Group_Name":"First Call Hospitality","Org_Id":288,"IsDelete":false},{"_id":216,"Id":216,"Group_Name":"Colorado Hotel Group","Org_Id":288,"IsDelete":false},{"_id":217,"Id":217,"Group_Name":"Neal's Hotels","Org_Id":824,"IsDelete":false},{"_id":218,"Id":218,"Group_Name":"Millennium Hospitality","Org_Id":1970,"IsDelete":false},{"_id":219,"Id":219,"Group_Name":"Hotel Investment Group","Org_Id":2555,"IsDelete":false},{"_id":220,"Id":220,"Group_Name":"Lotus Holdings/MarksNelson","Org_Id":2560,"IsDelete":false},{"_id":221,"Id":221,"Group_Name":"Eastons Group","Org_Id":2564,"IsDelete":false},{"_id":222,"Id":222,"Group_Name":"Lahcen Tigui Regional Manager","Org_Id":238,"IsDelete":false},{"_id":223,"Id":223,"Group_Name":"Premier Hotels","Org_Id":2619,"IsDelete":false},{"_id":224,"Id":224,"Group_Name":"bethesda hotels","Org_Id":105,"IsDelete":true},{"_id":225,"Id":225,"Group_Name":"Executive Group of Companies","Org_Id":2646,"IsDelete":true},{"_id":226,"Id":226,"Group_Name":"1Hot List","Org_Id":1042,"IsDelete":false},{"_id":227,"Id":227,"Group_Name":"1128 Bismarck LLC Hotel Group","Org_Id":288,"IsDelete":false},{"_id":228,"Id":228,"Group_Name":"Bryan's Hotels","Org_Id":105,"IsDelete":true},{"_id":229,"Id":229,"Group_Name":"Paul's hotels","Org_Id":2175,"IsDelete":true},{"_id":230,"Id":230,"Group_Name":"Reno Hotels","Org_Id":824,"IsDelete":true},{"_id":231,"Id":231,"Group_Name":"N Country Hotels","Org_Id":1042,"IsDelete":false},{"_id":232,"Id":232,"Group_Name":"Albany Area Hotels","Org_Id":1042,"IsDelete":false},{"_id":233,"Id":233,"Group_Name":"Cortland Area Hotels","Org_Id":1042,"IsDelete":false},{"_id":234,"Id":234,"Group_Name":"Syracuse Area Hotels","Org_Id":1042,"IsDelete":false},{"_id":235,"Id":235,"Group_Name":"VHRM (We The BEST) - Milan Patel's Portfolio","Org_Id":1042,"IsDelete":false},{"_id":236,"Id":236,"Group_Name":"Sudhir's hotels","Org_Id":105,"IsDelete":true},{"_id":237,"Id":237,"Group_Name":"Western NY Portfolio","Org_Id":1042,"IsDelete":false},{"_id":238,"Id":238,"Group_Name":"Epoch Investments","Org_Id":229,"IsDelete":false},{"_id":239,"Id":239,"Group_Name":"Charleston Hotels","Org_Id":30,"IsDelete":false},{"_id":240,"Id":240,"Group_Name":"Chesapeake","Org_Id":137,"IsDelete":false},{"_id":241,"Id":241,"Group_Name":"Forza Investments","Org_Id":229,"IsDelete":false},{"_id":242,"Id":242,"Group_Name":"Aquilini Properties","Org_Id":2903,"IsDelete":false},{"_id":243,"Id":243,"Group_Name":"Hotel Equities","Org_Id":2935,"IsDelete":false},{"_id":244,"Id":244,"Group_Name":"Chula Vista Resort","Org_Id":3028,"IsDelete":false},{"_id":245,"Id":245,"Group_Name":"Avana Capital","Org_Id":3035,"IsDelete":true},{"_id":246,"Id":246,"Group_Name":"InnVest Hotels","Org_Id":3055,"IsDelete":false},{"_id":247,"Id":247,"Group_Name":"Ryan's Favourite","Org_Id":2436,"IsDelete":true},{"_id":248,"Id":248,"Group_Name":"Managed Microtels","Org_Id":2436,"IsDelete":false},{"_id":249,"Id":249,"Group_Name":"Canada Hotels","Org_Id":2935,"IsDelete":true},{"_id":250,"Id":250,"Group_Name":"Columbus Area","Org_Id":2691,"IsDelete":false},{"_id":251,"Id":251,"Group_Name":"Joseph's Hotels","Org_Id":2479,"IsDelete":false},{"_id":252,"Id":252,"Group_Name":"Alabama","Org_Id":824,"IsDelete":true},{"_id":253,"Id":253,"Group_Name":"Teddy/Mike H","Org_Id":824,"IsDelete":false},{"_id":254,"Id":254,"Group_Name":"Amy's Hotels","Org_Id":824,"IsDelete":false},{"_id":255,"Id":255,"Group_Name":"Jenny's Hotels","Org_Id":824,"IsDelete":false},{"_id":256,"Id":256,"Group_Name":"Alberta / Saskatchewan","Org_Id":2436,"IsDelete":false},{"_id":257,"Id":257,"Group_Name":"MasterBuilt Hotels Non Microtel","Org_Id":2436,"IsDelete":false},{"_id":258,"Id":258,"Group_Name":"MasterBuilt Hotels Non Microtel","Org_Id":2436,"IsDelete":true},{"_id":259,"Id":259,"Group_Name":"Zenique Hotels","Org_Id":3188,"IsDelete":false},{"_id":260,"Id":260,"Group_Name":"North Town Yard LLC Hotel Group","Org_Id":288,"IsDelete":false},{"_id":261,"Id":261,"Group_Name":"Canadian Hotels_Hotel Equities","Org_Id":2935,"IsDelete":true},{"_id":262,"Id":262,"Group_Name":"All Courtyards","Org_Id":2935,"IsDelete":true},{"_id":263,"Id":263,"Group_Name":"Ta'Neika Blue","Org_Id":2935,"IsDelete":true},{"_id":264,"Id":264,"Group_Name":"Mike's Hotels","Org_Id":2935,"IsDelete":true},{"_id":265,"Id":265,"Group_Name":"Tim's Hotels","Org_Id":2935,"IsDelete":true},{"_id":266,"Id":266,"Group_Name":"Test Hotels","Org_Id":2935,"IsDelete":true},{"_id":267,"Id":267,"Group_Name":"Tammie's Hotels","Org_Id":2935,"IsDelete":true},{"_id":268,"Id":268,"Group_Name":"Aubrey's Hotels","Org_Id":2935,"IsDelete":true},{"_id":269,"Id":269,"Group_Name":"Courtyards","Org_Id":2935,"IsDelete":true},{"_id":270,"Id":270,"Group_Name":"Christen hotels","Org_Id":2935,"IsDelete":true},{"_id":271,"Id":271,"Group_Name":"Kathy's hotels","Org_Id":2935,"IsDelete":true},{"_id":272,"Id":272,"Group_Name":"Marchelle's Hotels","Org_Id":2935,"IsDelete":true},{"_id":273,"Id":273,"Group_Name":"Bryce's Hotels","Org_Id":2935,"IsDelete":true},{"_id":274,"Id":274,"Group_Name":"West Vertical ","Org_Id":2935,"IsDelete":true},{"_id":275,"Id":275,"Group_Name":"Srinivas","Org_Id":2935,"IsDelete":true},{"_id":276,"Id":276,"Group_Name":"Test 2","Org_Id":2935,"IsDelete":true},{"_id":277,"Id":277,"Group_Name":"Canadian Vertical","Org_Id":2935,"IsDelete":true},{"_id":278,"Id":278,"Group_Name":"Harrison Region ","Org_Id":2935,"IsDelete":true},{"_id":279,"Id":279,"Group_Name":"Zach HVH Hotels","Org_Id":2935,"IsDelete":true},{"_id":280,"Id":280,"Group_Name":"Srinivas's Hotels","Org_Id":2935,"IsDelete":true},{"_id":281,"Id":281,"Group_Name":"Barb's Portfolio","Org_Id":2935,"IsDelete":true},{"_id":282,"Id":282,"Group_Name":"Polly Ann Elliott","Org_Id":2935,"IsDelete":true},{"_id":283,"Id":283,"Group_Name":"Texas Region - Amy Lusk","Org_Id":2935,"IsDelete":true},{"_id":284,"Id":284,"Group_Name":"OP's Hotels","Org_Id":2935,"IsDelete":true},{"_id":285,"Id":285,"Group_Name":"Polly Ann Elliott","Org_Id":2935,"IsDelete":true},{"_id":286,"Id":286,"Group_Name":"Polly Ann Elliott","Org_Id":2935,"IsDelete":true},{"_id":287,"Id":287,"Group_Name":"Canada","Org_Id":2935,"IsDelete":true},{"_id":288,"Id":288,"Group_Name":"Marchelle's Hotels","Org_Id":2935,"IsDelete":true},{"_id":289,"Id":289,"Group_Name":"Zach TX Hotels","Org_Id":2935,"IsDelete":true},{"_id":290,"Id":290,"Group_Name":"3G Hotels","Org_Id":2935,"IsDelete":true},{"_id":291,"Id":291,"Group_Name":"Polly Ann Elliott","Org_Id":2935,"IsDelete":true},{"_id":292,"Id":292,"Group_Name":"Susan's Hotels","Org_Id":2935,"IsDelete":true},{"_id":293,"Id":293,"Group_Name":"Mike's Portfolio","Org_Id":2935,"IsDelete":true},{"_id":294,"Id":294,"Group_Name":"Courtyard","Org_Id":2935,"IsDelete":true},{"_id":295,"Id":295,"Group_Name":"Greg's hotels","Org_Id":2935,"IsDelete":true},{"_id":296,"Id":296,"Group_Name":"Canada","Org_Id":2935,"IsDelete":true},{"_id":297,"Id":297,"Group_Name":"Test Group","Org_Id":2935,"IsDelete":true},{"_id":298,"Id":298,"Group_Name":"East MidAtlantic Hotels","Org_Id":2935,"IsDelete":true},{"_id":299,"Id":299,"Group_Name":"Ansley West","Org_Id":2935,"IsDelete":true},{"_id":300,"Id":300,"Group_Name":"Keith's Hotels","Org_Id":2935,"IsDelete":true},{"_id":301,"Id":301,"Group_Name":"Virtua","Org_Id":2935,"IsDelete":true},{"_id":302,"Id":302,"Group_Name":"3 Hilton","Org_Id":2935,"IsDelete":true},{"_id":303,"Id":303,"Group_Name":"Braemar Hotels","Org_Id":2935,"IsDelete":true},{"_id":304,"Id":304,"Group_Name":"3G","Org_Id":2935,"IsDelete":true},{"_id":305,"Id":305,"Group_Name":"Keith's Hotels","Org_Id":2935,"IsDelete":true},{"_id":306,"Id":306,"Group_Name":"Keith's Hotels","Org_Id":2935,"IsDelete":true},{"_id":307,"Id":307,"Group_Name":"Comfort's","Org_Id":3055,"IsDelete":false},{"_id":308,"Id":308,"Group_Name":"MidAtlantic","Org_Id":2935,"IsDelete":true},{"_id":309,"Id":309,"Group_Name":"West Vertical- Dave Murray","Org_Id":2935,"IsDelete":true},{"_id":310,"Id":310,"Group_Name":"Beck Legacy Group","Org_Id":3366,"IsDelete":false},{"_id":311,"Id":311,"Group_Name":"Everwood Hotel Partners","Org_Id":2691,"IsDelete":false},{"_id":312,"Id":312,"Group_Name":"West Vertical","Org_Id":2935,"IsDelete":true},{"_id":313,"Id":313,"Group_Name":"Sheila's Group","Org_Id":2935,"IsDelete":true},{"_id":314,"Id":314,"Group_Name":"Sheila's Group","Org_Id":2935,"IsDelete":true},{"_id":315,"Id":315,"Group_Name":"Territory 02","Org_Id":105,"IsDelete":true},{"_id":316,"Id":316,"Group_Name":"Polly Ann Elliott","Org_Id":2935,"IsDelete":true},{"_id":317,"Id":317,"Group_Name":"West Region","Org_Id":2935,"IsDelete":true},{"_id":318,"Id":318,"Group_Name":"RDO - Richard O'Beirne","Org_Id":3055,"IsDelete":false},{"_id":319,"Id":319,"Group_Name":"RDO - Kristine Dempster","Org_Id":3055,"IsDelete":false},{"_id":320,"Id":320,"Group_Name":"RDO - Marcelo Tomazo","Org_Id":3055,"IsDelete":false},{"_id":321,"Id":321,"Group_Name":"RDO - Kyle Nantais","Org_Id":3055,"IsDelete":true},{"_id":322,"Id":322,"Group_Name":"Joe Fallis Vertical","Org_Id":2935,"IsDelete":true},{"_id":323,"Id":323,"Group_Name":"Columbia Sussex Corp","Org_Id":3676,"IsDelete":true},{"_id":324,"Id":324,"Group_Name":"Scarlet & Gray","Org_Id":3682,"IsDelete":false},{"_id":325,"Id":325,"Group_Name":"Prism Hotels & Resorts","Org_Id":3692,"IsDelete":false},{"_id":326,"Id":326,"Group_Name":"Woodmont Lodging","Org_Id":3721,"IsDelete":false},{"_id":327,"Id":327,"Group_Name":"Fund 1 Hotels","Org_Id":2436,"IsDelete":false},{"_id":328,"Id":328,"Group_Name":"Fund 1 Hotels","Org_Id":2436,"IsDelete":true},{"_id":329,"Id":329,"Group_Name":"Cortland","Org_Id":1042,"IsDelete":true},{"_id":330,"Id":330,"Group_Name":"Cortland","Org_Id":1042,"IsDelete":true},{"_id":331,"Id":331,"Group_Name":"Cortland","Org_Id":1042,"IsDelete":true},{"_id":332,"Id":332,"Group_Name":"Syracuse","Org_Id":1042,"IsDelete":true},{"_id":333,"Id":333,"Group_Name":"Austin's Group","Org_Id":105,"IsDelete":true},{"_id":334,"Id":334,"Group_Name":"Austin's Group","Org_Id":105,"IsDelete":true},{"_id":335,"Id":335,"Group_Name":"Austin's Group","Org_Id":105,"IsDelete":true},{"_id":336,"Id":336,"Group_Name":"Austin's Group","Org_Id":105,"IsDelete":true},{"_id":337,"Id":337,"Group_Name":"Austin's Group","Org_Id":105,"IsDelete":true},{"_id":338,"Id":338,"Group_Name":"Centurion Property Group","Org_Id":3855,"IsDelete":false},{"_id":339,"Id":339,"Group_Name":"Marcelo's Hotels","Org_Id":3055,"IsDelete":true},{"_id":340,"Id":340,"Group_Name":"RDO - Marcelo Tomazo","Org_Id":3055,"IsDelete":true},{"_id":341,"Id":341,"Group_Name":"Braemar Hotels","Org_Id":2935,"IsDelete":true},{"_id":342,"Id":342,"Group_Name":"Braemar Hotels","Org_Id":2935,"IsDelete":true},{"_id":343,"Id":343,"Group_Name":"Braemar Hotels","Org_Id":2935,"IsDelete":true},{"_id":344,"Id":344,"Group_Name":"Region 1","Org_Id":105,"IsDelete":true},{"_id":345,"Id":345,"Group_Name":"Presidian Hotels & Resorts","Org_Id":4011,"IsDelete":false},{"_id":346,"Id":346,"Group_Name":"Detroit Airport Hotels","Org_Id":137,"IsDelete":false},{"_id":347,"Id":347,"Group_Name":"RIDB","Org_Id":824,"IsDelete":false},{"_id":348,"Id":348,"Group_Name":"Winston-Salem","Org_Id":3721,"IsDelete":false},{"_id":349,"Id":349,"Group_Name":"Winston Salem","Org_Id":3721,"IsDelete":true},{"_id":350,"Id":350,"Group_Name":"Winston Salem","Org_Id":3721,"IsDelete":true},{"_id":351,"Id":351,"Group_Name":"TPSs","Org_Id":238,"IsDelete":false},{"_id":352,"Id":352,"Group_Name":"Ryan Cochrane","Org_Id":2436,"IsDelete":true},{"_id":353,"Id":353,"Group_Name":"BC Region","Org_Id":2436,"IsDelete":true},{"_id":354,"Id":354,"Group_Name":"Focus Group","Org_Id":2935,"IsDelete":true},{"_id":355,"Id":355,"Group_Name":"Amanda's Group","Org_Id":2935,"IsDelete":true},{"_id":356,"Id":356,"Group_Name":"Amanda's Group","Org_Id":2935,"IsDelete":true},{"_id":357,"Id":357,"Group_Name":"Ashwin's Hotels","Org_Id":3055,"IsDelete":true},{"_id":358,"Id":358,"Group_Name":"Ashwin Group Test","Org_Id":3055,"IsDelete":true},{"_id":359,"Id":359,"Group_Name":"01 Marriott","Org_Id":2935,"IsDelete":false},{"_id":360,"Id":360,"Group_Name":"4 IHG","Org_Id":2935,"IsDelete":true},{"_id":361,"Id":361,"Group_Name":"Legacy Development & Management","Org_Id":4288,"IsDelete":false},{"_id":362,"Id":362,"Group_Name":"1Hotel Equities","Org_Id":2935,"IsDelete":true},{"_id":363,"Id":363,"Group_Name":"04 Choice ","Org_Id":2935,"IsDelete":false},{"_id":364,"Id":364,"Group_Name":"06 Best Western ","Org_Id":2935,"IsDelete":false},{"_id":365,"Id":365,"Group_Name":"05 Wyndham","Org_Id":2935,"IsDelete":false},{"_id":366,"Id":366,"Group_Name":"08 Independent","Org_Id":2935,"IsDelete":false},{"_id":367,"Id":367,"Group_Name":"07 Red Lion","Org_Id":2935,"IsDelete":false},{"_id":368,"Id":368,"Group_Name":"Virtua Partners","Org_Id":2935,"IsDelete":false},{"_id":369,"Id":369,"Group_Name":"HDP","Org_Id":2935,"IsDelete":false},{"_id":370,"Id":370,"Group_Name":"Aneesh Hotels","Org_Id":2935,"IsDelete":false},{"_id":371,"Id":371,"Group_Name":"Hess Hotels","Org_Id":2935,"IsDelete":false},{"_id":372,"Id":372,"Group_Name":"3G Equity Canada","Org_Id":2935,"IsDelete":false},{"_id":373,"Id":373,"Group_Name":"JHM","Org_Id":2935,"IsDelete":false},{"_id":374,"Id":374,"Group_Name":"Mall of GA Hotels","Org_Id":2935,"IsDelete":false},{"_id":375,"Id":375,"Group_Name":"Braemar Group ","Org_Id":2935,"IsDelete":false},{"_id":376,"Id":376,"Group_Name":"Lincoln Iowa Hotels ","Org_Id":2935,"IsDelete":false},{"_id":377,"Id":377,"Group_Name":"Iliyan Hospitality Inc.","Org_Id":2935,"IsDelete":false},{"_id":378,"Id":378,"Group_Name":"Mayfair Street Partners, LLC","Org_Id":2935,"IsDelete":false},{"_id":379,"Id":379,"Group_Name":"02 Hilton","Org_Id":2935,"IsDelete":false},{"_id":380,"Id":380,"Group_Name":"Braemar Hotels","Org_Id":2935,"IsDelete":true},{"_id":381,"Id":381,"Group_Name":"David Rosenberg - Central - 41","Org_Id":2935,"IsDelete":false},{"_id":382,"Id":382,"Group_Name":"Keith Hensley East - 25","Org_Id":2935,"IsDelete":false},{"_id":383,"Id":383,"Group_Name":"Bob Adler - West","Org_Id":2935,"IsDelete":false},{"_id":384,"Id":384,"Group_Name":"Joe Fallis - RDO 15","Org_Id":2935,"IsDelete":false},{"_id":385,"Id":385,"Group_Name":"Platinum Companies","Org_Id":3987,"IsDelete":false},{"_id":386,"Id":386,"Group_Name":"Edward's Group","Org_Id":2691,"IsDelete":false},{"_id":387,"Id":387,"Group_Name":"Keith Hensley VPO","Org_Id":2935,"IsDelete":false},{"_id":388,"Id":388,"Group_Name":"Peter Parmar- RDO 19","Org_Id":2935,"IsDelete":false},{"_id":389,"Id":389,"Group_Name":"Oscar Pacheco - RDO Portfolio","Org_Id":2935,"IsDelete":false},{"_id":390,"Id":390,"Group_Name":"Robert Myers - Area GM Portfolio","Org_Id":2935,"IsDelete":false},{"_id":391,"Id":391,"Group_Name":"PeachState Hospitality","Org_Id":4121,"IsDelete":false},{"_id":392,"Id":392,"Group_Name":"10 Hotel Equities Canada","Org_Id":2935,"IsDelete":false},{"_id":393,"Id":393,"Group_Name":"09 Hotel Equities US","Org_Id":2935,"IsDelete":false},{"_id":394,"Id":394,"Group_Name":"03 IHG","Org_Id":2935,"IsDelete":false},{"_id":395,"Id":395,"Group_Name":"Binghamton Area Hotels","Org_Id":1042,"IsDelete":false},{"_id":396,"Id":396,"Group_Name":"RDO -  Joyce Godbout","Org_Id":3055,"IsDelete":false},{"_id":397,"Id":397,"Group_Name":"Teddy's Region","Org_Id":824,"IsDelete":false},{"_id":398,"Id":398,"Group_Name":"American Life","Org_Id":2075,"IsDelete":false},{"_id":399,"Id":399,"Group_Name":"Daily Report","Org_Id":2436,"IsDelete":false},{"_id":400,"Id":400,"Group_Name":"Amanda's Area","Org_Id":2935,"IsDelete":false},{"_id":401,"Id":401,"Group_Name":"TEST- Hotel Equities","Org_Id":5460,"IsDelete":false},{"_id":402,"Id":402,"Group_Name":"TEST- Canada Hotels","Org_Id":5460,"IsDelete":true},{"_id":403,"Id":403,"Group_Name":"TEST- Canadian Hotels_Hotel Equities","Org_Id":5460,"IsDelete":true},{"_id":404,"Id":404,"Group_Name":"TEST- All Courtyards","Org_Id":5460,"IsDelete":true},{"_id":405,"Id":405,"Group_Name":"TEST- Ta'Neika Blue","Org_Id":5460,"IsDelete":true},{"_id":406,"Id":406,"Group_Name":"TEST- Mike's Hotels","Org_Id":5460,"IsDelete":true},{"_id":407,"Id":407,"Group_Name":"TEST- Tim's Hotels","Org_Id":5460,"IsDelete":true},{"_id":408,"Id":408,"Group_Name":"TEST- Test Hotels","Org_Id":5460,"IsDelete":true},{"_id":409,"Id":409,"Group_Name":"TEST- Tammie's Hotels","Org_Id":5460,"IsDelete":true},{"_id":410,"Id":410,"Group_Name":"TEST- Aubrey's Hotels","Org_Id":5460,"IsDelete":true},{"_id":411,"Id":411,"Group_Name":"TEST- Courtyards","Org_Id":5460,"IsDelete":true},{"_id":412,"Id":412,"Group_Name":"TEST- Christen hotels","Org_Id":5460,"IsDelete":true},{"_id":413,"Id":413,"Group_Name":"TEST- Kathy's hotels","Org_Id":5460,"IsDelete":true},{"_id":414,"Id":414,"Group_Name":"TEST- Marchelle's Hotels","Org_Id":5460,"IsDelete":true},{"_id":415,"Id":415,"Group_Name":"TEST- Bryce's Hotels","Org_Id":5460,"IsDelete":true},{"_id":416,"Id":416,"Group_Name":"TEST- West Vertical ","Org_Id":5460,"IsDelete":true},{"_id":417,"Id":417,"Group_Name":"TEST- Srinivas","Org_Id":5460,"IsDelete":true},{"_id":418,"Id":418,"Group_Name":"TEST- Test 2","Org_Id":5460,"IsDelete":true},{"_id":419,"Id":419,"Group_Name":"TEST- Canadian Vertical","Org_Id":5460,"IsDelete":true},{"_id":420,"Id":420,"Group_Name":"TEST- Harrison Region ","Org_Id":5460,"IsDelete":true},{"_id":421,"Id":421,"Group_Name":"TEST- Zach HVH Hotels","Org_Id":5460,"IsDelete":true},{"_id":422,"Id":422,"Group_Name":"TEST- Srinivas's Hotels","Org_Id":5460,"IsDelete":true},{"_id":423,"Id":423,"Group_Name":"TEST- Barb's Portfolio","Org_Id":5460,"IsDelete":true},{"_id":424,"Id":424,"Group_Name":"TEST- Polly Ann Elliott","Org_Id":5460,"IsDelete":true},{"_id":425,"Id":425,"Group_Name":"TEST- Texas Region - Amy Lusk","Org_Id":5460,"IsDelete":true},{"_id":426,"Id":426,"Group_Name":"TEST- OP's Hotels","Org_Id":5460,"IsDelete":true},{"_id":427,"Id":427,"Group_Name":"TEST- Polly Ann Elliott","Org_Id":5460,"IsDelete":true},{"_id":428,"Id":428,"Group_Name":"TEST- Polly Ann Elliott","Org_Id":5460,"IsDelete":true},{"_id":429,"Id":429,"Group_Name":"TEST- Canada","Org_Id":5460,"IsDelete":true},{"_id":430,"Id":430,"Group_Name":"TEST- Marchelle's Hotels","Org_Id":5460,"IsDelete":true},{"_id":431,"Id":431,"Group_Name":"TEST- Zach TX Hotels","Org_Id":5460,"IsDelete":true},{"_id":432,"Id":432,"Group_Name":"TEST- 3G Hotels","Org_Id":5460,"IsDelete":true},{"_id":433,"Id":433,"Group_Name":"TEST- Polly Ann Elliott","Org_Id":5460,"IsDelete":true},{"_id":434,"Id":434,"Group_Name":"TEST- Susan's Hotels","Org_Id":5460,"IsDelete":true},{"_id":435,"Id":435,"Group_Name":"TEST- Mike's Portfolio","Org_Id":5460,"IsDelete":true},{"_id":436,"Id":436,"Group_Name":"TEST- Courtyard","Org_Id":5460,"IsDelete":true},{"_id":437,"Id":437,"Group_Name":"TEST- Greg's hotels","Org_Id":5460,"IsDelete":true},{"_id":438,"Id":438,"Group_Name":"TEST- Canada","Org_Id":5460,"IsDelete":true},{"_id":439,"Id":439,"Group_Name":"TEST- Test Group","Org_Id":5460,"IsDelete":true},{"_id":440,"Id":440,"Group_Name":"TEST- East MidAtlantic Hotels","Org_Id":5460,"IsDelete":true},{"_id":441,"Id":441,"Group_Name":"TEST- Ansley West","Org_Id":5460,"IsDelete":true},{"_id":442,"Id":442,"Group_Name":"TEST- Keith's Hotels","Org_Id":5460,"IsDelete":true},{"_id":443,"Id":443,"Group_Name":"TEST- Virtua","Org_Id":5460,"IsDelete":true},{"_id":444,"Id":444,"Group_Name":"TEST- 3 Hilton","Org_Id":5460,"IsDelete":true},{"_id":445,"Id":445,"Group_Name":"TEST- Braemar Hotels","Org_Id":5460,"IsDelete":true},{"_id":446,"Id":446,"Group_Name":"TEST- 3G","Org_Id":5460,"IsDelete":true},{"_id":447,"Id":447,"Group_Name":"TEST- Keith's Hotels","Org_Id":5460,"IsDelete":true},{"_id":448,"Id":448,"Group_Name":"TEST- Keith's Hotels","Org_Id":5460,"IsDelete":true},{"_id":449,"Id":449,"Group_Name":"TEST- MidAtlantic","Org_Id":5460,"IsDelete":true},{"_id":450,"Id":450,"Group_Name":"TEST- West Vertical- Dave Murray","Org_Id":5460,"IsDelete":true},{"_id":451,"Id":451,"Group_Name":"TEST- West Vertical","Org_Id":5460,"IsDelete":true},{"_id":452,"Id":452,"Group_Name":"TEST- Sheila's Group","Org_Id":5460,"IsDelete":true},{"_id":453,"Id":453,"Group_Name":"TEST- Sheila's Group","Org_Id":5460,"IsDelete":true},{"_id":454,"Id":454,"Group_Name":"TEST- Polly Ann Elliott","Org_Id":5460,"IsDelete":true},{"_id":455,"Id":455,"Group_Name":"TEST- West Region","Org_Id":5460,"IsDelete":true},{"_id":456,"Id":456,"Group_Name":"TEST- Joe Fallis Vertical","Org_Id":5460,"IsDelete":true},{"_id":457,"Id":457,"Group_Name":"TEST- Braemar Hotels","Org_Id":5460,"IsDelete":true},{"_id":458,"Id":458,"Group_Name":"TEST- Braemar Hotels","Org_Id":5460,"IsDelete":true},{"_id":459,"Id":459,"Group_Name":"TEST- Braemar Hotels","Org_Id":5460,"IsDelete":true},{"_id":460,"Id":460,"Group_Name":"TEST- Focus Group","Org_Id":5460,"IsDelete":true},{"_id":461,"Id":461,"Group_Name":"TEST- Amanda's Group","Org_Id":5460,"IsDelete":true},{"_id":462,"Id":462,"Group_Name":"5460","Org_Id":1,"IsDelete":null},{"_id":463,"Id":463,"Group_Name":"5460","Org_Id":0,"IsDelete":null},{"_id":464,"Id":464,"Group_Name":"5460","Org_Id":1,"IsDelete":null},{"_id":465,"Id":465,"Group_Name":"5460","Org_Id":1,"IsDelete":null},{"_id":466,"Id":466,"Group_Name":"5460","Org_Id":0,"IsDelete":null},{"_id":467,"Id":467,"Group_Name":"5460","Org_Id":0,"IsDelete":null},{"_id":468,"Id":468,"Group_Name":"5460","Org_Id":0,"IsDelete":null},{"_id":469,"Id":469,"Group_Name":"5460","Org_Id":0,"IsDelete":null},{"_id":470,"Id":470,"Group_Name":"5460","Org_Id":0,"IsDelete":null},{"_id":471,"Id":471,"Group_Name":"5460","Org_Id":0,"IsDelete":null},{"_id":472,"Id":472,"Group_Name":"5460","Org_Id":0,"IsDelete":null},{"_id":473,"Id":473,"Group_Name":"5460","Org_Id":0,"IsDelete":null},{"_id":474,"Id":474,"Group_Name":"5460","Org_Id":0,"IsDelete":null},{"_id":475,"Id":475,"Group_Name":"5460","Org_Id":0,"IsDelete":null},{"_id":476,"Id":476,"Group_Name":"5460","Org_Id":0,"IsDelete":null},{"_id":477,"Id":477,"Group_Name":"5460","Org_Id":0,"IsDelete":null},{"_id":478,"Id":478,"Group_Name":"5460","Org_Id":0,"IsDelete":null},{"_id":479,"Id":479,"Group_Name":"5460","Org_Id":0,"IsDelete":null},{"_id":480,"Id":480,"Group_Name":"5460","Org_Id":0,"IsDelete":null},{"_id":481,"Id":481,"Group_Name":"5460","Org_Id":0,"IsDelete":null},{"_id":482,"Id":482,"Group_Name":"5460","Org_Id":0,"IsDelete":null},{"_id":483,"Id":483,"Group_Name":"5460","Org_Id":1,"IsDelete":null},{"_id":484,"Id":484,"Group_Name":"5460","Org_Id":0,"IsDelete":null},{"_id":485,"Id":485,"Group_Name":"5460","Org_Id":0,"IsDelete":null},{"_id":486,"Id":486,"Group_Name":"5460","Org_Id":0,"IsDelete":null},{"_id":487,"Id":487,"Group_Name":"5460","Org_Id":0,"IsDelete":null},{"_id":488,"Id":488,"Group_Name":"5460","Org_Id":0,"IsDelete":null},{"_id":489,"Id":489,"Group_Name":"5460","Org_Id":0,"IsDelete":null},{"_id":490,"Id":490,"Group_Name":"5460","Org_Id":0,"IsDelete":null},{"_id":491,"Id":491,"Group_Name":"5460","Org_Id":0,"IsDelete":null},{"_id":492,"Id":492,"Group_Name":"5460","Org_Id":0,"IsDelete":null},{"_id":493,"Id":493,"Group_Name":"5460","Org_Id":0,"IsDelete":null},{"_id":494,"Id":494,"Group_Name":"5460","Org_Id":0,"IsDelete":null},{"_id":495,"Id":495,"Group_Name":"5460","Org_Id":0,"IsDelete":null},{"_id":496,"Id":496,"Group_Name":"TEST- Amanda's Group","Org_Id":5460,"IsDelete":true},{"_id":497,"Id":497,"Group_Name":"TEST- 01 Marriott","Org_Id":5460,"IsDelete":false},{"_id":498,"Id":498,"Group_Name":"TEST- 4 IHG","Org_Id":5460,"IsDelete":true},{"_id":499,"Id":499,"Group_Name":"TEST- 1Hotel Equities","Org_Id":5460,"IsDelete":true},{"_id":500,"Id":500,"Group_Name":"TEST- 04 Choice ","Org_Id":5460,"IsDelete":false},{"_id":501,"Id":501,"Group_Name":"TEST- 06 Best Western ","Org_Id":5460,"IsDelete":false},{"_id":502,"Id":502,"Group_Name":"TEST- 05 Wyndham","Org_Id":5460,"IsDelete":false},{"_id":503,"Id":503,"Group_Name":"TEST- 08 Independent","Org_Id":5460,"IsDelete":false},{"_id":504,"Id":504,"Group_Name":"TEST- 07 Red Lion","Org_Id":5460,"IsDelete":true},{"_id":505,"Id":505,"Group_Name":"TEST- Virtua Partners","Org_Id":5460,"IsDelete":false},{"_id":506,"Id":506,"Group_Name":"TEST- HDP","Org_Id":5460,"IsDelete":false},{"_id":507,"Id":507,"Group_Name":"TEST- Aneesh Hotels","Org_Id":5460,"IsDelete":false},{"_id":508,"Id":508,"Group_Name":"TEST- Hess Hotels","Org_Id":5460,"IsDelete":false},{"_id":509,"Id":509,"Group_Name":"TEST- 3G Equity Canada","Org_Id":5460,"IsDelete":false},{"_id":510,"Id":510,"Group_Name":"TEST- JHM","Org_Id":5460,"IsDelete":false},{"_id":511,"Id":511,"Group_Name":"TEST- Mall of GA Hotels","Org_Id":5460,"IsDelete":false},{"_id":512,"Id":512,"Group_Name":"TEST- Braemar Group ","Org_Id":5460,"IsDelete":false},{"_id":513,"Id":513,"Group_Name":"TEST- Lincoln Iowa Hotels ","Org_Id":5460,"IsDelete":false},{"_id":514,"Id":514,"Group_Name":"TEST- Iliyan Hospitality Inc.","Org_Id":5460,"IsDelete":false},{"_id":515,"Id":515,"Group_Name":"TEST- Mayfair Street Partners, LLC","Org_Id":5460,"IsDelete":false},{"_id":516,"Id":516,"Group_Name":"TEST- 02 Hilton","Org_Id":5460,"IsDelete":false},{"_id":517,"Id":517,"Group_Name":"TEST- Braemar Hotels","Org_Id":5460,"IsDelete":true},{"_id":518,"Id":518,"Group_Name":"TEST- David Rosenberg - Vertical","Org_Id":5460,"IsDelete":false},{"_id":519,"Id":519,"Group_Name":"TEST- Keith Hensley - Vertical","Org_Id":5460,"IsDelete":false},{"_id":520,"Id":520,"Group_Name":"TEST- Bob Adler- Vertical","Org_Id":5460,"IsDelete":false},{"_id":521,"Id":521,"Group_Name":"TEST- Joe Fallis - RDO Portfolio","Org_Id":5460,"IsDelete":false},{"_id":522,"Id":522,"Group_Name":"TEST- Terry Branch - RDO Portfolio","Org_Id":5460,"IsDelete":false},{"_id":523,"Id":523,"Group_Name":"TEST- Peter Parmar- RDO Portfolio","Org_Id":5460,"IsDelete":false},{"_id":524,"Id":524,"Group_Name":"TEST- Oscar Pacheco - RDO Portfolio","Org_Id":5460,"IsDelete":false},{"_id":525,"Id":525,"Group_Name":"TEST- Robert Myers - Area GM Portfolio","Org_Id":5460,"IsDelete":false},{"_id":526,"Id":526,"Group_Name":"TEST- 10 Hotel Equities Canada","Org_Id":5460,"IsDelete":false},{"_id":527,"Id":527,"Group_Name":"TEST- 09 Hotel Equities US","Org_Id":5460,"IsDelete":false},{"_id":528,"Id":528,"Group_Name":"TEST- 03 IHG","Org_Id":5460,"IsDelete":false},{"_id":529,"Id":529,"Group_Name":"TEST- Amanda's Area","Org_Id":5460,"IsDelete":false},{"_id":530,"Id":530,"Group_Name":"Kenneth Area GM Hotels ","Org_Id":2935,"IsDelete":false},{"_id":531,"Id":531,"Group_Name":"Legacy Development & Management ","Org_Id":4288,"IsDelete":true},{"_id":532,"Id":532,"Group_Name":"Hilton","Org_Id":4288,"IsDelete":false},{"_id":533,"Id":533,"Group_Name":"Marriott","Org_Id":4288,"IsDelete":false},{"_id":534,"Id":534,"Group_Name":"Hyatt","Org_Id":4288,"IsDelete":false},{"_id":535,"Id":535,"Group_Name":"Best Western Kelowna","Org_Id":2935,"IsDelete":false},{"_id":536,"Id":536,"Group_Name":"VHOF5","Org_Id":1042,"IsDelete":false},{"_id":537,"Id":537,"Group_Name":"COHO Services","Org_Id":5591,"IsDelete":false},{"_id":538,"Id":538,"Group_Name":"Joe Viglietta - 16 (4)","Org_Id":2935,"IsDelete":false},{"_id":539,"Id":539,"Group_Name":"Chris Knapton - 15","Org_Id":2935,"IsDelete":false},{"_id":540,"Id":540,"Group_Name":"TWG","Org_Id":2935,"IsDelete":false},{"_id":541,"Id":541,"Group_Name":"rob","Org_Id":3055,"IsDelete":false},{"_id":542,"Id":542,"Group_Name":"Sheila's Region","Org_Id":5460,"IsDelete":true},{"_id":543,"Id":543,"Group_Name":"Sheila's Region","Org_Id":5460,"IsDelete":false},{"_id":544,"Id":544,"Group_Name":"KPG Hospitality","Org_Id":5675,"IsDelete":false},{"_id":545,"Id":545,"Group_Name":"Bryce Herder - Regional Revenue Manager ","Org_Id":2935,"IsDelete":false},{"_id":546,"Id":546,"Group_Name":"David Rosenberg - Central\t\t\t\t\t","Org_Id":2935,"IsDelete":true},{"_id":547,"Id":547,"Group_Name":"Michelle Anglemyer AGM","Org_Id":2935,"IsDelete":false},{"_id":548,"Id":548,"Group_Name":"Amanda Michael AGM","Org_Id":2935,"IsDelete":false},{"_id":549,"Id":549,"Group_Name":"Matt Traetow AGM","Org_Id":2935,"IsDelete":false},{"_id":550,"Id":550,"Group_Name":"Keith Hensley - East","Org_Id":2935,"IsDelete":true},{"_id":551,"Id":551,"Group_Name":"Cesar Serna AGM","Org_Id":2935,"IsDelete":false},{"_id":552,"Id":552,"Group_Name":"Fenil Nagda AGM","Org_Id":2935,"IsDelete":false},{"_id":553,"Id":553,"Group_Name":"Sebastian De La Hoz AGM","Org_Id":2935,"IsDelete":false},{"_id":554,"Id":554,"Group_Name":"Brad Goodale AGM","Org_Id":2935,"IsDelete":false},{"_id":555,"Id":555,"Group_Name":"Becky De Cesare AGM","Org_Id":2935,"IsDelete":false},{"_id":556,"Id":556,"Group_Name":"Rod Hazard Hotels","Org_Id":2935,"IsDelete":false},{"_id":557,"Id":557,"Group_Name":"Chase Hospitality","Org_Id":5780,"IsDelete":false},{"_id":558,"Id":558,"Group_Name":"Valencia Hotel Group","Org_Id":2174,"IsDelete":true},{"_id":559,"Id":559,"Group_Name":"West Region","Org_Id":238,"IsDelete":false},{"_id":560,"Id":560,"Group_Name":"East Region","Org_Id":238,"IsDelete":false},{"_id":561,"Id":561,"Group_Name":"VHOF3","Org_Id":1042,"IsDelete":false},{"_id":562,"Id":562,"Group_Name":"VHOF4","Org_Id":1042,"IsDelete":false},{"_id":563,"Id":563,"Group_Name":"VHEF2","Org_Id":1042,"IsDelete":false},{"_id":564,"Id":564,"Group_Name":"VHEF1","Org_Id":1042,"IsDelete":false},{"_id":565,"Id":565,"Group_Name":"Moji's Market - West Chester, Middletown, Dayton South","Org_Id":2935,"IsDelete":false},{"_id":566,"Id":566,"Group_Name":"Holiday Inn Express & Suites Downtown Buffalo","Org_Id":1042,"IsDelete":true},{"_id":567,"Id":567,"Group_Name":"InnVentures Hospitality","Org_Id":5873,"IsDelete":false},{"_id":568,"Id":568,"Group_Name":"Demo Group","Org_Id":2479,"IsDelete":false},{"_id":569,"Id":569,"Group_Name":"Comfort Suites Regina","Org_Id":2935,"IsDelete":false},{"_id":570,"Id":570,"Group_Name":"VHRM - Jason D'Agostino's Portfolio","Org_Id":1042,"IsDelete":false},{"_id":571,"Id":571,"Group_Name":"Best Western Plus Kelowna Hotel & Suites","Org_Id":2935,"IsDelete":false},{"_id":572,"Id":572,"Group_Name":"Tidewater","Org_Id":6007,"IsDelete":false},{"_id":573,"Id":573,"Group_Name":"Lithia Springs","Org_Id":4121,"IsDelete":false},{"_id":577,"Id":577,"Group_Name":"Revenue Manager - Angel Manner","Org_Id":3055,"IsDelete":false},{"_id":578,"Id":578,"Group_Name":"Revenue Manager - Ann Pinsonneault","Org_Id":3055,"IsDelete":false},{"_id":579,"Id":579,"Group_Name":"Revenue Manager - Boris Celis","Org_Id":3055,"IsDelete":false},{"_id":580,"Id":580,"Group_Name":"Revenue Manager - Borisa Poljak ","Org_Id":3055,"IsDelete":false},{"_id":581,"Id":581,"Group_Name":"Revenue Manager - Sabrina Belkacem","Org_Id":3055,"IsDelete":false},{"_id":582,"Id":582,"Group_Name":"Revenue Manager - Sharon Murphy","Org_Id":3055,"IsDelete":false},{"_id":583,"Id":583,"Group_Name":"OBT Test Group","Org_Id":5478,"IsDelete":false},{"_id":584,"Id":584,"Group_Name":"Test Ashwin","Org_Id":3055,"IsDelete":false},{"_id":585,"Id":585,"Group_Name":"Smith/Hoelscher (RG4)","Org_Id":824,"IsDelete":false},{"_id":588,"Id":588,"Group_Name":"RG4","Org_Id":824,"IsDelete":false},{"_id":586,"Id":586,"Group_Name":"Crestline Hotels & Resorts","Org_Id":5866,"IsDelete":false},{"_id":587,"Id":587,"Group_Name":"Commonwealth Hotels","Org_Id":824,"IsDelete":true}]