{"fields":[{"name":"_id","path":"_id","count":20000,"types":[{"name":"Number","bsonType":"Number","path":"_id","count":19999,"total_count":0,"probability":0.99995},{"name":"Null","bsonType":"Null","path":"_id","count":1,"total_count":0,"probability":0.00005,"unique":1,"has_duplicates":false}],"total_count":20000,"type":["Number","Null"],"has_duplicates":false,"probability":1},{"name":"Amount","path":"Amount","count":20000,"types":[{"name":"Number","bsonType":"Number","path":"Amount","count":19999,"total_count":0,"probability":0.99995},{"name":"Null","bsonType":"Null","path":"Amount","count":1,"total_count":0,"probability":0.00005,"unique":1,"has_duplicates":false}],"total_count":20000,"type":["Number","Null"],"has_duplicates":false,"probability":1},{"name":"Date","path":"Date","count":20000,"types":[{"name":"Date","bsonType":"Date","path":"Date","count":19999,"total_count":0,"probability":0.99995},{"name":"Null","bsonType":"Null","path":"Date","count":1,"total_count":0,"probability":0.00005,"unique":1,"has_duplicates":false}],"total_count":20000,"type":["Date","Null"],"has_duplicates":false,"probability":1},{"name":"Description","path":"Description","count":20000,"types":[{"name":"String","bsonType":"String","path":"Description","count":19999,"total_count":0,"probability":0.99995},{"name":"Null","bsonType":"Null","path":"Description","count":1,"total_count":0,"probability":0.00005,"unique":1,"has_duplicates":false}],"total_count":20000,"type":["String","Null"],"has_duplicates":false,"probability":1},{"name":"Due_0_30","path":"Due_0_30","count":20000,"types":[{"name":"Number","bsonType":"Number","path":"Due_0_30","count":19999,"total_count":0,"probability":0.99995},{"name":"Null","bsonType":"Null","path":"Due_0_30","count":1,"total_count":0,"probability":0.00005,"unique":1,"has_duplicates":false}],"total_count":20000,"type":["Number","Null"],"has_duplicates":false,"probability":1},{"name":"Due_31_60","path":"Due_31_60","count":20000,"types":[{"name":"Number","bsonType":"Number","path":"Due_31_60","count":19999,"total_count":0,"probability":0.99995},{"name":"Null","bsonType":"Null","path":"Due_31_60","count":1,"total_count":0,"probability":0.00005,"unique":1,"has_duplicates":false}],"total_count":20000,"type":["Number","Null"],"has_duplicates":false,"probability":1},{"name":"Due_61_90","path":"Due_61_90","count":20000,"types":[{"name":"Number","bsonType":"Number","path":"Due_61_90","count":19999,"total_count":0,"probability":0.99995},{"name":"Null","bsonType":"Null","path":"Due_61_90","count":1,"total_count":0,"probability":0.00005,"unique":1,"has_duplicates":false}],"total_count":20000,"type":["Number","Null"],"has_duplicates":false,"probability":1},{"name":"Due_91_120","path":"Due_91_120","count":20000,"types":[{"name":"Number","bsonType":"Number","path":"Due_91_120","count":19999,"total_count":0,"probability":0.99995},{"name":"Null","bsonType":"Null","path":"Due_91_120","count":1,"total_count":0,"probability":0.00005,"unique":1,"has_duplicates":false}],"total_count":20000,"type":["Number","Null"],"has_duplicates":false,"probability":1},{"name":"HotelID","path":"HotelID","count":20000,"types":[{"name":"Number","bsonType":"Number","path":"HotelID","count":19999,"total_count":0,"probability":0.99995},{"name":"Null","bsonType":"Null","path":"HotelID","count":1,"total_count":0,"probability":0.00005,"unique":1,"has_duplicates":false}],"total_count":20000,"type":["Number","Null"],"has_duplicates":false,"probability":1},{"name":"ID","path":"ID","count":20000,"types":[{"name":"Number","bsonType":"Number","path":"ID","count":19999,"total_count":0,"probability":0.99995},{"name":"Null","bsonType":"Null","path":"ID","count":1,"total_count":0,"probability":0.00005,"unique":1,"has_duplicates":false}],"total_count":20000,"type":["Number","Null"],"has_duplicates":false,"probability":1},{"name":"InvoiceDate","path":"InvoiceDate","count":20000,"types":[{"name":"Date","bsonType":"Date","path":"InvoiceDate","count":19999,"total_count":0,"probability":0.99995},{"name":"Null","bsonType":"Null","path":"InvoiceDate","count":1,"total_count":0,"probability":0.00005,"unique":1,"has_duplicates":false}],"total_count":20000,"type":["Date","Null"],"has_duplicates":false,"probability":1},{"name":"InvoiceNumber","path":"InvoiceNumber","count":20000,"types":[{"name":"Null","bsonType":"Null","path":"InvoiceNumber","count":15205,"total_count":0,"probability":0.76025,"unique":1,"has_duplicates":true},{"name":"String","bsonType":"String","path":"InvoiceNumber","count":4795,"total_count":0,"probability":0.23975}],"total_count":20000,"type":["Null","String"],"has_duplicates":true,"probability":1},{"name":"Over_120","path":"Over_120","count":20000,"types":[{"name":"Number","bsonType":"Number","path":"Over_120","count":19999,"total_count":0,"probability":0.99995},{"name":"Null","bsonType":"Null","path":"Over_120","count":1,"total_count":0,"probability":0.00005,"unique":1,"has_duplicates":false}],"total_count":20000,"type":["Number","Null"],"has_duplicates":false,"probability":1},{"name":"Unapplied_Credits","path":"Unapplied_Credits","count":20000,"types":[{"name":"Null","bsonType":"Null","path":"Unapplied_Credits","count":19845,"total_count":0,"probability":0.99225,"unique":1,"has_duplicates":true},{"name":"Number","bsonType":"Number","path":"Unapplied_Credits","count":155,"total_count":0,"probability":0.00775}],"total_count":20000,"type":["Null","Number"],"has_duplicates":true,"probability":1},{"name":"UpdatedBy","path":"UpdatedBy","count":20000,"types":[{"name":"String","bsonType":"String","path":"UpdatedBy","count":19999,"total_count":0,"probability":0.99995},{"name":"Null","bsonType":"Null","path":"UpdatedBy","count":1,"total_count":0,"probability":0.00005,"unique":1,"has_duplicates":false}],"total_count":20000,"type":["String","Null"],"has_duplicates":false,"probability":1},{"name":"UpdatedDateTime","path":"UpdatedDateTime","count":20000,"types":[{"name":"Date","bsonType":"Date","path":"UpdatedDateTime","count":19999,"total_count":0,"probability":0.99995},{"name":"Null","bsonType":"Null","path":"UpdatedDateTime","count":1,"total_count":0,"probability":0.00005,"unique":1,"has_duplicates":false}],"total_count":20000,"type":["Date","Null"],"has_duplicates":false,"probability":1}],"count":20000}