{"fields":[{"name":"_id","path":"_id","count":912,"types":[{"name":"Number","bsonType":"Number","path":"_id","count":912,"total_count":0,"probability":1}],"total_count":912,"type":"Number","has_duplicates":false,"probability":1},{"name":"HotelGroupID","path":"HotelGroupID","count":190,"types":[{"name":"Undefined","type":"Undefined","path":"HotelGroupID","count":722,"total_count":0,"probability":0.7916666666666666,"unique":1,"has_duplicates":true},{"name":"Number","bsonType":"Number","path":"HotelGroupID","count":190,"total_count":0,"probability":0.20833333333333334}],"total_count":912,"type":["Undefined","Number"],"has_duplicates":true,"probability":0.20833333333333334},{"name":"HotelID","path":"HotelID","count":722,"types":[{"name":"Number","bsonType":"Number","path":"HotelID","count":722,"total_count":0,"probability":0.7916666666666666},{"name":"Undefined","type":"Undefined","path":"HotelID","count":190,"total_count":0,"probability":0.20833333333333334,"unique":1,"has_duplicates":true}],"total_count":912,"type":["Number","Undefined"],"has_duplicates":true,"probability":0.7916666666666666},{"name":"Id","path":"Id","count":722,"types":[{"name":"Number","bsonType":"Number","path":"Id","count":722,"total_count":0,"probability":0.7916666666666666},{"name":"Undefined","type":"Undefined","path":"Id","count":190,"total_count":0,"probability":0.20833333333333334,"unique":1,"has_duplicates":true}],"total_count":912,"type":["Number","Undefined"],"has_duplicates":true,"probability":0.7916666666666666},{"name":"ID","path":"ID","count":190,"types":[{"name":"Undefined","type":"Undefined","path":"ID","count":722,"total_count":0,"probability":0.7916666666666666,"unique":1,"has_duplicates":true},{"name":"Number","bsonType":"Number","path":"ID","count":190,"total_count":0,"probability":0.20833333333333334}],"total_count":912,"type":["Undefined","Number"],"has_duplicates":true,"probability":0.20833333333333334},{"name":"LastGMLoginDateTime","path":"LastGMLoginDateTime","count":722,"types":[{"name":"Date","bsonType":"Date","path":"LastGMLoginDateTime","count":722,"total_count":0,"probability":0.7916666666666666},{"name":"Undefined","type":"Undefined","path":"LastGMLoginDateTime","count":190,"total_count":0,"probability":0.20833333333333334,"unique":1,"has_duplicates":true}],"total_count":912,"type":["Date","Undefined"],"has_duplicates":true,"probability":0.7916666666666666},{"name":"PriorityName","path":"PriorityName","count":190,"types":[{"name":"Undefined","type":"Undefined","path":"PriorityName","count":722,"total_count":0,"probability":0.7916666666666666,"unique":1,"has_duplicates":true},{"name":"String","bsonType":"String","path":"PriorityName","count":190,"total_count":0,"probability":0.20833333333333334}],"total_count":912,"type":["Undefined","String"],"has_duplicates":true,"probability":0.20833333333333334},{"name":"SetPriority","path":"SetPriority","count":190,"types":[{"name":"Undefined","type":"Undefined","path":"SetPriority","count":722,"total_count":0,"probability":0.7916666666666666,"unique":1,"has_duplicates":true},{"name":"Number","bsonType":"Number","path":"SetPriority","count":190,"total_count":0,"probability":0.20833333333333334}],"total_count":912,"type":["Undefined","Number"],"has_duplicates":true,"probability":0.20833333333333334},{"name":"UpdatedBy","path":"UpdatedBy","count":912,"types":[{"name":"String","bsonType":"String","path":"UpdatedBy","count":912,"total_count":0,"probability":1}],"total_count":912,"type":"String","has_duplicates":false,"probability":1},{"name":"UpdatedDateTime","path":"UpdatedDateTime","count":190,"types":[{"name":"Undefined","type":"Undefined","path":"UpdatedDateTime","count":722,"total_count":0,"probability":0.7916666666666666,"unique":1,"has_duplicates":true},{"name":"Date","bsonType":"Date","path":"UpdatedDateTime","count":190,"total_count":0,"probability":0.20833333333333334}],"total_count":912,"type":["Undefined","Date"],"has_duplicates":true,"probability":0.20833333333333334}],"count":912}