[{"_id":3,"ID":3,"OrganisationID":238,"HotelID":131,"LocationID":"105075"},{"_id":4,"ID":4,"OrganisationID":238,"HotelID":132,"LocationID":"105185"},{"_id":6,"ID":6,"OrganisationID":238,"HotelID":134,"LocationID":"105184"},{"_id":7,"ID":7,"OrganisationID":238,"HotelID":127,"LocationID":"105541"},{"_id":8,"ID":8,"OrganisationID":238,"HotelID":128,"LocationID":"105070"},{"_id":9,"ID":9,"OrganisationID":238,"HotelID":129,"LocationID":"105691"},{"_id":10,"ID":10,"OrganisationID":238,"HotelID":130,"LocationID":"105073"},{"_id":12,"ID":12,"OrganisationID":238,"HotelID":133,"LocationID":"105074"},{"_id":13,"ID":13,"OrganisationID":238,"HotelID":135,"LocationID":"105607"},{"_id":14,"ID":14,"OrganisationID":238,"HotelID":136,"LocationID":"106056"},{"_id":15,"ID":15,"OrganisationID":238,"HotelID":137,"LocationID":"105397"},{"_id":17,"ID":17,"OrganisationID":238,"HotelID":121,"LocationID":"105136"},{"_id":18,"ID":18,"OrganisationID":238,"HotelID":122,"LocationID":"105069"},{"_id":19,"ID":19,"OrganisationID":238,"HotelID":123,"LocationID":"105055"},{"_id":20,"ID":20,"OrganisationID":238,"HotelID":120,"LocationID":"105398"},{"_id":21,"ID":21,"OrganisationID":238,"HotelID":124,"LocationID":"105056"},{"_id":22,"ID":22,"OrganisationID":238,"HotelID":125,"LocationID":"105072"},{"_id":23,"ID":23,"OrganisationID":238,"HotelID":126,"LocationID":"105071"},{"_id":24,"ID":24,"OrganisationID":238,"HotelID":138,"LocationID":"105553"},{"_id":25,"ID":25,"OrganisationID":238,"HotelID":139,"LocationID":"105068"},{"_id":40,"ID":40,"OrganisationID":238,"HotelID":188,"LocationID":"106056"},{"_id":57,"ID":57,"OrganisationID":402,"HotelID":207,"LocationID":"106185"},{"_id":58,"ID":58,"OrganisationID":402,"HotelID":205,"LocationID":"105035"},{"_id":59,"ID":59,"OrganisationID":402,"HotelID":206,"LocationID":"106057"},{"_id":60,"ID":60,"OrganisationID":402,"HotelID":199,"LocationID":"106029"},{"_id":61,"ID":61,"OrganisationID":402,"HotelID":200,"LocationID":"105129"},{"_id":62,"ID":62,"OrganisationID":402,"HotelID":209,"LocationID":"105391"},{"_id":63,"ID":63,"OrganisationID":636,"HotelID":291,"LocationID":"104630"},{"_id":64,"ID":64,"OrganisationID":636,"HotelID":297,"LocationID":"104776"},{"_id":65,"ID":65,"OrganisationID":636,"HotelID":292,"LocationID":"104628"},{"_id":66,"ID":66,"OrganisationID":636,"HotelID":359,"LocationID":"104618"},{"_id":67,"ID":67,"OrganisationID":636,"HotelID":353,"LocationID":"104624"},{"_id":68,"ID":68,"OrganisationID":636,"HotelID":354,"LocationID":"104635"},{"_id":69,"ID":69,"OrganisationID":636,"HotelID":357,"LocationID":"104627"},{"_id":70,"ID":70,"OrganisationID":636,"HotelID":358,"LocationID":"104636"},{"_id":71,"ID":71,"OrganisationID":636,"HotelID":352,"LocationID":"104622"},{"_id":72,"ID":72,"OrganisationID":636,"HotelID":363,"LocationID":"104623"},{"_id":73,"ID":73,"OrganisationID":636,"HotelID":369,"LocationID":"104626"},{"_id":74,"ID":74,"OrganisationID":636,"HotelID":383,"LocationID":"104625"},{"_id":75,"ID":75,"OrganisationID":288,"HotelID":228,"LocationID":"107207"},{"_id":76,"ID":76,"OrganisationID":288,"HotelID":230,"LocationID":"107206"},{"_id":77,"ID":77,"OrganisationID":288,"HotelID":232,"LocationID":"107209"},{"_id":78,"ID":78,"OrganisationID":288,"HotelID":308,"LocationID":"107205"},{"_id":79,"ID":79,"OrganisationID":288,"HotelID":310,"LocationID":"107269"},{"_id":80,"ID":80,"OrganisationID":288,"HotelID":313,"LocationID":"107267"},{"_id":81,"ID":81,"OrganisationID":288,"HotelID":314,"LocationID":"107270"},{"_id":82,"ID":82,"OrganisationID":288,"HotelID":311,"LocationID":"107268"},{"_id":83,"ID":83,"OrganisationID":288,"HotelID":723,"LocationID":"108828"},{"_id":84,"ID":84,"OrganisationID":288,"HotelID":762,"LocationID":"109045"},{"_id":85,"ID":85,"OrganisationID":288,"HotelID":763,"LocationID":"109044"},{"_id":86,"ID":86,"OrganisationID":288,"HotelID":764,"LocationID":"109043"},{"_id":87,"ID":87,"OrganisationID":288,"HotelID":810,"LocationID":"109933"},{"_id":88,"ID":88,"OrganisationID":2691,"HotelID":505,"LocationID":"107771"},{"_id":89,"ID":89,"OrganisationID":2691,"HotelID":533,"LocationID":"108633"},{"_id":90,"ID":90,"OrganisationID":2691,"HotelID":796,"LocationID":"108979"},{"_id":91,"ID":91,"OrganisationID":3188,"HotelID":977,"LocationID":"105750"},{"_id":92,"ID":92,"OrganisationID":3188,"HotelID":1061,"LocationID":"106903"},{"_id":93,"ID":93,"OrganisationID":3188,"HotelID":975,"LocationID":"105751"},{"_id":94,"ID":94,"OrganisationID":3188,"HotelID":993,"LocationID":"105752"},{"_id":110,"ID":110,"OrganisationID":4121,"HotelID":1543,"LocationID":"109966"},{"_id":111,"ID":111,"OrganisationID":4121,"HotelID":1546,"LocationID":"109958"},{"_id":112,"ID":112,"OrganisationID":4121,"HotelID":1541,"LocationID":"109959"},{"_id":113,"ID":113,"OrganisationID":4121,"HotelID":1542,"LocationID":"109967"},{"_id":114,"ID":114,"OrganisationID":4121,"HotelID":1547,"LocationID":"109968"},{"_id":115,"ID":115,"OrganisationID":4121,"HotelID":1548,"LocationID":"109961"},{"_id":116,"ID":116,"OrganisationID":4121,"HotelID":1552,"LocationID":"109962"},{"_id":118,"ID":118,"OrganisationID":4121,"HotelID":1545,"LocationID":"109963"},{"_id":119,"ID":119,"OrganisationID":4121,"HotelID":1553,"LocationID":"109972"},{"_id":120,"ID":120,"OrganisationID":4121,"HotelID":1549,"LocationID":"109964"},{"_id":121,"ID":121,"OrganisationID":4121,"HotelID":1554,"LocationID":"109965"},{"_id":122,"ID":122,"OrganisationID":4121,"HotelID":1550,"LocationID":"109971"},{"_id":123,"ID":123,"OrganisationID":4121,"HotelID":1551,"LocationID":"109973"},{"_id":124,"ID":124,"OrganisationID":4121,"HotelID":1544,"LocationID":"109960"},{"_id":125,"ID":125,"OrganisationID":402,"HotelID":208,"LocationID":"106029"},{"_id":126,"ID":126,"OrganisationID":402,"HotelID":547,"LocationID":"106185"}]