{"fields":[{"name":"_id","path":"_id","count":20000,"types":[{"name":"Number","bsonType":"Number","path":"_id","count":20000,"total_count":0,"probability":1}],"total_count":20000,"type":"Number","has_duplicates":false,"probability":1},{"name":"ADR","path":"ADR","count":20000,"types":[{"name":"Number","bsonType":"Number","path":"ADR","count":20000,"total_count":0,"probability":1}],"total_count":20000,"type":"Number","has_duplicates":false,"probability":1},{"name":"ADRMTD","path":"ADRMTD","count":20000,"types":[{"name":"Number","bsonType":"Number","path":"ADRMTD","count":20000,"total_count":0,"probability":1}],"total_count":20000,"type":"Number","has_duplicates":false,"probability":1},{"name":"ADRTTM","path":"ADRTTM","count":20000,"types":[{"name":"Number","bsonType":"Number","path":"ADRTTM","count":20000,"total_count":0,"probability":1}],"total_count":20000,"type":"Number","has_duplicates":false,"probability":1},{"name":"ADRYTD","path":"ADRYTD","count":20000,"types":[{"name":"Number","bsonType":"Number","path":"ADRYTD","count":20000,"total_count":0,"probability":1}],"total_count":20000,"type":"Number","has_duplicates":false,"probability":1},{"name":"AvailableRooms","path":"AvailableRooms","count":20000,"types":[{"name":"Number","bsonType":"Number","path":"AvailableRooms","count":20000,"total_count":0,"probability":1}],"total_count":20000,"type":"Number","has_duplicates":false,"probability":1},{"name":"AvailableRoomsExcludingOOO","path":"AvailableRoomsExcludingOOO","count":20000,"types":[{"name":"Number","bsonType":"Number","path":"AvailableRoomsExcludingOOO","count":20000,"total_count":0,"probability":1}],"total_count":20000,"type":"Number","has_duplicates":false,"probability":1},{"name":"AvailableRoomsExcludingOOOMTD","path":"AvailableRoomsExcludingOOOMTD","count":20000,"types":[{"name":"Number","bsonType":"Number","path":"AvailableRoomsExcludingOOOMTD","count":20000,"total_count":0,"probability":1}],"total_count":20000,"type":"Number","has_duplicates":false,"probability":1},{"name":"AvailableRoomsExcludingOOOTTM","path":"AvailableRoomsExcludingOOOTTM","count":20000,"types":[{"name":"Number","bsonType":"Number","path":"AvailableRoomsExcludingOOOTTM","count":19989,"total_count":0,"probability":0.99945},{"name":"Null","bsonType":"Null","path":"AvailableRoomsExcludingOOOTTM","count":11,"total_count":0,"probability":0.00055,"unique":1,"has_duplicates":true}],"total_count":20000,"type":["Number","Null"],"has_duplicates":true,"probability":1},{"name":"AvailableRoomsExcludingOOOYTD","path":"AvailableRoomsExcludingOOOYTD","count":20000,"types":[{"name":"Number","bsonType":"Number","path":"AvailableRoomsExcludingOOOYTD","count":20000,"total_count":0,"probability":1}],"total_count":20000,"type":"Number","has_duplicates":false,"probability":1},{"name":"AvailableRoomsMTD","path":"AvailableRoomsMTD","count":20000,"types":[{"name":"Number","bsonType":"Number","path":"AvailableRoomsMTD","count":20000,"total_count":0,"probability":1}],"total_count":20000,"type":"Number","has_duplicates":false,"probability":1},{"name":"AvailableRoomsTTM","path":"AvailableRoomsTTM","count":20000,"types":[{"name":"Number","bsonType":"Number","path":"AvailableRoomsTTM","count":19995,"total_count":0,"probability":0.99975},{"name":"Null","bsonType":"Null","path":"AvailableRoomsTTM","count":5,"total_count":0,"probability":0.00025,"unique":1,"has_duplicates":true}],"total_count":20000,"type":["Number","Null"],"has_duplicates":true,"probability":1},{"name":"AvailableRoomsYTD","path":"AvailableRoomsYTD","count":20000,"types":[{"name":"Number","bsonType":"Number","path":"AvailableRoomsYTD","count":20000,"total_count":0,"probability":1}],"total_count":20000,"type":"Number","has_duplicates":false,"probability":1},{"name":"BanquetRevenue","path":"BanquetRevenue","count":20000,"types":[{"name":"Null","bsonType":"Null","path":"BanquetRevenue","count":10726,"total_count":0,"probability":0.5363,"unique":1,"has_duplicates":true},{"name":"Number","bsonType":"Number","path":"BanquetRevenue","count":9274,"total_count":0,"probability":0.4637}],"total_count":20000,"type":["Null","Number"],"has_duplicates":true,"probability":1},{"name":"BanquetRevenueMTD","path":"BanquetRevenueMTD","count":20000,"types":[{"name":"Null","bsonType":"Null","path":"BanquetRevenueMTD","count":10726,"total_count":0,"probability":0.5363,"unique":1,"has_duplicates":true},{"name":"Number","bsonType":"Number","path":"BanquetRevenueMTD","count":9274,"total_count":0,"probability":0.4637}],"total_count":20000,"type":["Null","Number"],"has_duplicates":true,"probability":1},{"name":"BanquetRevenueTTM","path":"BanquetRevenueTTM","count":20000,"types":[{"name":"Null","bsonType":"Null","path":"BanquetRevenueTTM","count":19989,"total_count":0,"probability":0.99945,"unique":1,"has_duplicates":true},{"name":"Number","bsonType":"Number","path":"BanquetRevenueTTM","count":11,"total_count":0,"probability":0.00055}],"total_count":20000,"type":["Null","Number"],"has_duplicates":true,"probability":1},{"name":"BanquetRevenueYTD","path":"BanquetRevenueYTD","count":20000,"types":[{"name":"Null","bsonType":"Null","path":"BanquetRevenueYTD","count":10726,"total_count":0,"probability":0.5363,"unique":1,"has_duplicates":true},{"name":"Number","bsonType":"Number","path":"BanquetRevenueYTD","count":9274,"total_count":0,"probability":0.4637}],"total_count":20000,"type":["Null","Number"],"has_duplicates":true,"probability":1},{"name":"BarRevenue","path":"BarRevenue","count":20000,"types":[{"name":"Null","bsonType":"Null","path":"BarRevenue","count":10726,"total_count":0,"probability":0.5363,"unique":1,"has_duplicates":true},{"name":"Number","bsonType":"Number","path":"BarRevenue","count":9274,"total_count":0,"probability":0.4637}],"total_count":20000,"type":["Null","Number"],"has_duplicates":true,"probability":1},{"name":"BarRevenueMTD","path":"BarRevenueMTD","count":20000,"types":[{"name":"Null","bsonType":"Null","path":"BarRevenueMTD","count":10726,"total_count":0,"probability":0.5363,"unique":1,"has_duplicates":true},{"name":"Number","bsonType":"Number","path":"BarRevenueMTD","count":9274,"total_count":0,"probability":0.4637}],"total_count":20000,"type":["Null","Number"],"has_duplicates":true,"probability":1},{"name":"BarRevenueTTM","path":"BarRevenueTTM","count":20000,"types":[{"name":"Null","bsonType":"Null","path":"BarRevenueTTM","count":19989,"total_count":0,"probability":0.99945,"unique":1,"has_duplicates":true},{"name":"Number","bsonType":"Number","path":"BarRevenueTTM","count":11,"total_count":0,"probability":0.00055}],"total_count":20000,"type":["Null","Number"],"has_duplicates":true,"probability":1},{"name":"BarRevenueYTD","path":"BarRevenueYTD","count":20000,"types":[{"name":"Null","bsonType":"Null","path":"BarRevenueYTD","count":10726,"total_count":0,"probability":0.5363,"unique":1,"has_duplicates":true},{"name":"Number","bsonType":"Number","path":"BarRevenueYTD","count":9274,"total_count":0,"probability":0.4637}],"total_count":20000,"type":["Null","Number"],"has_duplicates":true,"probability":1},{"name":"BeverageRevenue","path":"BeverageRevenue","count":20000,"types":[{"name":"Null","bsonType":"Null","path":"BeverageRevenue","count":10726,"total_count":0,"probability":0.5363,"unique":1,"has_duplicates":true},{"name":"Number","bsonType":"Number","path":"BeverageRevenue","count":9274,"total_count":0,"probability":0.4637}],"total_count":20000,"type":["Null","Number"],"has_duplicates":true,"probability":1},{"name":"BeverageRevenueMTD","path":"BeverageRevenueMTD","count":20000,"types":[{"name":"Null","bsonType":"Null","path":"BeverageRevenueMTD","count":10726,"total_count":0,"probability":0.5363,"unique":1,"has_duplicates":true},{"name":"Number","bsonType":"Number","path":"BeverageRevenueMTD","count":9274,"total_count":0,"probability":0.4637}],"total_count":20000,"type":["Null","Number"],"has_duplicates":true,"probability":1},{"name":"BeverageRevenueTTM","path":"BeverageRevenueTTM","count":20000,"types":[{"name":"Null","bsonType":"Null","path":"BeverageRevenueTTM","count":19989,"total_count":0,"probability":0.99945,"unique":1,"has_duplicates":true},{"name":"Number","bsonType":"Number","path":"BeverageRevenueTTM","count":11,"total_count":0,"probability":0.00055}],"total_count":20000,"type":["Null","Number"],"has_duplicates":true,"probability":1},{"name":"BeverageRevenueYTD","path":"BeverageRevenueYTD","count":20000,"types":[{"name":"Null","bsonType":"Null","path":"BeverageRevenueYTD","count":10726,"total_count":0,"probability":0.5363,"unique":1,"has_duplicates":true},{"name":"Number","bsonType":"Number","path":"BeverageRevenueYTD","count":9274,"total_count":0,"probability":0.4637}],"total_count":20000,"type":["Null","Number"],"has_duplicates":true,"probability":1},{"name":"Date","path":"Date","count":20000,"types":[{"name":"Date","bsonType":"Date","path":"Date","count":20000,"total_count":0,"probability":1}],"total_count":20000,"type":"Date","has_duplicates":false,"probability":1},{"name":"ESADR","path":"ESADR","count":20000,"types":[{"name":"Number","bsonType":"Number","path":"ESADR","count":19998,"total_count":0,"probability":0.9999},{"name":"Null","bsonType":"Null","path":"ESADR","count":2,"total_count":0,"probability":0.0001,"unique":1,"has_duplicates":true}],"total_count":20000,"type":["Number","Null"],"has_duplicates":true,"probability":1},{"name":"ESADRMTD","path":"ESADRMTD","count":20000,"types":[{"name":"Number","bsonType":"Number","path":"ESADRMTD","count":19998,"total_count":0,"probability":0.9999},{"name":"Null","bsonType":"Null","path":"ESADRMTD","count":2,"total_count":0,"probability":0.0001,"unique":1,"has_duplicates":true}],"total_count":20000,"type":["Number","Null"],"has_duplicates":true,"probability":1},{"name":"ESADRTTM","path":"ESADRTTM","count":20000,"types":[{"name":"Number","bsonType":"Number","path":"ESADRTTM","count":19998,"total_count":0,"probability":0.9999},{"name":"Null","bsonType":"Null","path":"ESADRTTM","count":2,"total_count":0,"probability":0.0001,"unique":1,"has_duplicates":true}],"total_count":20000,"type":["Number","Null"],"has_duplicates":true,"probability":1},{"name":"ESADRYTD","path":"ESADRYTD","count":20000,"types":[{"name":"Number","bsonType":"Number","path":"ESADRYTD","count":19998,"total_count":0,"probability":0.9999},{"name":"Null","bsonType":"Null","path":"ESADRYTD","count":2,"total_count":0,"probability":0.0001,"unique":1,"has_duplicates":true}],"total_count":20000,"type":["Number","Null"],"has_duplicates":true,"probability":1},{"name":"ESOccupancy","path":"ESOccupancy","count":20000,"types":[{"name":"Number","bsonType":"Number","path":"ESOccupancy","count":19998,"total_count":0,"probability":0.9999},{"name":"Null","bsonType":"Null","path":"ESOccupancy","count":2,"total_count":0,"probability":0.0001,"unique":1,"has_duplicates":true}],"total_count":20000,"type":["Number","Null"],"has_duplicates":true,"probability":1},{"name":"ESOccupancyMTD","path":"ESOccupancyMTD","count":20000,"types":[{"name":"Number","bsonType":"Number","path":"ESOccupancyMTD","count":19998,"total_count":0,"probability":0.9999},{"name":"Null","bsonType":"Null","path":"ESOccupancyMTD","count":2,"total_count":0,"probability":0.0001,"unique":1,"has_duplicates":true}],"total_count":20000,"type":["Number","Null"],"has_duplicates":true,"probability":1},{"name":"ESOccupancyTTM","path":"ESOccupancyTTM","count":20000,"types":[{"name":"Number","bsonType":"Number","path":"ESOccupancyTTM","count":19998,"total_count":0,"probability":0.9999},{"name":"Null","bsonType":"Null","path":"ESOccupancyTTM","count":2,"total_count":0,"probability":0.0001,"unique":1,"has_duplicates":true}],"total_count":20000,"type":["Number","Null"],"has_duplicates":true,"probability":1},{"name":"ESOccupancyYTD","path":"ESOccupancyYTD","count":20000,"types":[{"name":"Number","bsonType":"Number","path":"ESOccupancyYTD","count":19998,"total_count":0,"probability":0.9999},{"name":"Null","bsonType":"Null","path":"ESOccupancyYTD","count":2,"total_count":0,"probability":0.0001,"unique":1,"has_duplicates":true}],"total_count":20000,"type":["Number","Null"],"has_duplicates":true,"probability":1},{"name":"ESRevPAR","path":"ESRevPAR","count":20000,"types":[{"name":"Number","bsonType":"Number","path":"ESRevPAR","count":19998,"total_count":0,"probability":0.9999},{"name":"Null","bsonType":"Null","path":"ESRevPAR","count":2,"total_count":0,"probability":0.0001,"unique":1,"has_duplicates":true}],"total_count":20000,"type":["Number","Null"],"has_duplicates":true,"probability":1},{"name":"ESRevPARMTD","path":"ESRevPARMTD","count":20000,"types":[{"name":"Number","bsonType":"Number","path":"ESRevPARMTD","count":19998,"total_count":0,"probability":0.9999},{"name":"Null","bsonType":"Null","path":"ESRevPARMTD","count":2,"total_count":0,"probability":0.0001,"unique":1,"has_duplicates":true}],"total_count":20000,"type":["Number","Null"],"has_duplicates":true,"probability":1},{"name":"ESRevPARTTM","path":"ESRevPARTTM","count":20000,"types":[{"name":"Number","bsonType":"Number","path":"ESRevPARTTM","count":19998,"total_count":0,"probability":0.9999},{"name":"Null","bsonType":"Null","path":"ESRevPARTTM","count":2,"total_count":0,"probability":0.0001,"unique":1,"has_duplicates":true}],"total_count":20000,"type":["Number","Null"],"has_duplicates":true,"probability":1},{"name":"ESRevPARYTD","path":"ESRevPARYTD","count":20000,"types":[{"name":"Number","bsonType":"Number","path":"ESRevPARYTD","count":19998,"total_count":0,"probability":0.9999},{"name":"Null","bsonType":"Null","path":"ESRevPARYTD","count":2,"total_count":0,"probability":0.0001,"unique":1,"has_duplicates":true}],"total_count":20000,"type":["Number","Null"],"has_duplicates":true,"probability":1},{"name":"ESRoomSold","path":"ESRoomSold","count":20000,"types":[{"name":"Number","bsonType":"Number","path":"ESRoomSold","count":17600,"total_count":0,"probability":0.88},{"name":"Null","bsonType":"Null","path":"ESRoomSold","count":2400,"total_count":0,"probability":0.12,"unique":1,"has_duplicates":true}],"total_count":20000,"type":["Number","Null"],"has_duplicates":true,"probability":1},{"name":"ESRoomSoldMTD","path":"ESRoomSoldMTD","count":20000,"types":[{"name":"Number","bsonType":"Number","path":"ESRoomSoldMTD","count":17600,"total_count":0,"probability":0.88},{"name":"Null","bsonType":"Null","path":"ESRoomSoldMTD","count":2400,"total_count":0,"probability":0.12,"unique":1,"has_duplicates":true}],"total_count":20000,"type":["Number","Null"],"has_duplicates":true,"probability":1},{"name":"ESRoomSoldTTM","path":"ESRoomSoldTTM","count":20000,"types":[{"name":"Number","bsonType":"Number","path":"ESRoomSoldTTM","count":17600,"total_count":0,"probability":0.88},{"name":"Null","bsonType":"Null","path":"ESRoomSoldTTM","count":2400,"total_count":0,"probability":0.12,"unique":1,"has_duplicates":true}],"total_count":20000,"type":["Number","Null"],"has_duplicates":true,"probability":1},{"name":"ESRoomSoldYTD","path":"ESRoomSoldYTD","count":20000,"types":[{"name":"Number","bsonType":"Number","path":"ESRoomSoldYTD","count":17600,"total_count":0,"probability":0.88},{"name":"Null","bsonType":"Null","path":"ESRoomSoldYTD","count":2400,"total_count":0,"probability":0.12,"unique":1,"has_duplicates":true}],"total_count":20000,"type":["Number","Null"],"has_duplicates":true,"probability":1},{"name":"FANDBRevenue","path":"FANDBRevenue","count":20000,"types":[{"name":"Number","bsonType":"Number","path":"FANDBRevenue","count":20000,"total_count":0,"probability":1}],"total_count":20000,"type":"Number","has_duplicates":false,"probability":1},{"name":"FANDBRevenueMTD","path":"FANDBRevenueMTD","count":20000,"types":[{"name":"Number","bsonType":"Number","path":"FANDBRevenueMTD","count":20000,"total_count":0,"probability":1}],"total_count":20000,"type":"Number","has_duplicates":false,"probability":1},{"name":"FANDBRevenueTTM","path":"FANDBRevenueTTM","count":20000,"types":[{"name":"Number","bsonType":"Number","path":"FANDBRevenueTTM","count":20000,"total_count":0,"probability":1}],"total_count":20000,"type":"Number","has_duplicates":false,"probability":1},{"name":"FANDBRevenueYTD","path":"FANDBRevenueYTD","count":20000,"types":[{"name":"Number","bsonType":"Number","path":"FANDBRevenueYTD","count":20000,"total_count":0,"probability":1}],"total_count":20000,"type":"Number","has_duplicates":false,"probability":1},{"name":"FoodRevenue","path":"FoodRevenue","count":20000,"types":[{"name":"Null","bsonType":"Null","path":"FoodRevenue","count":10726,"total_count":0,"probability":0.5363,"unique":1,"has_duplicates":true},{"name":"Number","bsonType":"Number","path":"FoodRevenue","count":9274,"total_count":0,"probability":0.4637}],"total_count":20000,"type":["Null","Number"],"has_duplicates":true,"probability":1},{"name":"FoodRevenueMTD","path":"FoodRevenueMTD","count":20000,"types":[{"name":"Null","bsonType":"Null","path":"FoodRevenueMTD","count":10726,"total_count":0,"probability":0.5363,"unique":1,"has_duplicates":true},{"name":"Number","bsonType":"Number","path":"FoodRevenueMTD","count":9274,"total_count":0,"probability":0.4637}],"total_count":20000,"type":["Null","Number"],"has_duplicates":true,"probability":1},{"name":"FoodRevenueTTM","path":"FoodRevenueTTM","count":20000,"types":[{"name":"Null","bsonType":"Null","path":"FoodRevenueTTM","count":19989,"total_count":0,"probability":0.99945,"unique":1,"has_duplicates":true},{"name":"Number","bsonType":"Number","path":"FoodRevenueTTM","count":11,"total_count":0,"probability":0.00055}],"total_count":20000,"type":["Null","Number"],"has_duplicates":true,"probability":1},{"name":"FoodRevenueYTD","path":"FoodRevenueYTD","count":20000,"types":[{"name":"Null","bsonType":"Null","path":"FoodRevenueYTD","count":10726,"total_count":0,"probability":0.5363,"unique":1,"has_duplicates":true},{"name":"Number","bsonType":"Number","path":"FoodRevenueYTD","count":9274,"total_count":0,"probability":0.4637}],"total_count":20000,"type":["Null","Number"],"has_duplicates":true,"probability":1},{"name":"GiftShopRevenue","path":"GiftShopRevenue","count":20000,"types":[{"name":"Null","bsonType":"Null","path":"GiftShopRevenue","count":10726,"total_count":0,"probability":0.5363,"unique":1,"has_duplicates":true},{"name":"Number","bsonType":"Number","path":"GiftShopRevenue","count":9274,"total_count":0,"probability":0.4637}],"total_count":20000,"type":["Null","Number"],"has_duplicates":true,"probability":1},{"name":"GiftShopRevenueMTD","path":"GiftShopRevenueMTD","count":20000,"types":[{"name":"Null","bsonType":"Null","path":"GiftShopRevenueMTD","count":10726,"total_count":0,"probability":0.5363,"unique":1,"has_duplicates":true},{"name":"Number","bsonType":"Number","path":"GiftShopRevenueMTD","count":9274,"total_count":0,"probability":0.4637}],"total_count":20000,"type":["Null","Number"],"has_duplicates":true,"probability":1},{"name":"GiftShopRevenueTTM","path":"GiftShopRevenueTTM","count":20000,"types":[{"name":"Null","bsonType":"Null","path":"GiftShopRevenueTTM","count":19989,"total_count":0,"probability":0.99945,"unique":1,"has_duplicates":true},{"name":"Number","bsonType":"Number","path":"GiftShopRevenueTTM","count":11,"total_count":0,"probability":0.00055}],"total_count":20000,"type":["Null","Number"],"has_duplicates":true,"probability":1},{"name":"GiftShopRevenueYTD","path":"GiftShopRevenueYTD","count":20000,"types":[{"name":"Null","bsonType":"Null","path":"GiftShopRevenueYTD","count":10726,"total_count":0,"probability":0.5363,"unique":1,"has_duplicates":true},{"name":"Number","bsonType":"Number","path":"GiftShopRevenueYTD","count":9274,"total_count":0,"probability":0.4637}],"total_count":20000,"type":["Null","Number"],"has_duplicates":true,"probability":1},{"name":"HotelID","path":"HotelID","count":20000,"types":[{"name":"Number","bsonType":"Number","path":"HotelID","count":20000,"total_count":0,"probability":1}],"total_count":20000,"type":"Number","has_duplicates":false,"probability":1},{"name":"ID","path":"ID","count":20000,"types":[{"name":"Number","bsonType":"Number","path":"ID","count":20000,"total_count":0,"probability":1}],"total_count":20000,"type":"Number","has_duplicates":false,"probability":1},{"name":"NoOfRoomSold","path":"NoOfRoomSold","count":20000,"types":[{"name":"Number","bsonType":"Number","path":"NoOfRoomSold","count":20000,"total_count":0,"probability":1}],"total_count":20000,"type":"Number","has_duplicates":false,"probability":1},{"name":"NoOfRoomSoldMTD","path":"NoOfRoomSoldMTD","count":20000,"types":[{"name":"Number","bsonType":"Number","path":"NoOfRoomSoldMTD","count":20000,"total_count":0,"probability":1}],"total_count":20000,"type":"Number","has_duplicates":false,"probability":1},{"name":"NoOfRoomSoldTTM","path":"NoOfRoomSoldTTM","count":20000,"types":[{"name":"Number","bsonType":"Number","path":"NoOfRoomSoldTTM","count":19995,"total_count":0,"probability":0.99975},{"name":"Null","bsonType":"Null","path":"NoOfRoomSoldTTM","count":5,"total_count":0,"probability":0.00025,"unique":1,"has_duplicates":true}],"total_count":20000,"type":["Number","Null"],"has_duplicates":true,"probability":1},{"name":"NoOfRoomSoldYTD","path":"NoOfRoomSoldYTD","count":20000,"types":[{"name":"Number","bsonType":"Number","path":"NoOfRoomSoldYTD","count":20000,"total_count":0,"probability":1}],"total_count":20000,"type":"Number","has_duplicates":false,"probability":1},{"name":"Occupancy","path":"Occupancy","count":20000,"types":[{"name":"Number","bsonType":"Number","path":"Occupancy","count":20000,"total_count":0,"probability":1}],"total_count":20000,"type":"Number","has_duplicates":false,"probability":1},{"name":"OccupancyExcludingOOO","path":"OccupancyExcludingOOO","count":20000,"types":[{"name":"Number","bsonType":"Number","path":"OccupancyExcludingOOO","count":20000,"total_count":0,"probability":1}],"total_count":20000,"type":"Number","has_duplicates":false,"probability":1},{"name":"OccupancyExcludingOOOMTD","path":"OccupancyExcludingOOOMTD","count":20000,"types":[{"name":"Number","bsonType":"Number","path":"OccupancyExcludingOOOMTD","count":20000,"total_count":0,"probability":1}],"total_count":20000,"type":"Number","has_duplicates":false,"probability":1},{"name":"OccupancyExcludingOOOTTM","path":"OccupancyExcludingOOOTTM","count":20000,"types":[{"name":"Number","bsonType":"Number","path":"OccupancyExcludingOOOTTM","count":20000,"total_count":0,"probability":1}],"total_count":20000,"type":"Number","has_duplicates":false,"probability":1},{"name":"OccupancyExcludingOOOYTD","path":"OccupancyExcludingOOOYTD","count":20000,"types":[{"name":"Number","bsonType":"Number","path":"OccupancyExcludingOOOYTD","count":20000,"total_count":0,"probability":1}],"total_count":20000,"type":"Number","has_duplicates":false,"probability":1},{"name":"OccupancyMTD","path":"OccupancyMTD","count":20000,"types":[{"name":"Number","bsonType":"Number","path":"OccupancyMTD","count":20000,"total_count":0,"probability":1}],"total_count":20000,"type":"Number","has_duplicates":false,"probability":1},{"name":"OccupancyTTM","path":"OccupancyTTM","count":20000,"types":[{"name":"Number","bsonType":"Number","path":"OccupancyTTM","count":20000,"total_count":0,"probability":1}],"total_count":20000,"type":"Number","has_duplicates":false,"probability":1},{"name":"OccupancyYTD","path":"OccupancyYTD","count":20000,"types":[{"name":"Number","bsonType":"Number","path":"OccupancyYTD","count":20000,"total_count":0,"probability":1}],"total_count":20000,"type":"Number","has_duplicates":false,"probability":1},{"name":"OtherRevenue","path":"OtherRevenue","count":20000,"types":[{"name":"Number","bsonType":"Number","path":"OtherRevenue","count":20000,"total_count":0,"probability":1}],"total_count":20000,"type":"Number","has_duplicates":false,"probability":1},{"name":"OtherRevenueMTD","path":"OtherRevenueMTD","count":20000,"types":[{"name":"Number","bsonType":"Number","path":"OtherRevenueMTD","count":20000,"total_count":0,"probability":1}],"total_count":20000,"type":"Number","has_duplicates":false,"probability":1},{"name":"OtherRevenueTTM","path":"OtherRevenueTTM","count":20000,"types":[{"name":"Number","bsonType":"Number","path":"OtherRevenueTTM","count":20000,"total_count":0,"probability":1}],"total_count":20000,"type":"Number","has_duplicates":false,"probability":1},{"name":"OtherRevenueYTD","path":"OtherRevenueYTD","count":20000,"types":[{"name":"Number","bsonType":"Number","path":"OtherRevenueYTD","count":20000,"total_count":0,"probability":1}],"total_count":20000,"type":"Number","has_duplicates":false,"probability":1},{"name":"Outet1FANDBRevenue","path":"Outet1FANDBRevenue","count":20000,"types":[{"name":"Null","bsonType":"Null","path":"Outet1FANDBRevenue","count":10726,"total_count":0,"probability":0.5363,"unique":1,"has_duplicates":true},{"name":"Number","bsonType":"Number","path":"Outet1FANDBRevenue","count":9274,"total_count":0,"probability":0.4637}],"total_count":20000,"type":["Null","Number"],"has_duplicates":true,"probability":1},{"name":"Outet1FANDBRevenueMTD","path":"Outet1FANDBRevenueMTD","count":20000,"types":[{"name":"Null","bsonType":"Null","path":"Outet1FANDBRevenueMTD","count":10726,"total_count":0,"probability":0.5363,"unique":1,"has_duplicates":true},{"name":"Number","bsonType":"Number","path":"Outet1FANDBRevenueMTD","count":9274,"total_count":0,"probability":0.4637}],"total_count":20000,"type":["Null","Number"],"has_duplicates":true,"probability":1},{"name":"Outet1FANDBRevenueTTM","path":"Outet1FANDBRevenueTTM","count":20000,"types":[{"name":"Null","bsonType":"Null","path":"Outet1FANDBRevenueTTM","count":19989,"total_count":0,"probability":0.99945,"unique":1,"has_duplicates":true},{"name":"Number","bsonType":"Number","path":"Outet1FANDBRevenueTTM","count":11,"total_count":0,"probability":0.00055}],"total_count":20000,"type":["Null","Number"],"has_duplicates":true,"probability":1},{"name":"Outet1FANDBRevenueYTD","path":"Outet1FANDBRevenueYTD","count":20000,"types":[{"name":"Null","bsonType":"Null","path":"Outet1FANDBRevenueYTD","count":10726,"total_count":0,"probability":0.5363,"unique":1,"has_duplicates":true},{"name":"Number","bsonType":"Number","path":"Outet1FANDBRevenueYTD","count":9274,"total_count":0,"probability":0.4637}],"total_count":20000,"type":["Null","Number"],"has_duplicates":true,"probability":1},{"name":"Outet1OtherRevenue","path":"Outet1OtherRevenue","count":20000,"types":[{"name":"Null","bsonType":"Null","path":"Outet1OtherRevenue","count":10726,"total_count":0,"probability":0.5363,"unique":1,"has_duplicates":true},{"name":"Number","bsonType":"Number","path":"Outet1OtherRevenue","count":9274,"total_count":0,"probability":0.4637}],"total_count":20000,"type":["Null","Number"],"has_duplicates":true,"probability":1},{"name":"Outet1OtherRevenueMTD","path":"Outet1OtherRevenueMTD","count":20000,"types":[{"name":"Null","bsonType":"Null","path":"Outet1OtherRevenueMTD","count":10726,"total_count":0,"probability":0.5363,"unique":1,"has_duplicates":true},{"name":"Number","bsonType":"Number","path":"Outet1OtherRevenueMTD","count":9274,"total_count":0,"probability":0.4637}],"total_count":20000,"type":["Null","Number"],"has_duplicates":true,"probability":1},{"name":"Outet1OtherRevenueTTM","path":"Outet1OtherRevenueTTM","count":20000,"types":[{"name":"Null","bsonType":"Null","path":"Outet1OtherRevenueTTM","count":19989,"total_count":0,"probability":0.99945,"unique":1,"has_duplicates":true},{"name":"Number","bsonType":"Number","path":"Outet1OtherRevenueTTM","count":11,"total_count":0,"probability":0.00055}],"total_count":20000,"type":["Null","Number"],"has_duplicates":true,"probability":1},{"name":"Outet1OtherRevenueYTD","path":"Outet1OtherRevenueYTD","count":20000,"types":[{"name":"Null","bsonType":"Null","path":"Outet1OtherRevenueYTD","count":10726,"total_count":0,"probability":0.5363,"unique":1,"has_duplicates":true},{"name":"Number","bsonType":"Number","path":"Outet1OtherRevenueYTD","count":9274,"total_count":0,"probability":0.4637}],"total_count":20000,"type":["Null","Number"],"has_duplicates":true,"probability":1},{"name":"Outet2FANDBRevenue","path":"Outet2FANDBRevenue","count":20000,"types":[{"name":"Null","bsonType":"Null","path":"Outet2FANDBRevenue","count":10726,"total_count":0,"probability":0.5363,"unique":1,"has_duplicates":true},{"name":"Number","bsonType":"Number","path":"Outet2FANDBRevenue","count":9274,"total_count":0,"probability":0.4637}],"total_count":20000,"type":["Null","Number"],"has_duplicates":true,"probability":1},{"name":"Outet2FANDBRevenueMTD","path":"Outet2FANDBRevenueMTD","count":20000,"types":[{"name":"Null","bsonType":"Null","path":"Outet2FANDBRevenueMTD","count":10726,"total_count":0,"probability":0.5363,"unique":1,"has_duplicates":true},{"name":"Number","bsonType":"Number","path":"Outet2FANDBRevenueMTD","count":9274,"total_count":0,"probability":0.4637}],"total_count":20000,"type":["Null","Number"],"has_duplicates":true,"probability":1},{"name":"Outet2FANDBRevenueTTM","path":"Outet2FANDBRevenueTTM","count":20000,"types":[{"name":"Null","bsonType":"Null","path":"Outet2FANDBRevenueTTM","count":19989,"total_count":0,"probability":0.99945,"unique":1,"has_duplicates":true},{"name":"Number","bsonType":"Number","path":"Outet2FANDBRevenueTTM","count":11,"total_count":0,"probability":0.00055}],"total_count":20000,"type":["Null","Number"],"has_duplicates":true,"probability":1},{"name":"Outet2FANDBRevenueYTD","path":"Outet2FANDBRevenueYTD","count":20000,"types":[{"name":"Null","bsonType":"Null","path":"Outet2FANDBRevenueYTD","count":10726,"total_count":0,"probability":0.5363,"unique":1,"has_duplicates":true},{"name":"Number","bsonType":"Number","path":"Outet2FANDBRevenueYTD","count":9274,"total_count":0,"probability":0.4637}],"total_count":20000,"type":["Null","Number"],"has_duplicates":true,"probability":1},{"name":"Outet2OtherRevenue","path":"Outet2OtherRevenue","count":20000,"types":[{"name":"Null","bsonType":"Null","path":"Outet2OtherRevenue","count":10726,"total_count":0,"probability":0.5363,"unique":1,"has_duplicates":true},{"name":"Number","bsonType":"Number","path":"Outet2OtherRevenue","count":9274,"total_count":0,"probability":0.4637}],"total_count":20000,"type":["Null","Number"],"has_duplicates":true,"probability":1},{"name":"Outet2OtherRevenueMTD","path":"Outet2OtherRevenueMTD","count":20000,"types":[{"name":"Null","bsonType":"Null","path":"Outet2OtherRevenueMTD","count":10726,"total_count":0,"probability":0.5363,"unique":1,"has_duplicates":true},{"name":"Number","bsonType":"Number","path":"Outet2OtherRevenueMTD","count":9274,"total_count":0,"probability":0.4637}],"total_count":20000,"type":["Null","Number"],"has_duplicates":true,"probability":1},{"name":"Outet2OtherRevenueTTM","path":"Outet2OtherRevenueTTM","count":20000,"types":[{"name":"Null","bsonType":"Null","path":"Outet2OtherRevenueTTM","count":19989,"total_count":0,"probability":0.99945,"unique":1,"has_duplicates":true},{"name":"Number","bsonType":"Number","path":"Outet2OtherRevenueTTM","count":11,"total_count":0,"probability":0.00055}],"total_count":20000,"type":["Null","Number"],"has_duplicates":true,"probability":1},{"name":"Outet2OtherRevenueYTD","path":"Outet2OtherRevenueYTD","count":20000,"types":[{"name":"Null","bsonType":"Null","path":"Outet2OtherRevenueYTD","count":10726,"total_count":0,"probability":0.5363,"unique":1,"has_duplicates":true},{"name":"Number","bsonType":"Number","path":"Outet2OtherRevenueYTD","count":9274,"total_count":0,"probability":0.4637}],"total_count":20000,"type":["Null","Number"],"has_duplicates":true,"probability":1},{"name":"Outet3FANDBRevenue","path":"Outet3FANDBRevenue","count":20000,"types":[{"name":"Null","bsonType":"Null","path":"Outet3FANDBRevenue","count":10726,"total_count":0,"probability":0.5363,"unique":1,"has_duplicates":true},{"name":"Number","bsonType":"Number","path":"Outet3FANDBRevenue","count":9274,"total_count":0,"probability":0.4637}],"total_count":20000,"type":["Null","Number"],"has_duplicates":true,"probability":1},{"name":"Outet3FANDBRevenueMTD","path":"Outet3FANDBRevenueMTD","count":20000,"types":[{"name":"Null","bsonType":"Null","path":"Outet3FANDBRevenueMTD","count":10726,"total_count":0,"probability":0.5363,"unique":1,"has_duplicates":true},{"name":"Number","bsonType":"Number","path":"Outet3FANDBRevenueMTD","count":9274,"total_count":0,"probability":0.4637}],"total_count":20000,"type":["Null","Number"],"has_duplicates":true,"probability":1},{"name":"Outet3FANDBRevenueTTM","path":"Outet3FANDBRevenueTTM","count":20000,"types":[{"name":"Null","bsonType":"Null","path":"Outet3FANDBRevenueTTM","count":19989,"total_count":0,"probability":0.99945,"unique":1,"has_duplicates":true},{"name":"Number","bsonType":"Number","path":"Outet3FANDBRevenueTTM","count":11,"total_count":0,"probability":0.00055}],"total_count":20000,"type":["Null","Number"],"has_duplicates":true,"probability":1},{"name":"Outet3FANDBRevenueYTD","path":"Outet3FANDBRevenueYTD","count":20000,"types":[{"name":"Null","bsonType":"Null","path":"Outet3FANDBRevenueYTD","count":10726,"total_count":0,"probability":0.5363,"unique":1,"has_duplicates":true},{"name":"Number","bsonType":"Number","path":"Outet3FANDBRevenueYTD","count":9274,"total_count":0,"probability":0.4637}],"total_count":20000,"type":["Null","Number"],"has_duplicates":true,"probability":1},{"name":"Outet3OtherRevenue","path":"Outet3OtherRevenue","count":20000,"types":[{"name":"Null","bsonType":"Null","path":"Outet3OtherRevenue","count":10726,"total_count":0,"probability":0.5363,"unique":1,"has_duplicates":true},{"name":"Number","bsonType":"Number","path":"Outet3OtherRevenue","count":9274,"total_count":0,"probability":0.4637}],"total_count":20000,"type":["Null","Number"],"has_duplicates":true,"probability":1},{"name":"Outet3OtherRevenueMTD","path":"Outet3OtherRevenueMTD","count":20000,"types":[{"name":"Null","bsonType":"Null","path":"Outet3OtherRevenueMTD","count":10726,"total_count":0,"probability":0.5363,"unique":1,"has_duplicates":true},{"name":"Number","bsonType":"Number","path":"Outet3OtherRevenueMTD","count":9274,"total_count":0,"probability":0.4637}],"total_count":20000,"type":["Null","Number"],"has_duplicates":true,"probability":1},{"name":"Outet3OtherRevenueTTM","path":"Outet3OtherRevenueTTM","count":20000,"types":[{"name":"Null","bsonType":"Null","path":"Outet3OtherRevenueTTM","count":19989,"total_count":0,"probability":0.99945,"unique":1,"has_duplicates":true},{"name":"Number","bsonType":"Number","path":"Outet3OtherRevenueTTM","count":11,"total_count":0,"probability":0.00055}],"total_count":20000,"type":["Null","Number"],"has_duplicates":true,"probability":1},{"name":"Outet3OtherRevenueYTD","path":"Outet3OtherRevenueYTD","count":20000,"types":[{"name":"Null","bsonType":"Null","path":"Outet3OtherRevenueYTD","count":10726,"total_count":0,"probability":0.5363,"unique":1,"has_duplicates":true},{"name":"Number","bsonType":"Number","path":"Outet3OtherRevenueYTD","count":9274,"total_count":0,"probability":0.4637}],"total_count":20000,"type":["Null","Number"],"has_duplicates":true,"probability":1},{"name":"Outet4FANDBRevenue","path":"Outet4FANDBRevenue","count":20000,"types":[{"name":"Null","bsonType":"Null","path":"Outet4FANDBRevenue","count":10726,"total_count":0,"probability":0.5363,"unique":1,"has_duplicates":true},{"name":"Number","bsonType":"Number","path":"Outet4FANDBRevenue","count":9274,"total_count":0,"probability":0.4637}],"total_count":20000,"type":["Null","Number"],"has_duplicates":true,"probability":1},{"name":"Outet4FANDBRevenueMTD","path":"Outet4FANDBRevenueMTD","count":20000,"types":[{"name":"Null","bsonType":"Null","path":"Outet4FANDBRevenueMTD","count":10726,"total_count":0,"probability":0.5363,"unique":1,"has_duplicates":true},{"name":"Number","bsonType":"Number","path":"Outet4FANDBRevenueMTD","count":9274,"total_count":0,"probability":0.4637}],"total_count":20000,"type":["Null","Number"],"has_duplicates":true,"probability":1},{"name":"Outet4FANDBRevenueTTM","path":"Outet4FANDBRevenueTTM","count":20000,"types":[{"name":"Null","bsonType":"Null","path":"Outet4FANDBRevenueTTM","count":19989,"total_count":0,"probability":0.99945,"unique":1,"has_duplicates":true},{"name":"Number","bsonType":"Number","path":"Outet4FANDBRevenueTTM","count":11,"total_count":0,"probability":0.00055}],"total_count":20000,"type":["Null","Number"],"has_duplicates":true,"probability":1},{"name":"Outet4FANDBRevenueYTD","path":"Outet4FANDBRevenueYTD","count":20000,"types":[{"name":"Null","bsonType":"Null","path":"Outet4FANDBRevenueYTD","count":10726,"total_count":0,"probability":0.5363,"unique":1,"has_duplicates":true},{"name":"Number","bsonType":"Number","path":"Outet4FANDBRevenueYTD","count":9274,"total_count":0,"probability":0.4637}],"total_count":20000,"type":["Null","Number"],"has_duplicates":true,"probability":1},{"name":"Outet4OtherRevenue","path":"Outet4OtherRevenue","count":20000,"types":[{"name":"Null","bsonType":"Null","path":"Outet4OtherRevenue","count":10726,"total_count":0,"probability":0.5363,"unique":1,"has_duplicates":true},{"name":"Number","bsonType":"Number","path":"Outet4OtherRevenue","count":9274,"total_count":0,"probability":0.4637}],"total_count":20000,"type":["Null","Number"],"has_duplicates":true,"probability":1},{"name":"Outet4OtherRevenueMTD","path":"Outet4OtherRevenueMTD","count":20000,"types":[{"name":"Null","bsonType":"Null","path":"Outet4OtherRevenueMTD","count":10726,"total_count":0,"probability":0.5363,"unique":1,"has_duplicates":true},{"name":"Number","bsonType":"Number","path":"Outet4OtherRevenueMTD","count":9274,"total_count":0,"probability":0.4637}],"total_count":20000,"type":["Null","Number"],"has_duplicates":true,"probability":1},{"name":"Outet4OtherRevenueTTM","path":"Outet4OtherRevenueTTM","count":20000,"types":[{"name":"Null","bsonType":"Null","path":"Outet4OtherRevenueTTM","count":19989,"total_count":0,"probability":0.99945,"unique":1,"has_duplicates":true},{"name":"Number","bsonType":"Number","path":"Outet4OtherRevenueTTM","count":11,"total_count":0,"probability":0.00055}],"total_count":20000,"type":["Null","Number"],"has_duplicates":true,"probability":1},{"name":"Outet4OtherRevenueYTD","path":"Outet4OtherRevenueYTD","count":20000,"types":[{"name":"Null","bsonType":"Null","path":"Outet4OtherRevenueYTD","count":10726,"total_count":0,"probability":0.5363,"unique":1,"has_duplicates":true},{"name":"Number","bsonType":"Number","path":"Outet4OtherRevenueYTD","count":9274,"total_count":0,"probability":0.4637}],"total_count":20000,"type":["Null","Number"],"has_duplicates":true,"probability":1},{"name":"ParkingRevenue","path":"ParkingRevenue","count":20000,"types":[{"name":"Null","bsonType":"Null","path":"ParkingRevenue","count":10726,"total_count":0,"probability":0.5363,"unique":1,"has_duplicates":true},{"name":"Number","bsonType":"Number","path":"ParkingRevenue","count":9274,"total_count":0,"probability":0.4637}],"total_count":20000,"type":["Null","Number"],"has_duplicates":true,"probability":1},{"name":"ParkingRevenueMTD","path":"ParkingRevenueMTD","count":20000,"types":[{"name":"Null","bsonType":"Null","path":"ParkingRevenueMTD","count":10726,"total_count":0,"probability":0.5363,"unique":1,"has_duplicates":true},{"name":"Number","bsonType":"Number","path":"ParkingRevenueMTD","count":9274,"total_count":0,"probability":0.4637}],"total_count":20000,"type":["Null","Number"],"has_duplicates":true,"probability":1},{"name":"ParkingRevenueTTM","path":"ParkingRevenueTTM","count":20000,"types":[{"name":"Null","bsonType":"Null","path":"ParkingRevenueTTM","count":19989,"total_count":0,"probability":0.99945,"unique":1,"has_duplicates":true},{"name":"Number","bsonType":"Number","path":"ParkingRevenueTTM","count":11,"total_count":0,"probability":0.00055}],"total_count":20000,"type":["Null","Number"],"has_duplicates":true,"probability":1},{"name":"ParkingRevenueYTD","path":"ParkingRevenueYTD","count":20000,"types":[{"name":"Null","bsonType":"Null","path":"ParkingRevenueYTD","count":10726,"total_count":0,"probability":0.5363,"unique":1,"has_duplicates":true},{"name":"Number","bsonType":"Number","path":"ParkingRevenueYTD","count":9274,"total_count":0,"probability":0.4637}],"total_count":20000,"type":["Null","Number"],"has_duplicates":true,"probability":1},{"name":"RestaurantRevenue","path":"RestaurantRevenue","count":20000,"types":[{"name":"Null","bsonType":"Null","path":"RestaurantRevenue","count":10726,"total_count":0,"probability":0.5363,"unique":1,"has_duplicates":true},{"name":"Number","bsonType":"Number","path":"RestaurantRevenue","count":9274,"total_count":0,"probability":0.4637}],"total_count":20000,"type":["Null","Number"],"has_duplicates":true,"probability":1},{"name":"RestaurantRevenueMTD","path":"RestaurantRevenueMTD","count":20000,"types":[{"name":"Null","bsonType":"Null","path":"RestaurantRevenueMTD","count":10726,"total_count":0,"probability":0.5363,"unique":1,"has_duplicates":true},{"name":"Number","bsonType":"Number","path":"RestaurantRevenueMTD","count":9274,"total_count":0,"probability":0.4637}],"total_count":20000,"type":["Null","Number"],"has_duplicates":true,"probability":1},{"name":"RestaurantRevenueTTM","path":"RestaurantRevenueTTM","count":20000,"types":[{"name":"Null","bsonType":"Null","path":"RestaurantRevenueTTM","count":19989,"total_count":0,"probability":0.99945,"unique":1,"has_duplicates":true},{"name":"Number","bsonType":"Number","path":"RestaurantRevenueTTM","count":11,"total_count":0,"probability":0.00055}],"total_count":20000,"type":["Null","Number"],"has_duplicates":true,"probability":1},{"name":"RestaurantRevenueYTD","path":"RestaurantRevenueYTD","count":20000,"types":[{"name":"Null","bsonType":"Null","path":"RestaurantRevenueYTD","count":10726,"total_count":0,"probability":0.5363,"unique":1,"has_duplicates":true},{"name":"Number","bsonType":"Number","path":"RestaurantRevenueYTD","count":9274,"total_count":0,"probability":0.4637}],"total_count":20000,"type":["Null","Number"],"has_duplicates":true,"probability":1},{"name":"RevPAR","path":"RevPAR","count":20000,"types":[{"name":"Number","bsonType":"Number","path":"RevPAR","count":20000,"total_count":0,"probability":1}],"total_count":20000,"type":"Number","has_duplicates":false,"probability":1},{"name":"RevPARExcludingOOO","path":"RevPARExcludingOOO","count":20000,"types":[{"name":"Number","bsonType":"Number","path":"RevPARExcludingOOO","count":20000,"total_count":0,"probability":1}],"total_count":20000,"type":"Number","has_duplicates":false,"probability":1},{"name":"RevPARExcludingOOOMTD","path":"RevPARExcludingOOOMTD","count":20000,"types":[{"name":"Number","bsonType":"Number","path":"RevPARExcludingOOOMTD","count":20000,"total_count":0,"probability":1}],"total_count":20000,"type":"Number","has_duplicates":false,"probability":1},{"name":"RevPARExcludingOOOTTM","path":"RevPARExcludingOOOTTM","count":20000,"types":[{"name":"Number","bsonType":"Number","path":"RevPARExcludingOOOTTM","count":20000,"total_count":0,"probability":1}],"total_count":20000,"type":"Number","has_duplicates":false,"probability":1},{"name":"RevPARExcludingOOOYTD","path":"RevPARExcludingOOOYTD","count":20000,"types":[{"name":"Number","bsonType":"Number","path":"RevPARExcludingOOOYTD","count":20000,"total_count":0,"probability":1}],"total_count":20000,"type":"Number","has_duplicates":false,"probability":1},{"name":"RevPARMTD","path":"RevPARMTD","count":20000,"types":[{"name":"Number","bsonType":"Number","path":"RevPARMTD","count":20000,"total_count":0,"probability":1}],"total_count":20000,"type":"Number","has_duplicates":false,"probability":1},{"name":"RevPARTTM","path":"RevPARTTM","count":20000,"types":[{"name":"Number","bsonType":"Number","path":"RevPARTTM","count":20000,"total_count":0,"probability":1}],"total_count":20000,"type":"Number","has_duplicates":false,"probability":1},{"name":"RevPARYTD","path":"RevPARYTD","count":20000,"types":[{"name":"Number","bsonType":"Number","path":"RevPARYTD","count":20000,"total_count":0,"probability":1}],"total_count":20000,"type":"Number","has_duplicates":false,"probability":1},{"name":"TotalRevenue","path":"TotalRevenue","count":20000,"types":[{"name":"Number","bsonType":"Number","path":"TotalRevenue","count":20000,"total_count":0,"probability":1}],"total_count":20000,"type":"Number","has_duplicates":false,"probability":1},{"name":"TotalRevenueMTD","path":"TotalRevenueMTD","count":20000,"types":[{"name":"Number","bsonType":"Number","path":"TotalRevenueMTD","count":20000,"total_count":0,"probability":1}],"total_count":20000,"type":"Number","has_duplicates":false,"probability":1},{"name":"TotalRevenueTTM","path":"TotalRevenueTTM","count":20000,"types":[{"name":"Number","bsonType":"Number","path":"TotalRevenueTTM","count":20000,"total_count":0,"probability":1}],"total_count":20000,"type":"Number","has_duplicates":false,"probability":1},{"name":"TotalRevenueYTD","path":"TotalRevenueYTD","count":20000,"types":[{"name":"Number","bsonType":"Number","path":"TotalRevenueYTD","count":20000,"total_count":0,"probability":1}],"total_count":20000,"type":"Number","has_duplicates":false,"probability":1},{"name":"UpdatedBy","path":"UpdatedBy","count":20000,"types":[{"name":"String","bsonType":"String","path":"UpdatedBy","count":20000,"total_count":0,"probability":1}],"total_count":20000,"type":"String","has_duplicates":false,"probability":1},{"name":"UpdatedDateTime","path":"UpdatedDateTime","count":20000,"types":[{"name":"Date","bsonType":"Date","path":"UpdatedDateTime","count":20000,"total_count":0,"probability":1}],"total_count":20000,"type":"Date","has_duplicates":false,"probability":1}],"count":20000}