{"fields":[{"name":"_id","path":"_id","count":52,"types":[{"name":"Number","bsonType":"Number","path":"_id","count":52,"total_count":0,"probability":1}],"total_count":52,"type":"Number","has_duplicates":false,"probability":1},{"name":"Alert_Number","path":"Alert_Number","count":52,"types":[{"name":"Null","bsonType":"Null","path":"Alert_Number","count":50,"total_count":0,"probability":0.9615384615384616,"unique":1,"has_duplicates":true},{"name":"Number","bsonType":"Number","path":"Alert_Number","count":2,"total_count":0,"probability":0.038461538461538464}],"total_count":52,"type":["Null","Number"],"has_duplicates":true,"probability":1},{"name":"AlertID","path":"AlertID","count":52,"types":[{"name":"Number","bsonType":"Number","path":"AlertID","count":52,"total_count":0,"probability":1}],"total_count":52,"type":"Number","has_duplicates":false,"probability":1},{"name":"Attribute1","path":"Attribute1","count":52,"types":[{"name":"String","bsonType":"String","path":"Attribute1","count":52,"total_count":0,"probability":1}],"total_count":52,"type":"String","has_duplicates":false,"probability":1},{"name":"Attribute2","path":"Attribute2","count":52,"types":[{"name":"String","bsonType":"String","path":"Attribute2","count":52,"total_count":0,"probability":1}],"total_count":52,"type":"String","has_duplicates":false,"probability":1},{"name":"Attribute3","path":"Attribute3","count":52,"types":[{"name":"String","bsonType":"String","path":"Attribute3","count":52,"total_count":0,"probability":1}],"total_count":52,"type":"String","has_duplicates":false,"probability":1},{"name":"Attribute4","path":"Attribute4","count":52,"types":[{"name":"String","bsonType":"String","path":"Attribute4","count":52,"total_count":0,"probability":1}],"total_count":52,"type":"String","has_duplicates":false,"probability":1},{"name":"Attribute5","path":"Attribute5","count":52,"types":[{"name":"String","bsonType":"String","path":"Attribute5","count":52,"total_count":0,"probability":1}],"total_count":52,"type":"String","has_duplicates":false,"probability":1},{"name":"ClientId","path":"ClientId","count":52,"types":[{"name":"String","bsonType":"String","path":"ClientId","count":51,"total_count":0,"probability":0.9807692307692307},{"name":"Null","bsonType":"Null","path":"ClientId","count":1,"total_count":0,"probability":0.019230769230769232,"unique":1,"has_duplicates":false}],"total_count":52,"type":["String","Null"],"has_duplicates":false,"probability":1},{"name":"ContactId","path":"ContactId","count":52,"types":[{"name":"String","bsonType":"String","path":"ContactId","count":50,"total_count":0,"probability":0.9615384615384616},{"name":"Null","bsonType":"Null","path":"ContactId","count":2,"total_count":0,"probability":0.038461538461538464,"unique":1,"has_duplicates":true}],"total_count":52,"type":["String","Null"],"has_duplicates":true,"probability":1},{"name":"CreatedBy","path":"CreatedBy","count":52,"types":[{"name":"Number","bsonType":"Number","path":"CreatedBy","count":52,"total_count":0,"probability":1}],"total_count":52,"type":"Number","has_duplicates":false,"probability":1},{"name":"CreatedOn","path":"CreatedOn","count":52,"types":[{"name":"Date","bsonType":"Date","path":"CreatedOn","count":52,"total_count":0,"probability":1}],"total_count":52,"type":"Date","has_duplicates":false,"probability":1},{"name":"CustomerId","path":"CustomerId","count":52,"types":[{"name":"String","bsonType":"String","path":"CustomerId","count":52,"total_count":0,"probability":1}],"total_count":52,"type":"String","has_duplicates":false,"probability":1},{"name":"hotelID","path":"hotelID","count":52,"types":[{"name":"Number","bsonType":"Number","path":"hotelID","count":52,"total_count":0,"probability":1}],"total_count":52,"type":"Number","has_duplicates":false,"probability":1},{"name":"RankValue","path":"RankValue","count":52,"types":[{"name":"Null","bsonType":"Null","path":"RankValue","count":28,"total_count":0,"probability":0.5384615384615384,"unique":1,"has_duplicates":true},{"name":"Number","bsonType":"Number","path":"RankValue","count":24,"total_count":0,"probability":0.46153846153846156}],"total_count":52,"type":["Null","Number"],"has_duplicates":true,"probability":1},{"name":"SubtopicCode","path":"SubtopicCode","count":52,"types":[{"name":"String","bsonType":"String","path":"SubtopicCode","count":52,"total_count":0,"probability":1}],"total_count":52,"type":"String","has_duplicates":false,"probability":1},{"name":"TopicCode","path":"TopicCode","count":52,"types":[{"name":"String","bsonType":"String","path":"TopicCode","count":52,"total_count":0,"probability":1}],"total_count":52,"type":"String","has_duplicates":false,"probability":1},{"name":"UpdatedBy","path":"UpdatedBy","count":52,"types":[{"name":"Null","bsonType":"Null","path":"UpdatedBy","count":50,"total_count":0,"probability":0.9615384615384616,"unique":1,"has_duplicates":true},{"name":"Number","bsonType":"Number","path":"UpdatedBy","count":2,"total_count":0,"probability":0.038461538461538464}],"total_count":52,"type":["Null","Number"],"has_duplicates":true,"probability":1},{"name":"UpdatedOn","path":"UpdatedOn","count":52,"types":[{"name":"Null","bsonType":"Null","path":"UpdatedOn","count":50,"total_count":0,"probability":0.9615384615384616,"unique":1,"has_duplicates":true},{"name":"Date","bsonType":"Date","path":"UpdatedOn","count":2,"total_count":0,"probability":0.038461538461538464}],"total_count":52,"type":["Null","Date"],"has_duplicates":true,"probability":1}],"count":52}