{"fields":[{"name":"_id","path":"_id","count":4,"types":[{"name":"Number","bsonType":"Number","path":"_id","count":4,"total_count":0,"probability":1}],"total_count":4,"type":"Number","has_duplicates":false,"probability":1},{"name":"AvendraAlertGroupId","path":"AvendraAlertGroupId","count":4,"types":[{"name":"Number","bsonType":"Number","path":"AvendraAlertGroupId","count":4,"total_count":0,"probability":1}],"total_count":4,"type":"Number","has_duplicates":false,"probability":1},{"name":"AvendraAlertGroupName","path":"AvendraAlertGroupName","count":4,"types":[{"name":"String","bsonType":"String","path":"AvendraAlertGroupName","count":4,"total_count":0,"probability":1}],"total_count":4,"type":"String","has_duplicates":false,"probability":1}],"count":4}