{"fields":[{"name":"_id","path":"_id","count":404,"types":[{"name":"Number","bsonType":"Number","path":"_id","count":404,"total_count":0,"probability":1}],"total_count":404,"type":"Number","has_duplicates":false,"probability":1},{"name":"Attributes","path":"Attributes","count":404,"types":[{"name":"String","bsonType":"String","path":"Attributes","count":404,"total_count":0,"probability":1}],"total_count":404,"type":"String","has_duplicates":false,"probability":1},{"name":"AvendraAlertDetailid","path":"AvendraAlertDetailid","count":404,"types":[{"name":"Number","bsonType":"Number","path":"AvendraAlertDetailid","count":404,"total_count":0,"probability":1}],"total_count":404,"type":"Number","has_duplicates":false,"probability":1},{"name":"AvendraAlertGroupId","path":"AvendraAlertGroupId","count":404,"types":[{"name":"Number","bsonType":"Number","path":"AvendraAlertGroupId","count":404,"total_count":0,"probability":1}],"total_count":404,"type":"Number","has_duplicates":false,"probability":1},{"name":"AvendraAlertInsightid","path":"AvendraAlertInsightid","count":404,"types":[{"name":"Number","bsonType":"Number","path":"AvendraAlertInsightid","count":404,"total_count":0,"probability":1}],"total_count":404,"type":"Number","has_duplicates":false,"probability":1},{"name":"AvendraAlertSubGroupId","path":"AvendraAlertSubGroupId","count":404,"types":[{"name":"Number","bsonType":"Number","path":"AvendraAlertSubGroupId","count":404,"total_count":0,"probability":1}],"total_count":404,"type":"Number","has_duplicates":false,"probability":1},{"name":"RankValue","path":"RankValue","count":404,"types":[{"name":"Number","bsonType":"Number","path":"RankValue","count":404,"total_count":0,"probability":1}],"total_count":404,"type":"Number","has_duplicates":false,"probability":1},{"name":"UnitNumber","path":"UnitNumber","count":404,"types":[{"name":"Number","bsonType":"Number","path":"UnitNumber","count":404,"total_count":0,"probability":1}],"total_count":404,"type":"Number","has_duplicates":false,"probability":1}],"count":404}