[{"_id":13,"AvendraAlertInsightid":13,"AlertID":1,"AvendraAlertGroupId":null,"AvendraAlertSubGroupId":null,"UnitNumber":null,"AvendraAlertInsightTypeId":2,"InsightDescription":"<text>To view the full report, click the button below</text><button><link>https://webapps.avendra.com</link><name>VIEW FULL REPORT</name></button>","InsightNumber":2922,"AvendraAlertInsightLevelId":1},{"_id":14,"AvendraAlertInsightid":14,"AlertID":1,"AvendraAlertGroupId":null,"AvendraAlertSubGroupId":null,"UnitNumber":null,"AvendraAlertInsightTypeId":1,"InsightDescription":"Based on your MFD average drop size, you will stay in the same MFD bracket.","InsightNumber":2891,"AvendraAlertInsightLevelId":1},{"_id":15,"AvendraAlertInsightid":15,"AlertID":1,"AvendraAlertGroupId":1,"AvendraAlertSubGroupId":null,"UnitNumber":null,"AvendraAlertInsightTypeId":2,"InsightDescription":"Start spending with your MFD in these categories.","InsightNumber":2457,"AvendraAlertInsightLevelId":2},{"_id":16,"AvendraAlertInsightid":16,"AlertID":1,"AvendraAlertGroupId":2,"AvendraAlertSubGroupId":null,"UnitNumber":null,"AvendraAlertInsightTypeId":2,"InsightDescription":"In the past 6 months, your property had no spend in 11 categories.","InsightNumber":3022,"AvendraAlertInsightLevelId":2},{"_id":17,"AvendraAlertInsightid":17,"AlertID":1,"AvendraAlertGroupId":4,"AvendraAlertSubGroupId":null,"UnitNumber":null,"AvendraAlertInsightTypeId":2,"InsightDescription":"Move your spend away from regionals and rooms suppliers to your MFD in these categories.","InsightNumber":2949,"AvendraAlertInsightLevelId":2},{"_id":18,"AvendraAlertInsightid":18,"AlertID":2,"AvendraAlertGroupId":null,"AvendraAlertSubGroupId":null,"UnitNumber":null,"AvendraAlertInsightTypeId":1,"InsightDescription":"In the past 6 months, your property spent $3,621 with non-MFD suppliers in 6 categories.","InsightNumber":2980,"AvendraAlertInsightLevelId":1},{"_id":19,"AvendraAlertInsightid":19,"AlertID":2,"AvendraAlertGroupId":3,"AvendraAlertSubGroupId":null,"UnitNumber":null,"AvendraAlertInsightTypeId":2,"InsightDescription":"Move your spend away from regionals and rooms suppliers to your MFD in these categories.","InsightNumber":2949,"AvendraAlertInsightLevelId":2},{"_id":190,"AvendraAlertInsightid":190,"AlertID":22,"AvendraAlertGroupId":null,"AvendraAlertSubGroupId":null,"UnitNumber":null,"AvendraAlertInsightTypeId":2,"InsightDescription":"<text>To view the full report, click the button below</text><button><link>https://webapps.avendra.com</link><name>VIEW FULL REPORT</name></button>","InsightNumber":3955,"AvendraAlertInsightLevelId":1},{"_id":191,"AvendraAlertInsightid":191,"AlertID":22,"AvendraAlertGroupId":null,"AvendraAlertSubGroupId":null,"UnitNumber":null,"AvendraAlertInsightTypeId":1,"InsightDescription":"Your property is close to moving up to bracket 4. Potential annual savings: $4,820.","InsightNumber":3932,"AvendraAlertInsightLevelId":1},{"_id":192,"AvendraAlertInsightid":192,"AlertID":22,"AvendraAlertGroupId":2,"AvendraAlertSubGroupId":null,"UnitNumber":null,"AvendraAlertInsightTypeId":2,"InsightDescription":"Move your spend away from regionals and rooms suppliers to your MFD in these categories.","InsightNumber":3978,"AvendraAlertInsightLevelId":2},{"_id":193,"AvendraAlertInsightid":193,"AlertID":22,"AvendraAlertGroupId":2,"AvendraAlertSubGroupId":null,"UnitNumber":null,"AvendraAlertInsightTypeId":1,"InsightDescription":"In the past 6 months, your property spent $16,254 with non-MFD suppliers in 12 categories.","InsightNumber":4001,"AvendraAlertInsightLevelId":2},{"_id":194,"AvendraAlertInsightid":194,"AlertID":23,"AvendraAlertGroupId":null,"AvendraAlertSubGroupId":null,"UnitNumber":null,"AvendraAlertInsightTypeId":2,"InsightDescription":"<text>To view the full report, click the button below</text><button><link>https://webapps.avendra.com</link><name>VIEW FULL REPORT</name></button>","InsightNumber":3956,"AvendraAlertInsightLevelId":1},{"_id":195,"AvendraAlertInsightid":195,"AlertID":23,"AvendraAlertGroupId":null,"AvendraAlertSubGroupId":null,"UnitNumber":null,"AvendraAlertInsightTypeId":1,"InsightDescription":"Based on your MFD average drop size, you will stay in the same MFD bracket.","InsightNumber":3933,"AvendraAlertInsightLevelId":1},{"_id":196,"AvendraAlertInsightid":196,"AlertID":23,"AvendraAlertGroupId":2,"AvendraAlertSubGroupId":null,"UnitNumber":null,"AvendraAlertInsightTypeId":2,"InsightDescription":"Move your spend away from regionals and rooms suppliers to your MFD in these categories.","InsightNumber":3979,"AvendraAlertInsightLevelId":2},{"_id":197,"AvendraAlertInsightid":197,"AlertID":23,"AvendraAlertGroupId":2,"AvendraAlertSubGroupId":null,"UnitNumber":null,"AvendraAlertInsightTypeId":1,"InsightDescription":"In the past 6 months, your property spent $16,315 with non-MFD suppliers in 8 categories.","InsightNumber":4002,"AvendraAlertInsightLevelId":2},{"_id":198,"AvendraAlertInsightid":198,"AlertID":24,"AvendraAlertGroupId":null,"AvendraAlertSubGroupId":null,"UnitNumber":null,"AvendraAlertInsightTypeId":2,"InsightDescription":"<text>To view the full report, click the button below</text><button><link>https://webapps.avendra.com</link><name>VIEW FULL REPORT</name></button>","InsightNumber":3957,"AvendraAlertInsightLevelId":1},{"_id":199,"AvendraAlertInsightid":199,"AlertID":24,"AvendraAlertGroupId":null,"AvendraAlertSubGroupId":null,"UnitNumber":null,"AvendraAlertInsightTypeId":1,"InsightDescription":"Your MFD average drop size is too low and you will drop to bracket 3. Estimated annual cost increase: $4,216.","InsightNumber":3934,"AvendraAlertInsightLevelId":1},{"_id":200,"AvendraAlertInsightid":200,"AlertID":24,"AvendraAlertGroupId":2,"AvendraAlertSubGroupId":null,"UnitNumber":null,"AvendraAlertInsightTypeId":2,"InsightDescription":"Move your spend away from regionals and rooms suppliers to your MFD in these categories.","InsightNumber":3980,"AvendraAlertInsightLevelId":2},{"_id":201,"AvendraAlertInsightid":201,"AlertID":24,"AvendraAlertGroupId":2,"AvendraAlertSubGroupId":null,"UnitNumber":null,"AvendraAlertInsightTypeId":1,"InsightDescription":"In the past 6 months, your property spent $23,051 with non-MFD suppliers in 14 categories.","InsightNumber":4003,"AvendraAlertInsightLevelId":2},{"_id":202,"AvendraAlertInsightid":202,"AlertID":25,"AvendraAlertGroupId":null,"AvendraAlertSubGroupId":null,"UnitNumber":null,"AvendraAlertInsightTypeId":2,"InsightDescription":"<text>To view the full report, click the button below</text><button><link>https://webapps.avendra.com</link><name>VIEW FULL REPORT</name></button>","InsightNumber":3958,"AvendraAlertInsightLevelId":1},{"_id":203,"AvendraAlertInsightid":203,"AlertID":25,"AvendraAlertGroupId":null,"AvendraAlertSubGroupId":null,"UnitNumber":null,"AvendraAlertInsightTypeId":1,"InsightDescription":"Based on your MFD average drop size, you will stay in the same MFD bracket.","InsightNumber":3935,"AvendraAlertInsightLevelId":1},{"_id":204,"AvendraAlertInsightid":204,"AlertID":25,"AvendraAlertGroupId":2,"AvendraAlertSubGroupId":null,"UnitNumber":null,"AvendraAlertInsightTypeId":2,"InsightDescription":"Move your spend away from regionals and rooms suppliers to your MFD in these categories.","InsightNumber":3981,"AvendraAlertInsightLevelId":2},{"_id":205,"AvendraAlertInsightid":205,"AlertID":25,"AvendraAlertGroupId":2,"AvendraAlertSubGroupId":null,"UnitNumber":null,"AvendraAlertInsightTypeId":1,"InsightDescription":"In the past 6 months, your property spent $11,614 with non-MFD suppliers in 16 categories.","InsightNumber":4004,"AvendraAlertInsightLevelId":2},{"_id":206,"AvendraAlertInsightid":206,"AlertID":26,"AvendraAlertGroupId":null,"AvendraAlertSubGroupId":null,"UnitNumber":null,"AvendraAlertInsightTypeId":2,"InsightDescription":"<text>To view the full report, click the button below</text><button><link>https://webapps.avendra.com</link><name>VIEW FULL REPORT</name></button>","InsightNumber":3959,"AvendraAlertInsightLevelId":1},{"_id":207,"AvendraAlertInsightid":207,"AlertID":26,"AvendraAlertGroupId":null,"AvendraAlertSubGroupId":null,"UnitNumber":null,"AvendraAlertInsightTypeId":1,"InsightDescription":"Based on your MFD average drop size, you will stay in the same MFD bracket.","InsightNumber":3936,"AvendraAlertInsightLevelId":1},{"_id":208,"AvendraAlertInsightid":208,"AlertID":26,"AvendraAlertGroupId":1,"AvendraAlertSubGroupId":null,"UnitNumber":null,"AvendraAlertInsightTypeId":2,"InsightDescription":"Start spending with your MFD in these categories.","InsightNumber":4024,"AvendraAlertInsightLevelId":2},{"_id":209,"AvendraAlertInsightid":209,"AlertID":26,"AvendraAlertGroupId":1,"AvendraAlertSubGroupId":null,"UnitNumber":null,"AvendraAlertInsightTypeId":1,"InsightDescription":"In the past 6 months, your property had no spend in 14 categories.","InsightNumber":4036,"AvendraAlertInsightLevelId":2},{"_id":210,"AvendraAlertInsightid":210,"AlertID":26,"AvendraAlertGroupId":2,"AvendraAlertSubGroupId":null,"UnitNumber":null,"AvendraAlertInsightTypeId":2,"InsightDescription":"Move your spend away from regionals and rooms suppliers to your MFD in these categories.","InsightNumber":3982,"AvendraAlertInsightLevelId":2},{"_id":211,"AvendraAlertInsightid":211,"AlertID":26,"AvendraAlertGroupId":2,"AvendraAlertSubGroupId":null,"UnitNumber":null,"AvendraAlertInsightTypeId":1,"InsightDescription":"In the past 6 months, your property spent $4,561 with non-MFD suppliers in 3 categories.","InsightNumber":4005,"AvendraAlertInsightLevelId":2},{"_id":212,"AvendraAlertInsightid":212,"AlertID":27,"AvendraAlertGroupId":null,"AvendraAlertSubGroupId":null,"UnitNumber":null,"AvendraAlertInsightTypeId":2,"InsightDescription":"<text>To view the full report, click the button below</text><button><link>https://webapps.avendra.com</link><name>VIEW FULL REPORT</name></button>","InsightNumber":3960,"AvendraAlertInsightLevelId":1},{"_id":213,"AvendraAlertInsightid":213,"AlertID":27,"AvendraAlertGroupId":null,"AvendraAlertSubGroupId":null,"UnitNumber":null,"AvendraAlertInsightTypeId":1,"InsightDescription":"Your MFD average drop size is too low and you will drop to bracket 2. Estimated annual cost increase: $1,424.","InsightNumber":3937,"AvendraAlertInsightLevelId":1},{"_id":214,"AvendraAlertInsightid":214,"AlertID":27,"AvendraAlertGroupId":1,"AvendraAlertSubGroupId":null,"UnitNumber":null,"AvendraAlertInsightTypeId":2,"InsightDescription":"Start spending with your MFD in these categories.","InsightNumber":4025,"AvendraAlertInsightLevelId":2},{"_id":215,"AvendraAlertInsightid":215,"AlertID":27,"AvendraAlertGroupId":1,"AvendraAlertSubGroupId":null,"UnitNumber":null,"AvendraAlertInsightTypeId":1,"InsightDescription":"In the past 6 months, your property had no spend in 3 categories.","InsightNumber":4037,"AvendraAlertInsightLevelId":2},{"_id":216,"AvendraAlertInsightid":216,"AlertID":27,"AvendraAlertGroupId":2,"AvendraAlertSubGroupId":null,"UnitNumber":null,"AvendraAlertInsightTypeId":2,"InsightDescription":"Move your spend away from regionals and rooms suppliers to your MFD in these categories.","InsightNumber":3983,"AvendraAlertInsightLevelId":2},{"_id":217,"AvendraAlertInsightid":217,"AlertID":27,"AvendraAlertGroupId":2,"AvendraAlertSubGroupId":null,"UnitNumber":null,"AvendraAlertInsightTypeId":1,"InsightDescription":"In the past 6 months, your property spent $11,434 with non-MFD suppliers in 9 categories.","InsightNumber":4006,"AvendraAlertInsightLevelId":2},{"_id":218,"AvendraAlertInsightid":218,"AlertID":70,"AvendraAlertGroupId":null,"AvendraAlertSubGroupId":null,"UnitNumber":null,"AvendraAlertInsightTypeId":2,"InsightDescription":"<text>To view the full report, click the button below</text><button><link>https://webapps.avendra.com</link><name>VIEW FULL REPORT</name></button>","InsightNumber":3961,"AvendraAlertInsightLevelId":1},{"_id":219,"AvendraAlertInsightid":219,"AlertID":70,"AvendraAlertGroupId":null,"AvendraAlertSubGroupId":null,"UnitNumber":null,"AvendraAlertInsightTypeId":1,"InsightDescription":"Based on your MFD average drop size, you will stay in the same MFD bracket.","InsightNumber":3938,"AvendraAlertInsightLevelId":1},{"_id":220,"AvendraAlertInsightid":220,"AlertID":70,"AvendraAlertGroupId":2,"AvendraAlertSubGroupId":null,"UnitNumber":null,"AvendraAlertInsightTypeId":2,"InsightDescription":"Move your spend away from regionals and rooms suppliers to your MFD in these categories.","InsightNumber":3984,"AvendraAlertInsightLevelId":2},{"_id":221,"AvendraAlertInsightid":221,"AlertID":70,"AvendraAlertGroupId":2,"AvendraAlertSubGroupId":null,"UnitNumber":null,"AvendraAlertInsightTypeId":1,"InsightDescription":"In the past 6 months, your property spent $3,907 with non-MFD suppliers in 5 categories.","InsightNumber":4007,"AvendraAlertInsightLevelId":2},{"_id":222,"AvendraAlertInsightid":222,"AlertID":28,"AvendraAlertGroupId":null,"AvendraAlertSubGroupId":null,"UnitNumber":null,"AvendraAlertInsightTypeId":2,"InsightDescription":"<text>To view the full report, click the button below</text><button><link>https://webapps.avendra.com</link><name>VIEW FULL REPORT</name></button>","InsightNumber":3962,"AvendraAlertInsightLevelId":1},{"_id":223,"AvendraAlertInsightid":223,"AlertID":28,"AvendraAlertGroupId":null,"AvendraAlertSubGroupId":null,"UnitNumber":null,"AvendraAlertInsightTypeId":1,"InsightDescription":"Your MFD average drop size is too low and you will drop to bracket 3. Estimated annual cost increase: $5,926.","InsightNumber":3939,"AvendraAlertInsightLevelId":1},{"_id":224,"AvendraAlertInsightid":224,"AlertID":28,"AvendraAlertGroupId":1,"AvendraAlertSubGroupId":null,"UnitNumber":null,"AvendraAlertInsightTypeId":2,"InsightDescription":"Start spending with your MFD in this category.","InsightNumber":4026,"AvendraAlertInsightLevelId":2},{"_id":225,"AvendraAlertInsightid":225,"AlertID":28,"AvendraAlertGroupId":1,"AvendraAlertSubGroupId":null,"UnitNumber":null,"AvendraAlertInsightTypeId":1,"InsightDescription":"In the past 6 months, your property had no spend in 1 category.","InsightNumber":4038,"AvendraAlertInsightLevelId":2},{"_id":226,"AvendraAlertInsightid":226,"AlertID":28,"AvendraAlertGroupId":2,"AvendraAlertSubGroupId":null,"UnitNumber":null,"AvendraAlertInsightTypeId":2,"InsightDescription":"Move your spend away from regionals and rooms suppliers to your MFD in these categories.","InsightNumber":3985,"AvendraAlertInsightLevelId":2},{"_id":227,"AvendraAlertInsightid":227,"AlertID":28,"AvendraAlertGroupId":2,"AvendraAlertSubGroupId":null,"UnitNumber":null,"AvendraAlertInsightTypeId":1,"InsightDescription":"In the past 6 months, your property spent $33,259 with non-MFD suppliers in 13 categories.","InsightNumber":4008,"AvendraAlertInsightLevelId":2},{"_id":228,"AvendraAlertInsightid":228,"AlertID":29,"AvendraAlertGroupId":null,"AvendraAlertSubGroupId":null,"UnitNumber":null,"AvendraAlertInsightTypeId":2,"InsightDescription":"<text>To view the full report, click the button below</text><button><link>https://webapps.avendra.com</link><name>VIEW FULL REPORT</name></button>","InsightNumber":3963,"AvendraAlertInsightLevelId":1},{"_id":229,"AvendraAlertInsightid":229,"AlertID":29,"AvendraAlertGroupId":null,"AvendraAlertSubGroupId":null,"UnitNumber":null,"AvendraAlertInsightTypeId":1,"InsightDescription":"Based on your MFD average drop size, you will stay in the same MFD bracket.","InsightNumber":3940,"AvendraAlertInsightLevelId":1},{"_id":230,"AvendraAlertInsightid":230,"AlertID":29,"AvendraAlertGroupId":1,"AvendraAlertSubGroupId":null,"UnitNumber":null,"AvendraAlertInsightTypeId":2,"InsightDescription":"Start spending with your MFD in these categories.","InsightNumber":4027,"AvendraAlertInsightLevelId":2},{"_id":231,"AvendraAlertInsightid":231,"AlertID":29,"AvendraAlertGroupId":1,"AvendraAlertSubGroupId":null,"UnitNumber":null,"AvendraAlertInsightTypeId":1,"InsightDescription":"In the past 6 months, your property had no spend in 3 categories.","InsightNumber":4039,"AvendraAlertInsightLevelId":2},{"_id":232,"AvendraAlertInsightid":232,"AlertID":29,"AvendraAlertGroupId":2,"AvendraAlertSubGroupId":null,"UnitNumber":null,"AvendraAlertInsightTypeId":2,"InsightDescription":"Move your spend away from regionals and rooms suppliers to your MFD in these categories.","InsightNumber":3986,"AvendraAlertInsightLevelId":2},{"_id":233,"AvendraAlertInsightid":233,"AlertID":29,"AvendraAlertGroupId":2,"AvendraAlertSubGroupId":null,"UnitNumber":null,"AvendraAlertInsightTypeId":1,"InsightDescription":"In the past 6 months, your property spent $12,050 with non-MFD suppliers in 13 categories.","InsightNumber":4009,"AvendraAlertInsightLevelId":2},{"_id":234,"AvendraAlertInsightid":234,"AlertID":30,"AvendraAlertGroupId":null,"AvendraAlertSubGroupId":null,"UnitNumber":null,"AvendraAlertInsightTypeId":2,"InsightDescription":"<text>To view the full report, click the button below</text><button><link>https://webapps.avendra.com</link><name>VIEW FULL REPORT</name></button>","InsightNumber":3964,"AvendraAlertInsightLevelId":1},{"_id":235,"AvendraAlertInsightid":235,"AlertID":30,"AvendraAlertGroupId":null,"AvendraAlertSubGroupId":null,"UnitNumber":null,"AvendraAlertInsightTypeId":1,"InsightDescription":"Based on your MFD average drop size, you will stay in the same MFD bracket.","InsightNumber":3941,"AvendraAlertInsightLevelId":1},{"_id":236,"AvendraAlertInsightid":236,"AlertID":30,"AvendraAlertGroupId":1,"AvendraAlertSubGroupId":null,"UnitNumber":null,"AvendraAlertInsightTypeId":2,"InsightDescription":"Start spending with your MFD in this category.","InsightNumber":4028,"AvendraAlertInsightLevelId":2},{"_id":237,"AvendraAlertInsightid":237,"AlertID":30,"AvendraAlertGroupId":1,"AvendraAlertSubGroupId":null,"UnitNumber":null,"AvendraAlertInsightTypeId":1,"InsightDescription":"In the past 6 months, your property had no spend in 1 category.","InsightNumber":4040,"AvendraAlertInsightLevelId":2},{"_id":238,"AvendraAlertInsightid":238,"AlertID":30,"AvendraAlertGroupId":2,"AvendraAlertSubGroupId":null,"UnitNumber":null,"AvendraAlertInsightTypeId":2,"InsightDescription":"Move your spend away from regionals and rooms suppliers to your MFD in these categories.","InsightNumber":3987,"AvendraAlertInsightLevelId":2},{"_id":239,"AvendraAlertInsightid":239,"AlertID":30,"AvendraAlertGroupId":2,"AvendraAlertSubGroupId":null,"UnitNumber":null,"AvendraAlertInsightTypeId":1,"InsightDescription":"In the past 6 months, your property spent $7,862 with non-MFD suppliers in 8 categories.","InsightNumber":4010,"AvendraAlertInsightLevelId":2},{"_id":240,"AvendraAlertInsightid":240,"AlertID":31,"AvendraAlertGroupId":null,"AvendraAlertSubGroupId":null,"UnitNumber":null,"AvendraAlertInsightTypeId":2,"InsightDescription":"<text>To view the full report, click the button below</text><button><link>https://webapps.avendra.com</link><name>VIEW FULL REPORT</name></button>","InsightNumber":3965,"AvendraAlertInsightLevelId":1},{"_id":241,"AvendraAlertInsightid":241,"AlertID":31,"AvendraAlertGroupId":null,"AvendraAlertSubGroupId":null,"UnitNumber":null,"AvendraAlertInsightTypeId":1,"InsightDescription":"Based on your MFD average drop size, you will stay in the same MFD bracket.","InsightNumber":3942,"AvendraAlertInsightLevelId":1},{"_id":242,"AvendraAlertInsightid":242,"AlertID":31,"AvendraAlertGroupId":1,"AvendraAlertSubGroupId":null,"UnitNumber":null,"AvendraAlertInsightTypeId":2,"InsightDescription":"Start spending with your MFD in these categories.","InsightNumber":4029,"AvendraAlertInsightLevelId":2},{"_id":243,"AvendraAlertInsightid":243,"AlertID":31,"AvendraAlertGroupId":1,"AvendraAlertSubGroupId":null,"UnitNumber":null,"AvendraAlertInsightTypeId":1,"InsightDescription":"In the past 6 months, your property had no spend in 3 categories.","InsightNumber":4041,"AvendraAlertInsightLevelId":2},{"_id":244,"AvendraAlertInsightid":244,"AlertID":31,"AvendraAlertGroupId":2,"AvendraAlertSubGroupId":null,"UnitNumber":null,"AvendraAlertInsightTypeId":2,"InsightDescription":"Move your spend away from regionals and rooms suppliers to your MFD in these categories.","InsightNumber":3988,"AvendraAlertInsightLevelId":2},{"_id":245,"AvendraAlertInsightid":245,"AlertID":31,"AvendraAlertGroupId":2,"AvendraAlertSubGroupId":null,"UnitNumber":null,"AvendraAlertInsightTypeId":1,"InsightDescription":"In the past 6 months, your property spent $4,963 with non-MFD suppliers in 5 categories.","InsightNumber":4011,"AvendraAlertInsightLevelId":2},{"_id":246,"AvendraAlertInsightid":246,"AlertID":32,"AvendraAlertGroupId":null,"AvendraAlertSubGroupId":null,"UnitNumber":null,"AvendraAlertInsightTypeId":2,"InsightDescription":"<text>To view the full report, click the button below</text><button><link>https://webapps.avendra.com</link><name>VIEW FULL REPORT</name></button>","InsightNumber":3966,"AvendraAlertInsightLevelId":1},{"_id":247,"AvendraAlertInsightid":247,"AlertID":32,"AvendraAlertGroupId":null,"AvendraAlertSubGroupId":null,"UnitNumber":null,"AvendraAlertInsightTypeId":1,"InsightDescription":"Based on your MFD average drop size, you will stay in the same MFD bracket.","InsightNumber":3943,"AvendraAlertInsightLevelId":1},{"_id":248,"AvendraAlertInsightid":248,"AlertID":32,"AvendraAlertGroupId":2,"AvendraAlertSubGroupId":null,"UnitNumber":null,"AvendraAlertInsightTypeId":2,"InsightDescription":"Move your spend away from regionals and rooms suppliers to your MFD in these categories.","InsightNumber":3989,"AvendraAlertInsightLevelId":2},{"_id":249,"AvendraAlertInsightid":249,"AlertID":32,"AvendraAlertGroupId":2,"AvendraAlertSubGroupId":null,"UnitNumber":null,"AvendraAlertInsightTypeId":1,"InsightDescription":"In the past 6 months, your property spent $18,859 with non-MFD suppliers in 10 categories.","InsightNumber":4012,"AvendraAlertInsightLevelId":2},{"_id":250,"AvendraAlertInsightid":250,"AlertID":33,"AvendraAlertGroupId":null,"AvendraAlertSubGroupId":null,"UnitNumber":null,"AvendraAlertInsightTypeId":2,"InsightDescription":"<text>To view the full report, click the button below</text><button><link>https://webapps.avendra.com</link><name>VIEW FULL REPORT</name></button>","InsightNumber":3967,"AvendraAlertInsightLevelId":1},{"_id":251,"AvendraAlertInsightid":251,"AlertID":33,"AvendraAlertGroupId":null,"AvendraAlertSubGroupId":null,"UnitNumber":null,"AvendraAlertInsightTypeId":1,"InsightDescription":"Based on your MFD average drop size, you will stay in the same MFD bracket.","InsightNumber":3944,"AvendraAlertInsightLevelId":1},{"_id":252,"AvendraAlertInsightid":252,"AlertID":33,"AvendraAlertGroupId":2,"AvendraAlertSubGroupId":null,"UnitNumber":null,"AvendraAlertInsightTypeId":2,"InsightDescription":"Move your spend away from regionals and rooms suppliers to your MFD in these categories.","InsightNumber":3990,"AvendraAlertInsightLevelId":2},{"_id":253,"AvendraAlertInsightid":253,"AlertID":33,"AvendraAlertGroupId":2,"AvendraAlertSubGroupId":null,"UnitNumber":null,"AvendraAlertInsightTypeId":1,"InsightDescription":"In the past 6 months, your property spent $8,374 with non-MFD suppliers in 9 categories.","InsightNumber":4013,"AvendraAlertInsightLevelId":2},{"_id":254,"AvendraAlertInsightid":254,"AlertID":34,"AvendraAlertGroupId":null,"AvendraAlertSubGroupId":null,"UnitNumber":null,"AvendraAlertInsightTypeId":2,"InsightDescription":"<text>To view the full report, click the button below</text><button><link>https://webapps.avendra.com</link><name>VIEW FULL REPORT</name></button>","InsightNumber":3968,"AvendraAlertInsightLevelId":1},{"_id":255,"AvendraAlertInsightid":255,"AlertID":34,"AvendraAlertGroupId":null,"AvendraAlertSubGroupId":null,"UnitNumber":null,"AvendraAlertInsightTypeId":1,"InsightDescription":"Your MFD average drop size is too low and you will drop to bracket 3. Estimated annual cost increase: $.","InsightNumber":3945,"AvendraAlertInsightLevelId":1},{"_id":256,"AvendraAlertInsightid":256,"AlertID":34,"AvendraAlertGroupId":1,"AvendraAlertSubGroupId":null,"UnitNumber":null,"AvendraAlertInsightTypeId":2,"InsightDescription":"Start spending with your MFD in these categories.","InsightNumber":4030,"AvendraAlertInsightLevelId":2},{"_id":257,"AvendraAlertInsightid":257,"AlertID":34,"AvendraAlertGroupId":1,"AvendraAlertSubGroupId":null,"UnitNumber":null,"AvendraAlertInsightTypeId":1,"InsightDescription":"In the past 6 months, your property had no spend in 15 categories.","InsightNumber":4042,"AvendraAlertInsightLevelId":2},{"_id":258,"AvendraAlertInsightid":258,"AlertID":34,"AvendraAlertGroupId":2,"AvendraAlertSubGroupId":null,"UnitNumber":null,"AvendraAlertInsightTypeId":2,"InsightDescription":"Move your spend away from regionals and rooms suppliers to your MFD in these categories.","InsightNumber":3991,"AvendraAlertInsightLevelId":2},{"_id":259,"AvendraAlertInsightid":259,"AlertID":34,"AvendraAlertGroupId":2,"AvendraAlertSubGroupId":null,"UnitNumber":null,"AvendraAlertInsightTypeId":1,"InsightDescription":"In the past 6 months, your property spent $2,418 with non-MFD suppliers in 5 categories.","InsightNumber":4014,"AvendraAlertInsightLevelId":2},{"_id":260,"AvendraAlertInsightid":260,"AlertID":35,"AvendraAlertGroupId":null,"AvendraAlertSubGroupId":null,"UnitNumber":null,"AvendraAlertInsightTypeId":2,"InsightDescription":"<text>To view the full report, click the button below</text><button><link>https://webapps.avendra.com</link><name>VIEW FULL REPORT</name></button>","InsightNumber":3969,"AvendraAlertInsightLevelId":1},{"_id":261,"AvendraAlertInsightid":261,"AlertID":35,"AvendraAlertGroupId":null,"AvendraAlertSubGroupId":null,"UnitNumber":null,"AvendraAlertInsightTypeId":1,"InsightDescription":"Your property is close to moving down to bracket 3. Potential annual cost increase: $4,282.","InsightNumber":3946,"AvendraAlertInsightLevelId":1},{"_id":262,"AvendraAlertInsightid":262,"AlertID":35,"AvendraAlertGroupId":1,"AvendraAlertSubGroupId":null,"UnitNumber":null,"AvendraAlertInsightTypeId":2,"InsightDescription":"Start spending with your MFD in these categories.","InsightNumber":4031,"AvendraAlertInsightLevelId":2},{"_id":263,"AvendraAlertInsightid":263,"AlertID":35,"AvendraAlertGroupId":1,"AvendraAlertSubGroupId":null,"UnitNumber":null,"AvendraAlertInsightTypeId":1,"InsightDescription":"In the past 6 months, your property had no spend in 3 categories.","InsightNumber":4043,"AvendraAlertInsightLevelId":2},{"_id":264,"AvendraAlertInsightid":264,"AlertID":35,"AvendraAlertGroupId":2,"AvendraAlertSubGroupId":null,"UnitNumber":null,"AvendraAlertInsightTypeId":2,"InsightDescription":"Move your spend away from regionals and rooms suppliers to your MFD in these categories.","InsightNumber":3992,"AvendraAlertInsightLevelId":2},{"_id":265,"AvendraAlertInsightid":265,"AlertID":35,"AvendraAlertGroupId":2,"AvendraAlertSubGroupId":null,"UnitNumber":null,"AvendraAlertInsightTypeId":1,"InsightDescription":"In the past 6 months, your property spent $3,701 with non-MFD suppliers in 8 categories.","InsightNumber":4015,"AvendraAlertInsightLevelId":2},{"_id":266,"AvendraAlertInsightid":266,"AlertID":36,"AvendraAlertGroupId":null,"AvendraAlertSubGroupId":null,"UnitNumber":null,"AvendraAlertInsightTypeId":2,"InsightDescription":"<text>To view the full report, click the button below</text><button><link>https://webapps.avendra.com</link><name>VIEW FULL REPORT</name></button>","InsightNumber":3970,"AvendraAlertInsightLevelId":1},{"_id":267,"AvendraAlertInsightid":267,"AlertID":36,"AvendraAlertGroupId":null,"AvendraAlertSubGroupId":null,"UnitNumber":null,"AvendraAlertInsightTypeId":1,"InsightDescription":"Your MFD average drop size is too low and you will drop to bracket 1. Estimated annual cost increase: $203.","InsightNumber":3947,"AvendraAlertInsightLevelId":1},{"_id":268,"AvendraAlertInsightid":268,"AlertID":36,"AvendraAlertGroupId":1,"AvendraAlertSubGroupId":null,"UnitNumber":null,"AvendraAlertInsightTypeId":2,"InsightDescription":"Start spending with your MFD in these categories.","InsightNumber":4032,"AvendraAlertInsightLevelId":2},{"_id":269,"AvendraAlertInsightid":269,"AlertID":36,"AvendraAlertGroupId":1,"AvendraAlertSubGroupId":null,"UnitNumber":null,"AvendraAlertInsightTypeId":1,"InsightDescription":"In the past 6 months, your property had no spend in 12 categories.","InsightNumber":4044,"AvendraAlertInsightLevelId":2},{"_id":270,"AvendraAlertInsightid":270,"AlertID":36,"AvendraAlertGroupId":2,"AvendraAlertSubGroupId":null,"UnitNumber":null,"AvendraAlertInsightTypeId":2,"InsightDescription":"Move your spend away from regionals and rooms suppliers to your MFD in these categories.","InsightNumber":3993,"AvendraAlertInsightLevelId":2},{"_id":271,"AvendraAlertInsightid":271,"AlertID":36,"AvendraAlertGroupId":2,"AvendraAlertSubGroupId":null,"UnitNumber":null,"AvendraAlertInsightTypeId":1,"InsightDescription":"In the past 6 months, your property spent $7,633 with non-MFD suppliers in 4 categories.","InsightNumber":4016,"AvendraAlertInsightLevelId":2},{"_id":272,"AvendraAlertInsightid":272,"AlertID":37,"AvendraAlertGroupId":null,"AvendraAlertSubGroupId":null,"UnitNumber":null,"AvendraAlertInsightTypeId":2,"InsightDescription":"<text>To view the full report, click the button below</text><button><link>https://webapps.avendra.com</link><name>VIEW FULL REPORT</name></button>","InsightNumber":3971,"AvendraAlertInsightLevelId":1},{"_id":273,"AvendraAlertInsightid":273,"AlertID":37,"AvendraAlertGroupId":null,"AvendraAlertSubGroupId":null,"UnitNumber":null,"AvendraAlertInsightTypeId":1,"InsightDescription":"Your property is close to moving down to bracket 3. Potential annual cost increase: $4,282.","InsightNumber":3948,"AvendraAlertInsightLevelId":1},{"_id":274,"AvendraAlertInsightid":274,"AlertID":37,"AvendraAlertGroupId":2,"AvendraAlertSubGroupId":null,"UnitNumber":null,"AvendraAlertInsightTypeId":2,"InsightDescription":"Move your spend away from regionals and rooms suppliers to your MFD in these categories.","InsightNumber":3994,"AvendraAlertInsightLevelId":2},{"_id":275,"AvendraAlertInsightid":275,"AlertID":37,"AvendraAlertGroupId":2,"AvendraAlertSubGroupId":null,"UnitNumber":null,"AvendraAlertInsightTypeId":1,"InsightDescription":"In the past 6 months, your property spent $7,913 with non-MFD suppliers in 9 categories.","InsightNumber":4017,"AvendraAlertInsightLevelId":2},{"_id":276,"AvendraAlertInsightid":276,"AlertID":38,"AvendraAlertGroupId":null,"AvendraAlertSubGroupId":null,"UnitNumber":null,"AvendraAlertInsightTypeId":2,"InsightDescription":"<text>To view the full report, click the button below</text><button><link>https://webapps.avendra.com</link><name>VIEW FULL REPORT</name></button>","InsightNumber":3972,"AvendraAlertInsightLevelId":1},{"_id":277,"AvendraAlertInsightid":277,"AlertID":38,"AvendraAlertGroupId":null,"AvendraAlertSubGroupId":null,"UnitNumber":null,"AvendraAlertInsightTypeId":1,"InsightDescription":"Based on your MFD average drop size, you will stay in the same MFD bracket.","InsightNumber":3949,"AvendraAlertInsightLevelId":1},{"_id":278,"AvendraAlertInsightid":278,"AlertID":38,"AvendraAlertGroupId":1,"AvendraAlertSubGroupId":null,"UnitNumber":null,"AvendraAlertInsightTypeId":2,"InsightDescription":"Start spending with your MFD in these categories.","InsightNumber":4033,"AvendraAlertInsightLevelId":2},{"_id":279,"AvendraAlertInsightid":279,"AlertID":38,"AvendraAlertGroupId":1,"AvendraAlertSubGroupId":null,"UnitNumber":null,"AvendraAlertInsightTypeId":1,"InsightDescription":"In the past 6 months, your property had no spend in 3 categories.","InsightNumber":4045,"AvendraAlertInsightLevelId":2},{"_id":280,"AvendraAlertInsightid":280,"AlertID":38,"AvendraAlertGroupId":2,"AvendraAlertSubGroupId":null,"UnitNumber":null,"AvendraAlertInsightTypeId":2,"InsightDescription":"Move your spend away from regionals and rooms suppliers to your MFD in these categories.","InsightNumber":3995,"AvendraAlertInsightLevelId":2},{"_id":281,"AvendraAlertInsightid":281,"AlertID":38,"AvendraAlertGroupId":2,"AvendraAlertSubGroupId":null,"UnitNumber":null,"AvendraAlertInsightTypeId":1,"InsightDescription":"In the past 6 months, your property spent $863 with non-MFD suppliers in 5 categories.","InsightNumber":4018,"AvendraAlertInsightLevelId":2},{"_id":282,"AvendraAlertInsightid":282,"AlertID":39,"AvendraAlertGroupId":null,"AvendraAlertSubGroupId":null,"UnitNumber":null,"AvendraAlertInsightTypeId":2,"InsightDescription":"<text>To view the full report, click the button below</text><button><link>https://webapps.avendra.com</link><name>VIEW FULL REPORT</name></button>","InsightNumber":3973,"AvendraAlertInsightLevelId":1},{"_id":283,"AvendraAlertInsightid":283,"AlertID":39,"AvendraAlertGroupId":null,"AvendraAlertSubGroupId":null,"UnitNumber":null,"AvendraAlertInsightTypeId":1,"InsightDescription":"Your MFD average drop size is too low and you will drop to bracket 3. Estimated annual cost increase: $5,773.","InsightNumber":3950,"AvendraAlertInsightLevelId":1},{"_id":284,"AvendraAlertInsightid":284,"AlertID":39,"AvendraAlertGroupId":1,"AvendraAlertSubGroupId":null,"UnitNumber":null,"AvendraAlertInsightTypeId":2,"InsightDescription":"Start spending with your MFD in these categories.","InsightNumber":4034,"AvendraAlertInsightLevelId":2},{"_id":285,"AvendraAlertInsightid":285,"AlertID":39,"AvendraAlertGroupId":1,"AvendraAlertSubGroupId":null,"UnitNumber":null,"AvendraAlertInsightTypeId":1,"InsightDescription":"In the past 6 months, your property had no spend in 16 categories.","InsightNumber":4046,"AvendraAlertInsightLevelId":2},{"_id":286,"AvendraAlertInsightid":286,"AlertID":39,"AvendraAlertGroupId":2,"AvendraAlertSubGroupId":null,"UnitNumber":null,"AvendraAlertInsightTypeId":2,"InsightDescription":"Move your spend away from regionals and rooms suppliers to your MFD in these categories.","InsightNumber":3996,"AvendraAlertInsightLevelId":2},{"_id":287,"AvendraAlertInsightid":287,"AlertID":39,"AvendraAlertGroupId":2,"AvendraAlertSubGroupId":null,"UnitNumber":null,"AvendraAlertInsightTypeId":1,"InsightDescription":"In the past 6 months, your property spent $1,067 with non-MFD suppliers in 3 categories.","InsightNumber":4019,"AvendraAlertInsightLevelId":2},{"_id":288,"AvendraAlertInsightid":288,"AlertID":40,"AvendraAlertGroupId":null,"AvendraAlertSubGroupId":null,"UnitNumber":null,"AvendraAlertInsightTypeId":2,"InsightDescription":"<text>To view the full report, click the button below</text><button><link>https://webapps.avendra.com</link><name>VIEW FULL REPORT</name></button>","InsightNumber":3974,"AvendraAlertInsightLevelId":1},{"_id":289,"AvendraAlertInsightid":289,"AlertID":40,"AvendraAlertGroupId":null,"AvendraAlertSubGroupId":null,"UnitNumber":null,"AvendraAlertInsightTypeId":1,"InsightDescription":"Your MFD average drop size is too low and you will drop to bracket 2. Estimated annual cost increase: $5,371.","InsightNumber":3951,"AvendraAlertInsightLevelId":1},{"_id":290,"AvendraAlertInsightid":290,"AlertID":40,"AvendraAlertGroupId":1,"AvendraAlertSubGroupId":null,"UnitNumber":null,"AvendraAlertInsightTypeId":2,"InsightDescription":"Start spending with your MFD in these categories.","InsightNumber":4035,"AvendraAlertInsightLevelId":2},{"_id":291,"AvendraAlertInsightid":291,"AlertID":40,"AvendraAlertGroupId":1,"AvendraAlertSubGroupId":null,"UnitNumber":null,"AvendraAlertInsightTypeId":1,"InsightDescription":"In the past 6 months, your property had no spend in 8 categories.","InsightNumber":4047,"AvendraAlertInsightLevelId":2},{"_id":292,"AvendraAlertInsightid":292,"AlertID":40,"AvendraAlertGroupId":2,"AvendraAlertSubGroupId":null,"UnitNumber":null,"AvendraAlertInsightTypeId":2,"InsightDescription":"Move your spend away from regionals and rooms suppliers to your MFD in this category.","InsightNumber":3997,"AvendraAlertInsightLevelId":2},{"_id":293,"AvendraAlertInsightid":293,"AlertID":40,"AvendraAlertGroupId":2,"AvendraAlertSubGroupId":null,"UnitNumber":null,"AvendraAlertInsightTypeId":1,"InsightDescription":"In the past 6 months, your property spent $1,012 with non-MFD suppliers in 1 category.","InsightNumber":4020,"AvendraAlertInsightLevelId":2},{"_id":294,"AvendraAlertInsightid":294,"AlertID":41,"AvendraAlertGroupId":null,"AvendraAlertSubGroupId":null,"UnitNumber":null,"AvendraAlertInsightTypeId":2,"InsightDescription":"<text>To view the full report, click the button below</text><button><link>https://webapps.avendra.com</link><name>VIEW FULL REPORT</name></button>","InsightNumber":3975,"AvendraAlertInsightLevelId":1},{"_id":295,"AvendraAlertInsightid":295,"AlertID":41,"AvendraAlertGroupId":null,"AvendraAlertSubGroupId":null,"UnitNumber":null,"AvendraAlertInsightTypeId":1,"InsightDescription":"Your MFD average drop size is too low and you will drop to bracket 2. Estimated annual cost increase: $2,121.","InsightNumber":3952,"AvendraAlertInsightLevelId":1},{"_id":296,"AvendraAlertInsightid":296,"AlertID":41,"AvendraAlertGroupId":2,"AvendraAlertSubGroupId":null,"UnitNumber":null,"AvendraAlertInsightTypeId":2,"InsightDescription":"Move your spend away from regionals and rooms suppliers to your MFD in these categories.","InsightNumber":3998,"AvendraAlertInsightLevelId":2},{"_id":297,"AvendraAlertInsightid":297,"AlertID":41,"AvendraAlertGroupId":2,"AvendraAlertSubGroupId":null,"UnitNumber":null,"AvendraAlertInsightTypeId":1,"InsightDescription":"In the past 6 months, your property spent $9,127 with non-MFD suppliers in 14 categories.","InsightNumber":4021,"AvendraAlertInsightLevelId":2},{"_id":298,"AvendraAlertInsightid":298,"AlertID":71,"AvendraAlertGroupId":null,"AvendraAlertSubGroupId":null,"UnitNumber":null,"AvendraAlertInsightTypeId":2,"InsightDescription":"<text>To view the full report, click the button below</text><button><link>https://webapps.avendra.com</link><name>VIEW FULL REPORT</name></button>","InsightNumber":3976,"AvendraAlertInsightLevelId":1},{"_id":299,"AvendraAlertInsightid":299,"AlertID":71,"AvendraAlertGroupId":null,"AvendraAlertSubGroupId":null,"UnitNumber":null,"AvendraAlertInsightTypeId":1,"InsightDescription":"Based on your MFD average drop size, you will stay in the same MFD bracket.","InsightNumber":3953,"AvendraAlertInsightLevelId":1},{"_id":300,"AvendraAlertInsightid":300,"AlertID":71,"AvendraAlertGroupId":2,"AvendraAlertSubGroupId":null,"UnitNumber":null,"AvendraAlertInsightTypeId":2,"InsightDescription":"Move your spend away from regionals and rooms suppliers to your MFD in these categories.","InsightNumber":3999,"AvendraAlertInsightLevelId":2},{"_id":301,"AvendraAlertInsightid":301,"AlertID":71,"AvendraAlertGroupId":2,"AvendraAlertSubGroupId":null,"UnitNumber":null,"AvendraAlertInsightTypeId":1,"InsightDescription":"In the past 6 months, your property spent $15,862 with non-MFD suppliers in 16 categories.","InsightNumber":4022,"AvendraAlertInsightLevelId":2},{"_id":302,"AvendraAlertInsightid":302,"AlertID":42,"AvendraAlertGroupId":null,"AvendraAlertSubGroupId":null,"UnitNumber":null,"AvendraAlertInsightTypeId":2,"InsightDescription":"<text>To view the full report, click the button below</text><button><link>https://webapps.avendra.com</link><name>VIEW FULL REPORT</name></button>","InsightNumber":3977,"AvendraAlertInsightLevelId":1},{"_id":303,"AvendraAlertInsightid":303,"AlertID":42,"AvendraAlertGroupId":null,"AvendraAlertSubGroupId":null,"UnitNumber":null,"AvendraAlertInsightTypeId":1,"InsightDescription":"Your property is close to moving down to bracket 3. Potential annual cost increase: $6,149.","InsightNumber":3954,"AvendraAlertInsightLevelId":1},{"_id":304,"AvendraAlertInsightid":304,"AlertID":42,"AvendraAlertGroupId":2,"AvendraAlertSubGroupId":null,"UnitNumber":null,"AvendraAlertInsightTypeId":2,"InsightDescription":"Move your spend away from regionals and rooms suppliers to your MFD in these categories.","InsightNumber":4000,"AvendraAlertInsightLevelId":2},{"_id":305,"AvendraAlertInsightid":305,"AlertID":42,"AvendraAlertGroupId":2,"AvendraAlertSubGroupId":null,"UnitNumber":null,"AvendraAlertInsightTypeId":1,"InsightDescription":"In the past 6 months, your property spent $7,478 with non-MFD suppliers in 11 categories.","InsightNumber":4023,"AvendraAlertInsightLevelId":2},{"_id":306,"AvendraAlertInsightid":306,"AlertID":43,"AvendraAlertGroupId":null,"AvendraAlertSubGroupId":null,"UnitNumber":null,"AvendraAlertInsightTypeId":2,"InsightDescription":"Contact your Master Food Distributor rep to get help on switching to the recommended items.","InsightNumber":4095,"AvendraAlertInsightLevelId":1},{"_id":307,"AvendraAlertInsightid":307,"AlertID":43,"AvendraAlertGroupId":null,"AvendraAlertSubGroupId":null,"UnitNumber":null,"AvendraAlertInsightTypeId":1,"InsightDescription":"Number of items to switch: 3. Estimated 6-month savings of switching items: $101.","InsightNumber":4068,"AvendraAlertInsightLevelId":1},{"_id":308,"AvendraAlertInsightid":308,"AlertID":44,"AvendraAlertGroupId":null,"AvendraAlertSubGroupId":null,"UnitNumber":null,"AvendraAlertInsightTypeId":2,"InsightDescription":"Contact your Master Food Distributor rep to get help on switching to the recommended items.","InsightNumber":4096,"AvendraAlertInsightLevelId":1},{"_id":309,"AvendraAlertInsightid":309,"AlertID":44,"AvendraAlertGroupId":null,"AvendraAlertSubGroupId":null,"UnitNumber":null,"AvendraAlertInsightTypeId":1,"InsightDescription":"Number of items to switch: 2. Estimated 6-month savings of switching items: $58.","InsightNumber":4069,"AvendraAlertInsightLevelId":1},{"_id":310,"AvendraAlertInsightid":310,"AlertID":45,"AvendraAlertGroupId":null,"AvendraAlertSubGroupId":null,"UnitNumber":null,"AvendraAlertInsightTypeId":2,"InsightDescription":"Contact your Master Food Distributor rep to get help on switching to the recommended items.","InsightNumber":4097,"AvendraAlertInsightLevelId":1},{"_id":311,"AvendraAlertInsightid":311,"AlertID":45,"AvendraAlertGroupId":null,"AvendraAlertSubGroupId":null,"UnitNumber":null,"AvendraAlertInsightTypeId":1,"InsightDescription":"Number of items to switch: 9. Estimated 6-month savings of switching items: $160.","InsightNumber":4070,"AvendraAlertInsightLevelId":1},{"_id":312,"AvendraAlertInsightid":312,"AlertID":46,"AvendraAlertGroupId":null,"AvendraAlertSubGroupId":null,"UnitNumber":null,"AvendraAlertInsightTypeId":2,"InsightDescription":"Contact your Master Food Distributor rep to get help on switching to the recommended items.","InsightNumber":4098,"AvendraAlertInsightLevelId":1},{"_id":313,"AvendraAlertInsightid":313,"AlertID":46,"AvendraAlertGroupId":null,"AvendraAlertSubGroupId":null,"UnitNumber":null,"AvendraAlertInsightTypeId":1,"InsightDescription":"Number of items to switch: 6. Estimated 6-month savings of switching items: $316.","InsightNumber":4071,"AvendraAlertInsightLevelId":1},{"_id":314,"AvendraAlertInsightid":314,"AlertID":47,"AvendraAlertGroupId":null,"AvendraAlertSubGroupId":null,"UnitNumber":null,"AvendraAlertInsightTypeId":2,"InsightDescription":"Contact your Master Food Distributor rep to get help on switching to the recommended items.","InsightNumber":4099,"AvendraAlertInsightLevelId":1},{"_id":315,"AvendraAlertInsightid":315,"AlertID":47,"AvendraAlertGroupId":null,"AvendraAlertSubGroupId":null,"UnitNumber":null,"AvendraAlertInsightTypeId":1,"InsightDescription":"Number of items to switch: 5. Estimated 6-month savings of switching items: $88.","InsightNumber":4072,"AvendraAlertInsightLevelId":1},{"_id":316,"AvendraAlertInsightid":316,"AlertID":48,"AvendraAlertGroupId":null,"AvendraAlertSubGroupId":null,"UnitNumber":null,"AvendraAlertInsightTypeId":2,"InsightDescription":"Contact your Master Food Distributor rep to get help on switching to the recommended items.","InsightNumber":4100,"AvendraAlertInsightLevelId":1},{"_id":317,"AvendraAlertInsightid":317,"AlertID":48,"AvendraAlertGroupId":null,"AvendraAlertSubGroupId":null,"UnitNumber":null,"AvendraAlertInsightTypeId":1,"InsightDescription":"Number of items to switch: 1. Estimated 6-month savings of switching items: $7.","InsightNumber":4073,"AvendraAlertInsightLevelId":1},{"_id":318,"AvendraAlertInsightid":318,"AlertID":49,"AvendraAlertGroupId":null,"AvendraAlertSubGroupId":null,"UnitNumber":null,"AvendraAlertInsightTypeId":2,"InsightDescription":"Contact your Master Food Distributor rep to get help on switching to the recommended items.","InsightNumber":4101,"AvendraAlertInsightLevelId":1},{"_id":319,"AvendraAlertInsightid":319,"AlertID":49,"AvendraAlertGroupId":null,"AvendraAlertSubGroupId":null,"UnitNumber":null,"AvendraAlertInsightTypeId":1,"InsightDescription":"Number of items to switch: 1. Estimated 6-month savings of switching items: $20.","InsightNumber":4074,"AvendraAlertInsightLevelId":1},{"_id":320,"AvendraAlertInsightid":320,"AlertID":50,"AvendraAlertGroupId":null,"AvendraAlertSubGroupId":null,"UnitNumber":null,"AvendraAlertInsightTypeId":2,"InsightDescription":"Contact your Master Food Distributor rep to get help on switching to the recommended items.","InsightNumber":4075,"AvendraAlertInsightLevelId":1},{"_id":321,"AvendraAlertInsightid":321,"AlertID":50,"AvendraAlertGroupId":null,"AvendraAlertSubGroupId":null,"UnitNumber":null,"AvendraAlertInsightTypeId":1,"InsightDescription":"Number of items to switch: 6. Estimated 6-month savings of switching items: $93.","InsightNumber":4048,"AvendraAlertInsightLevelId":1},{"_id":322,"AvendraAlertInsightid":322,"AlertID":51,"AvendraAlertGroupId":null,"AvendraAlertSubGroupId":null,"UnitNumber":null,"AvendraAlertInsightTypeId":2,"InsightDescription":"Contact your Master Food Distributor rep to get help on switching to the recommended items.","InsightNumber":4076,"AvendraAlertInsightLevelId":1},{"_id":323,"AvendraAlertInsightid":323,"AlertID":51,"AvendraAlertGroupId":null,"AvendraAlertSubGroupId":null,"UnitNumber":null,"AvendraAlertInsightTypeId":1,"InsightDescription":"Number of items to switch: 7. Estimated 6-month savings of switching items: $247.","InsightNumber":4049,"AvendraAlertInsightLevelId":1},{"_id":324,"AvendraAlertInsightid":324,"AlertID":52,"AvendraAlertGroupId":null,"AvendraAlertSubGroupId":null,"UnitNumber":null,"AvendraAlertInsightTypeId":2,"InsightDescription":"Contact your Master Food Distributor rep to get help on switching to the recommended items.","InsightNumber":4077,"AvendraAlertInsightLevelId":1},{"_id":325,"AvendraAlertInsightid":325,"AlertID":52,"AvendraAlertGroupId":null,"AvendraAlertSubGroupId":null,"UnitNumber":null,"AvendraAlertInsightTypeId":1,"InsightDescription":"Number of items to switch: 12. Estimated 6-month savings of switching items: $436.","InsightNumber":4050,"AvendraAlertInsightLevelId":1},{"_id":326,"AvendraAlertInsightid":326,"AlertID":53,"AvendraAlertGroupId":null,"AvendraAlertSubGroupId":null,"UnitNumber":null,"AvendraAlertInsightTypeId":2,"InsightDescription":"Contact your Master Food Distributor rep to get help on switching to the recommended items.","InsightNumber":4078,"AvendraAlertInsightLevelId":1},{"_id":327,"AvendraAlertInsightid":327,"AlertID":53,"AvendraAlertGroupId":null,"AvendraAlertSubGroupId":null,"UnitNumber":null,"AvendraAlertInsightTypeId":1,"InsightDescription":"Number of items to switch: 6. Estimated 6-month savings of switching items: $39.","InsightNumber":4051,"AvendraAlertInsightLevelId":1},{"_id":328,"AvendraAlertInsightid":328,"AlertID":54,"AvendraAlertGroupId":null,"AvendraAlertSubGroupId":null,"UnitNumber":null,"AvendraAlertInsightTypeId":2,"InsightDescription":"Contact your Master Food Distributor rep to get help on switching to the recommended items.","InsightNumber":4079,"AvendraAlertInsightLevelId":1},{"_id":329,"AvendraAlertInsightid":329,"AlertID":54,"AvendraAlertGroupId":null,"AvendraAlertSubGroupId":null,"UnitNumber":null,"AvendraAlertInsightTypeId":1,"InsightDescription":"Number of items to switch: 8. Estimated 6-month savings of switching items: $189.","InsightNumber":4052,"AvendraAlertInsightLevelId":1},{"_id":330,"AvendraAlertInsightid":330,"AlertID":55,"AvendraAlertGroupId":null,"AvendraAlertSubGroupId":null,"UnitNumber":null,"AvendraAlertInsightTypeId":2,"InsightDescription":"Contact your Master Food Distributor rep to get help on switching to the recommended items.","InsightNumber":4080,"AvendraAlertInsightLevelId":1},{"_id":331,"AvendraAlertInsightid":331,"AlertID":55,"AvendraAlertGroupId":null,"AvendraAlertSubGroupId":null,"UnitNumber":null,"AvendraAlertInsightTypeId":1,"InsightDescription":"Number of items to switch: 5. Estimated 6-month savings of switching items: $71.","InsightNumber":4053,"AvendraAlertInsightLevelId":1},{"_id":332,"AvendraAlertInsightid":332,"AlertID":56,"AvendraAlertGroupId":null,"AvendraAlertSubGroupId":null,"UnitNumber":null,"AvendraAlertInsightTypeId":2,"InsightDescription":"Contact your Master Food Distributor rep to get help on switching to the recommended items.","InsightNumber":4081,"AvendraAlertInsightLevelId":1},{"_id":333,"AvendraAlertInsightid":333,"AlertID":56,"AvendraAlertGroupId":null,"AvendraAlertSubGroupId":null,"UnitNumber":null,"AvendraAlertInsightTypeId":1,"InsightDescription":"Number of items to switch: 3. Estimated 6-month savings of switching items: $35.","InsightNumber":4054,"AvendraAlertInsightLevelId":1},{"_id":334,"AvendraAlertInsightid":334,"AlertID":57,"AvendraAlertGroupId":null,"AvendraAlertSubGroupId":null,"UnitNumber":null,"AvendraAlertInsightTypeId":2,"InsightDescription":"Contact your Master Food Distributor rep to get help on switching to the recommended items.","InsightNumber":4082,"AvendraAlertInsightLevelId":1},{"_id":335,"AvendraAlertInsightid":335,"AlertID":57,"AvendraAlertGroupId":null,"AvendraAlertSubGroupId":null,"UnitNumber":null,"AvendraAlertInsightTypeId":1,"InsightDescription":"Number of items to switch: 8. Estimated 6-month savings of switching items: $59.","InsightNumber":4055,"AvendraAlertInsightLevelId":1},{"_id":336,"AvendraAlertInsightid":336,"AlertID":58,"AvendraAlertGroupId":null,"AvendraAlertSubGroupId":null,"UnitNumber":null,"AvendraAlertInsightTypeId":2,"InsightDescription":"Contact your Master Food Distributor rep to get help on switching to the recommended items.","InsightNumber":4083,"AvendraAlertInsightLevelId":1},{"_id":337,"AvendraAlertInsightid":337,"AlertID":58,"AvendraAlertGroupId":null,"AvendraAlertSubGroupId":null,"UnitNumber":null,"AvendraAlertInsightTypeId":1,"InsightDescription":"Number of items to switch: 6. Estimated 6-month savings of switching items: $89.","InsightNumber":4056,"AvendraAlertInsightLevelId":1},{"_id":338,"AvendraAlertInsightid":338,"AlertID":59,"AvendraAlertGroupId":null,"AvendraAlertSubGroupId":null,"UnitNumber":null,"AvendraAlertInsightTypeId":2,"InsightDescription":"Contact your Master Food Distributor rep to get help on switching to the recommended items.","InsightNumber":4084,"AvendraAlertInsightLevelId":1},{"_id":339,"AvendraAlertInsightid":339,"AlertID":59,"AvendraAlertGroupId":null,"AvendraAlertSubGroupId":null,"UnitNumber":null,"AvendraAlertInsightTypeId":1,"InsightDescription":"Number of items to switch: 1. Estimated 6-month savings of switching items: $7.","InsightNumber":4057,"AvendraAlertInsightLevelId":1},{"_id":340,"AvendraAlertInsightid":340,"AlertID":60,"AvendraAlertGroupId":null,"AvendraAlertSubGroupId":null,"UnitNumber":null,"AvendraAlertInsightTypeId":2,"InsightDescription":"Contact your Master Food Distributor rep to get help on switching to the recommended items.","InsightNumber":4085,"AvendraAlertInsightLevelId":1},{"_id":341,"AvendraAlertInsightid":341,"AlertID":60,"AvendraAlertGroupId":null,"AvendraAlertSubGroupId":null,"UnitNumber":null,"AvendraAlertInsightTypeId":1,"InsightDescription":"Number of items to switch: 1. Estimated 6-month savings of switching items: $31.","InsightNumber":4058,"AvendraAlertInsightLevelId":1},{"_id":342,"AvendraAlertInsightid":342,"AlertID":61,"AvendraAlertGroupId":null,"AvendraAlertSubGroupId":null,"UnitNumber":null,"AvendraAlertInsightTypeId":2,"InsightDescription":"Contact your Master Food Distributor rep to get help on switching to the recommended items.","InsightNumber":4086,"AvendraAlertInsightLevelId":1},{"_id":343,"AvendraAlertInsightid":343,"AlertID":61,"AvendraAlertGroupId":null,"AvendraAlertSubGroupId":null,"UnitNumber":null,"AvendraAlertInsightTypeId":1,"InsightDescription":"Number of items to switch: 2. Estimated 6-month savings of switching items: $9.","InsightNumber":4059,"AvendraAlertInsightLevelId":1},{"_id":344,"AvendraAlertInsightid":344,"AlertID":62,"AvendraAlertGroupId":null,"AvendraAlertSubGroupId":null,"UnitNumber":null,"AvendraAlertInsightTypeId":2,"InsightDescription":"Contact your Master Food Distributor rep to get help on switching to the recommended items.","InsightNumber":4087,"AvendraAlertInsightLevelId":1},{"_id":345,"AvendraAlertInsightid":345,"AlertID":62,"AvendraAlertGroupId":null,"AvendraAlertSubGroupId":null,"UnitNumber":null,"AvendraAlertInsightTypeId":1,"InsightDescription":"Number of items to switch: 2. Estimated 6-month savings of switching items: $15.","InsightNumber":4060,"AvendraAlertInsightLevelId":1},{"_id":346,"AvendraAlertInsightid":346,"AlertID":63,"AvendraAlertGroupId":null,"AvendraAlertSubGroupId":null,"UnitNumber":null,"AvendraAlertInsightTypeId":2,"InsightDescription":"Contact your Master Food Distributor rep to get help on switching to the recommended items.","InsightNumber":4088,"AvendraAlertInsightLevelId":1},{"_id":347,"AvendraAlertInsightid":347,"AlertID":63,"AvendraAlertGroupId":null,"AvendraAlertSubGroupId":null,"UnitNumber":null,"AvendraAlertInsightTypeId":1,"InsightDescription":"Number of items to switch: 4. Estimated 6-month savings of switching items: $55.","InsightNumber":4061,"AvendraAlertInsightLevelId":1},{"_id":348,"AvendraAlertInsightid":348,"AlertID":64,"AvendraAlertGroupId":null,"AvendraAlertSubGroupId":null,"UnitNumber":null,"AvendraAlertInsightTypeId":2,"InsightDescription":"Contact your Master Food Distributor rep to get help on switching to the recommended items.","InsightNumber":4089,"AvendraAlertInsightLevelId":1},{"_id":349,"AvendraAlertInsightid":349,"AlertID":64,"AvendraAlertGroupId":null,"AvendraAlertSubGroupId":null,"UnitNumber":null,"AvendraAlertInsightTypeId":1,"InsightDescription":"Number of items to switch: 1. Estimated 6-month savings of switching items: $16.","InsightNumber":4062,"AvendraAlertInsightLevelId":1},{"_id":350,"AvendraAlertInsightid":350,"AlertID":65,"AvendraAlertGroupId":null,"AvendraAlertSubGroupId":null,"UnitNumber":null,"AvendraAlertInsightTypeId":2,"InsightDescription":"Contact your Master Food Distributor rep to get help on switching to the recommended items.","InsightNumber":4090,"AvendraAlertInsightLevelId":1},{"_id":351,"AvendraAlertInsightid":351,"AlertID":65,"AvendraAlertGroupId":null,"AvendraAlertSubGroupId":null,"UnitNumber":null,"AvendraAlertInsightTypeId":1,"InsightDescription":"Number of items to switch: 2. Estimated 6-month savings of switching items: $12.","InsightNumber":4063,"AvendraAlertInsightLevelId":1},{"_id":352,"AvendraAlertInsightid":352,"AlertID":66,"AvendraAlertGroupId":null,"AvendraAlertSubGroupId":null,"UnitNumber":null,"AvendraAlertInsightTypeId":2,"InsightDescription":"Contact your Master Food Distributor rep to get help on switching to the recommended items.","InsightNumber":4091,"AvendraAlertInsightLevelId":1},{"_id":353,"AvendraAlertInsightid":353,"AlertID":66,"AvendraAlertGroupId":null,"AvendraAlertSubGroupId":null,"UnitNumber":null,"AvendraAlertInsightTypeId":1,"InsightDescription":"Number of items to switch: 4. Estimated 6-month savings of switching items: $16.","InsightNumber":4064,"AvendraAlertInsightLevelId":1},{"_id":354,"AvendraAlertInsightid":354,"AlertID":67,"AvendraAlertGroupId":null,"AvendraAlertSubGroupId":null,"UnitNumber":null,"AvendraAlertInsightTypeId":2,"InsightDescription":"Contact your Master Food Distributor rep to get help on switching to the recommended items.","InsightNumber":4092,"AvendraAlertInsightLevelId":1},{"_id":355,"AvendraAlertInsightid":355,"AlertID":67,"AvendraAlertGroupId":null,"AvendraAlertSubGroupId":null,"UnitNumber":null,"AvendraAlertInsightTypeId":1,"InsightDescription":"Number of items to switch: 2. Estimated 6-month savings of switching items: $95.","InsightNumber":4065,"AvendraAlertInsightLevelId":1},{"_id":356,"AvendraAlertInsightid":356,"AlertID":68,"AvendraAlertGroupId":null,"AvendraAlertSubGroupId":null,"UnitNumber":null,"AvendraAlertInsightTypeId":2,"InsightDescription":"Contact your Master Food Distributor rep to get help on switching to the recommended items.","InsightNumber":4093,"AvendraAlertInsightLevelId":1},{"_id":357,"AvendraAlertInsightid":357,"AlertID":68,"AvendraAlertGroupId":null,"AvendraAlertSubGroupId":null,"UnitNumber":null,"AvendraAlertInsightTypeId":1,"InsightDescription":"Number of items to switch: 3. Estimated 6-month savings of switching items: $35.","InsightNumber":4066,"AvendraAlertInsightLevelId":1},{"_id":358,"AvendraAlertInsightid":358,"AlertID":69,"AvendraAlertGroupId":null,"AvendraAlertSubGroupId":null,"UnitNumber":null,"AvendraAlertInsightTypeId":2,"InsightDescription":"Contact your Master Food Distributor rep to get help on switching to the recommended items.","InsightNumber":4094,"AvendraAlertInsightLevelId":1},{"_id":359,"AvendraAlertInsightid":359,"AlertID":69,"AvendraAlertGroupId":null,"AvendraAlertSubGroupId":null,"UnitNumber":null,"AvendraAlertInsightTypeId":1,"InsightDescription":"Number of items to switch: 1. Estimated 6-month savings of switching items: $7.","InsightNumber":4067,"AvendraAlertInsightLevelId":1}]