{"fields":[{"name":"_id","path":"_id","count":20000,"types":[{"name":"Number","bsonType":"Number","path":"_id","count":20000,"total_count":0,"probability":1}],"total_count":20000,"type":"Number","has_duplicates":false,"probability":1},{"name":"Date","path":"Date","count":20000,"types":[{"name":"Date","bsonType":"Date","path":"Date","count":20000,"total_count":0,"probability":1}],"total_count":20000,"type":"Date","has_duplicates":false,"probability":1},{"name":"Description","path":"Description","count":20000,"types":[{"name":"String","bsonType":"String","path":"Description","count":19999,"total_count":0,"probability":0.99995},{"name":"Null","bsonType":"Null","path":"Description","count":1,"total_count":0,"probability":0.00005,"unique":1,"has_duplicates":false}],"total_count":20000,"type":["String","Null"],"has_duplicates":false,"probability":1},{"name":"HotelID","path":"HotelID","count":20000,"types":[{"name":"Number","bsonType":"Number","path":"HotelID","count":20000,"total_count":0,"probability":1}],"total_count":20000,"type":"Number","has_duplicates":false,"probability":1},{"name":"ID","path":"ID","count":20000,"types":[{"name":"Number","bsonType":"Number","path":"ID","count":20000,"total_count":0,"probability":1}],"total_count":20000,"type":"Number","has_duplicates":false,"probability":1},{"name":"ParentID","path":"ParentID","count":20000,"types":[{"name":"Null","bsonType":"Null","path":"ParentID","count":19679,"total_count":0,"probability":0.98395,"unique":1,"has_duplicates":true},{"name":"Number","bsonType":"Number","path":"ParentID","count":321,"total_count":0,"probability":0.01605}],"total_count":20000,"type":["Null","Number"],"has_duplicates":true,"probability":1},{"name":"Tags","path":"Tags","count":20000,"types":[{"name":"String","bsonType":"String","path":"Tags","count":20000,"total_count":0,"probability":1}],"total_count":20000,"type":"String","has_duplicates":false,"probability":1},{"name":"UpdateDateTime","path":"UpdateDateTime","count":20000,"types":[{"name":"Date","bsonType":"Date","path":"UpdateDateTime","count":20000,"total_count":0,"probability":1}],"total_count":20000,"type":"Date","has_duplicates":false,"probability":1},{"name":"UpdatedBy","path":"UpdatedBy","count":20000,"types":[{"name":"String","bsonType":"String","path":"UpdatedBy","count":20000,"total_count":0,"probability":1}],"total_count":20000,"type":"String","has_duplicates":false,"probability":1},{"name":"UserID","path":"UserID","count":20000,"types":[{"name":"Number","bsonType":"Number","path":"UserID","count":20000,"total_count":0,"probability":1}],"total_count":20000,"type":"Number","has_duplicates":false,"probability":1},{"name":"UserTags","path":"UserTags","count":20000,"types":[{"name":"Null","bsonType":"Null","path":"UserTags","count":19730,"total_count":0,"probability":0.9865,"unique":1,"has_duplicates":true},{"name":"String","bsonType":"String","path":"UserTags","count":270,"total_count":0,"probability":0.0135}],"total_count":20000,"type":["Null","String"],"has_duplicates":true,"probability":1}],"count":20000}