{"fields":[{"name":"_id","path":"_id","count":532,"types":[{"name":"Number","bsonType":"Number","path":"_id","count":532,"total_count":0,"probability":1}],"total_count":532,"type":"Number","has_duplicates":false,"probability":1},{"name":"Group_Name","path":"Group_Name","count":532,"types":[{"name":"String","bsonType":"String","path":"Group_Name","count":532,"total_count":0,"probability":1}],"total_count":532,"type":"String","has_duplicates":false,"probability":1},{"name":"Id","path":"Id","count":532,"types":[{"name":"Number","bsonType":"Number","path":"Id","count":532,"total_count":0,"probability":1}],"total_count":532,"type":"Number","has_duplicates":false,"probability":1},{"name":"IsDelete","path":"IsDelete","count":532,"types":[{"name":"Boolean","bsonType":"Boolean","path":"IsDelete","count":498,"total_count":0,"probability":0.9360902255639098},{"name":"Null","bsonType":"Null","path":"IsDelete","count":34,"total_count":0,"probability":0.06390977443609022,"unique":1,"has_duplicates":true}],"total_count":532,"type":["Boolean","Null"],"has_duplicates":true,"probability":1},{"name":"Org_Id","path":"Org_Id","count":532,"types":[{"name":"Number","bsonType":"Number","path":"Org_Id","count":532,"total_count":0,"probability":1}],"total_count":532,"type":"Number","has_duplicates":false,"probability":1}],"count":532}