{"fields":[{"name":"_id","path":"_id","count":20000,"types":[{"name":"Number","bsonType":"Number","path":"_id","count":20000,"total_count":0,"probability":1}],"total_count":20000,"type":"Number","has_duplicates":false,"probability":1},{"name":"Category","path":"Category","count":20000,"types":[{"name":"String","bsonType":"String","path":"Category","count":20000,"total_count":0,"probability":1}],"total_count":20000,"type":"String","has_duplicates":false,"probability":1},{"name":"DateFrom","path":"DateFrom","count":20000,"types":[{"name":"Date","bsonType":"Date","path":"DateFrom","count":20000,"total_count":0,"probability":1}],"total_count":20000,"type":"Date","has_duplicates":false,"probability":1},{"name":"DateTo","path":"DateTo","count":20000,"types":[{"name":"Date","bsonType":"Date","path":"DateTo","count":20000,"total_count":0,"probability":1}],"total_count":20000,"type":"Date","has_duplicates":false,"probability":1},{"name":"DepartmentID","path":"DepartmentID","count":20000,"types":[{"name":"Number","bsonType":"Number","path":"DepartmentID","count":20000,"total_count":0,"probability":1}],"total_count":20000,"type":"Number","has_duplicates":false,"probability":1},{"name":"GLCode","path":"GLCode","count":20000,"types":[{"name":"String","bsonType":"String","path":"GLCode","count":11901,"total_count":0,"probability":0.59505},{"name":"Null","bsonType":"Null","path":"GLCode","count":8099,"total_count":0,"probability":0.40495,"unique":1,"has_duplicates":true}],"total_count":20000,"type":["String","Null"],"has_duplicates":true,"probability":1},{"name":"GLDescription","path":"GLDescription","count":20000,"types":[{"name":"Null","bsonType":"Null","path":"GLDescription","count":20000,"total_count":0,"probability":1,"unique":1,"has_duplicates":true}],"total_count":20000,"type":"Null","has_duplicates":true,"probability":1},{"name":"HotelBudgetHours","path":"HotelBudgetHours","count":20000,"types":[{"name":"Null","bsonType":"Null","path":"HotelBudgetHours","count":10736,"total_count":0,"probability":0.5368,"unique":1,"has_duplicates":true},{"name":"Number","bsonType":"Number","path":"HotelBudgetHours","count":9264,"total_count":0,"probability":0.4632}],"total_count":20000,"type":["Null","Number"],"has_duplicates":true,"probability":1},{"name":"HotelID","path":"HotelID","count":20000,"types":[{"name":"Number","bsonType":"Number","path":"HotelID","count":20000,"total_count":0,"probability":1}],"total_count":20000,"type":"Number","has_duplicates":false,"probability":1},{"name":"HotelName","path":"HotelName","count":20000,"types":[{"name":"String","bsonType":"String","path":"HotelName","count":20000,"total_count":0,"probability":1}],"total_count":20000,"type":"String","has_duplicates":false,"probability":1},{"name":"ID","path":"ID","count":20000,"types":[{"name":"Number","bsonType":"Number","path":"ID","count":20000,"total_count":0,"probability":1}],"total_count":20000,"type":"Number","has_duplicates":false,"probability":1},{"name":"IsDelete","path":"IsDelete","count":20000,"types":[{"name":"Boolean","bsonType":"Boolean","path":"IsDelete","count":20000,"total_count":0,"probability":1}],"total_count":20000,"type":"Boolean","has_duplicates":false,"probability":1},{"name":"IsGLCodeBudget","path":"IsGLCodeBudget","count":20000,"types":[{"name":"Boolean","bsonType":"Boolean","path":"IsGLCodeBudget","count":20000,"total_count":0,"probability":1}],"total_count":20000,"type":"Boolean","has_duplicates":false,"probability":1},{"name":"TotalHotelBudget","path":"TotalHotelBudget","count":20000,"types":[{"name":"Number","bsonType":"Number","path":"TotalHotelBudget","count":20000,"total_count":0,"probability":1}],"total_count":20000,"type":"Number","has_duplicates":false,"probability":1},{"name":"TotalHotelForcast","path":"TotalHotelForcast","count":20000,"types":[{"name":"Null","bsonType":"Null","path":"TotalHotelForcast","count":20000,"total_count":0,"probability":1,"unique":1,"has_duplicates":true}],"total_count":20000,"type":"Null","has_duplicates":true,"probability":1},{"name":"UpdatedBy","path":"UpdatedBy","count":20000,"types":[{"name":"String","bsonType":"String","path":"UpdatedBy","count":20000,"total_count":0,"probability":1}],"total_count":20000,"type":"String","has_duplicates":false,"probability":1},{"name":"UpdatedDateTime","path":"UpdatedDateTime","count":20000,"types":[{"name":"Date","bsonType":"Date","path":"UpdatedDateTime","count":20000,"total_count":0,"probability":1}],"total_count":20000,"type":"Date","has_duplicates":false,"probability":1}],"count":20000}