{"fields":[{"name":"_id","path":"_id","count":20000,"types":[{"name":"Number","bsonType":"Number","path":"_id","count":20000,"total_count":0,"probability":1}],"total_count":20000,"type":"Number","has_duplicates":false,"probability":1},{"name":"Benchmark","path":"Benchmark","count":20000,"types":[{"name":"Number","bsonType":"Number","path":"Benchmark","count":20000,"total_count":0,"probability":1}],"total_count":20000,"type":"Number","has_duplicates":false,"probability":1},{"name":"Benchmark_Variance","path":"Benchmark_Variance","count":20000,"types":[{"name":"Number","bsonType":"Number","path":"Benchmark_Variance","count":20000,"total_count":0,"probability":1}],"total_count":20000,"type":"Number","has_duplicates":false,"probability":1},{"name":"Category","path":"Category","count":20000,"types":[{"name":"String","bsonType":"String","path":"Category","count":20000,"total_count":0,"probability":1}],"total_count":20000,"type":"String","has_duplicates":false,"probability":1},{"name":"Current_Apr","path":"Current_Apr","count":20000,"types":[{"name":"Number","bsonType":"Number","path":"Current_Apr","count":20000,"total_count":0,"probability":1}],"total_count":20000,"type":"Number","has_duplicates":false,"probability":1},{"name":"Current_Aug","path":"Current_Aug","count":20000,"types":[{"name":"Number","bsonType":"Number","path":"Current_Aug","count":20000,"total_count":0,"probability":1}],"total_count":20000,"type":"Number","has_duplicates":false,"probability":1},{"name":"Current_Dec","path":"Current_Dec","count":20000,"types":[{"name":"Number","bsonType":"Number","path":"Current_Dec","count":20000,"total_count":0,"probability":1}],"total_count":20000,"type":"Number","has_duplicates":false,"probability":1},{"name":"Current_Feb","path":"Current_Feb","count":20000,"types":[{"name":"Number","bsonType":"Number","path":"Current_Feb","count":20000,"total_count":0,"probability":1}],"total_count":20000,"type":"Number","has_duplicates":false,"probability":1},{"name":"Current_Jan","path":"Current_Jan","count":20000,"types":[{"name":"Number","bsonType":"Number","path":"Current_Jan","count":20000,"total_count":0,"probability":1}],"total_count":20000,"type":"Number","has_duplicates":false,"probability":1},{"name":"Current_Jul","path":"Current_Jul","count":20000,"types":[{"name":"Number","bsonType":"Number","path":"Current_Jul","count":20000,"total_count":0,"probability":1}],"total_count":20000,"type":"Number","has_duplicates":false,"probability":1},{"name":"Current_Jun","path":"Current_Jun","count":20000,"types":[{"name":"Number","bsonType":"Number","path":"Current_Jun","count":20000,"total_count":0,"probability":1}],"total_count":20000,"type":"Number","has_duplicates":false,"probability":1},{"name":"Current_Mar","path":"Current_Mar","count":20000,"types":[{"name":"Number","bsonType":"Number","path":"Current_Mar","count":20000,"total_count":0,"probability":1}],"total_count":20000,"type":"Number","has_duplicates":false,"probability":1},{"name":"Current_May","path":"Current_May","count":20000,"types":[{"name":"Number","bsonType":"Number","path":"Current_May","count":20000,"total_count":0,"probability":1}],"total_count":20000,"type":"Number","has_duplicates":false,"probability":1},{"name":"Current_Nov","path":"Current_Nov","count":20000,"types":[{"name":"Number","bsonType":"Number","path":"Current_Nov","count":20000,"total_count":0,"probability":1}],"total_count":20000,"type":"Number","has_duplicates":false,"probability":1},{"name":"Current_Oct","path":"Current_Oct","count":20000,"types":[{"name":"Number","bsonType":"Number","path":"Current_Oct","count":20000,"total_count":0,"probability":1}],"total_count":20000,"type":"Number","has_duplicates":false,"probability":1},{"name":"Current_Sep","path":"Current_Sep","count":20000,"types":[{"name":"Number","bsonType":"Number","path":"Current_Sep","count":20000,"total_count":0,"probability":1}],"total_count":20000,"type":"Number","has_duplicates":false,"probability":1},{"name":"Current_YTD_Apr","path":"Current_YTD_Apr","count":20000,"types":[{"name":"Number","bsonType":"Number","path":"Current_YTD_Apr","count":16555,"total_count":0,"probability":0.82775},{"name":"Null","bsonType":"Null","path":"Current_YTD_Apr","count":3445,"total_count":0,"probability":0.17225,"unique":1,"has_duplicates":true}],"total_count":20000,"type":["Number","Null"],"has_duplicates":true,"probability":1},{"name":"Current_YTD_Aug","path":"Current_YTD_Aug","count":20000,"types":[{"name":"Number","bsonType":"Number","path":"Current_YTD_Aug","count":16555,"total_count":0,"probability":0.82775},{"name":"Null","bsonType":"Null","path":"Current_YTD_Aug","count":3445,"total_count":0,"probability":0.17225,"unique":1,"has_duplicates":true}],"total_count":20000,"type":["Number","Null"],"has_duplicates":true,"probability":1},{"name":"Current_YTD_Dec","path":"Current_YTD_Dec","count":20000,"types":[{"name":"Number","bsonType":"Number","path":"Current_YTD_Dec","count":16555,"total_count":0,"probability":0.82775},{"name":"Null","bsonType":"Null","path":"Current_YTD_Dec","count":3445,"total_count":0,"probability":0.17225,"unique":1,"has_duplicates":true}],"total_count":20000,"type":["Number","Null"],"has_duplicates":true,"probability":1},{"name":"Current_YTD_Feb","path":"Current_YTD_Feb","count":20000,"types":[{"name":"Number","bsonType":"Number","path":"Current_YTD_Feb","count":16555,"total_count":0,"probability":0.82775},{"name":"Null","bsonType":"Null","path":"Current_YTD_Feb","count":3445,"total_count":0,"probability":0.17225,"unique":1,"has_duplicates":true}],"total_count":20000,"type":["Number","Null"],"has_duplicates":true,"probability":1},{"name":"Current_YTD_Jan","path":"Current_YTD_Jan","count":20000,"types":[{"name":"Number","bsonType":"Number","path":"Current_YTD_Jan","count":16555,"total_count":0,"probability":0.82775},{"name":"Null","bsonType":"Null","path":"Current_YTD_Jan","count":3445,"total_count":0,"probability":0.17225,"unique":1,"has_duplicates":true}],"total_count":20000,"type":["Number","Null"],"has_duplicates":true,"probability":1},{"name":"Current_YTD_Jul","path":"Current_YTD_Jul","count":20000,"types":[{"name":"Number","bsonType":"Number","path":"Current_YTD_Jul","count":16555,"total_count":0,"probability":0.82775},{"name":"Null","bsonType":"Null","path":"Current_YTD_Jul","count":3445,"total_count":0,"probability":0.17225,"unique":1,"has_duplicates":true}],"total_count":20000,"type":["Number","Null"],"has_duplicates":true,"probability":1},{"name":"Current_YTD_Jun","path":"Current_YTD_Jun","count":20000,"types":[{"name":"Number","bsonType":"Number","path":"Current_YTD_Jun","count":16555,"total_count":0,"probability":0.82775},{"name":"Null","bsonType":"Null","path":"Current_YTD_Jun","count":3445,"total_count":0,"probability":0.17225,"unique":1,"has_duplicates":true}],"total_count":20000,"type":["Number","Null"],"has_duplicates":true,"probability":1},{"name":"Current_YTD_Mar","path":"Current_YTD_Mar","count":20000,"types":[{"name":"Number","bsonType":"Number","path":"Current_YTD_Mar","count":16555,"total_count":0,"probability":0.82775},{"name":"Null","bsonType":"Null","path":"Current_YTD_Mar","count":3445,"total_count":0,"probability":0.17225,"unique":1,"has_duplicates":true}],"total_count":20000,"type":["Number","Null"],"has_duplicates":true,"probability":1},{"name":"Current_YTD_May","path":"Current_YTD_May","count":20000,"types":[{"name":"Number","bsonType":"Number","path":"Current_YTD_May","count":16555,"total_count":0,"probability":0.82775},{"name":"Null","bsonType":"Null","path":"Current_YTD_May","count":3445,"total_count":0,"probability":0.17225,"unique":1,"has_duplicates":true}],"total_count":20000,"type":["Number","Null"],"has_duplicates":true,"probability":1},{"name":"Current_YTD_Nov","path":"Current_YTD_Nov","count":20000,"types":[{"name":"Number","bsonType":"Number","path":"Current_YTD_Nov","count":16555,"total_count":0,"probability":0.82775},{"name":"Null","bsonType":"Null","path":"Current_YTD_Nov","count":3445,"total_count":0,"probability":0.17225,"unique":1,"has_duplicates":true}],"total_count":20000,"type":["Number","Null"],"has_duplicates":true,"probability":1},{"name":"Current_YTD_Oct","path":"Current_YTD_Oct","count":20000,"types":[{"name":"Number","bsonType":"Number","path":"Current_YTD_Oct","count":16555,"total_count":0,"probability":0.82775},{"name":"Null","bsonType":"Null","path":"Current_YTD_Oct","count":3445,"total_count":0,"probability":0.17225,"unique":1,"has_duplicates":true}],"total_count":20000,"type":["Number","Null"],"has_duplicates":true,"probability":1},{"name":"Current_YTD_Sep","path":"Current_YTD_Sep","count":20000,"types":[{"name":"Number","bsonType":"Number","path":"Current_YTD_Sep","count":16555,"total_count":0,"probability":0.82775},{"name":"Null","bsonType":"Null","path":"Current_YTD_Sep","count":3445,"total_count":0,"probability":0.17225,"unique":1,"has_duplicates":true}],"total_count":20000,"type":["Number","Null"],"has_duplicates":true,"probability":1},{"name":"Date","path":"Date","count":20000,"types":[{"name":"Date","bsonType":"Date","path":"Date","count":20000,"total_count":0,"probability":1}],"total_count":20000,"type":"Date","has_duplicates":false,"probability":1},{"name":"Description","path":"Description","count":20000,"types":[{"name":"String","bsonType":"String","path":"Description","count":20000,"total_count":0,"probability":1}],"total_count":20000,"type":"String","has_duplicates":false,"probability":1},{"name":"HotelID","path":"HotelID","count":20000,"types":[{"name":"Number","bsonType":"Number","path":"HotelID","count":20000,"total_count":0,"probability":1}],"total_count":20000,"type":"Number","has_duplicates":false,"probability":1},{"name":"ID","path":"ID","count":20000,"types":[{"name":"Number","bsonType":"Number","path":"ID","count":20000,"total_count":0,"probability":1}],"total_count":20000,"type":"Number","has_duplicates":false,"probability":1},{"name":"LastYear_Apr","path":"LastYear_Apr","count":20000,"types":[{"name":"Number","bsonType":"Number","path":"LastYear_Apr","count":20000,"total_count":0,"probability":1}],"total_count":20000,"type":"Number","has_duplicates":false,"probability":1},{"name":"LastYear_Aug","path":"LastYear_Aug","count":20000,"types":[{"name":"Number","bsonType":"Number","path":"LastYear_Aug","count":20000,"total_count":0,"probability":1}],"total_count":20000,"type":"Number","has_duplicates":false,"probability":1},{"name":"LastYear_Dec","path":"LastYear_Dec","count":20000,"types":[{"name":"Number","bsonType":"Number","path":"LastYear_Dec","count":20000,"total_count":0,"probability":1}],"total_count":20000,"type":"Number","has_duplicates":false,"probability":1},{"name":"LastYear_Feb","path":"LastYear_Feb","count":20000,"types":[{"name":"Number","bsonType":"Number","path":"LastYear_Feb","count":20000,"total_count":0,"probability":1}],"total_count":20000,"type":"Number","has_duplicates":false,"probability":1},{"name":"LastYear_Jan","path":"LastYear_Jan","count":20000,"types":[{"name":"Number","bsonType":"Number","path":"LastYear_Jan","count":20000,"total_count":0,"probability":1}],"total_count":20000,"type":"Number","has_duplicates":false,"probability":1},{"name":"LastYear_Jul","path":"LastYear_Jul","count":20000,"types":[{"name":"Number","bsonType":"Number","path":"LastYear_Jul","count":20000,"total_count":0,"probability":1}],"total_count":20000,"type":"Number","has_duplicates":false,"probability":1},{"name":"LastYear_Jun","path":"LastYear_Jun","count":20000,"types":[{"name":"Number","bsonType":"Number","path":"LastYear_Jun","count":20000,"total_count":0,"probability":1}],"total_count":20000,"type":"Number","has_duplicates":false,"probability":1},{"name":"LastYear_Mar","path":"LastYear_Mar","count":20000,"types":[{"name":"Number","bsonType":"Number","path":"LastYear_Mar","count":20000,"total_count":0,"probability":1}],"total_count":20000,"type":"Number","has_duplicates":false,"probability":1},{"name":"LastYear_May","path":"LastYear_May","count":20000,"types":[{"name":"Number","bsonType":"Number","path":"LastYear_May","count":20000,"total_count":0,"probability":1}],"total_count":20000,"type":"Number","has_duplicates":false,"probability":1},{"name":"LastYear_Nov","path":"LastYear_Nov","count":20000,"types":[{"name":"Number","bsonType":"Number","path":"LastYear_Nov","count":20000,"total_count":0,"probability":1}],"total_count":20000,"type":"Number","has_duplicates":false,"probability":1},{"name":"LastYear_Oct","path":"LastYear_Oct","count":20000,"types":[{"name":"Number","bsonType":"Number","path":"LastYear_Oct","count":20000,"total_count":0,"probability":1}],"total_count":20000,"type":"Number","has_duplicates":false,"probability":1},{"name":"LastYear_Sep","path":"LastYear_Sep","count":20000,"types":[{"name":"Number","bsonType":"Number","path":"LastYear_Sep","count":20000,"total_count":0,"probability":1}],"total_count":20000,"type":"Number","has_duplicates":false,"probability":1},{"name":"SetPriority","path":"SetPriority","count":20000,"types":[{"name":"Number","bsonType":"Number","path":"SetPriority","count":19891,"total_count":0,"probability":0.99455},{"name":"Null","bsonType":"Null","path":"SetPriority","count":109,"total_count":0,"probability":0.00545,"unique":1,"has_duplicates":true}],"total_count":20000,"type":["Number","Null"],"has_duplicates":true,"probability":1},{"name":"Total","path":"Total","count":20000,"types":[{"name":"Number","bsonType":"Number","path":"Total","count":20000,"total_count":0,"probability":1}],"total_count":20000,"type":"Number","has_duplicates":false,"probability":1},{"name":"UpdateDateTime","path":"UpdateDateTime","count":20000,"types":[{"name":"Date","bsonType":"Date","path":"UpdateDateTime","count":20000,"total_count":0,"probability":1}],"total_count":20000,"type":"Date","has_duplicates":false,"probability":1},{"name":"UpdatedBy","path":"UpdatedBy","count":20000,"types":[{"name":"String","bsonType":"String","path":"UpdatedBy","count":20000,"total_count":0,"probability":1}],"total_count":20000,"type":"String","has_duplicates":false,"probability":1}],"count":20000}