{"fields":[{"name":"_id","path":"_id","count":75,"types":[{"name":"Number","bsonType":"Number","path":"_id","count":75,"total_count":0,"probability":1}],"total_count":75,"type":"Number","has_duplicates":false,"probability":1},{"name":"HotelID","path":"HotelID","count":75,"types":[{"name":"Number","bsonType":"Number","path":"HotelID","count":75,"total_count":0,"probability":1}],"total_count":75,"type":"Number","has_duplicates":false,"probability":1},{"name":"ID","path":"ID","count":75,"types":[{"name":"Number","bsonType":"Number","path":"ID","count":75,"total_count":0,"probability":1}],"total_count":75,"type":"Number","has_duplicates":false,"probability":1},{"name":"LocationID","path":"LocationID","count":75,"types":[{"name":"String","bsonType":"String","path":"LocationID","count":75,"total_count":0,"probability":1}],"total_count":75,"type":"String","has_duplicates":false,"probability":1},{"name":"OrganisationID","path":"OrganisationID","count":75,"types":[{"name":"Number","bsonType":"Number","path":"OrganisationID","count":75,"total_count":0,"probability":1}],"total_count":75,"type":"Number","has_duplicates":false,"probability":1}],"count":75}