{"fields":[{"name":"_id","path":"_id","count":20000,"types":[{"name":"Number","bsonType":"Number","path":"_id","count":20000,"total_count":0,"probability":1}],"total_count":20000,"type":"Number","has_duplicates":false,"probability":1},{"name":"Category","path":"Category","count":20000,"types":[{"name":"Null","bsonType":"Null","path":"Category","count":19826,"total_count":0,"probability":0.9913,"unique":1,"has_duplicates":true},{"name":"String","bsonType":"String","path":"Category","count":174,"total_count":0,"probability":0.0087}],"total_count":20000,"type":["Null","String"],"has_duplicates":true,"probability":1},{"name":"ContractHours","path":"ContractHours","count":20000,"types":[{"name":"Null","bsonType":"Null","path":"ContractHours","count":20000,"total_count":0,"probability":1,"unique":1,"has_duplicates":true}],"total_count":20000,"type":"Null","has_duplicates":true,"probability":1},{"name":"ContractWages","path":"ContractWages","count":20000,"types":[{"name":"Null","bsonType":"Null","path":"ContractWages","count":20000,"total_count":0,"probability":1,"unique":1,"has_duplicates":true}],"total_count":20000,"type":"Null","has_duplicates":true,"probability":1},{"name":"Date","path":"Date","count":20000,"types":[{"name":"Date","bsonType":"Date","path":"Date","count":20000,"total_count":0,"probability":1}],"total_count":20000,"type":"Date","has_duplicates":false,"probability":1},{"name":"Department","path":"Department","count":20000,"types":[{"name":"String","bsonType":"String","path":"Department","count":20000,"total_count":0,"probability":1}],"total_count":20000,"type":"String","has_duplicates":false,"probability":1},{"name":"ForecastHours","path":"ForecastHours","count":20000,"types":[{"name":"Null","bsonType":"Null","path":"ForecastHours","count":20000,"total_count":0,"probability":1,"unique":1,"has_duplicates":true}],"total_count":20000,"type":"Null","has_duplicates":true,"probability":1},{"name":"ForecastWages","path":"ForecastWages","count":20000,"types":[{"name":"Null","bsonType":"Null","path":"ForecastWages","count":20000,"total_count":0,"probability":1,"unique":1,"has_duplicates":true}],"total_count":20000,"type":"Null","has_duplicates":true,"probability":1},{"name":"FromDate","path":"FromDate","count":20000,"types":[{"name":"Null","bsonType":"Null","path":"FromDate","count":19826,"total_count":0,"probability":0.9913,"unique":1,"has_duplicates":true},{"name":"Date","bsonType":"Date","path":"FromDate","count":174,"total_count":0,"probability":0.0087}],"total_count":20000,"type":["Null","Date"],"has_duplicates":true,"probability":1},{"name":"HotelID","path":"HotelID","count":20000,"types":[{"name":"Number","bsonType":"Number","path":"HotelID","count":20000,"total_count":0,"probability":1}],"total_count":20000,"type":"Number","has_duplicates":false,"probability":1},{"name":"Hours","path":"Hours","count":20000,"types":[{"name":"Decimal128","bsonType":"Decimal128","path":"Hours","count":19951,"total_count":0,"probability":0.99755},{"name":"Null","bsonType":"Null","path":"Hours","count":49,"total_count":0,"probability":0.00245,"unique":1,"has_duplicates":true}],"total_count":20000,"type":["Decimal128","Null"],"has_duplicates":true,"probability":1},{"name":"ID","path":"ID","count":20000,"types":[{"name":"Number","bsonType":"Number","path":"ID","count":20000,"total_count":0,"probability":1}],"total_count":20000,"type":"Number","has_duplicates":false,"probability":1},{"name":"OTHours","path":"OTHours","count":20000,"types":[{"name":"Null","bsonType":"Null","path":"OTHours","count":20000,"total_count":0,"probability":1,"unique":1,"has_duplicates":true}],"total_count":20000,"type":"Null","has_duplicates":true,"probability":1},{"name":"OTWages","path":"OTWages","count":20000,"types":[{"name":"Null","bsonType":"Null","path":"OTWages","count":20000,"total_count":0,"probability":1,"unique":1,"has_duplicates":true}],"total_count":20000,"type":"Null","has_duplicates":true,"probability":1},{"name":"PayrollTaxes","path":"PayrollTaxes","count":20000,"types":[{"name":"Null","bsonType":"Null","path":"PayrollTaxes","count":20000,"total_count":0,"probability":1,"unique":1,"has_duplicates":true}],"total_count":20000,"type":"Null","has_duplicates":true,"probability":1},{"name":"PlanHours","path":"PlanHours","count":20000,"types":[{"name":"Decimal128","bsonType":"Decimal128","path":"PlanHours","count":10318,"total_count":0,"probability":0.5159},{"name":"Null","bsonType":"Null","path":"PlanHours","count":9682,"total_count":0,"probability":0.4841,"unique":1,"has_duplicates":true}],"total_count":20000,"type":["Decimal128","Null"],"has_duplicates":true,"probability":1},{"name":"PlanWages","path":"PlanWages","count":20000,"types":[{"name":"Decimal128","bsonType":"Decimal128","path":"PlanWages","count":10318,"total_count":0,"probability":0.5159},{"name":"Null","bsonType":"Null","path":"PlanWages","count":9682,"total_count":0,"probability":0.4841,"unique":1,"has_duplicates":true}],"total_count":20000,"type":["Decimal128","Null"],"has_duplicates":true,"probability":1},{"name":"PTOHours","path":"PTOHours","count":20000,"types":[{"name":"Null","bsonType":"Null","path":"PTOHours","count":20000,"total_count":0,"probability":1,"unique":1,"has_duplicates":true}],"total_count":20000,"type":"Null","has_duplicates":true,"probability":1},{"name":"PTOWages","path":"PTOWages","count":20000,"types":[{"name":"Null","bsonType":"Null","path":"PTOWages","count":20000,"total_count":0,"probability":1,"unique":1,"has_duplicates":true}],"total_count":20000,"type":"Null","has_duplicates":true,"probability":1},{"name":"ReportName","path":"ReportName","count":20000,"types":[{"name":"Null","bsonType":"Null","path":"ReportName","count":20000,"total_count":0,"probability":1,"unique":1,"has_duplicates":true}],"total_count":20000,"type":"Null","has_duplicates":true,"probability":1},{"name":"SalaryGratuity","path":"SalaryGratuity","count":20000,"types":[{"name":"Null","bsonType":"Null","path":"SalaryGratuity","count":20000,"total_count":0,"probability":1,"unique":1,"has_duplicates":true}],"total_count":20000,"type":"Null","has_duplicates":true,"probability":1},{"name":"ToDate","path":"ToDate","count":20000,"types":[{"name":"Null","bsonType":"Null","path":"ToDate","count":19826,"total_count":0,"probability":0.9913,"unique":1,"has_duplicates":true},{"name":"Date","bsonType":"Date","path":"ToDate","count":174,"total_count":0,"probability":0.0087}],"total_count":20000,"type":["Null","Date"],"has_duplicates":true,"probability":1},{"name":"UpdatedBy","path":"UpdatedBy","count":20000,"types":[{"name":"String","bsonType":"String","path":"UpdatedBy","count":20000,"total_count":0,"probability":1}],"total_count":20000,"type":"String","has_duplicates":false,"probability":1},{"name":"UpdatedDateTime","path":"UpdatedDateTime","count":20000,"types":[{"name":"Date","bsonType":"Date","path":"UpdatedDateTime","count":20000,"total_count":0,"probability":1}],"total_count":20000,"type":"Date","has_duplicates":false,"probability":1},{"name":"Wages","path":"Wages","count":20000,"types":[{"name":"Decimal128","bsonType":"Decimal128","path":"Wages","count":19980,"total_count":0,"probability":0.999},{"name":"Null","bsonType":"Null","path":"Wages","count":20,"total_count":0,"probability":0.001,"unique":1,"has_duplicates":true}],"total_count":20000,"type":["Decimal128","Null"],"has_duplicates":true,"probability":1}],"count":20000}