{"fields":[{"name":"_id","path":"_id","count":378,"types":[{"name":"Number","bsonType":"Number","path":"_id","count":378,"total_count":0,"probability":1}],"total_count":378,"type":"Number","has_duplicates":false,"probability":1},{"name":"BrandAverage","path":"BrandAverage","count":378,"types":[{"name":"Number","bsonType":"Number","path":"BrandAverage","count":378,"total_count":0,"probability":1}],"total_count":378,"type":"Number","has_duplicates":false,"probability":1},{"name":"CHIHotelRanking","path":"CHIHotelRanking","count":378,"types":[{"name":"Number","bsonType":"Number","path":"CHIHotelRanking","count":378,"total_count":0,"probability":1}],"total_count":378,"type":"Number","has_duplicates":false,"probability":1},{"name":"CHIHotelRankingOutof","path":"CHIHotelRankingOutof","count":378,"types":[{"name":"Number","bsonType":"Number","path":"CHIHotelRankingOutof","count":378,"total_count":0,"probability":1}],"total_count":378,"type":"Number","has_duplicates":false,"probability":1},{"name":"Date","path":"Date","count":378,"types":[{"name":"Date","bsonType":"Date","path":"Date","count":378,"total_count":0,"probability":1}],"total_count":378,"type":"Date","has_duplicates":false,"probability":1},{"name":"HotelGSSRate","path":"HotelGSSRate","count":378,"types":[{"name":"Number","bsonType":"Number","path":"HotelGSSRate","count":378,"total_count":0,"probability":1}],"total_count":378,"type":"Number","has_duplicates":false,"probability":1},{"name":"HotelId","path":"HotelId","count":378,"types":[{"name":"Number","bsonType":"Number","path":"HotelId","count":378,"total_count":0,"probability":1}],"total_count":378,"type":"Number","has_duplicates":false,"probability":1},{"name":"ID","path":"ID","count":378,"types":[{"name":"Number","bsonType":"Number","path":"ID","count":378,"total_count":0,"probability":1}],"total_count":378,"type":"Number","has_duplicates":false,"probability":1},{"name":"Month","path":"Month","count":378,"types":[{"name":"Number","bsonType":"Number","path":"Month","count":378,"total_count":0,"probability":1}],"total_count":378,"type":"Number","has_duplicates":false,"probability":1},{"name":"Score","path":"Score","count":378,"types":[{"name":"Number","bsonType":"Number","path":"Score","count":378,"total_count":0,"probability":1}],"total_count":378,"type":"Number","has_duplicates":false,"probability":1},{"name":"TripAdvisorAverage","path":"TripAdvisorAverage","count":378,"types":[{"name":"Number","bsonType":"Number","path":"TripAdvisorAverage","count":378,"total_count":0,"probability":1}],"total_count":378,"type":"Number","has_duplicates":false,"probability":1},{"name":"TripAdvisorExcellent","path":"TripAdvisorExcellent","count":378,"types":[{"name":"Number","bsonType":"Number","path":"TripAdvisorExcellent","count":378,"total_count":0,"probability":1}],"total_count":378,"type":"Number","has_duplicates":false,"probability":1},{"name":"TripAdvisorPoor","path":"TripAdvisorPoor","count":378,"types":[{"name":"Number","bsonType":"Number","path":"TripAdvisorPoor","count":378,"total_count":0,"probability":1}],"total_count":378,"type":"Number","has_duplicates":false,"probability":1},{"name":"TripAdvisorTerrible","path":"TripAdvisorTerrible","count":378,"types":[{"name":"Number","bsonType":"Number","path":"TripAdvisorTerrible","count":378,"total_count":0,"probability":1}],"total_count":378,"type":"Number","has_duplicates":false,"probability":1},{"name":"TripAdvisorVeryGood","path":"TripAdvisorVeryGood","count":378,"types":[{"name":"Number","bsonType":"Number","path":"TripAdvisorVeryGood","count":378,"total_count":0,"probability":1}],"total_count":378,"type":"Number","has_duplicates":false,"probability":1},{"name":"UpdatedBy","path":"UpdatedBy","count":378,"types":[{"name":"String","bsonType":"String","path":"UpdatedBy","count":378,"total_count":0,"probability":1}],"total_count":378,"type":"String","has_duplicates":false,"probability":1},{"name":"UpdatedDateTime","path":"UpdatedDateTime","count":378,"types":[{"name":"Date","bsonType":"Date","path":"UpdatedDateTime","count":378,"total_count":0,"probability":1}],"total_count":378,"type":"Date","has_duplicates":false,"probability":1},{"name":"Year","path":"Year","count":378,"types":[{"name":"Number","bsonType":"Number","path":"Year","count":378,"total_count":0,"probability":1}],"total_count":378,"type":"Number","has_duplicates":false,"probability":1}],"count":378}