{"fields":[{"name":"_id","path":"_id","count":2267,"types":[{"name":"Number","bsonType":"Number","path":"_id","count":2267,"total_count":0,"probability":1}],"total_count":2267,"type":"Number","has_duplicates":false,"probability":1},{"name":"AccountingTool","path":"AccountingTool","count":2267,"types":[{"name":"Null","bsonType":"Null","path":"AccountingTool","count":2218,"total_count":0,"probability":0.9783855315394795,"unique":1,"has_duplicates":true},{"name":"String","bsonType":"String","path":"AccountingTool","count":49,"total_count":0,"probability":0.021614468460520512}],"total_count":2267,"type":["Null","String"],"has_duplicates":true,"probability":1},{"name":"AddressLine1","path":"AddressLine1","count":2267,"types":[{"name":"String","bsonType":"String","path":"AddressLine1","count":2198,"total_count":0,"probability":0.9695632995147773},{"name":"Null","bsonType":"Null","path":"AddressLine1","count":69,"total_count":0,"probability":0.030436700485222762,"unique":1,"has_duplicates":true}],"total_count":2267,"type":["String","Null"],"has_duplicates":true,"probability":1},{"name":"AddressLine2","path":"AddressLine2","count":2267,"types":[{"name":"Null","bsonType":"Null","path":"AddressLine2","count":1288,"total_count":0,"probability":0.5681517423908249,"unique":1,"has_duplicates":true},{"name":"String","bsonType":"String","path":"AddressLine2","count":979,"total_count":0,"probability":0.4318482576091751}],"total_count":2267,"type":["Null","String"],"has_duplicates":true,"probability":1},{"name":"Attention","path":"Attention","count":2267,"types":[{"name":"Null","bsonType":"Null","path":"Attention","count":2214,"total_count":0,"probability":0.976621085134539,"unique":1,"has_duplicates":true},{"name":"String","bsonType":"String","path":"Attention","count":53,"total_count":0,"probability":0.02337891486546096}],"total_count":2267,"type":["Null","String"],"has_duplicates":true,"probability":1},{"name":"City","path":"City","count":2267,"types":[{"name":"String","bsonType":"String","path":"City","count":2198,"total_count":0,"probability":0.9695632995147773},{"name":"Null","bsonType":"Null","path":"City","count":69,"total_count":0,"probability":0.030436700485222762,"unique":1,"has_duplicates":true}],"total_count":2267,"type":["String","Null"],"has_duplicates":true,"probability":1},{"name":"Cmp_Id","path":"Cmp_Id","count":2267,"types":[{"name":"Null","bsonType":"Null","path":"Cmp_Id","count":2267,"total_count":0,"probability":1,"unique":1,"has_duplicates":true}],"total_count":2267,"type":"Null","has_duplicates":true,"probability":1},{"name":"CountryISO2","path":"CountryISO2","count":2267,"types":[{"name":"String","bsonType":"String","path":"CountryISO2","count":2198,"total_count":0,"probability":0.9695632995147773},{"name":"Null","bsonType":"Null","path":"CountryISO2","count":69,"total_count":0,"probability":0.030436700485222762,"unique":1,"has_duplicates":true}],"total_count":2267,"type":["String","Null"],"has_duplicates":true,"probability":1},{"name":"DefaultCurrency","path":"DefaultCurrency","count":2267,"types":[{"name":"Null","bsonType":"Null","path":"DefaultCurrency","count":1702,"total_count":0,"probability":0.7507719453021614,"unique":1,"has_duplicates":true},{"name":"String","bsonType":"String","path":"DefaultCurrency","count":565,"total_count":0,"probability":0.24922805469783854}],"total_count":2267,"type":["Null","String"],"has_duplicates":true,"probability":1},{"name":"HotelCode","path":"HotelCode","count":2267,"types":[{"name":"String","bsonType":"String","path":"HotelCode","count":2267,"total_count":0,"probability":1}],"total_count":2267,"type":"String","has_duplicates":false,"probability":1},{"name":"HotelName","path":"HotelName","count":2267,"types":[{"name":"String","bsonType":"String","path":"HotelName","count":2267,"total_count":0,"probability":1}],"total_count":2267,"type":"String","has_duplicates":false,"probability":1},{"name":"ID","path":"ID","count":2267,"types":[{"name":"Number","bsonType":"Number","path":"ID","count":2267,"total_count":0,"probability":1}],"total_count":2267,"type":"Number","has_duplicates":false,"probability":1},{"name":"IsActive","path":"IsActive","count":2267,"types":[{"name":"Boolean","bsonType":"Boolean","path":"IsActive","count":2267,"total_count":0,"probability":1}],"total_count":2267,"type":"Boolean","has_duplicates":false,"probability":1},{"name":"IsCompRoomExclude","path":"IsCompRoomExclude","count":2267,"types":[{"name":"Null","bsonType":"Null","path":"IsCompRoomExclude","count":2257,"total_count":0,"probability":0.9955888839876489,"unique":1,"has_duplicates":true},{"name":"Boolean","bsonType":"Boolean","path":"IsCompRoomExclude","count":10,"total_count":0,"probability":0.004411116012351125}],"total_count":2267,"type":["Null","Boolean"],"has_duplicates":true,"probability":1},{"name":"IsMAPP","path":"IsMAPP","count":2267,"types":[{"name":"Boolean","bsonType":"Boolean","path":"IsMAPP","count":2267,"total_count":0,"probability":1}],"total_count":2267,"type":"Boolean","has_duplicates":false,"probability":1},{"name":"IsMissingDateOtherRevenueEnabled","path":"IsMissingDateOtherRevenueEnabled","count":2267,"types":[{"name":"Boolean","bsonType":"Boolean","path":"IsMissingDateOtherRevenueEnabled","count":1217,"total_count":0,"probability":0.5368328187031319},{"name":"Null","bsonType":"Null","path":"IsMissingDateOtherRevenueEnabled","count":1050,"total_count":0,"probability":0.4631671812968681,"unique":1,"has_duplicates":true}],"total_count":2267,"type":["Boolean","Null"],"has_duplicates":true,"probability":1},{"name":"JoinedDate","path":"JoinedDate","count":2267,"types":[{"name":"Null","bsonType":"Null","path":"JoinedDate","count":2262,"total_count":0,"probability":0.9977944419938244,"unique":1,"has_duplicates":true},{"name":"Date","bsonType":"Date","path":"JoinedDate","count":5,"total_count":0,"probability":0.0022055580061755625}],"total_count":2267,"type":["Null","Date"],"has_duplicates":true,"probability":1},{"name":"NoOfFilesExpected","path":"NoOfFilesExpected","count":2267,"types":[{"name":"Null","bsonType":"Null","path":"NoOfFilesExpected","count":1908,"total_count":0,"probability":0.8416409351565947,"unique":1,"has_duplicates":true},{"name":"Number","bsonType":"Number","path":"NoOfFilesExpected","count":359,"total_count":0,"probability":0.1583590648434054}],"total_count":2267,"type":["Null","Number"],"has_duplicates":true,"probability":1},{"name":"NumberofAvailableRooms","path":"NumberofAvailableRooms","count":2267,"types":[{"name":"Number","bsonType":"Number","path":"NumberofAvailableRooms","count":2267,"total_count":0,"probability":1}],"total_count":2267,"type":"Number","has_duplicates":false,"probability":1},{"name":"OrganizationID","path":"OrganizationID","count":2267,"types":[{"name":"Number","bsonType":"Number","path":"OrganizationID","count":2267,"total_count":0,"probability":1}],"total_count":2267,"type":"Number","has_duplicates":false,"probability":1},{"name":"PMS","path":"PMS","count":2267,"types":[{"name":"String","bsonType":"String","path":"PMS","count":2179,"total_count":0,"probability":0.9611821790913101},{"name":"Null","bsonType":"Null","path":"PMS","count":88,"total_count":0,"probability":0.0388178209086899,"unique":1,"has_duplicates":true}],"total_count":2267,"type":["String","Null"],"has_duplicates":true,"probability":1},{"name":"PMSPropertyID","path":"PMSPropertyID","count":2267,"types":[{"name":"Null","bsonType":"Null","path":"PMSPropertyID","count":2109,"total_count":0,"probability":0.9303043670048522,"unique":1,"has_duplicates":true},{"name":"String","bsonType":"String","path":"PMSPropertyID","count":158,"total_count":0,"probability":0.06969563299514778}],"total_count":2267,"type":["Null","String"],"has_duplicates":true,"probability":1},{"name":"PMSPropertyName","path":"PMSPropertyName","count":2267,"types":[{"name":"Null","bsonType":"Null","path":"PMSPropertyName","count":2250,"total_count":0,"probability":0.992501102779003,"unique":1,"has_duplicates":true},{"name":"String","bsonType":"String","path":"PMSPropertyName","count":17,"total_count":0,"probability":0.007498897220996913}],"total_count":2267,"type":["Null","String"],"has_duplicates":true,"probability":1},{"name":"Property","path":"Property","count":2267,"types":[{"name":"Null","bsonType":"Null","path":"Property","count":2236,"total_count":0,"probability":0.9863255403617115,"unique":1,"has_duplicates":true},{"name":"String","bsonType":"String","path":"Property","count":31,"total_count":0,"probability":0.013674459638288486}],"total_count":2267,"type":["Null","String"],"has_duplicates":true,"probability":1},{"name":"PropertyCode","path":"PropertyCode","count":2267,"types":[{"name":"Null","bsonType":"Null","path":"PropertyCode","count":2235,"total_count":0,"probability":0.9858844287604764,"unique":1,"has_duplicates":true},{"name":"String","bsonType":"String","path":"PropertyCode","count":32,"total_count":0,"probability":0.0141155712395236}],"total_count":2267,"type":["Null","String"],"has_duplicates":true,"probability":1},{"name":"StateISO2","path":"StateISO2","count":2267,"types":[{"name":"String","bsonType":"String","path":"StateISO2","count":2198,"total_count":0,"probability":0.9695632995147773},{"name":"Null","bsonType":"Null","path":"StateISO2","count":69,"total_count":0,"probability":0.030436700485222762,"unique":1,"has_duplicates":true}],"total_count":2267,"type":["String","Null"],"has_duplicates":true,"probability":1},{"name":"STRID","path":"STRID","count":2267,"types":[{"name":"Null","bsonType":"Null","path":"STRID","count":1964,"total_count":0,"probability":0.8663431848257609,"unique":1,"has_duplicates":true},{"name":"String","bsonType":"String","path":"STRID","count":303,"total_count":0,"probability":0.13365681517423908}],"total_count":2267,"type":["Null","String"],"has_duplicates":true,"probability":1},{"name":"TimeZone","path":"TimeZone","count":2267,"types":[{"name":"Null","bsonType":"Null","path":"TimeZone","count":1394,"total_count":0,"probability":0.6149095721217468,"unique":1,"has_duplicates":true},{"name":"String","bsonType":"String","path":"TimeZone","count":873,"total_count":0,"probability":0.3850904278782532}],"total_count":2267,"type":["Null","String"],"has_duplicates":true,"probability":1},{"name":"UpdateDateTime","path":"UpdateDateTime","count":2267,"types":[{"name":"Date","bsonType":"Date","path":"UpdateDateTime","count":2267,"total_count":0,"probability":1}],"total_count":2267,"type":"Date","has_duplicates":false,"probability":1},{"name":"UpdatedBy","path":"UpdatedBy","count":2267,"types":[{"name":"String","bsonType":"String","path":"UpdatedBy","count":2267,"total_count":0,"probability":1}],"total_count":2267,"type":"String","has_duplicates":false,"probability":1},{"name":"Zip","path":"Zip","count":2267,"types":[{"name":"String","bsonType":"String","path":"Zip","count":2178,"total_count":0,"probability":0.960741067490075},{"name":"Null","bsonType":"Null","path":"Zip","count":89,"total_count":0,"probability":0.03925893250992501,"unique":1,"has_duplicates":true}],"total_count":2267,"type":["String","Null"],"has_duplicates":true,"probability":1}],"count":2267}