{"fields":[{"name":"_id","path":"_id","count":20000,"types":[{"name":"Number","bsonType":"Number","path":"_id","count":20000,"total_count":0,"probability":1}],"total_count":20000,"type":"Number","has_duplicates":false,"probability":1},{"name":"Amount","path":"Amount","count":20000,"types":[{"name":"Number","bsonType":"Number","path":"Amount","count":20000,"total_count":0,"probability":1}],"total_count":20000,"type":"Number","has_duplicates":false,"probability":1},{"name":"Category","path":"Category","count":20000,"types":[{"name":"String","bsonType":"String","path":"Category","count":20000,"total_count":0,"probability":1}],"total_count":20000,"type":"String","has_duplicates":false,"probability":1},{"name":"Date","path":"Date","count":20000,"types":[{"name":"Date","bsonType":"Date","path":"Date","count":20000,"total_count":0,"probability":1}],"total_count":20000,"type":"Date","has_duplicates":false,"probability":1},{"name":"Description","path":"Description","count":20000,"types":[{"name":"String","bsonType":"String","path":"Description","count":20000,"total_count":0,"probability":1}],"total_count":20000,"type":"String","has_duplicates":false,"probability":1},{"name":"HotelID","path":"HotelID","count":20000,"types":[{"name":"Number","bsonType":"Number","path":"HotelID","count":20000,"total_count":0,"probability":1}],"total_count":20000,"type":"Number","has_duplicates":false,"probability":1},{"name":"ID","path":"ID","count":20000,"types":[{"name":"Number","bsonType":"Number","path":"ID","count":20000,"total_count":0,"probability":1}],"total_count":20000,"type":"Number","has_duplicates":false,"probability":1},{"name":"IsDelete","path":"IsDelete","count":20000,"types":[{"name":"Boolean","bsonType":"Boolean","path":"IsDelete","count":20000,"total_count":0,"probability":1}],"total_count":20000,"type":"Boolean","has_duplicates":false,"probability":1},{"name":"UpdatedBy","path":"UpdatedBy","count":20000,"types":[{"name":"String","bsonType":"String","path":"UpdatedBy","count":20000,"total_count":0,"probability":1}],"total_count":20000,"type":"String","has_duplicates":false,"probability":1},{"name":"UpdatedDateTime","path":"UpdatedDateTime","count":20000,"types":[{"name":"Date","bsonType":"Date","path":"UpdatedDateTime","count":20000,"total_count":0,"probability":1}],"total_count":20000,"type":"Date","has_duplicates":false,"probability":1}],"count":20000}