{"fields":[{"name":"_id","path":"_id","count":20000,"types":[{"name":"Number","bsonType":"Number","path":"_id","count":20000,"total_count":0,"probability":1}],"total_count":20000,"type":"Number","has_duplicates":false,"probability":1},{"name":"Category","path":"Category","count":20000,"types":[{"name":"String","bsonType":"String","path":"Category","count":20000,"total_count":0,"probability":1}],"total_count":20000,"type":"String","has_duplicates":false,"probability":1},{"name":"Date","path":"Date","count":20000,"types":[{"name":"Date","bsonType":"Date","path":"Date","count":19991,"total_count":0,"probability":0.99955},{"name":"Null","bsonType":"Null","path":"Date","count":9,"total_count":0,"probability":0.00045,"unique":1,"has_duplicates":true}],"total_count":20000,"type":["Date","Null"],"has_duplicates":true,"probability":1},{"name":"HotelID","path":"HotelID","count":20000,"types":[{"name":"Number","bsonType":"Number","path":"HotelID","count":20000,"total_count":0,"probability":1}],"total_count":20000,"type":"Number","has_duplicates":false,"probability":1},{"name":"ID","path":"ID","count":20000,"types":[{"name":"Number","bsonType":"Number","path":"ID","count":20000,"total_count":0,"probability":1}],"total_count":20000,"type":"Number","has_duplicates":false,"probability":1},{"name":"IsDeleted","path":"IsDeleted","count":20000,"types":[{"name":"Null","bsonType":"Null","path":"IsDeleted","count":19390,"total_count":0,"probability":0.9695,"unique":1,"has_duplicates":true},{"name":"Boolean","bsonType":"Boolean","path":"IsDeleted","count":610,"total_count":0,"probability":0.0305}],"total_count":20000,"type":["Null","Boolean"],"has_duplicates":true,"probability":1},{"name":"NoofRooms","path":"NoofRooms","count":20000,"types":[{"name":"Number","bsonType":"Number","path":"NoofRooms","count":19991,"total_count":0,"probability":0.99955},{"name":"Null","bsonType":"Null","path":"NoofRooms","count":9,"total_count":0,"probability":0.00045,"unique":1,"has_duplicates":true}],"total_count":20000,"type":["Number","Null"],"has_duplicates":true,"probability":1},{"name":"UpdatedBy","path":"UpdatedBy","count":20000,"types":[{"name":"String","bsonType":"String","path":"UpdatedBy","count":19991,"total_count":0,"probability":0.99955},{"name":"Null","bsonType":"Null","path":"UpdatedBy","count":9,"total_count":0,"probability":0.00045,"unique":1,"has_duplicates":true}],"total_count":20000,"type":["String","Null"],"has_duplicates":true,"probability":1},{"name":"UpdatedDateTime","path":"UpdatedDateTime","count":20000,"types":[{"name":"Date","bsonType":"Date","path":"UpdatedDateTime","count":19991,"total_count":0,"probability":0.99955},{"name":"Null","bsonType":"Null","path":"UpdatedDateTime","count":9,"total_count":0,"probability":0.00045,"unique":1,"has_duplicates":true}],"total_count":20000,"type":["Date","Null"],"has_duplicates":true,"probability":1}],"count":20000}