{"fields":[{"name":"_id","path":"_id","count":20000,"types":[{"name":"Number","bsonType":"Number","path":"_id","count":20000,"total_count":0,"probability":1}],"total_count":20000,"type":"Number","has_duplicates":false,"probability":1},{"name":"DateFrom","path":"DateFrom","count":20000,"types":[{"name":"Date","bsonType":"Date","path":"DateFrom","count":20000,"total_count":0,"probability":1}],"total_count":20000,"type":"Date","has_duplicates":false,"probability":1},{"name":"DateTo","path":"DateTo","count":20000,"types":[{"name":"Date","bsonType":"Date","path":"DateTo","count":20000,"total_count":0,"probability":1}],"total_count":20000,"type":"Date","has_duplicates":false,"probability":1},{"name":"FoodAndBeveragesBudget","path":"FoodAndBeveragesBudget","count":20000,"types":[{"name":"Number","bsonType":"Number","path":"FoodAndBeveragesBudget","count":20000,"total_count":0,"probability":1}],"total_count":20000,"type":"Number","has_duplicates":false,"probability":1},{"name":"FoodAndBeveragesForcast","path":"FoodAndBeveragesForcast","count":20000,"types":[{"name":"Number","bsonType":"Number","path":"FoodAndBeveragesForcast","count":20000,"total_count":0,"probability":1}],"total_count":20000,"type":"Number","has_duplicates":false,"probability":1},{"name":"HotelID","path":"HotelID","count":20000,"types":[{"name":"Number","bsonType":"Number","path":"HotelID","count":20000,"total_count":0,"probability":1}],"total_count":20000,"type":"Number","has_duplicates":false,"probability":1},{"name":"HotelName","path":"HotelName","count":20000,"types":[{"name":"String","bsonType":"String","path":"HotelName","count":20000,"total_count":0,"probability":1}],"total_count":20000,"type":"String","has_duplicates":false,"probability":1},{"name":"ID","path":"ID","count":20000,"types":[{"name":"Number","bsonType":"Number","path":"ID","count":20000,"total_count":0,"probability":1}],"total_count":20000,"type":"Number","has_duplicates":false,"probability":1},{"name":"IsDelete","path":"IsDelete","count":20000,"types":[{"name":"Boolean","bsonType":"Boolean","path":"IsDelete","count":20000,"total_count":0,"probability":1}],"total_count":20000,"type":"Boolean","has_duplicates":false,"probability":1},{"name":"NumberofAvailableRooms","path":"NumberofAvailableRooms","count":20000,"types":[{"name":"Number","bsonType":"Number","path":"NumberofAvailableRooms","count":20000,"total_count":0,"probability":1}],"total_count":20000,"type":"Number","has_duplicates":false,"probability":1},{"name":"OtherIncomeBudget","path":"OtherIncomeBudget","count":20000,"types":[{"name":"Number","bsonType":"Number","path":"OtherIncomeBudget","count":20000,"total_count":0,"probability":1}],"total_count":20000,"type":"Number","has_duplicates":false,"probability":1},{"name":"OtherIncomeForcast","path":"OtherIncomeForcast","count":20000,"types":[{"name":"Number","bsonType":"Number","path":"OtherIncomeForcast","count":20000,"total_count":0,"probability":1}],"total_count":20000,"type":"Number","has_duplicates":false,"probability":1},{"name":"RoomRevenueBudget","path":"RoomRevenueBudget","count":20000,"types":[{"name":"Number","bsonType":"Number","path":"RoomRevenueBudget","count":20000,"total_count":0,"probability":1}],"total_count":20000,"type":"Number","has_duplicates":false,"probability":1},{"name":"RoomRevenueForcast","path":"RoomRevenueForcast","count":20000,"types":[{"name":"Number","bsonType":"Number","path":"RoomRevenueForcast","count":20000,"total_count":0,"probability":1}],"total_count":20000,"type":"Number","has_duplicates":false,"probability":1},{"name":"StrAdrOutOfRank","path":"StrAdrOutOfRank","count":20000,"types":[{"name":"Number","bsonType":"Number","path":"StrAdrOutOfRank","count":19824,"total_count":0,"probability":0.9912},{"name":"Null","bsonType":"Null","path":"StrAdrOutOfRank","count":176,"total_count":0,"probability":0.0088,"unique":1,"has_duplicates":true}],"total_count":20000,"type":["Number","Null"],"has_duplicates":true,"probability":1},{"name":"StrAdrRank","path":"StrAdrRank","count":20000,"types":[{"name":"Number","bsonType":"Number","path":"StrAdrRank","count":19824,"total_count":0,"probability":0.9912},{"name":"Null","bsonType":"Null","path":"StrAdrRank","count":176,"total_count":0,"probability":0.0088,"unique":1,"has_duplicates":true}],"total_count":20000,"type":["Number","Null"],"has_duplicates":true,"probability":1},{"name":"StrARIBgt","path":"StrARIBgt","count":20000,"types":[{"name":"Number","bsonType":"Number","path":"StrARIBgt","count":19937,"total_count":0,"probability":0.99685},{"name":"Null","bsonType":"Null","path":"StrARIBgt","count":63,"total_count":0,"probability":0.00315,"unique":1,"has_duplicates":true}],"total_count":20000,"type":["Number","Null"],"has_duplicates":true,"probability":1},{"name":"StrMPIBgt","path":"StrMPIBgt","count":20000,"types":[{"name":"Number","bsonType":"Number","path":"StrMPIBgt","count":19937,"total_count":0,"probability":0.99685},{"name":"Null","bsonType":"Null","path":"StrMPIBgt","count":63,"total_count":0,"probability":0.00315,"unique":1,"has_duplicates":true}],"total_count":20000,"type":["Number","Null"],"has_duplicates":true,"probability":1},{"name":"StrOccOutOfRank","path":"StrOccOutOfRank","count":20000,"types":[{"name":"Number","bsonType":"Number","path":"StrOccOutOfRank","count":19824,"total_count":0,"probability":0.9912},{"name":"Null","bsonType":"Null","path":"StrOccOutOfRank","count":176,"total_count":0,"probability":0.0088,"unique":1,"has_duplicates":true}],"total_count":20000,"type":["Number","Null"],"has_duplicates":true,"probability":1},{"name":"StrOccRank","path":"StrOccRank","count":20000,"types":[{"name":"Number","bsonType":"Number","path":"StrOccRank","count":19824,"total_count":0,"probability":0.9912},{"name":"Null","bsonType":"Null","path":"StrOccRank","count":176,"total_count":0,"probability":0.0088,"unique":1,"has_duplicates":true}],"total_count":20000,"type":["Number","Null"],"has_duplicates":true,"probability":1},{"name":"StrRevParOutOfRank","path":"StrRevParOutOfRank","count":20000,"types":[{"name":"Number","bsonType":"Number","path":"StrRevParOutOfRank","count":19824,"total_count":0,"probability":0.9912},{"name":"Null","bsonType":"Null","path":"StrRevParOutOfRank","count":176,"total_count":0,"probability":0.0088,"unique":1,"has_duplicates":true}],"total_count":20000,"type":["Number","Null"],"has_duplicates":true,"probability":1},{"name":"StrRevParRank","path":"StrRevParRank","count":20000,"types":[{"name":"Number","bsonType":"Number","path":"StrRevParRank","count":19824,"total_count":0,"probability":0.9912},{"name":"Null","bsonType":"Null","path":"StrRevParRank","count":176,"total_count":0,"probability":0.0088,"unique":1,"has_duplicates":true}],"total_count":20000,"type":["Number","Null"],"has_duplicates":true,"probability":1},{"name":"StrRGIBgt","path":"StrRGIBgt","count":20000,"types":[{"name":"Number","bsonType":"Number","path":"StrRGIBgt","count":19985,"total_count":0,"probability":0.99925},{"name":"Null","bsonType":"Null","path":"StrRGIBgt","count":15,"total_count":0,"probability":0.00075,"unique":1,"has_duplicates":true}],"total_count":20000,"type":["Number","Null"],"has_duplicates":true,"probability":1},{"name":"TotalHotelBudget","path":"TotalHotelBudget","count":20000,"types":[{"name":"Number","bsonType":"Number","path":"TotalHotelBudget","count":20000,"total_count":0,"probability":1}],"total_count":20000,"type":"Number","has_duplicates":false,"probability":1},{"name":"TotalHotelForcast","path":"TotalHotelForcast","count":20000,"types":[{"name":"Number","bsonType":"Number","path":"TotalHotelForcast","count":20000,"total_count":0,"probability":1}],"total_count":20000,"type":"Number","has_duplicates":false,"probability":1},{"name":"TotalNumberofBudgetedRoomsSold","path":"TotalNumberofBudgetedRoomsSold","count":20000,"types":[{"name":"Number","bsonType":"Number","path":"TotalNumberofBudgetedRoomsSold","count":20000,"total_count":0,"probability":1}],"total_count":20000,"type":"Number","has_duplicates":false,"probability":1},{"name":"TotalNumberofForcastedRoomsSold","path":"TotalNumberofForcastedRoomsSold","count":20000,"types":[{"name":"Number","bsonType":"Number","path":"TotalNumberofForcastedRoomsSold","count":20000,"total_count":0,"probability":1}],"total_count":20000,"type":"Number","has_duplicates":false,"probability":1},{"name":"UpdatedBy","path":"UpdatedBy","count":20000,"types":[{"name":"String","bsonType":"String","path":"UpdatedBy","count":20000,"total_count":0,"probability":1}],"total_count":20000,"type":"String","has_duplicates":false,"probability":1},{"name":"UpdatedDateTime","path":"UpdatedDateTime","count":20000,"types":[{"name":"Date","bsonType":"Date","path":"UpdatedDateTime","count":20000,"total_count":0,"probability":1}],"total_count":20000,"type":"Date","has_duplicates":false,"probability":1}],"count":20000}