{"fields":[{"name":"_id","path":"_id","count":20000,"types":[{"name":"Number","bsonType":"Number","path":"_id","count":20000,"total_count":0,"probability":1}],"total_count":20000,"type":"Number","has_duplicates":false,"probability":1},{"name":"Category","path":"Category","count":20000,"types":[{"name":"String","bsonType":"String","path":"Category","count":20000,"total_count":0,"probability":1}],"total_count":20000,"type":"String","has_duplicates":false,"probability":1},{"name":"Date","path":"Date","count":20000,"types":[{"name":"Date","bsonType":"Date","path":"Date","count":20000,"total_count":0,"probability":1}],"total_count":20000,"type":"Date","has_duplicates":false,"probability":1},{"name":"HotelID","path":"HotelID","count":20000,"types":[{"name":"Number","bsonType":"Number","path":"HotelID","count":20000,"total_count":0,"probability":1}],"total_count":20000,"type":"Number","has_duplicates":false,"probability":1},{"name":"ID","path":"ID","count":20000,"types":[{"name":"Number","bsonType":"Number","path":"ID","count":20000,"total_count":0,"probability":1}],"total_count":20000,"type":"Number","has_duplicates":false,"probability":1},{"name":"NoOfRoomSold","path":"NoOfRoomSold","count":20000,"types":[{"name":"Boolean","bsonType":"Boolean","path":"NoOfRoomSold","count":20000,"total_count":0,"probability":1}],"total_count":20000,"type":"Boolean","has_duplicates":false,"probability":1},{"name":"NoOfRoomSoldFileValue","path":"NoOfRoomSoldFileValue","count":20000,"types":[{"name":"Null","bsonType":"Null","path":"NoOfRoomSoldFileValue","count":18715,"total_count":0,"probability":0.93575,"unique":1,"has_duplicates":true},{"name":"Number","bsonType":"Number","path":"NoOfRoomSoldFileValue","count":1285,"total_count":0,"probability":0.06425}],"total_count":20000,"type":["Null","Number"],"has_duplicates":true,"probability":1},{"name":"NoOfRoomSoldMTD","path":"NoOfRoomSoldMTD","count":20000,"types":[{"name":"Boolean","bsonType":"Boolean","path":"NoOfRoomSoldMTD","count":20000,"total_count":0,"probability":1}],"total_count":20000,"type":"Boolean","has_duplicates":false,"probability":1},{"name":"NoOfRoomSoldMTDFileValue","path":"NoOfRoomSoldMTDFileValue","count":20000,"types":[{"name":"Null","bsonType":"Null","path":"NoOfRoomSoldMTDFileValue","count":18715,"total_count":0,"probability":0.93575,"unique":1,"has_duplicates":true},{"name":"Number","bsonType":"Number","path":"NoOfRoomSoldMTDFileValue","count":1285,"total_count":0,"probability":0.06425}],"total_count":20000,"type":["Null","Number"],"has_duplicates":true,"probability":1},{"name":"NoOfRoomSoldYTD","path":"NoOfRoomSoldYTD","count":20000,"types":[{"name":"Boolean","bsonType":"Boolean","path":"NoOfRoomSoldYTD","count":20000,"total_count":0,"probability":1}],"total_count":20000,"type":"Boolean","has_duplicates":false,"probability":1},{"name":"NoOfRoomSoldYTDFileValue","path":"NoOfRoomSoldYTDFileValue","count":20000,"types":[{"name":"Null","bsonType":"Null","path":"NoOfRoomSoldYTDFileValue","count":18715,"total_count":0,"probability":0.93575,"unique":1,"has_duplicates":true},{"name":"Number","bsonType":"Number","path":"NoOfRoomSoldYTDFileValue","count":1285,"total_count":0,"probability":0.06425}],"total_count":20000,"type":["Null","Number"],"has_duplicates":true,"probability":1},{"name":"ReportName","path":"ReportName","count":20000,"types":[{"name":"Null","bsonType":"Null","path":"ReportName","count":20000,"total_count":0,"probability":1,"unique":1,"has_duplicates":true}],"total_count":20000,"type":"Null","has_duplicates":true,"probability":1},{"name":"TotalRevenue","path":"TotalRevenue","count":20000,"types":[{"name":"Boolean","bsonType":"Boolean","path":"TotalRevenue","count":20000,"total_count":0,"probability":1}],"total_count":20000,"type":"Boolean","has_duplicates":false,"probability":1},{"name":"TotalRevenueFileValue","path":"TotalRevenueFileValue","count":20000,"types":[{"name":"Null","bsonType":"Null","path":"TotalRevenueFileValue","count":16937,"total_count":0,"probability":0.84685,"unique":1,"has_duplicates":true},{"name":"Number","bsonType":"Number","path":"TotalRevenueFileValue","count":3063,"total_count":0,"probability":0.15315}],"total_count":20000,"type":["Null","Number"],"has_duplicates":true,"probability":1},{"name":"TotalRevenueMTD","path":"TotalRevenueMTD","count":20000,"types":[{"name":"Boolean","bsonType":"Boolean","path":"TotalRevenueMTD","count":20000,"total_count":0,"probability":1}],"total_count":20000,"type":"Boolean","has_duplicates":false,"probability":1},{"name":"TotalRevenueMTDFileValue","path":"TotalRevenueMTDFileValue","count":20000,"types":[{"name":"Null","bsonType":"Null","path":"TotalRevenueMTDFileValue","count":16937,"total_count":0,"probability":0.84685,"unique":1,"has_duplicates":true},{"name":"Number","bsonType":"Number","path":"TotalRevenueMTDFileValue","count":3063,"total_count":0,"probability":0.15315}],"total_count":20000,"type":["Null","Number"],"has_duplicates":true,"probability":1},{"name":"TotalRevenueYTD","path":"TotalRevenueYTD","count":20000,"types":[{"name":"Boolean","bsonType":"Boolean","path":"TotalRevenueYTD","count":20000,"total_count":0,"probability":1}],"total_count":20000,"type":"Boolean","has_duplicates":false,"probability":1},{"name":"TotalRevenueYTDFileValue","path":"TotalRevenueYTDFileValue","count":20000,"types":[{"name":"Null","bsonType":"Null","path":"TotalRevenueYTDFileValue","count":16937,"total_count":0,"probability":0.84685,"unique":1,"has_duplicates":true},{"name":"Number","bsonType":"Number","path":"TotalRevenueYTDFileValue","count":3063,"total_count":0,"probability":0.15315}],"total_count":20000,"type":["Null","Number"],"has_duplicates":true,"probability":1},{"name":"UpdatedBy","path":"UpdatedBy","count":20000,"types":[{"name":"String","bsonType":"String","path":"UpdatedBy","count":20000,"total_count":0,"probability":1}],"total_count":20000,"type":"String","has_duplicates":false,"probability":1},{"name":"UpdatedDateTime","path":"UpdatedDateTime","count":20000,"types":[{"name":"Date","bsonType":"Date","path":"UpdatedDateTime","count":20000,"total_count":0,"probability":1}],"total_count":20000,"type":"Date","has_duplicates":false,"probability":1}],"count":20000}