{"fields":[{"name":"_id","path":"_id","count":2161,"types":[{"name":"Number","bsonType":"Number","path":"_id","count":2161,"total_count":0,"probability":1}],"total_count":2161,"type":"Number","has_duplicates":false,"probability":1},{"name":"Banquet","path":"Banquet","count":2161,"types":[{"name":"Null","bsonType":"Null","path":"Banquet","count":1251,"total_count":0,"probability":0.5788986580286904,"unique":1,"has_duplicates":true},{"name":"String","bsonType":"String","path":"Banquet","count":910,"total_count":0,"probability":0.4211013419713096}],"total_count":2161,"type":["Null","String"],"has_duplicates":true,"probability":1},{"name":"Bar","path":"Bar","count":2161,"types":[{"name":"Null","bsonType":"Null","path":"Bar","count":1251,"total_count":0,"probability":0.5788986580286904,"unique":1,"has_duplicates":true},{"name":"String","bsonType":"String","path":"Bar","count":910,"total_count":0,"probability":0.4211013419713096}],"total_count":2161,"type":["Null","String"],"has_duplicates":true,"probability":1},{"name":"Beverage","path":"Beverage","count":2161,"types":[{"name":"Null","bsonType":"Null","path":"Beverage","count":1251,"total_count":0,"probability":0.5788986580286904,"unique":1,"has_duplicates":true},{"name":"String","bsonType":"String","path":"Beverage","count":910,"total_count":0,"probability":0.4211013419713096}],"total_count":2161,"type":["Null","String"],"has_duplicates":true,"probability":1},{"name":"CashSource1","path":"CashSource1","count":2161,"types":[{"name":"String","bsonType":"String","path":"CashSource1","count":1896,"total_count":0,"probability":0.8773715872281351},{"name":"Null","bsonType":"Null","path":"CashSource1","count":265,"total_count":0,"probability":0.12262841277186488,"unique":1,"has_duplicates":true}],"total_count":2161,"type":["String","Null"],"has_duplicates":true,"probability":1},{"name":"CashSource10","path":"CashSource10","count":2161,"types":[{"name":"String","bsonType":"String","path":"CashSource10","count":1896,"total_count":0,"probability":0.8773715872281351},{"name":"Null","bsonType":"Null","path":"CashSource10","count":265,"total_count":0,"probability":0.12262841277186488,"unique":1,"has_duplicates":true}],"total_count":2161,"type":["String","Null"],"has_duplicates":true,"probability":1},{"name":"CashSource11","path":"CashSource11","count":2161,"types":[{"name":"String","bsonType":"String","path":"CashSource11","count":1896,"total_count":0,"probability":0.8773715872281351},{"name":"Null","bsonType":"Null","path":"CashSource11","count":265,"total_count":0,"probability":0.12262841277186488,"unique":1,"has_duplicates":true}],"total_count":2161,"type":["String","Null"],"has_duplicates":true,"probability":1},{"name":"CashSource12","path":"CashSource12","count":2161,"types":[{"name":"String","bsonType":"String","path":"CashSource12","count":1896,"total_count":0,"probability":0.8773715872281351},{"name":"Null","bsonType":"Null","path":"CashSource12","count":265,"total_count":0,"probability":0.12262841277186488,"unique":1,"has_duplicates":true}],"total_count":2161,"type":["String","Null"],"has_duplicates":true,"probability":1},{"name":"CashSource13","path":"CashSource13","count":2161,"types":[{"name":"String","bsonType":"String","path":"CashSource13","count":1896,"total_count":0,"probability":0.8773715872281351},{"name":"Null","bsonType":"Null","path":"CashSource13","count":265,"total_count":0,"probability":0.12262841277186488,"unique":1,"has_duplicates":true}],"total_count":2161,"type":["String","Null"],"has_duplicates":true,"probability":1},{"name":"CashSource14","path":"CashSource14","count":2161,"types":[{"name":"String","bsonType":"String","path":"CashSource14","count":1896,"total_count":0,"probability":0.8773715872281351},{"name":"Null","bsonType":"Null","path":"CashSource14","count":265,"total_count":0,"probability":0.12262841277186488,"unique":1,"has_duplicates":true}],"total_count":2161,"type":["String","Null"],"has_duplicates":true,"probability":1},{"name":"CashSource15","path":"CashSource15","count":2161,"types":[{"name":"String","bsonType":"String","path":"CashSource15","count":1896,"total_count":0,"probability":0.8773715872281351},{"name":"Null","bsonType":"Null","path":"CashSource15","count":265,"total_count":0,"probability":0.12262841277186488,"unique":1,"has_duplicates":true}],"total_count":2161,"type":["String","Null"],"has_duplicates":true,"probability":1},{"name":"CashSource16","path":"CashSource16","count":2161,"types":[{"name":"String","bsonType":"String","path":"CashSource16","count":1896,"total_count":0,"probability":0.8773715872281351},{"name":"Null","bsonType":"Null","path":"CashSource16","count":265,"total_count":0,"probability":0.12262841277186488,"unique":1,"has_duplicates":true}],"total_count":2161,"type":["String","Null"],"has_duplicates":true,"probability":1},{"name":"CashSource2","path":"CashSource2","count":2161,"types":[{"name":"String","bsonType":"String","path":"CashSource2","count":1896,"total_count":0,"probability":0.8773715872281351},{"name":"Null","bsonType":"Null","path":"CashSource2","count":265,"total_count":0,"probability":0.12262841277186488,"unique":1,"has_duplicates":true}],"total_count":2161,"type":["String","Null"],"has_duplicates":true,"probability":1},{"name":"CashSource3","path":"CashSource3","count":2161,"types":[{"name":"String","bsonType":"String","path":"CashSource3","count":1896,"total_count":0,"probability":0.8773715872281351},{"name":"Null","bsonType":"Null","path":"CashSource3","count":265,"total_count":0,"probability":0.12262841277186488,"unique":1,"has_duplicates":true}],"total_count":2161,"type":["String","Null"],"has_duplicates":true,"probability":1},{"name":"CashSource4","path":"CashSource4","count":2161,"types":[{"name":"String","bsonType":"String","path":"CashSource4","count":1896,"total_count":0,"probability":0.8773715872281351},{"name":"Null","bsonType":"Null","path":"CashSource4","count":265,"total_count":0,"probability":0.12262841277186488,"unique":1,"has_duplicates":true}],"total_count":2161,"type":["String","Null"],"has_duplicates":true,"probability":1},{"name":"CashSource5","path":"CashSource5","count":2161,"types":[{"name":"String","bsonType":"String","path":"CashSource5","count":1896,"total_count":0,"probability":0.8773715872281351},{"name":"Null","bsonType":"Null","path":"CashSource5","count":265,"total_count":0,"probability":0.12262841277186488,"unique":1,"has_duplicates":true}],"total_count":2161,"type":["String","Null"],"has_duplicates":true,"probability":1},{"name":"CashSource6","path":"CashSource6","count":2161,"types":[{"name":"String","bsonType":"String","path":"CashSource6","count":1896,"total_count":0,"probability":0.8773715872281351},{"name":"Null","bsonType":"Null","path":"CashSource6","count":265,"total_count":0,"probability":0.12262841277186488,"unique":1,"has_duplicates":true}],"total_count":2161,"type":["String","Null"],"has_duplicates":true,"probability":1},{"name":"CashSource7","path":"CashSource7","count":2161,"types":[{"name":"String","bsonType":"String","path":"CashSource7","count":1896,"total_count":0,"probability":0.8773715872281351},{"name":"Null","bsonType":"Null","path":"CashSource7","count":265,"total_count":0,"probability":0.12262841277186488,"unique":1,"has_duplicates":true}],"total_count":2161,"type":["String","Null"],"has_duplicates":true,"probability":1},{"name":"CashSource8","path":"CashSource8","count":2161,"types":[{"name":"String","bsonType":"String","path":"CashSource8","count":1896,"total_count":0,"probability":0.8773715872281351},{"name":"Null","bsonType":"Null","path":"CashSource8","count":265,"total_count":0,"probability":0.12262841277186488,"unique":1,"has_duplicates":true}],"total_count":2161,"type":["String","Null"],"has_duplicates":true,"probability":1},{"name":"CashSource9","path":"CashSource9","count":2161,"types":[{"name":"String","bsonType":"String","path":"CashSource9","count":1896,"total_count":0,"probability":0.8773715872281351},{"name":"Null","bsonType":"Null","path":"CashSource9","count":265,"total_count":0,"probability":0.12262841277186488,"unique":1,"has_duplicates":true}],"total_count":2161,"type":["String","Null"],"has_duplicates":true,"probability":1},{"name":"Food","path":"Food","count":2161,"types":[{"name":"Null","bsonType":"Null","path":"Food","count":1251,"total_count":0,"probability":0.5788986580286904,"unique":1,"has_duplicates":true},{"name":"String","bsonType":"String","path":"Food","count":910,"total_count":0,"probability":0.4211013419713096}],"total_count":2161,"type":["Null","String"],"has_duplicates":true,"probability":1},{"name":"FoodBeverageRevenueSource1","path":"FoodBeverageRevenueSource1","count":2161,"types":[{"name":"String","bsonType":"String","path":"FoodBeverageRevenueSource1","count":2160,"total_count":0,"probability":0.999537251272559},{"name":"Null","bsonType":"Null","path":"FoodBeverageRevenueSource1","count":1,"total_count":0,"probability":0.00046274872744099955,"unique":1,"has_duplicates":false}],"total_count":2161,"type":["String","Null"],"has_duplicates":false,"probability":1},{"name":"FoodBeverageRevenueSource10","path":"FoodBeverageRevenueSource10","count":2161,"types":[{"name":"String","bsonType":"String","path":"FoodBeverageRevenueSource10","count":2160,"total_count":0,"probability":0.999537251272559},{"name":"Null","bsonType":"Null","path":"FoodBeverageRevenueSource10","count":1,"total_count":0,"probability":0.00046274872744099955,"unique":1,"has_duplicates":false}],"total_count":2161,"type":["String","Null"],"has_duplicates":false,"probability":1},{"name":"FoodBeverageRevenueSource11","path":"FoodBeverageRevenueSource11","count":2161,"types":[{"name":"String","bsonType":"String","path":"FoodBeverageRevenueSource11","count":2160,"total_count":0,"probability":0.999537251272559},{"name":"Null","bsonType":"Null","path":"FoodBeverageRevenueSource11","count":1,"total_count":0,"probability":0.00046274872744099955,"unique":1,"has_duplicates":false}],"total_count":2161,"type":["String","Null"],"has_duplicates":false,"probability":1},{"name":"FoodBeverageRevenueSource12","path":"FoodBeverageRevenueSource12","count":2161,"types":[{"name":"String","bsonType":"String","path":"FoodBeverageRevenueSource12","count":2160,"total_count":0,"probability":0.999537251272559},{"name":"Null","bsonType":"Null","path":"FoodBeverageRevenueSource12","count":1,"total_count":0,"probability":0.00046274872744099955,"unique":1,"has_duplicates":false}],"total_count":2161,"type":["String","Null"],"has_duplicates":false,"probability":1},{"name":"FoodBeverageRevenueSource13","path":"FoodBeverageRevenueSource13","count":2161,"types":[{"name":"String","bsonType":"String","path":"FoodBeverageRevenueSource13","count":2160,"total_count":0,"probability":0.999537251272559},{"name":"Null","bsonType":"Null","path":"FoodBeverageRevenueSource13","count":1,"total_count":0,"probability":0.00046274872744099955,"unique":1,"has_duplicates":false}],"total_count":2161,"type":["String","Null"],"has_duplicates":false,"probability":1},{"name":"FoodBeverageRevenueSource14","path":"FoodBeverageRevenueSource14","count":2161,"types":[{"name":"String","bsonType":"String","path":"FoodBeverageRevenueSource14","count":2160,"total_count":0,"probability":0.999537251272559},{"name":"Null","bsonType":"Null","path":"FoodBeverageRevenueSource14","count":1,"total_count":0,"probability":0.00046274872744099955,"unique":1,"has_duplicates":false}],"total_count":2161,"type":["String","Null"],"has_duplicates":false,"probability":1},{"name":"FoodBeverageRevenueSource15","path":"FoodBeverageRevenueSource15","count":2161,"types":[{"name":"String","bsonType":"String","path":"FoodBeverageRevenueSource15","count":2160,"total_count":0,"probability":0.999537251272559},{"name":"Null","bsonType":"Null","path":"FoodBeverageRevenueSource15","count":1,"total_count":0,"probability":0.00046274872744099955,"unique":1,"has_duplicates":false}],"total_count":2161,"type":["String","Null"],"has_duplicates":false,"probability":1},{"name":"FoodBeverageRevenueSource16","path":"FoodBeverageRevenueSource16","count":2161,"types":[{"name":"String","bsonType":"String","path":"FoodBeverageRevenueSource16","count":2160,"total_count":0,"probability":0.999537251272559},{"name":"Null","bsonType":"Null","path":"FoodBeverageRevenueSource16","count":1,"total_count":0,"probability":0.00046274872744099955,"unique":1,"has_duplicates":false}],"total_count":2161,"type":["String","Null"],"has_duplicates":false,"probability":1},{"name":"FoodBeverageRevenueSource17","path":"FoodBeverageRevenueSource17","count":2161,"types":[{"name":"String","bsonType":"String","path":"FoodBeverageRevenueSource17","count":2160,"total_count":0,"probability":0.999537251272559},{"name":"Null","bsonType":"Null","path":"FoodBeverageRevenueSource17","count":1,"total_count":0,"probability":0.00046274872744099955,"unique":1,"has_duplicates":false}],"total_count":2161,"type":["String","Null"],"has_duplicates":false,"probability":1},{"name":"FoodBeverageRevenueSource18","path":"FoodBeverageRevenueSource18","count":2161,"types":[{"name":"String","bsonType":"String","path":"FoodBeverageRevenueSource18","count":2160,"total_count":0,"probability":0.999537251272559},{"name":"Null","bsonType":"Null","path":"FoodBeverageRevenueSource18","count":1,"total_count":0,"probability":0.00046274872744099955,"unique":1,"has_duplicates":false}],"total_count":2161,"type":["String","Null"],"has_duplicates":false,"probability":1},{"name":"FoodBeverageRevenueSource19","path":"FoodBeverageRevenueSource19","count":2161,"types":[{"name":"String","bsonType":"String","path":"FoodBeverageRevenueSource19","count":2160,"total_count":0,"probability":0.999537251272559},{"name":"Null","bsonType":"Null","path":"FoodBeverageRevenueSource19","count":1,"total_count":0,"probability":0.00046274872744099955,"unique":1,"has_duplicates":false}],"total_count":2161,"type":["String","Null"],"has_duplicates":false,"probability":1},{"name":"FoodBeverageRevenueSource2","path":"FoodBeverageRevenueSource2","count":2161,"types":[{"name":"String","bsonType":"String","path":"FoodBeverageRevenueSource2","count":2160,"total_count":0,"probability":0.999537251272559},{"name":"Null","bsonType":"Null","path":"FoodBeverageRevenueSource2","count":1,"total_count":0,"probability":0.00046274872744099955,"unique":1,"has_duplicates":false}],"total_count":2161,"type":["String","Null"],"has_duplicates":false,"probability":1},{"name":"FoodBeverageRevenueSource20","path":"FoodBeverageRevenueSource20","count":2161,"types":[{"name":"String","bsonType":"String","path":"FoodBeverageRevenueSource20","count":2160,"total_count":0,"probability":0.999537251272559},{"name":"Null","bsonType":"Null","path":"FoodBeverageRevenueSource20","count":1,"total_count":0,"probability":0.00046274872744099955,"unique":1,"has_duplicates":false}],"total_count":2161,"type":["String","Null"],"has_duplicates":false,"probability":1},{"name":"FoodBeverageRevenueSource3","path":"FoodBeverageRevenueSource3","count":2161,"types":[{"name":"String","bsonType":"String","path":"FoodBeverageRevenueSource3","count":2160,"total_count":0,"probability":0.999537251272559},{"name":"Null","bsonType":"Null","path":"FoodBeverageRevenueSource3","count":1,"total_count":0,"probability":0.00046274872744099955,"unique":1,"has_duplicates":false}],"total_count":2161,"type":["String","Null"],"has_duplicates":false,"probability":1},{"name":"FoodBeverageRevenueSource4","path":"FoodBeverageRevenueSource4","count":2161,"types":[{"name":"String","bsonType":"String","path":"FoodBeverageRevenueSource4","count":2160,"total_count":0,"probability":0.999537251272559},{"name":"Null","bsonType":"Null","path":"FoodBeverageRevenueSource4","count":1,"total_count":0,"probability":0.00046274872744099955,"unique":1,"has_duplicates":false}],"total_count":2161,"type":["String","Null"],"has_duplicates":false,"probability":1},{"name":"FoodBeverageRevenueSource5","path":"FoodBeverageRevenueSource5","count":2161,"types":[{"name":"String","bsonType":"String","path":"FoodBeverageRevenueSource5","count":2160,"total_count":0,"probability":0.999537251272559},{"name":"Null","bsonType":"Null","path":"FoodBeverageRevenueSource5","count":1,"total_count":0,"probability":0.00046274872744099955,"unique":1,"has_duplicates":false}],"total_count":2161,"type":["String","Null"],"has_duplicates":false,"probability":1},{"name":"FoodBeverageRevenueSource6","path":"FoodBeverageRevenueSource6","count":2161,"types":[{"name":"String","bsonType":"String","path":"FoodBeverageRevenueSource6","count":2160,"total_count":0,"probability":0.999537251272559},{"name":"Null","bsonType":"Null","path":"FoodBeverageRevenueSource6","count":1,"total_count":0,"probability":0.00046274872744099955,"unique":1,"has_duplicates":false}],"total_count":2161,"type":["String","Null"],"has_duplicates":false,"probability":1},{"name":"FoodBeverageRevenueSource7","path":"FoodBeverageRevenueSource7","count":2161,"types":[{"name":"String","bsonType":"String","path":"FoodBeverageRevenueSource7","count":2160,"total_count":0,"probability":0.999537251272559},{"name":"Null","bsonType":"Null","path":"FoodBeverageRevenueSource7","count":1,"total_count":0,"probability":0.00046274872744099955,"unique":1,"has_duplicates":false}],"total_count":2161,"type":["String","Null"],"has_duplicates":false,"probability":1},{"name":"FoodBeverageRevenueSource8","path":"FoodBeverageRevenueSource8","count":2161,"types":[{"name":"String","bsonType":"String","path":"FoodBeverageRevenueSource8","count":2160,"total_count":0,"probability":0.999537251272559},{"name":"Null","bsonType":"Null","path":"FoodBeverageRevenueSource8","count":1,"total_count":0,"probability":0.00046274872744099955,"unique":1,"has_duplicates":false}],"total_count":2161,"type":["String","Null"],"has_duplicates":false,"probability":1},{"name":"FoodBeverageRevenueSource9","path":"FoodBeverageRevenueSource9","count":2161,"types":[{"name":"String","bsonType":"String","path":"FoodBeverageRevenueSource9","count":2160,"total_count":0,"probability":0.999537251272559},{"name":"Null","bsonType":"Null","path":"FoodBeverageRevenueSource9","count":1,"total_count":0,"probability":0.00046274872744099955,"unique":1,"has_duplicates":false}],"total_count":2161,"type":["String","Null"],"has_duplicates":false,"probability":1},{"name":"GiftShop","path":"GiftShop","count":2161,"types":[{"name":"Null","bsonType":"Null","path":"GiftShop","count":1251,"total_count":0,"probability":0.5788986580286904,"unique":1,"has_duplicates":true},{"name":"String","bsonType":"String","path":"GiftShop","count":910,"total_count":0,"probability":0.4211013419713096}],"total_count":2161,"type":["Null","String"],"has_duplicates":true,"probability":1},{"name":"GuestLedgerSource1","path":"GuestLedgerSource1","count":2161,"types":[{"name":"String","bsonType":"String","path":"GuestLedgerSource1","count":1896,"total_count":0,"probability":0.8773715872281351},{"name":"Null","bsonType":"Null","path":"GuestLedgerSource1","count":265,"total_count":0,"probability":0.12262841277186488,"unique":1,"has_duplicates":true}],"total_count":2161,"type":["String","Null"],"has_duplicates":true,"probability":1},{"name":"GuestLedgerSource2","path":"GuestLedgerSource2","count":2161,"types":[{"name":"String","bsonType":"String","path":"GuestLedgerSource2","count":1896,"total_count":0,"probability":0.8773715872281351},{"name":"Null","bsonType":"Null","path":"GuestLedgerSource2","count":265,"total_count":0,"probability":0.12262841277186488,"unique":1,"has_duplicates":true}],"total_count":2161,"type":["String","Null"],"has_duplicates":true,"probability":1},{"name":"GuestLedgerSource3","path":"GuestLedgerSource3","count":2161,"types":[{"name":"String","bsonType":"String","path":"GuestLedgerSource3","count":1896,"total_count":0,"probability":0.8773715872281351},{"name":"Null","bsonType":"Null","path":"GuestLedgerSource3","count":265,"total_count":0,"probability":0.12262841277186488,"unique":1,"has_duplicates":true}],"total_count":2161,"type":["String","Null"],"has_duplicates":true,"probability":1},{"name":"GuestLedgerSource4","path":"GuestLedgerSource4","count":2161,"types":[{"name":"String","bsonType":"String","path":"GuestLedgerSource4","count":1896,"total_count":0,"probability":0.8773715872281351},{"name":"Null","bsonType":"Null","path":"GuestLedgerSource4","count":265,"total_count":0,"probability":0.12262841277186488,"unique":1,"has_duplicates":true}],"total_count":2161,"type":["String","Null"],"has_duplicates":true,"probability":1},{"name":"GuestLedgerSource5","path":"GuestLedgerSource5","count":2161,"types":[{"name":"String","bsonType":"String","path":"GuestLedgerSource5","count":1896,"total_count":0,"probability":0.8773715872281351},{"name":"Null","bsonType":"Null","path":"GuestLedgerSource5","count":265,"total_count":0,"probability":0.12262841277186488,"unique":1,"has_duplicates":true}],"total_count":2161,"type":["String","Null"],"has_duplicates":true,"probability":1},{"name":"HotelID","path":"HotelID","count":2161,"types":[{"name":"Number","bsonType":"Number","path":"HotelID","count":2161,"total_count":0,"probability":1}],"total_count":2161,"type":"Number","has_duplicates":false,"probability":1},{"name":"HotelName","path":"HotelName","count":2161,"types":[{"name":"String","bsonType":"String","path":"HotelName","count":2158,"total_count":0,"probability":0.998611753817677},{"name":"Null","bsonType":"Null","path":"HotelName","count":3,"total_count":0,"probability":0.0013882461823229986,"unique":1,"has_duplicates":true}],"total_count":2161,"type":["String","Null"],"has_duplicates":true,"probability":1},{"name":"ID","path":"ID","count":2161,"types":[{"name":"Number","bsonType":"Number","path":"ID","count":2161,"total_count":0,"probability":1}],"total_count":2161,"type":"Number","has_duplicates":false,"probability":1},{"name":"IsDelete","path":"IsDelete","count":2161,"types":[{"name":"Boolean","bsonType":"Boolean","path":"IsDelete","count":2161,"total_count":0,"probability":1}],"total_count":2161,"type":"Boolean","has_duplicates":false,"probability":1},{"name":"NumberofCoversSoldSource1","path":"NumberofCoversSoldSource1","count":2161,"types":[{"name":"String","bsonType":"String","path":"NumberofCoversSoldSource1","count":2160,"total_count":0,"probability":0.999537251272559},{"name":"Null","bsonType":"Null","path":"NumberofCoversSoldSource1","count":1,"total_count":0,"probability":0.00046274872744099955,"unique":1,"has_duplicates":false}],"total_count":2161,"type":["String","Null"],"has_duplicates":false,"probability":1},{"name":"NumberofCoversSoldSource10","path":"NumberofCoversSoldSource10","count":2161,"types":[{"name":"String","bsonType":"String","path":"NumberofCoversSoldSource10","count":2160,"total_count":0,"probability":0.999537251272559},{"name":"Null","bsonType":"Null","path":"NumberofCoversSoldSource10","count":1,"total_count":0,"probability":0.00046274872744099955,"unique":1,"has_duplicates":false}],"total_count":2161,"type":["String","Null"],"has_duplicates":false,"probability":1},{"name":"NumberofCoversSoldSource11","path":"NumberofCoversSoldSource11","count":2161,"types":[{"name":"String","bsonType":"String","path":"NumberofCoversSoldSource11","count":2160,"total_count":0,"probability":0.999537251272559},{"name":"Null","bsonType":"Null","path":"NumberofCoversSoldSource11","count":1,"total_count":0,"probability":0.00046274872744099955,"unique":1,"has_duplicates":false}],"total_count":2161,"type":["String","Null"],"has_duplicates":false,"probability":1},{"name":"NumberofCoversSoldSource12","path":"NumberofCoversSoldSource12","count":2161,"types":[{"name":"String","bsonType":"String","path":"NumberofCoversSoldSource12","count":2160,"total_count":0,"probability":0.999537251272559},{"name":"Null","bsonType":"Null","path":"NumberofCoversSoldSource12","count":1,"total_count":0,"probability":0.00046274872744099955,"unique":1,"has_duplicates":false}],"total_count":2161,"type":["String","Null"],"has_duplicates":false,"probability":1},{"name":"NumberofCoversSoldSource13","path":"NumberofCoversSoldSource13","count":2161,"types":[{"name":"String","bsonType":"String","path":"NumberofCoversSoldSource13","count":2160,"total_count":0,"probability":0.999537251272559},{"name":"Null","bsonType":"Null","path":"NumberofCoversSoldSource13","count":1,"total_count":0,"probability":0.00046274872744099955,"unique":1,"has_duplicates":false}],"total_count":2161,"type":["String","Null"],"has_duplicates":false,"probability":1},{"name":"NumberofCoversSoldSource14","path":"NumberofCoversSoldSource14","count":2161,"types":[{"name":"String","bsonType":"String","path":"NumberofCoversSoldSource14","count":2160,"total_count":0,"probability":0.999537251272559},{"name":"Null","bsonType":"Null","path":"NumberofCoversSoldSource14","count":1,"total_count":0,"probability":0.00046274872744099955,"unique":1,"has_duplicates":false}],"total_count":2161,"type":["String","Null"],"has_duplicates":false,"probability":1},{"name":"NumberofCoversSoldSource15","path":"NumberofCoversSoldSource15","count":2161,"types":[{"name":"String","bsonType":"String","path":"NumberofCoversSoldSource15","count":2160,"total_count":0,"probability":0.999537251272559},{"name":"Null","bsonType":"Null","path":"NumberofCoversSoldSource15","count":1,"total_count":0,"probability":0.00046274872744099955,"unique":1,"has_duplicates":false}],"total_count":2161,"type":["String","Null"],"has_duplicates":false,"probability":1},{"name":"NumberofCoversSoldSource16","path":"NumberofCoversSoldSource16","count":2161,"types":[{"name":"String","bsonType":"String","path":"NumberofCoversSoldSource16","count":2160,"total_count":0,"probability":0.999537251272559},{"name":"Null","bsonType":"Null","path":"NumberofCoversSoldSource16","count":1,"total_count":0,"probability":0.00046274872744099955,"unique":1,"has_duplicates":false}],"total_count":2161,"type":["String","Null"],"has_duplicates":false,"probability":1},{"name":"NumberofCoversSoldSource17","path":"NumberofCoversSoldSource17","count":2161,"types":[{"name":"String","bsonType":"String","path":"NumberofCoversSoldSource17","count":2160,"total_count":0,"probability":0.999537251272559},{"name":"Null","bsonType":"Null","path":"NumberofCoversSoldSource17","count":1,"total_count":0,"probability":0.00046274872744099955,"unique":1,"has_duplicates":false}],"total_count":2161,"type":["String","Null"],"has_duplicates":false,"probability":1},{"name":"NumberofCoversSoldSource18","path":"NumberofCoversSoldSource18","count":2161,"types":[{"name":"String","bsonType":"String","path":"NumberofCoversSoldSource18","count":2160,"total_count":0,"probability":0.999537251272559},{"name":"Null","bsonType":"Null","path":"NumberofCoversSoldSource18","count":1,"total_count":0,"probability":0.00046274872744099955,"unique":1,"has_duplicates":false}],"total_count":2161,"type":["String","Null"],"has_duplicates":false,"probability":1},{"name":"NumberofCoversSoldSource19","path":"NumberofCoversSoldSource19","count":2161,"types":[{"name":"String","bsonType":"String","path":"NumberofCoversSoldSource19","count":2160,"total_count":0,"probability":0.999537251272559},{"name":"Null","bsonType":"Null","path":"NumberofCoversSoldSource19","count":1,"total_count":0,"probability":0.00046274872744099955,"unique":1,"has_duplicates":false}],"total_count":2161,"type":["String","Null"],"has_duplicates":false,"probability":1},{"name":"NumberofCoversSoldSource2","path":"NumberofCoversSoldSource2","count":2161,"types":[{"name":"String","bsonType":"String","path":"NumberofCoversSoldSource2","count":2160,"total_count":0,"probability":0.999537251272559},{"name":"Null","bsonType":"Null","path":"NumberofCoversSoldSource2","count":1,"total_count":0,"probability":0.00046274872744099955,"unique":1,"has_duplicates":false}],"total_count":2161,"type":["String","Null"],"has_duplicates":false,"probability":1},{"name":"NumberofCoversSoldSource20","path":"NumberofCoversSoldSource20","count":2161,"types":[{"name":"String","bsonType":"String","path":"NumberofCoversSoldSource20","count":2160,"total_count":0,"probability":0.999537251272559},{"name":"Null","bsonType":"Null","path":"NumberofCoversSoldSource20","count":1,"total_count":0,"probability":0.00046274872744099955,"unique":1,"has_duplicates":false}],"total_count":2161,"type":["String","Null"],"has_duplicates":false,"probability":1},{"name":"NumberofCoversSoldSource3","path":"NumberofCoversSoldSource3","count":2161,"types":[{"name":"String","bsonType":"String","path":"NumberofCoversSoldSource3","count":2160,"total_count":0,"probability":0.999537251272559},{"name":"Null","bsonType":"Null","path":"NumberofCoversSoldSource3","count":1,"total_count":0,"probability":0.00046274872744099955,"unique":1,"has_duplicates":false}],"total_count":2161,"type":["String","Null"],"has_duplicates":false,"probability":1},{"name":"NumberofCoversSoldSource4","path":"NumberofCoversSoldSource4","count":2161,"types":[{"name":"String","bsonType":"String","path":"NumberofCoversSoldSource4","count":2160,"total_count":0,"probability":0.999537251272559},{"name":"Null","bsonType":"Null","path":"NumberofCoversSoldSource4","count":1,"total_count":0,"probability":0.00046274872744099955,"unique":1,"has_duplicates":false}],"total_count":2161,"type":["String","Null"],"has_duplicates":false,"probability":1},{"name":"NumberofCoversSoldSource5","path":"NumberofCoversSoldSource5","count":2161,"types":[{"name":"String","bsonType":"String","path":"NumberofCoversSoldSource5","count":2160,"total_count":0,"probability":0.999537251272559},{"name":"Null","bsonType":"Null","path":"NumberofCoversSoldSource5","count":1,"total_count":0,"probability":0.00046274872744099955,"unique":1,"has_duplicates":false}],"total_count":2161,"type":["String","Null"],"has_duplicates":false,"probability":1},{"name":"NumberofCoversSoldSource6","path":"NumberofCoversSoldSource6","count":2161,"types":[{"name":"String","bsonType":"String","path":"NumberofCoversSoldSource6","count":2160,"total_count":0,"probability":0.999537251272559},{"name":"Null","bsonType":"Null","path":"NumberofCoversSoldSource6","count":1,"total_count":0,"probability":0.00046274872744099955,"unique":1,"has_duplicates":false}],"total_count":2161,"type":["String","Null"],"has_duplicates":false,"probability":1},{"name":"NumberofCoversSoldSource7","path":"NumberofCoversSoldSource7","count":2161,"types":[{"name":"String","bsonType":"String","path":"NumberofCoversSoldSource7","count":2160,"total_count":0,"probability":0.999537251272559},{"name":"Null","bsonType":"Null","path":"NumberofCoversSoldSource7","count":1,"total_count":0,"probability":0.00046274872744099955,"unique":1,"has_duplicates":false}],"total_count":2161,"type":["String","Null"],"has_duplicates":false,"probability":1},{"name":"NumberofCoversSoldSource8","path":"NumberofCoversSoldSource8","count":2161,"types":[{"name":"String","bsonType":"String","path":"NumberofCoversSoldSource8","count":2160,"total_count":0,"probability":0.999537251272559},{"name":"Null","bsonType":"Null","path":"NumberofCoversSoldSource8","count":1,"total_count":0,"probability":0.00046274872744099955,"unique":1,"has_duplicates":false}],"total_count":2161,"type":["String","Null"],"has_duplicates":false,"probability":1},{"name":"NumberofCoversSoldSource9","path":"NumberofCoversSoldSource9","count":2161,"types":[{"name":"String","bsonType":"String","path":"NumberofCoversSoldSource9","count":2160,"total_count":0,"probability":0.999537251272559},{"name":"Null","bsonType":"Null","path":"NumberofCoversSoldSource9","count":1,"total_count":0,"probability":0.00046274872744099955,"unique":1,"has_duplicates":false}],"total_count":2161,"type":["String","Null"],"has_duplicates":false,"probability":1},{"name":"NumberofRoomsSoldSource1","path":"NumberofRoomsSoldSource1","count":2161,"types":[{"name":"String","bsonType":"String","path":"NumberofRoomsSoldSource1","count":2160,"total_count":0,"probability":0.999537251272559},{"name":"Null","bsonType":"Null","path":"NumberofRoomsSoldSource1","count":1,"total_count":0,"probability":0.00046274872744099955,"unique":1,"has_duplicates":false}],"total_count":2161,"type":["String","Null"],"has_duplicates":false,"probability":1},{"name":"NumberofRoomsSoldSource10","path":"NumberofRoomsSoldSource10","count":2161,"types":[{"name":"String","bsonType":"String","path":"NumberofRoomsSoldSource10","count":2160,"total_count":0,"probability":0.999537251272559},{"name":"Null","bsonType":"Null","path":"NumberofRoomsSoldSource10","count":1,"total_count":0,"probability":0.00046274872744099955,"unique":1,"has_duplicates":false}],"total_count":2161,"type":["String","Null"],"has_duplicates":false,"probability":1},{"name":"NumberofRoomsSoldSource11","path":"NumberofRoomsSoldSource11","count":2161,"types":[{"name":"String","bsonType":"String","path":"NumberofRoomsSoldSource11","count":2160,"total_count":0,"probability":0.999537251272559},{"name":"Null","bsonType":"Null","path":"NumberofRoomsSoldSource11","count":1,"total_count":0,"probability":0.00046274872744099955,"unique":1,"has_duplicates":false}],"total_count":2161,"type":["String","Null"],"has_duplicates":false,"probability":1},{"name":"NumberofRoomsSoldSource12","path":"NumberofRoomsSoldSource12","count":2161,"types":[{"name":"String","bsonType":"String","path":"NumberofRoomsSoldSource12","count":2160,"total_count":0,"probability":0.999537251272559},{"name":"Null","bsonType":"Null","path":"NumberofRoomsSoldSource12","count":1,"total_count":0,"probability":0.00046274872744099955,"unique":1,"has_duplicates":false}],"total_count":2161,"type":["String","Null"],"has_duplicates":false,"probability":1},{"name":"NumberofRoomsSoldSource13","path":"NumberofRoomsSoldSource13","count":2161,"types":[{"name":"String","bsonType":"String","path":"NumberofRoomsSoldSource13","count":2160,"total_count":0,"probability":0.999537251272559},{"name":"Null","bsonType":"Null","path":"NumberofRoomsSoldSource13","count":1,"total_count":0,"probability":0.00046274872744099955,"unique":1,"has_duplicates":false}],"total_count":2161,"type":["String","Null"],"has_duplicates":false,"probability":1},{"name":"NumberofRoomsSoldSource14","path":"NumberofRoomsSoldSource14","count":2161,"types":[{"name":"String","bsonType":"String","path":"NumberofRoomsSoldSource14","count":2160,"total_count":0,"probability":0.999537251272559},{"name":"Null","bsonType":"Null","path":"NumberofRoomsSoldSource14","count":1,"total_count":0,"probability":0.00046274872744099955,"unique":1,"has_duplicates":false}],"total_count":2161,"type":["String","Null"],"has_duplicates":false,"probability":1},{"name":"NumberofRoomsSoldSource15","path":"NumberofRoomsSoldSource15","count":2161,"types":[{"name":"String","bsonType":"String","path":"NumberofRoomsSoldSource15","count":2160,"total_count":0,"probability":0.999537251272559},{"name":"Null","bsonType":"Null","path":"NumberofRoomsSoldSource15","count":1,"total_count":0,"probability":0.00046274872744099955,"unique":1,"has_duplicates":false}],"total_count":2161,"type":["String","Null"],"has_duplicates":false,"probability":1},{"name":"NumberofRoomsSoldSource16","path":"NumberofRoomsSoldSource16","count":2161,"types":[{"name":"String","bsonType":"String","path":"NumberofRoomsSoldSource16","count":2160,"total_count":0,"probability":0.999537251272559},{"name":"Null","bsonType":"Null","path":"NumberofRoomsSoldSource16","count":1,"total_count":0,"probability":0.00046274872744099955,"unique":1,"has_duplicates":false}],"total_count":2161,"type":["String","Null"],"has_duplicates":false,"probability":1},{"name":"NumberofRoomsSoldSource17","path":"NumberofRoomsSoldSource17","count":2161,"types":[{"name":"String","bsonType":"String","path":"NumberofRoomsSoldSource17","count":2160,"total_count":0,"probability":0.999537251272559},{"name":"Null","bsonType":"Null","path":"NumberofRoomsSoldSource17","count":1,"total_count":0,"probability":0.00046274872744099955,"unique":1,"has_duplicates":false}],"total_count":2161,"type":["String","Null"],"has_duplicates":false,"probability":1},{"name":"NumberofRoomsSoldSource18","path":"NumberofRoomsSoldSource18","count":2161,"types":[{"name":"String","bsonType":"String","path":"NumberofRoomsSoldSource18","count":2160,"total_count":0,"probability":0.999537251272559},{"name":"Null","bsonType":"Null","path":"NumberofRoomsSoldSource18","count":1,"total_count":0,"probability":0.00046274872744099955,"unique":1,"has_duplicates":false}],"total_count":2161,"type":["String","Null"],"has_duplicates":false,"probability":1},{"name":"NumberofRoomsSoldSource19","path":"NumberofRoomsSoldSource19","count":2161,"types":[{"name":"String","bsonType":"String","path":"NumberofRoomsSoldSource19","count":2160,"total_count":0,"probability":0.999537251272559},{"name":"Null","bsonType":"Null","path":"NumberofRoomsSoldSource19","count":1,"total_count":0,"probability":0.00046274872744099955,"unique":1,"has_duplicates":false}],"total_count":2161,"type":["String","Null"],"has_duplicates":false,"probability":1},{"name":"NumberofRoomsSoldSource2","path":"NumberofRoomsSoldSource2","count":2161,"types":[{"name":"String","bsonType":"String","path":"NumberofRoomsSoldSource2","count":2160,"total_count":0,"probability":0.999537251272559},{"name":"Null","bsonType":"Null","path":"NumberofRoomsSoldSource2","count":1,"total_count":0,"probability":0.00046274872744099955,"unique":1,"has_duplicates":false}],"total_count":2161,"type":["String","Null"],"has_duplicates":false,"probability":1},{"name":"NumberofRoomsSoldSource20","path":"NumberofRoomsSoldSource20","count":2161,"types":[{"name":"String","bsonType":"String","path":"NumberofRoomsSoldSource20","count":2160,"total_count":0,"probability":0.999537251272559},{"name":"Null","bsonType":"Null","path":"NumberofRoomsSoldSource20","count":1,"total_count":0,"probability":0.00046274872744099955,"unique":1,"has_duplicates":false}],"total_count":2161,"type":["String","Null"],"has_duplicates":false,"probability":1},{"name":"NumberofRoomsSoldSource3","path":"NumberofRoomsSoldSource3","count":2161,"types":[{"name":"String","bsonType":"String","path":"NumberofRoomsSoldSource3","count":2160,"total_count":0,"probability":0.999537251272559},{"name":"Null","bsonType":"Null","path":"NumberofRoomsSoldSource3","count":1,"total_count":0,"probability":0.00046274872744099955,"unique":1,"has_duplicates":false}],"total_count":2161,"type":["String","Null"],"has_duplicates":false,"probability":1},{"name":"NumberofRoomsSoldSource4","path":"NumberofRoomsSoldSource4","count":2161,"types":[{"name":"String","bsonType":"String","path":"NumberofRoomsSoldSource4","count":2160,"total_count":0,"probability":0.999537251272559},{"name":"Null","bsonType":"Null","path":"NumberofRoomsSoldSource4","count":1,"total_count":0,"probability":0.00046274872744099955,"unique":1,"has_duplicates":false}],"total_count":2161,"type":["String","Null"],"has_duplicates":false,"probability":1},{"name":"NumberofRoomsSoldSource5","path":"NumberofRoomsSoldSource5","count":2161,"types":[{"name":"String","bsonType":"String","path":"NumberofRoomsSoldSource5","count":2160,"total_count":0,"probability":0.999537251272559},{"name":"Null","bsonType":"Null","path":"NumberofRoomsSoldSource5","count":1,"total_count":0,"probability":0.00046274872744099955,"unique":1,"has_duplicates":false}],"total_count":2161,"type":["String","Null"],"has_duplicates":false,"probability":1},{"name":"NumberofRoomsSoldSource6","path":"NumberofRoomsSoldSource6","count":2161,"types":[{"name":"String","bsonType":"String","path":"NumberofRoomsSoldSource6","count":2160,"total_count":0,"probability":0.999537251272559},{"name":"Null","bsonType":"Null","path":"NumberofRoomsSoldSource6","count":1,"total_count":0,"probability":0.00046274872744099955,"unique":1,"has_duplicates":false}],"total_count":2161,"type":["String","Null"],"has_duplicates":false,"probability":1},{"name":"NumberofRoomsSoldSource7","path":"NumberofRoomsSoldSource7","count":2161,"types":[{"name":"String","bsonType":"String","path":"NumberofRoomsSoldSource7","count":2160,"total_count":0,"probability":0.999537251272559},{"name":"Null","bsonType":"Null","path":"NumberofRoomsSoldSource7","count":1,"total_count":0,"probability":0.00046274872744099955,"unique":1,"has_duplicates":false}],"total_count":2161,"type":["String","Null"],"has_duplicates":false,"probability":1},{"name":"NumberofRoomsSoldSource8","path":"NumberofRoomsSoldSource8","count":2161,"types":[{"name":"String","bsonType":"String","path":"NumberofRoomsSoldSource8","count":2160,"total_count":0,"probability":0.999537251272559},{"name":"Null","bsonType":"Null","path":"NumberofRoomsSoldSource8","count":1,"total_count":0,"probability":0.00046274872744099955,"unique":1,"has_duplicates":false}],"total_count":2161,"type":["String","Null"],"has_duplicates":false,"probability":1},{"name":"NumberofRoomsSoldSource9","path":"NumberofRoomsSoldSource9","count":2161,"types":[{"name":"String","bsonType":"String","path":"NumberofRoomsSoldSource9","count":2160,"total_count":0,"probability":0.999537251272559},{"name":"Null","bsonType":"Null","path":"NumberofRoomsSoldSource9","count":1,"total_count":0,"probability":0.00046274872744099955,"unique":1,"has_duplicates":false}],"total_count":2161,"type":["String","Null"],"has_duplicates":false,"probability":1},{"name":"OtherIncomeSource1","path":"OtherIncomeSource1","count":2161,"types":[{"name":"String","bsonType":"String","path":"OtherIncomeSource1","count":2160,"total_count":0,"probability":0.999537251272559},{"name":"Null","bsonType":"Null","path":"OtherIncomeSource1","count":1,"total_count":0,"probability":0.00046274872744099955,"unique":1,"has_duplicates":false}],"total_count":2161,"type":["String","Null"],"has_duplicates":false,"probability":1},{"name":"OtherIncomeSource10","path":"OtherIncomeSource10","count":2161,"types":[{"name":"String","bsonType":"String","path":"OtherIncomeSource10","count":2160,"total_count":0,"probability":0.999537251272559},{"name":"Null","bsonType":"Null","path":"OtherIncomeSource10","count":1,"total_count":0,"probability":0.00046274872744099955,"unique":1,"has_duplicates":false}],"total_count":2161,"type":["String","Null"],"has_duplicates":false,"probability":1},{"name":"OtherIncomeSource11","path":"OtherIncomeSource11","count":2161,"types":[{"name":"String","bsonType":"String","path":"OtherIncomeSource11","count":2160,"total_count":0,"probability":0.999537251272559},{"name":"Null","bsonType":"Null","path":"OtherIncomeSource11","count":1,"total_count":0,"probability":0.00046274872744099955,"unique":1,"has_duplicates":false}],"total_count":2161,"type":["String","Null"],"has_duplicates":false,"probability":1},{"name":"OtherIncomeSource12","path":"OtherIncomeSource12","count":2161,"types":[{"name":"String","bsonType":"String","path":"OtherIncomeSource12","count":2160,"total_count":0,"probability":0.999537251272559},{"name":"Null","bsonType":"Null","path":"OtherIncomeSource12","count":1,"total_count":0,"probability":0.00046274872744099955,"unique":1,"has_duplicates":false}],"total_count":2161,"type":["String","Null"],"has_duplicates":false,"probability":1},{"name":"OtherIncomeSource13","path":"OtherIncomeSource13","count":2161,"types":[{"name":"String","bsonType":"String","path":"OtherIncomeSource13","count":2160,"total_count":0,"probability":0.999537251272559},{"name":"Null","bsonType":"Null","path":"OtherIncomeSource13","count":1,"total_count":0,"probability":0.00046274872744099955,"unique":1,"has_duplicates":false}],"total_count":2161,"type":["String","Null"],"has_duplicates":false,"probability":1},{"name":"OtherIncomeSource14","path":"OtherIncomeSource14","count":2161,"types":[{"name":"String","bsonType":"String","path":"OtherIncomeSource14","count":2160,"total_count":0,"probability":0.999537251272559},{"name":"Null","bsonType":"Null","path":"OtherIncomeSource14","count":1,"total_count":0,"probability":0.00046274872744099955,"unique":1,"has_duplicates":false}],"total_count":2161,"type":["String","Null"],"has_duplicates":false,"probability":1},{"name":"OtherIncomeSource15","path":"OtherIncomeSource15","count":2161,"types":[{"name":"String","bsonType":"String","path":"OtherIncomeSource15","count":2160,"total_count":0,"probability":0.999537251272559},{"name":"Null","bsonType":"Null","path":"OtherIncomeSource15","count":1,"total_count":0,"probability":0.00046274872744099955,"unique":1,"has_duplicates":false}],"total_count":2161,"type":["String","Null"],"has_duplicates":false,"probability":1},{"name":"OtherIncomeSource16","path":"OtherIncomeSource16","count":2161,"types":[{"name":"String","bsonType":"String","path":"OtherIncomeSource16","count":2160,"total_count":0,"probability":0.999537251272559},{"name":"Null","bsonType":"Null","path":"OtherIncomeSource16","count":1,"total_count":0,"probability":0.00046274872744099955,"unique":1,"has_duplicates":false}],"total_count":2161,"type":["String","Null"],"has_duplicates":false,"probability":1},{"name":"OtherIncomeSource17","path":"OtherIncomeSource17","count":2161,"types":[{"name":"String","bsonType":"String","path":"OtherIncomeSource17","count":2160,"total_count":0,"probability":0.999537251272559},{"name":"Null","bsonType":"Null","path":"OtherIncomeSource17","count":1,"total_count":0,"probability":0.00046274872744099955,"unique":1,"has_duplicates":false}],"total_count":2161,"type":["String","Null"],"has_duplicates":false,"probability":1},{"name":"OtherIncomeSource18","path":"OtherIncomeSource18","count":2161,"types":[{"name":"String","bsonType":"String","path":"OtherIncomeSource18","count":2160,"total_count":0,"probability":0.999537251272559},{"name":"Null","bsonType":"Null","path":"OtherIncomeSource18","count":1,"total_count":0,"probability":0.00046274872744099955,"unique":1,"has_duplicates":false}],"total_count":2161,"type":["String","Null"],"has_duplicates":false,"probability":1},{"name":"OtherIncomeSource19","path":"OtherIncomeSource19","count":2161,"types":[{"name":"String","bsonType":"String","path":"OtherIncomeSource19","count":2160,"total_count":0,"probability":0.999537251272559},{"name":"Null","bsonType":"Null","path":"OtherIncomeSource19","count":1,"total_count":0,"probability":0.00046274872744099955,"unique":1,"has_duplicates":false}],"total_count":2161,"type":["String","Null"],"has_duplicates":false,"probability":1},{"name":"OtherIncomeSource2","path":"OtherIncomeSource2","count":2161,"types":[{"name":"String","bsonType":"String","path":"OtherIncomeSource2","count":2160,"total_count":0,"probability":0.999537251272559},{"name":"Null","bsonType":"Null","path":"OtherIncomeSource2","count":1,"total_count":0,"probability":0.00046274872744099955,"unique":1,"has_duplicates":false}],"total_count":2161,"type":["String","Null"],"has_duplicates":false,"probability":1},{"name":"OtherIncomeSource20","path":"OtherIncomeSource20","count":2161,"types":[{"name":"String","bsonType":"String","path":"OtherIncomeSource20","count":2160,"total_count":0,"probability":0.999537251272559},{"name":"Null","bsonType":"Null","path":"OtherIncomeSource20","count":1,"total_count":0,"probability":0.00046274872744099955,"unique":1,"has_duplicates":false}],"total_count":2161,"type":["String","Null"],"has_duplicates":false,"probability":1},{"name":"OtherIncomeSource3","path":"OtherIncomeSource3","count":2161,"types":[{"name":"String","bsonType":"String","path":"OtherIncomeSource3","count":2160,"total_count":0,"probability":0.999537251272559},{"name":"Null","bsonType":"Null","path":"OtherIncomeSource3","count":1,"total_count":0,"probability":0.00046274872744099955,"unique":1,"has_duplicates":false}],"total_count":2161,"type":["String","Null"],"has_duplicates":false,"probability":1},{"name":"OtherIncomeSource4","path":"OtherIncomeSource4","count":2161,"types":[{"name":"String","bsonType":"String","path":"OtherIncomeSource4","count":2160,"total_count":0,"probability":0.999537251272559},{"name":"Null","bsonType":"Null","path":"OtherIncomeSource4","count":1,"total_count":0,"probability":0.00046274872744099955,"unique":1,"has_duplicates":false}],"total_count":2161,"type":["String","Null"],"has_duplicates":false,"probability":1},{"name":"OtherIncomeSource5","path":"OtherIncomeSource5","count":2161,"types":[{"name":"String","bsonType":"String","path":"OtherIncomeSource5","count":2160,"total_count":0,"probability":0.999537251272559},{"name":"Null","bsonType":"Null","path":"OtherIncomeSource5","count":1,"total_count":0,"probability":0.00046274872744099955,"unique":1,"has_duplicates":false}],"total_count":2161,"type":["String","Null"],"has_duplicates":false,"probability":1},{"name":"OtherIncomeSource6","path":"OtherIncomeSource6","count":2161,"types":[{"name":"String","bsonType":"String","path":"OtherIncomeSource6","count":2160,"total_count":0,"probability":0.999537251272559},{"name":"Null","bsonType":"Null","path":"OtherIncomeSource6","count":1,"total_count":0,"probability":0.00046274872744099955,"unique":1,"has_duplicates":false}],"total_count":2161,"type":["String","Null"],"has_duplicates":false,"probability":1},{"name":"OtherIncomeSource7","path":"OtherIncomeSource7","count":2161,"types":[{"name":"String","bsonType":"String","path":"OtherIncomeSource7","count":2160,"total_count":0,"probability":0.999537251272559},{"name":"Null","bsonType":"Null","path":"OtherIncomeSource7","count":1,"total_count":0,"probability":0.00046274872744099955,"unique":1,"has_duplicates":false}],"total_count":2161,"type":["String","Null"],"has_duplicates":false,"probability":1},{"name":"OtherIncomeSource8","path":"OtherIncomeSource8","count":2161,"types":[{"name":"String","bsonType":"String","path":"OtherIncomeSource8","count":2160,"total_count":0,"probability":0.999537251272559},{"name":"Null","bsonType":"Null","path":"OtherIncomeSource8","count":1,"total_count":0,"probability":0.00046274872744099955,"unique":1,"has_duplicates":false}],"total_count":2161,"type":["String","Null"],"has_duplicates":false,"probability":1},{"name":"OtherIncomeSource9","path":"OtherIncomeSource9","count":2161,"types":[{"name":"String","bsonType":"String","path":"OtherIncomeSource9","count":2160,"total_count":0,"probability":0.999537251272559},{"name":"Null","bsonType":"Null","path":"OtherIncomeSource9","count":1,"total_count":0,"probability":0.00046274872744099955,"unique":1,"has_duplicates":false}],"total_count":2161,"type":["String","Null"],"has_duplicates":false,"probability":1},{"name":"Outlet1FNB","path":"Outlet1FNB","count":2161,"types":[{"name":"Null","bsonType":"Null","path":"Outlet1FNB","count":1251,"total_count":0,"probability":0.5788986580286904,"unique":1,"has_duplicates":true},{"name":"String","bsonType":"String","path":"Outlet1FNB","count":910,"total_count":0,"probability":0.4211013419713096}],"total_count":2161,"type":["Null","String"],"has_duplicates":true,"probability":1},{"name":"Outlet1Other","path":"Outlet1Other","count":2161,"types":[{"name":"Null","bsonType":"Null","path":"Outlet1Other","count":1251,"total_count":0,"probability":0.5788986580286904,"unique":1,"has_duplicates":true},{"name":"String","bsonType":"String","path":"Outlet1Other","count":910,"total_count":0,"probability":0.4211013419713096}],"total_count":2161,"type":["Null","String"],"has_duplicates":true,"probability":1},{"name":"Outlet2FNB","path":"Outlet2FNB","count":2161,"types":[{"name":"Null","bsonType":"Null","path":"Outlet2FNB","count":1251,"total_count":0,"probability":0.5788986580286904,"unique":1,"has_duplicates":true},{"name":"String","bsonType":"String","path":"Outlet2FNB","count":910,"total_count":0,"probability":0.4211013419713096}],"total_count":2161,"type":["Null","String"],"has_duplicates":true,"probability":1},{"name":"Outlet2Other","path":"Outlet2Other","count":2161,"types":[{"name":"Null","bsonType":"Null","path":"Outlet2Other","count":1251,"total_count":0,"probability":0.5788986580286904,"unique":1,"has_duplicates":true},{"name":"String","bsonType":"String","path":"Outlet2Other","count":910,"total_count":0,"probability":0.4211013419713096}],"total_count":2161,"type":["Null","String"],"has_duplicates":true,"probability":1},{"name":"Outlet3FNB","path":"Outlet3FNB","count":2161,"types":[{"name":"Null","bsonType":"Null","path":"Outlet3FNB","count":1251,"total_count":0,"probability":0.5788986580286904,"unique":1,"has_duplicates":true},{"name":"String","bsonType":"String","path":"Outlet3FNB","count":910,"total_count":0,"probability":0.4211013419713096}],"total_count":2161,"type":["Null","String"],"has_duplicates":true,"probability":1},{"name":"Outlet3Other","path":"Outlet3Other","count":2161,"types":[{"name":"Null","bsonType":"Null","path":"Outlet3Other","count":1251,"total_count":0,"probability":0.5788986580286904,"unique":1,"has_duplicates":true},{"name":"String","bsonType":"String","path":"Outlet3Other","count":910,"total_count":0,"probability":0.4211013419713096}],"total_count":2161,"type":["Null","String"],"has_duplicates":true,"probability":1},{"name":"Outlet4FNB","path":"Outlet4FNB","count":2161,"types":[{"name":"Null","bsonType":"Null","path":"Outlet4FNB","count":1251,"total_count":0,"probability":0.5788986580286904,"unique":1,"has_duplicates":true},{"name":"String","bsonType":"String","path":"Outlet4FNB","count":910,"total_count":0,"probability":0.4211013419713096}],"total_count":2161,"type":["Null","String"],"has_duplicates":true,"probability":1},{"name":"Outlet4Other","path":"Outlet4Other","count":2161,"types":[{"name":"Null","bsonType":"Null","path":"Outlet4Other","count":1251,"total_count":0,"probability":0.5788986580286904,"unique":1,"has_duplicates":true},{"name":"String","bsonType":"String","path":"Outlet4Other","count":910,"total_count":0,"probability":0.4211013419713096}],"total_count":2161,"type":["Null","String"],"has_duplicates":true,"probability":1},{"name":"Parking","path":"Parking","count":2161,"types":[{"name":"Null","bsonType":"Null","path":"Parking","count":1251,"total_count":0,"probability":0.5788986580286904,"unique":1,"has_duplicates":true},{"name":"String","bsonType":"String","path":"Parking","count":910,"total_count":0,"probability":0.4211013419713096}],"total_count":2161,"type":["Null","String"],"has_duplicates":true,"probability":1},{"name":"Restaurant","path":"Restaurant","count":2161,"types":[{"name":"Null","bsonType":"Null","path":"Restaurant","count":1251,"total_count":0,"probability":0.5788986580286904,"unique":1,"has_duplicates":true},{"name":"String","bsonType":"String","path":"Restaurant","count":910,"total_count":0,"probability":0.4211013419713096}],"total_count":2161,"type":["Null","String"],"has_duplicates":true,"probability":1},{"name":"RoomRevenueSource1","path":"RoomRevenueSource1","count":2161,"types":[{"name":"String","bsonType":"String","path":"RoomRevenueSource1","count":2160,"total_count":0,"probability":0.999537251272559},{"name":"Null","bsonType":"Null","path":"RoomRevenueSource1","count":1,"total_count":0,"probability":0.00046274872744099955,"unique":1,"has_duplicates":false}],"total_count":2161,"type":["String","Null"],"has_duplicates":false,"probability":1},{"name":"RoomRevenueSource10","path":"RoomRevenueSource10","count":2161,"types":[{"name":"String","bsonType":"String","path":"RoomRevenueSource10","count":2160,"total_count":0,"probability":0.999537251272559},{"name":"Null","bsonType":"Null","path":"RoomRevenueSource10","count":1,"total_count":0,"probability":0.00046274872744099955,"unique":1,"has_duplicates":false}],"total_count":2161,"type":["String","Null"],"has_duplicates":false,"probability":1},{"name":"RoomRevenueSource11","path":"RoomRevenueSource11","count":2161,"types":[{"name":"String","bsonType":"String","path":"RoomRevenueSource11","count":2160,"total_count":0,"probability":0.999537251272559},{"name":"Null","bsonType":"Null","path":"RoomRevenueSource11","count":1,"total_count":0,"probability":0.00046274872744099955,"unique":1,"has_duplicates":false}],"total_count":2161,"type":["String","Null"],"has_duplicates":false,"probability":1},{"name":"RoomRevenueSource12","path":"RoomRevenueSource12","count":2161,"types":[{"name":"String","bsonType":"String","path":"RoomRevenueSource12","count":2160,"total_count":0,"probability":0.999537251272559},{"name":"Null","bsonType":"Null","path":"RoomRevenueSource12","count":1,"total_count":0,"probability":0.00046274872744099955,"unique":1,"has_duplicates":false}],"total_count":2161,"type":["String","Null"],"has_duplicates":false,"probability":1},{"name":"RoomRevenueSource13","path":"RoomRevenueSource13","count":2161,"types":[{"name":"String","bsonType":"String","path":"RoomRevenueSource13","count":2160,"total_count":0,"probability":0.999537251272559},{"name":"Null","bsonType":"Null","path":"RoomRevenueSource13","count":1,"total_count":0,"probability":0.00046274872744099955,"unique":1,"has_duplicates":false}],"total_count":2161,"type":["String","Null"],"has_duplicates":false,"probability":1},{"name":"RoomRevenueSource14","path":"RoomRevenueSource14","count":2161,"types":[{"name":"String","bsonType":"String","path":"RoomRevenueSource14","count":2160,"total_count":0,"probability":0.999537251272559},{"name":"Null","bsonType":"Null","path":"RoomRevenueSource14","count":1,"total_count":0,"probability":0.00046274872744099955,"unique":1,"has_duplicates":false}],"total_count":2161,"type":["String","Null"],"has_duplicates":false,"probability":1},{"name":"RoomRevenueSource15","path":"RoomRevenueSource15","count":2161,"types":[{"name":"String","bsonType":"String","path":"RoomRevenueSource15","count":2160,"total_count":0,"probability":0.999537251272559},{"name":"Null","bsonType":"Null","path":"RoomRevenueSource15","count":1,"total_count":0,"probability":0.00046274872744099955,"unique":1,"has_duplicates":false}],"total_count":2161,"type":["String","Null"],"has_duplicates":false,"probability":1},{"name":"RoomRevenueSource16","path":"RoomRevenueSource16","count":2161,"types":[{"name":"String","bsonType":"String","path":"RoomRevenueSource16","count":2160,"total_count":0,"probability":0.999537251272559},{"name":"Null","bsonType":"Null","path":"RoomRevenueSource16","count":1,"total_count":0,"probability":0.00046274872744099955,"unique":1,"has_duplicates":false}],"total_count":2161,"type":["String","Null"],"has_duplicates":false,"probability":1},{"name":"RoomRevenueSource17","path":"RoomRevenueSource17","count":2161,"types":[{"name":"String","bsonType":"String","path":"RoomRevenueSource17","count":2160,"total_count":0,"probability":0.999537251272559},{"name":"Null","bsonType":"Null","path":"RoomRevenueSource17","count":1,"total_count":0,"probability":0.00046274872744099955,"unique":1,"has_duplicates":false}],"total_count":2161,"type":["String","Null"],"has_duplicates":false,"probability":1},{"name":"RoomRevenueSource18","path":"RoomRevenueSource18","count":2161,"types":[{"name":"String","bsonType":"String","path":"RoomRevenueSource18","count":2160,"total_count":0,"probability":0.999537251272559},{"name":"Null","bsonType":"Null","path":"RoomRevenueSource18","count":1,"total_count":0,"probability":0.00046274872744099955,"unique":1,"has_duplicates":false}],"total_count":2161,"type":["String","Null"],"has_duplicates":false,"probability":1},{"name":"RoomRevenueSource19","path":"RoomRevenueSource19","count":2161,"types":[{"name":"String","bsonType":"String","path":"RoomRevenueSource19","count":2160,"total_count":0,"probability":0.999537251272559},{"name":"Null","bsonType":"Null","path":"RoomRevenueSource19","count":1,"total_count":0,"probability":0.00046274872744099955,"unique":1,"has_duplicates":false}],"total_count":2161,"type":["String","Null"],"has_duplicates":false,"probability":1},{"name":"RoomRevenueSource2","path":"RoomRevenueSource2","count":2161,"types":[{"name":"String","bsonType":"String","path":"RoomRevenueSource2","count":2160,"total_count":0,"probability":0.999537251272559},{"name":"Null","bsonType":"Null","path":"RoomRevenueSource2","count":1,"total_count":0,"probability":0.00046274872744099955,"unique":1,"has_duplicates":false}],"total_count":2161,"type":["String","Null"],"has_duplicates":false,"probability":1},{"name":"RoomRevenueSource20","path":"RoomRevenueSource20","count":2161,"types":[{"name":"String","bsonType":"String","path":"RoomRevenueSource20","count":2160,"total_count":0,"probability":0.999537251272559},{"name":"Null","bsonType":"Null","path":"RoomRevenueSource20","count":1,"total_count":0,"probability":0.00046274872744099955,"unique":1,"has_duplicates":false}],"total_count":2161,"type":["String","Null"],"has_duplicates":false,"probability":1},{"name":"RoomRevenueSource3","path":"RoomRevenueSource3","count":2161,"types":[{"name":"String","bsonType":"String","path":"RoomRevenueSource3","count":2160,"total_count":0,"probability":0.999537251272559},{"name":"Null","bsonType":"Null","path":"RoomRevenueSource3","count":1,"total_count":0,"probability":0.00046274872744099955,"unique":1,"has_duplicates":false}],"total_count":2161,"type":["String","Null"],"has_duplicates":false,"probability":1},{"name":"RoomRevenueSource4","path":"RoomRevenueSource4","count":2161,"types":[{"name":"String","bsonType":"String","path":"RoomRevenueSource4","count":2160,"total_count":0,"probability":0.999537251272559},{"name":"Null","bsonType":"Null","path":"RoomRevenueSource4","count":1,"total_count":0,"probability":0.00046274872744099955,"unique":1,"has_duplicates":false}],"total_count":2161,"type":["String","Null"],"has_duplicates":false,"probability":1},{"name":"RoomRevenueSource5","path":"RoomRevenueSource5","count":2161,"types":[{"name":"String","bsonType":"String","path":"RoomRevenueSource5","count":2160,"total_count":0,"probability":0.999537251272559},{"name":"Null","bsonType":"Null","path":"RoomRevenueSource5","count":1,"total_count":0,"probability":0.00046274872744099955,"unique":1,"has_duplicates":false}],"total_count":2161,"type":["String","Null"],"has_duplicates":false,"probability":1},{"name":"RoomRevenueSource6","path":"RoomRevenueSource6","count":2161,"types":[{"name":"String","bsonType":"String","path":"RoomRevenueSource6","count":2160,"total_count":0,"probability":0.999537251272559},{"name":"Null","bsonType":"Null","path":"RoomRevenueSource6","count":1,"total_count":0,"probability":0.00046274872744099955,"unique":1,"has_duplicates":false}],"total_count":2161,"type":["String","Null"],"has_duplicates":false,"probability":1},{"name":"RoomRevenueSource7","path":"RoomRevenueSource7","count":2161,"types":[{"name":"String","bsonType":"String","path":"RoomRevenueSource7","count":2160,"total_count":0,"probability":0.999537251272559},{"name":"Null","bsonType":"Null","path":"RoomRevenueSource7","count":1,"total_count":0,"probability":0.00046274872744099955,"unique":1,"has_duplicates":false}],"total_count":2161,"type":["String","Null"],"has_duplicates":false,"probability":1},{"name":"RoomRevenueSource8","path":"RoomRevenueSource8","count":2161,"types":[{"name":"String","bsonType":"String","path":"RoomRevenueSource8","count":2160,"total_count":0,"probability":0.999537251272559},{"name":"Null","bsonType":"Null","path":"RoomRevenueSource8","count":1,"total_count":0,"probability":0.00046274872744099955,"unique":1,"has_duplicates":false}],"total_count":2161,"type":["String","Null"],"has_duplicates":false,"probability":1},{"name":"RoomRevenueSource9","path":"RoomRevenueSource9","count":2161,"types":[{"name":"String","bsonType":"String","path":"RoomRevenueSource9","count":2160,"total_count":0,"probability":0.999537251272559},{"name":"Null","bsonType":"Null","path":"RoomRevenueSource9","count":1,"total_count":0,"probability":0.00046274872744099955,"unique":1,"has_duplicates":false}],"total_count":2161,"type":["String","Null"],"has_duplicates":false,"probability":1},{"name":"TaxSource1","path":"TaxSource1","count":2161,"types":[{"name":"String","bsonType":"String","path":"TaxSource1","count":1896,"total_count":0,"probability":0.8773715872281351},{"name":"Null","bsonType":"Null","path":"TaxSource1","count":265,"total_count":0,"probability":0.12262841277186488,"unique":1,"has_duplicates":true}],"total_count":2161,"type":["String","Null"],"has_duplicates":true,"probability":1},{"name":"TaxSource10","path":"TaxSource10","count":2161,"types":[{"name":"String","bsonType":"String","path":"TaxSource10","count":1896,"total_count":0,"probability":0.8773715872281351},{"name":"Null","bsonType":"Null","path":"TaxSource10","count":265,"total_count":0,"probability":0.12262841277186488,"unique":1,"has_duplicates":true}],"total_count":2161,"type":["String","Null"],"has_duplicates":true,"probability":1},{"name":"TaxSource11","path":"TaxSource11","count":2161,"types":[{"name":"String","bsonType":"String","path":"TaxSource11","count":1896,"total_count":0,"probability":0.8773715872281351},{"name":"Null","bsonType":"Null","path":"TaxSource11","count":265,"total_count":0,"probability":0.12262841277186488,"unique":1,"has_duplicates":true}],"total_count":2161,"type":["String","Null"],"has_duplicates":true,"probability":1},{"name":"TaxSource12","path":"TaxSource12","count":2161,"types":[{"name":"String","bsonType":"String","path":"TaxSource12","count":1896,"total_count":0,"probability":0.8773715872281351},{"name":"Null","bsonType":"Null","path":"TaxSource12","count":265,"total_count":0,"probability":0.12262841277186488,"unique":1,"has_duplicates":true}],"total_count":2161,"type":["String","Null"],"has_duplicates":true,"probability":1},{"name":"TaxSource13","path":"TaxSource13","count":2161,"types":[{"name":"String","bsonType":"String","path":"TaxSource13","count":1896,"total_count":0,"probability":0.8773715872281351},{"name":"Null","bsonType":"Null","path":"TaxSource13","count":265,"total_count":0,"probability":0.12262841277186488,"unique":1,"has_duplicates":true}],"total_count":2161,"type":["String","Null"],"has_duplicates":true,"probability":1},{"name":"TaxSource14","path":"TaxSource14","count":2161,"types":[{"name":"String","bsonType":"String","path":"TaxSource14","count":1896,"total_count":0,"probability":0.8773715872281351},{"name":"Null","bsonType":"Null","path":"TaxSource14","count":265,"total_count":0,"probability":0.12262841277186488,"unique":1,"has_duplicates":true}],"total_count":2161,"type":["String","Null"],"has_duplicates":true,"probability":1},{"name":"TaxSource15","path":"TaxSource15","count":2161,"types":[{"name":"String","bsonType":"String","path":"TaxSource15","count":1896,"total_count":0,"probability":0.8773715872281351},{"name":"Null","bsonType":"Null","path":"TaxSource15","count":265,"total_count":0,"probability":0.12262841277186488,"unique":1,"has_duplicates":true}],"total_count":2161,"type":["String","Null"],"has_duplicates":true,"probability":1},{"name":"TaxSource16","path":"TaxSource16","count":2161,"types":[{"name":"String","bsonType":"String","path":"TaxSource16","count":1896,"total_count":0,"probability":0.8773715872281351},{"name":"Null","bsonType":"Null","path":"TaxSource16","count":265,"total_count":0,"probability":0.12262841277186488,"unique":1,"has_duplicates":true}],"total_count":2161,"type":["String","Null"],"has_duplicates":true,"probability":1},{"name":"TaxSource2","path":"TaxSource2","count":2161,"types":[{"name":"String","bsonType":"String","path":"TaxSource2","count":1896,"total_count":0,"probability":0.8773715872281351},{"name":"Null","bsonType":"Null","path":"TaxSource2","count":265,"total_count":0,"probability":0.12262841277186488,"unique":1,"has_duplicates":true}],"total_count":2161,"type":["String","Null"],"has_duplicates":true,"probability":1},{"name":"TaxSource3","path":"TaxSource3","count":2161,"types":[{"name":"String","bsonType":"String","path":"TaxSource3","count":1896,"total_count":0,"probability":0.8773715872281351},{"name":"Null","bsonType":"Null","path":"TaxSource3","count":265,"total_count":0,"probability":0.12262841277186488,"unique":1,"has_duplicates":true}],"total_count":2161,"type":["String","Null"],"has_duplicates":true,"probability":1},{"name":"TaxSource4","path":"TaxSource4","count":2161,"types":[{"name":"String","bsonType":"String","path":"TaxSource4","count":1896,"total_count":0,"probability":0.8773715872281351},{"name":"Null","bsonType":"Null","path":"TaxSource4","count":265,"total_count":0,"probability":0.12262841277186488,"unique":1,"has_duplicates":true}],"total_count":2161,"type":["String","Null"],"has_duplicates":true,"probability":1},{"name":"TaxSource5","path":"TaxSource5","count":2161,"types":[{"name":"String","bsonType":"String","path":"TaxSource5","count":1896,"total_count":0,"probability":0.8773715872281351},{"name":"Null","bsonType":"Null","path":"TaxSource5","count":265,"total_count":0,"probability":0.12262841277186488,"unique":1,"has_duplicates":true}],"total_count":2161,"type":["String","Null"],"has_duplicates":true,"probability":1},{"name":"TaxSource6","path":"TaxSource6","count":2161,"types":[{"name":"String","bsonType":"String","path":"TaxSource6","count":1896,"total_count":0,"probability":0.8773715872281351},{"name":"Null","bsonType":"Null","path":"TaxSource6","count":265,"total_count":0,"probability":0.12262841277186488,"unique":1,"has_duplicates":true}],"total_count":2161,"type":["String","Null"],"has_duplicates":true,"probability":1},{"name":"TaxSource7","path":"TaxSource7","count":2161,"types":[{"name":"String","bsonType":"String","path":"TaxSource7","count":1896,"total_count":0,"probability":0.8773715872281351},{"name":"Null","bsonType":"Null","path":"TaxSource7","count":265,"total_count":0,"probability":0.12262841277186488,"unique":1,"has_duplicates":true}],"total_count":2161,"type":["String","Null"],"has_duplicates":true,"probability":1},{"name":"TaxSource8","path":"TaxSource8","count":2161,"types":[{"name":"String","bsonType":"String","path":"TaxSource8","count":1896,"total_count":0,"probability":0.8773715872281351},{"name":"Null","bsonType":"Null","path":"TaxSource8","count":265,"total_count":0,"probability":0.12262841277186488,"unique":1,"has_duplicates":true}],"total_count":2161,"type":["String","Null"],"has_duplicates":true,"probability":1},{"name":"TaxSource9","path":"TaxSource9","count":2161,"types":[{"name":"String","bsonType":"String","path":"TaxSource9","count":1896,"total_count":0,"probability":0.8773715872281351},{"name":"Null","bsonType":"Null","path":"TaxSource9","count":265,"total_count":0,"probability":0.12262841277186488,"unique":1,"has_duplicates":true}],"total_count":2161,"type":["String","Null"],"has_duplicates":true,"probability":1},{"name":"UpdatedBy","path":"UpdatedBy","count":2161,"types":[{"name":"String","bsonType":"String","path":"UpdatedBy","count":2161,"total_count":0,"probability":1}],"total_count":2161,"type":"String","has_duplicates":false,"probability":1},{"name":"UpdatedDateTime","path":"UpdatedDateTime","count":2161,"types":[{"name":"Date","bsonType":"Date","path":"UpdatedDateTime","count":2145,"total_count":0,"probability":0.992596020360944},{"name":"Null","bsonType":"Null","path":"UpdatedDateTime","count":16,"total_count":0,"probability":0.007403979639055993,"unique":1,"has_duplicates":true}],"total_count":2161,"type":["Date","Null"],"has_duplicates":true,"probability":1}],"count":2161}