[{"_id":37,"Id":37,"HotelId":10,"MasterProperty":"Date","AccountingProperty":"BatchID","UpdatedBy":"2","UpdatedDateTime":"2017-07-17T00:00:00.000Z"},{"_id":38,"Id":38,"HotelId":10,"MasterProperty":"Date","AccountingProperty":"Transaction Date","UpdatedBy":"2","UpdatedDateTime":"2017-07-17T00:00:00.000Z"},{"_id":39,"Id":39,"HotelId":10,"MasterProperty":"JE from Myperspective","AccountingProperty":"Reference","UpdatedBy":"2","UpdatedDateTime":"2017-07-17T00:00:00.000Z"},{"_id":40,"Id":40,"HotelId":10,"MasterProperty":"Z-US$","AccountingProperty":"CurrencyID","UpdatedBy":"2","UpdatedDateTime":"2017-07-17T00:00:00.000Z"},{"_id":41,"Id":41,"HotelId":10,"MasterProperty":"Description","AccountingProperty":"Description","UpdatedBy":"2","UpdatedDateTime":"2017-07-17T00:00:00.000Z"},{"_id":42,"Id":42,"HotelId":10,"MasterProperty":"GLcode","AccountingProperty":"Accout","UpdatedBy":"2","UpdatedDateTime":"2017-07-17T00:00:00.000Z"},{"_id":43,"Id":43,"HotelId":10,"MasterProperty":"Debit","AccountingProperty":"Debit","UpdatedBy":"2","UpdatedDateTime":"2017-07-17T00:00:00.000Z"},{"_id":44,"Id":44,"HotelId":10,"MasterProperty":"Credit","AccountingProperty":"Credit","UpdatedBy":"2","UpdatedDateTime":"2017-07-17T00:00:00.000Z"},{"_id":45,"Id":45,"HotelId":723,"MasterProperty":"GLcode","AccountingProperty":"BatchID","UpdatedBy":"5372","UpdatedDateTime":"2020-07-06T00:00:00.000Z"},{"_id":46,"Id":46,"HotelId":723,"MasterProperty":"GLcode","AccountingProperty":"Transaction Date","UpdatedBy":"5372","UpdatedDateTime":"2020-07-06T00:00:00.000Z"},{"_id":47,"Id":47,"HotelId":723,"MasterProperty":"GLcode","AccountingProperty":"Reference","UpdatedBy":"5372","UpdatedDateTime":"2020-07-06T00:00:00.000Z"},{"_id":48,"Id":48,"HotelId":723,"MasterProperty":"GLcode","AccountingProperty":"CurrencyID","UpdatedBy":"5372","UpdatedDateTime":"2020-07-06T00:00:00.000Z"},{"_id":49,"Id":49,"HotelId":723,"MasterProperty":"GLcode","AccountingProperty":"Description","UpdatedBy":"5372","UpdatedDateTime":"2020-07-06T00:00:00.000Z"},{"_id":50,"Id":50,"HotelId":723,"MasterProperty":"Description","AccountingProperty":"Accout","UpdatedBy":"5372","UpdatedDateTime":"2020-07-06T00:00:00.000Z"},{"_id":51,"Id":51,"HotelId":723,"MasterProperty":"Debit","AccountingProperty":"Debit","UpdatedBy":"5372","UpdatedDateTime":"2020-07-06T00:00:00.000Z"},{"_id":52,"Id":52,"HotelId":723,"MasterProperty":"Credit","AccountingProperty":"Credit","UpdatedBy":"5372","UpdatedDateTime":"2020-07-06T00:00:00.000Z"}]