{"fields":[{"name":"_id","path":"_id","count":8,"types":[{"name":"ObjectID","bsonType":"ObjectID","path":"_id","count":8,"total_count":0,"probability":1}],"total_count":8,"type":"ObjectID","has_duplicates":false,"probability":1},{"name":"__v","path":"__v","count":8,"types":[{"name":"Number","bsonType":"Number","path":"__v","count":8,"total_count":0,"probability":1}],"total_count":8,"type":"Number","has_duplicates":false,"probability":1},{"name":"sequence_value","path":"sequence_value","count":8,"types":[{"name":"Number","bsonType":"Number","path":"sequence_value","count":8,"total_count":0,"probability":1}],"total_count":8,"type":"Number","has_duplicates":false,"probability":1},{"name":"tablename","path":"tablename","count":8,"types":[{"name":"String","bsonType":"String","path":"tablename","count":8,"total_count":0,"probability":1}],"total_count":8,"type":"String","has_duplicates":false,"probability":1}],"count":8}