{"fields":[{"name":"_id","path":"_id","count":20000,"types":[{"name":"ObjectID","bsonType":"ObjectID","path":"_id","count":20000,"total_count":0,"probability":1}],"total_count":20000,"type":"ObjectID","has_duplicates":false,"probability":1},{"name":"Category","path":"Category","count":20000,"types":[{"name":"String","bsonType":"String","path":"Category","count":20000,"total_count":0,"probability":1}],"total_count":20000,"type":"String","has_duplicates":false,"probability":1},{"name":"Date","path":"Date","count":20000,"types":[{"name":"Date","bsonType":"Date","path":"Date","count":20000,"total_count":0,"probability":1}],"total_count":20000,"type":"Date","has_duplicates":false,"probability":1},{"name":"Description","path":"Description","count":20000,"types":[{"name":"String","bsonType":"String","path":"Description","count":20000,"total_count":0,"probability":1}],"total_count":20000,"type":"String","has_duplicates":false,"probability":1},{"name":"DisplayDescription","path":"DisplayDescription","count":20000,"types":[{"name":"String","bsonType":"String","path":"DisplayDescription","count":20000,"total_count":0,"probability":1}],"total_count":20000,"type":"String","has_duplicates":false,"probability":1},{"name":"Expense","path":"Expense","count":20000,"types":[{"name":"Number","bsonType":"Number","path":"Expense","count":20000,"total_count":0,"probability":1}],"total_count":20000,"type":"Number","has_duplicates":false,"probability":1},{"name":"GLCode","path":"GLCode","count":20000,"types":[{"name":"String","bsonType":"String","path":"GLCode","count":20000,"total_count":0,"probability":1}],"total_count":20000,"type":"String","has_duplicates":false,"probability":1},{"name":"HotelID","path":"HotelID","count":20000,"types":[{"name":"Number","bsonType":"Number","path":"HotelID","count":20000,"total_count":0,"probability":1}],"total_count":20000,"type":"Number","has_duplicates":false,"probability":1},{"name":"ID","path":"ID","count":20000,"types":[{"name":"Number","bsonType":"Number","path":"ID","count":20000,"total_count":0,"probability":1}],"total_count":20000,"type":"Number","has_duplicates":false,"probability":1},{"name":"MTDBudget","path":"MTDBudget","count":20000,"types":[{"name":"Null","bsonType":"Null","path":"MTDBudget","count":19927,"total_count":0,"probability":0.99635,"unique":1,"has_duplicates":true},{"name":"Number","bsonType":"Number","path":"MTDBudget","count":73,"total_count":0,"probability":0.00365}],"total_count":20000,"type":["Null","Number"],"has_duplicates":true,"probability":1},{"name":"MTDExpense","path":"MTDExpense","count":20000,"types":[{"name":"Number","bsonType":"Number","path":"MTDExpense","count":19116,"total_count":0,"probability":0.9558},{"name":"Null","bsonType":"Null","path":"MTDExpense","count":884,"total_count":0,"probability":0.0442,"unique":1,"has_duplicates":true}],"total_count":20000,"type":["Number","Null"],"has_duplicates":true,"probability":1},{"name":"MTDForecast","path":"MTDForecast","count":20000,"types":[{"name":"Null","bsonType":"Null","path":"MTDForecast","count":19937,"total_count":0,"probability":0.99685,"unique":1,"has_duplicates":true},{"name":"Number","bsonType":"Number","path":"MTDForecast","count":63,"total_count":0,"probability":0.00315}],"total_count":20000,"type":["Null","Number"],"has_duplicates":true,"probability":1},{"name":"UpdatedBy","path":"UpdatedBy","count":20000,"types":[{"name":"String","bsonType":"String","path":"UpdatedBy","count":20000,"total_count":0,"probability":1}],"total_count":20000,"type":"String","has_duplicates":false,"probability":1},{"name":"UpdatedDateTime","path":"UpdatedDateTime","count":20000,"types":[{"name":"Date","bsonType":"Date","path":"UpdatedDateTime","count":20000,"total_count":0,"probability":1}],"total_count":20000,"type":"Date","has_duplicates":false,"probability":1},{"name":"YTDBudget","path":"YTDBudget","count":20000,"types":[{"name":"Null","bsonType":"Null","path":"YTDBudget","count":19927,"total_count":0,"probability":0.99635,"unique":1,"has_duplicates":true},{"name":"Number","bsonType":"Number","path":"YTDBudget","count":73,"total_count":0,"probability":0.00365}],"total_count":20000,"type":["Null","Number"],"has_duplicates":true,"probability":1},{"name":"YTDExpense","path":"YTDExpense","count":20000,"types":[{"name":"Number","bsonType":"Number","path":"YTDExpense","count":18090,"total_count":0,"probability":0.9045},{"name":"Null","bsonType":"Null","path":"YTDExpense","count":1910,"total_count":0,"probability":0.0955,"unique":1,"has_duplicates":true}],"total_count":20000,"type":["Number","Null"],"has_duplicates":true,"probability":1},{"name":"YTDforecast","path":"YTDforecast","count":20000,"types":[{"name":"Null","bsonType":"Null","path":"YTDforecast","count":19937,"total_count":0,"probability":0.99685,"unique":1,"has_duplicates":true},{"name":"Number","bsonType":"Number","path":"YTDforecast","count":63,"total_count":0,"probability":0.00315}],"total_count":20000,"type":["Null","Number"],"has_duplicates":true,"probability":1}],"count":20000}