[{"_id":1,"AlertID":1,"ClientId":"A0089369","CustomerId":"A0054298","ContactId":null,"TopicCode":"BRACKET","SubtopicCode":"UNCHANGED","RankValue":0,"Attribute1":"1","Attribute2":"1","Attribute3":"780","Attribute4":"US FOODS - SWEDESBORO, NJ (DC)","Attribute5":"","CreatedOn":"2019-06-08T01:14:05.830Z","CreatedBy":138,"UpdatedOn":null,"UpdatedBy":null,"hotelID":74,"Alert_Number":null},{"_id":2,"AlertID":2,"ClientId":null,"CustomerId":"138","ContactId":null,"TopicCode":"ITEM","SubtopicCode":"IMPACT","RankValue":108,"Attribute1":"5","Attribute2":"1424","Attribute3":"22","Attribute4":"21429","Attribute5":"","CreatedOn":"2019-06-08T01:14:05.830Z","CreatedBy":138,"UpdatedOn":null,"UpdatedBy":null,"hotelID":74,"Alert_Number":null},{"_id":22,"AlertID":22,"ClientId":"A0089369","CustomerId":"337K9","ContactId":"","TopicCode":"BRACKET","SubtopicCode":"CLOSE_PLUS","RankValue":4820,"Attribute1":"3","Attribute2":"3","Attribute3":"2945","Attribute4":"GORDON FOOD SERVICE - BRIGHTON, MI (DC)","Attribute5":"","CreatedOn":"2020-03-26T00:00:00.000Z","CreatedBy":999,"UpdatedOn":null,"UpdatedBy":null,"hotelID":1153,"Alert_Number":null},{"_id":23,"AlertID":23,"ClientId":"A0089369","CustomerId":"34444","ContactId":"","TopicCode":"BRACKET","SubtopicCode":"UNCHANGED","RankValue":0,"Attribute1":"5","Attribute2":"5","Attribute3":"5854","Attribute4":"US FOODS - ALBANY, NY (DC)","Attribute5":"","CreatedOn":"2020-03-26T00:00:00.000Z","CreatedBy":999,"UpdatedOn":null,"UpdatedBy":null,"hotelID":1153,"Alert_Number":null},{"_id":24,"AlertID":24,"ClientId":"A0089369","CustomerId":"88HI009","ContactId":"","TopicCode":"BRACKET","SubtopicCode":"PACE_MINUS","RankValue":-4216,"Attribute1":"4","Attribute2":"3","Attribute3":"2784","Attribute4":"US FOODS - SWEDESBORO, NJ (DC)","Attribute5":"","CreatedOn":"2020-03-26T00:00:00.000Z","CreatedBy":999,"UpdatedOn":null,"UpdatedBy":null,"hotelID":1153,"Alert_Number":null},{"_id":25,"AlertID":25,"ClientId":"A0089369","CustomerId":"88HI030","ContactId":"","TopicCode":"BRACKET","SubtopicCode":"UNCHANGED","RankValue":0,"Attribute1":"2","Attribute2":"2","Attribute3":"1654","Attribute4":"US FOODS - MANASSAS (DC)","Attribute5":"","CreatedOn":"2020-03-26T00:00:00.000Z","CreatedBy":999,"UpdatedOn":null,"UpdatedBy":null,"hotelID":1153,"Alert_Number":null},{"_id":26,"AlertID":26,"ClientId":"A0089369","CustomerId":"A0054298","ContactId":"","TopicCode":"BRACKET","SubtopicCode":"UNCHANGED","RankValue":0,"Attribute1":"1","Attribute2":"1","Attribute3":"773","Attribute4":"US FOODS - SWEDESBORO, NJ (DC)","Attribute5":"","CreatedOn":"2020-03-26T00:00:00.000Z","CreatedBy":999,"UpdatedOn":null,"UpdatedBy":null,"hotelID":1153,"Alert_Number":null},{"_id":27,"AlertID":27,"ClientId":"A0089369","CustomerId":"A0056478","ContactId":"","TopicCode":"BRACKET","SubtopicCode":"PACE_MINUS","RankValue":-1424,"Attribute1":"3","Attribute2":"2","Attribute3":"1970","Attribute4":"US FOODS - SWEDESBORO, NJ (DC)","Attribute5":"","CreatedOn":"2020-03-26T00:00:00.000Z","CreatedBy":999,"UpdatedOn":null,"UpdatedBy":null,"hotelID":1153,"Alert_Number":null},{"_id":28,"AlertID":28,"ClientId":"A0089369","CustomerId":"A0083370","ContactId":"","TopicCode":"BRACKET","SubtopicCode":"PACE_MINUS","RankValue":-5926,"Attribute1":"4","Attribute2":"3","Attribute3":"2804","Attribute4":"US FOODS - SOUTH FLORIDA FL (DC)","Attribute5":"","CreatedOn":"2020-03-26T00:00:00.000Z","CreatedBy":999,"UpdatedOn":null,"UpdatedBy":null,"hotelID":1153,"Alert_Number":null},{"_id":29,"AlertID":29,"ClientId":"A0089369","CustomerId":"A0088597","ContactId":"","TopicCode":"BRACKET","SubtopicCode":"UNCHANGED","RankValue":0,"Attribute1":"3","Attribute2":"3","Attribute3":"2328","Attribute4":"US FOODS - SWEDESBORO, NJ (DC)","Attribute5":"","CreatedOn":"2020-03-26T00:00:00.000Z","CreatedBy":999,"UpdatedOn":null,"UpdatedBy":null,"hotelID":1153,"Alert_Number":null},{"_id":30,"AlertID":30,"ClientId":"A0089369","CustomerId":"A0089277","ContactId":"","TopicCode":"BRACKET","SubtopicCode":"UNCHANGED","RankValue":0,"Attribute1":"4","Attribute2":"4","Attribute3":"3561","Attribute4":"US FOODS - GREENSBURG, PA (DC)","Attribute5":"","CreatedOn":"2020-03-26T00:00:00.000Z","CreatedBy":999,"UpdatedOn":null,"UpdatedBy":null,"hotelID":1153,"Alert_Number":null},{"_id":31,"AlertID":31,"ClientId":"A0089369","CustomerId":"A0095382","ContactId":"","TopicCode":"BRACKET","SubtopicCode":"UNCHANGED","RankValue":0,"Attribute1":"3","Attribute2":"3","Attribute3":"2667","Attribute4":"US FOODS - ALLENTOWN, PA (DC)","Attribute5":"","CreatedOn":"2020-03-26T00:00:00.000Z","CreatedBy":999,"UpdatedOn":null,"UpdatedBy":null,"hotelID":1153,"Alert_Number":null},{"_id":32,"AlertID":32,"ClientId":"A0089369","CustomerId":"A0095387","ContactId":"","TopicCode":"BRACKET","SubtopicCode":"UNCHANGED","RankValue":0,"Attribute1":"2","Attribute2":"2","Attribute3":"1712","Attribute4":"US FOODS - MILWAUKEE (DC)","Attribute5":"","CreatedOn":"2020-03-26T00:00:00.000Z","CreatedBy":999,"UpdatedOn":null,"UpdatedBy":null,"hotelID":1153,"Alert_Number":null},{"_id":33,"AlertID":33,"ClientId":"A0089369","CustomerId":"A0095927","ContactId":"","TopicCode":"BRACKET","SubtopicCode":"UNCHANGED","RankValue":0,"Attribute1":"2","Attribute2":"2","Attribute3":"1440","Attribute4":"GORDON FOOD SERVICE - SHEPERDSVILLE, KY (DC)","Attribute5":"","CreatedOn":"2020-03-26T00:00:00.000Z","CreatedBy":999,"UpdatedOn":null,"UpdatedBy":null,"hotelID":1153,"Alert_Number":null},{"_id":34,"AlertID":34,"ClientId":"A0089369","CustomerId":"A0096958","ContactId":"","TopicCode":"BRACKET","SubtopicCode":"PACE_MINUS","RankValue":null,"Attribute1":"4","Attribute2":"3","Attribute3":"","Attribute4":"US FOODS - SOUTH FLORIDA FL (DC)","Attribute5":"","CreatedOn":"2020-03-26T00:00:00.000Z","CreatedBy":999,"UpdatedOn":null,"UpdatedBy":null,"hotelID":1153,"Alert_Number":null},{"_id":35,"AlertID":35,"ClientId":"A0089369","CustomerId":"A0101100","ContactId":"","TopicCode":"BRACKET","SubtopicCode":"CLOSE_MINUS","RankValue":-4282,"Attribute1":"4","Attribute2":"4","Attribute3":"3079","Attribute4":"US FOODS - ROANOKE, VA (DC)","Attribute5":"","CreatedOn":"2020-03-26T00:00:00.000Z","CreatedBy":999,"UpdatedOn":null,"UpdatedBy":null,"hotelID":1153,"Alert_Number":null},{"_id":36,"AlertID":36,"ClientId":"A0089369","CustomerId":"A0148606","ContactId":"","TopicCode":"BRACKET","SubtopicCode":"PACE_MINUS","RankValue":-203,"Attribute1":"2","Attribute2":"1","Attribute3":"","Attribute4":"US FOODS - ROANOKE, VA (DC)","Attribute5":"","CreatedOn":"2020-03-26T00:00:00.000Z","CreatedBy":999,"UpdatedOn":null,"UpdatedBy":null,"hotelID":1153,"Alert_Number":null},{"_id":37,"AlertID":37,"ClientId":"A0089369","CustomerId":"A0148607","ContactId":"","TopicCode":"BRACKET","SubtopicCode":"CLOSE_MINUS","RankValue":-4282,"Attribute1":"4","Attribute2":"4","Attribute3":"3079","Attribute4":"US FOODS - ROANOKE, VA (DC)","Attribute5":"","CreatedOn":"2020-03-26T00:00:00.000Z","CreatedBy":999,"UpdatedOn":null,"UpdatedBy":null,"hotelID":1153,"Alert_Number":null},{"_id":38,"AlertID":38,"ClientId":"A0089369","CustomerId":"A0154142","ContactId":"","TopicCode":"BRACKET","SubtopicCode":"UNCHANGED","RankValue":0,"Attribute1":"2","Attribute2":"2","Attribute3":"1278","Attribute4":"US FOODS - ST. LOUIS (DC)","Attribute5":"","CreatedOn":"2020-03-26T00:00:00.000Z","CreatedBy":999,"UpdatedOn":null,"UpdatedBy":null,"hotelID":1153,"Alert_Number":null},{"_id":39,"AlertID":39,"ClientId":"A0089369","CustomerId":"A0154636","ContactId":"","TopicCode":"BRACKET","SubtopicCode":"PACE_MINUS","RankValue":-5773,"Attribute1":"4","Attribute2":"3","Attribute3":"2804","Attribute4":"US FOODS - SOUTH FLORIDA FL (DC)","Attribute5":"","CreatedOn":"2020-03-26T00:00:00.000Z","CreatedBy":999,"UpdatedOn":null,"UpdatedBy":null,"hotelID":1153,"Alert_Number":null},{"_id":40,"AlertID":40,"ClientId":"A0089369","CustomerId":"A0156077","ContactId":"","TopicCode":"BRACKET","SubtopicCode":"PACE_MINUS","RankValue":-5371,"Attribute1":"5","Attribute2":"2","Attribute3":"1049","Attribute4":"US FOODS - ALBANY, NY (DC)","Attribute5":"","CreatedOn":"2020-03-26T00:00:00.000Z","CreatedBy":999,"UpdatedOn":null,"UpdatedBy":null,"hotelID":1153,"Alert_Number":null},{"_id":41,"AlertID":41,"ClientId":"A0089369","CustomerId":"SF01723","ContactId":"","TopicCode":"BRACKET","SubtopicCode":"PACE_MINUS","RankValue":-2121,"Attribute1":"3","Attribute2":"2","Attribute3":"1939","Attribute4":"US FOODS - SWEDESBORO, NJ (DC)","Attribute5":"","CreatedOn":"2020-03-26T00:00:00.000Z","CreatedBy":999,"UpdatedOn":null,"UpdatedBy":null,"hotelID":1153,"Alert_Number":null},{"_id":42,"AlertID":42,"ClientId":"A0089369","CustomerId":"SF02592","ContactId":"","TopicCode":"BRACKET","SubtopicCode":"CLOSE_MINUS","RankValue":-6149,"Attribute1":"4","Attribute2":"4","Attribute3":"3285","Attribute4":"US FOODS - PORT ORANGE","Attribute5":"","CreatedOn":"2020-03-26T00:00:00.000Z","CreatedBy":999,"UpdatedOn":null,"UpdatedBy":null,"hotelID":1153,"Alert_Number":null},{"_id":43,"AlertID":43,"ClientId":"A0089369","CustomerId":"34444","ContactId":"","TopicCode":"ITEM","SubtopicCode":"IMPACT","RankValue":null,"Attribute1":"3","Attribute2":"4863","Attribute3":"59","Attribute4":"40129","Attribute5":"314","CreatedOn":"2020-03-26T00:00:00.000Z","CreatedBy":999,"UpdatedOn":null,"UpdatedBy":null,"hotelID":1153,"Alert_Number":null},{"_id":44,"AlertID":44,"ClientId":"A0089369","CustomerId":"88HI009","ContactId":"","TopicCode":"ITEM","SubtopicCode":"IMPACT","RankValue":null,"Attribute1":"2","Attribute2":"4666","Attribute3":"33","Attribute4":"24461","Attribute5":"222","CreatedOn":"2020-03-26T00:00:00.000Z","CreatedBy":999,"UpdatedOn":null,"UpdatedBy":null,"hotelID":1153,"Alert_Number":null},{"_id":45,"AlertID":45,"ClientId":"A0089369","CustomerId":"A0148607","ContactId":"","TopicCode":"ITEM","SubtopicCode":"IMPACT","RankValue":null,"Attribute1":"9","Attribute2":"4617","Attribute3":"55","Attribute4":"21034","Attribute5":"260","CreatedOn":"2020-03-26T00:00:00.000Z","CreatedBy":999,"UpdatedOn":null,"UpdatedBy":null,"hotelID":1153,"Alert_Number":null},{"_id":46,"AlertID":46,"ClientId":"A0089369","CustomerId":"337A4","ContactId":"","TopicCode":"ITEM","SubtopicCode":"IMPACT","RankValue":null,"Attribute1":"6","Attribute2":"4516","Attribute3":"28","Attribute4":"33963","Attribute5":"244","CreatedOn":"2020-03-26T00:00:00.000Z","CreatedBy":999,"UpdatedOn":null,"UpdatedBy":null,"hotelID":1153,"Alert_Number":null},{"_id":47,"AlertID":47,"ClientId":"A0089369","CustomerId":"SF05124","ContactId":"","TopicCode":"ITEM","SubtopicCode":"IMPACT","RankValue":null,"Attribute1":"5","Attribute2":"4473","Attribute3":"29","Attribute4":"32078","Attribute5":"299","CreatedOn":"2020-03-26T00:00:00.000Z","CreatedBy":999,"UpdatedOn":null,"UpdatedBy":null,"hotelID":1153,"Alert_Number":null},{"_id":48,"AlertID":48,"ClientId":"A0089369","CustomerId":"A0095382","ContactId":"","TopicCode":"ITEM","SubtopicCode":"IMPACT","RankValue":null,"Attribute1":"1","Attribute2":"4440","Attribute3":"33","Attribute4":"22882","Attribute5":"227","CreatedOn":"2020-03-26T00:00:00.000Z","CreatedBy":999,"UpdatedOn":null,"UpdatedBy":null,"hotelID":1153,"Alert_Number":null},{"_id":49,"AlertID":49,"ClientId":"A0089369","CustomerId":"A0095386","ContactId":"","TopicCode":"ITEM","SubtopicCode":"IMPACT","RankValue":null,"Attribute1":"1","Attribute2":"4127","Attribute3":"35","Attribute4":"34184","Attribute5":"282","CreatedOn":"2020-03-26T00:00:00.000Z","CreatedBy":999,"UpdatedOn":null,"UpdatedBy":null,"hotelID":1153,"Alert_Number":null},{"_id":50,"AlertID":50,"ClientId":"A0089369","CustomerId":"A0095385","ContactId":"","TopicCode":"ITEM","SubtopicCode":"IMPACT","RankValue":null,"Attribute1":"6","Attribute2":"4048","Attribute3":"39","Attribute4":"44690","Attribute5":"350","CreatedOn":"2020-03-26T00:00:00.000Z","CreatedBy":999,"UpdatedOn":null,"UpdatedBy":null,"hotelID":1153,"Alert_Number":null},{"_id":51,"AlertID":51,"ClientId":"A0089369","CustomerId":"A0069155","ContactId":"","TopicCode":"ITEM","SubtopicCode":"IMPACT","RankValue":null,"Attribute1":"7","Attribute2":"3981","Attribute3":"34","Attribute4":"24386","Attribute5":"238","CreatedOn":"2020-03-26T00:00:00.000Z","CreatedBy":999,"UpdatedOn":null,"UpdatedBy":null,"hotelID":1153,"Alert_Number":null},{"_id":52,"AlertID":52,"ClientId":"A0089369","CustomerId":"A0083140","ContactId":"","TopicCode":"ITEM","SubtopicCode":"IMPACT","RankValue":null,"Attribute1":"12","Attribute2":"3585","Attribute3":"30","Attribute4":"28706","Attribute5":"204","CreatedOn":"2020-03-26T00:00:00.000Z","CreatedBy":999,"UpdatedOn":null,"UpdatedBy":null,"hotelID":1153,"Alert_Number":null},{"_id":53,"AlertID":53,"ClientId":"A0089369","CustomerId":"A0060989","ContactId":"","TopicCode":"ITEM","SubtopicCode":"IMPACT","RankValue":null,"Attribute1":"6","Attribute2":"3200","Attribute3":"37","Attribute4":"42720","Attribute5":"338","CreatedOn":"2020-03-26T00:00:00.000Z","CreatedBy":999,"UpdatedOn":null,"UpdatedBy":null,"hotelID":1153,"Alert_Number":null},{"_id":54,"AlertID":54,"ClientId":"A0089369","CustomerId":"SF02592","ContactId":"","TopicCode":"ITEM","SubtopicCode":"IMPACT","RankValue":null,"Attribute1":"8","Attribute2":"2938","Attribute3":"41","Attribute4":"28047","Attribute5":"253","CreatedOn":"2020-03-26T00:00:00.000Z","CreatedBy":999,"UpdatedOn":null,"UpdatedBy":null,"hotelID":1153,"Alert_Number":null},{"_id":55,"AlertID":55,"ClientId":"A0089369","CustomerId":"A0068176","ContactId":"","TopicCode":"ITEM","SubtopicCode":"IMPACT","RankValue":null,"Attribute1":"5","Attribute2":"2613","Attribute3":"47","Attribute4":"23981","Attribute5":"270","CreatedOn":"2020-03-26T00:00:00.000Z","CreatedBy":999,"UpdatedOn":null,"UpdatedBy":null,"hotelID":1153,"Alert_Number":null},{"_id":56,"AlertID":56,"ClientId":"A0089369","CustomerId":"A0089277","ContactId":"","TopicCode":"ITEM","SubtopicCode":"IMPACT","RankValue":null,"Attribute1":"3","Attribute2":"2469","Attribute3":"28","Attribute4":"44461","Attribute5":"258","CreatedOn":"2020-03-26T00:00:00.000Z","CreatedBy":999,"UpdatedOn":null,"UpdatedBy":null,"hotelID":1153,"Alert_Number":null},{"_id":57,"AlertID":57,"ClientId":"A0089369","CustomerId":"A0083370","ContactId":"","TopicCode":"ITEM","SubtopicCode":"IMPACT","RankValue":null,"Attribute1":"8","Attribute2":"2338","Attribute3":"28","Attribute4":"47875","Attribute5":"337","CreatedOn":"2020-03-26T00:00:00.000Z","CreatedBy":999,"UpdatedOn":null,"UpdatedBy":null,"hotelID":1153,"Alert_Number":null},{"_id":58,"AlertID":58,"ClientId":"A0089369","CustomerId":"A0088597","ContactId":"","TopicCode":"ITEM","SubtopicCode":"IMPACT","RankValue":null,"Attribute1":"6","Attribute2":"2265","Attribute3":"28","Attribute4":"20882","Attribute5":"167","CreatedOn":"2020-03-26T00:00:00.000Z","CreatedBy":999,"UpdatedOn":null,"UpdatedBy":null,"hotelID":1153,"Alert_Number":null},{"_id":59,"AlertID":59,"ClientId":"A0089369","CustomerId":"A0087772","ContactId":"","TopicCode":"ITEM","SubtopicCode":"IMPACT","RankValue":null,"Attribute1":"1","Attribute2":"2127","Attribute3":"16","Attribute4":"47545","Attribute5":"343","CreatedOn":"2020-03-26T00:00:00.000Z","CreatedBy":999,"UpdatedOn":null,"UpdatedBy":null,"hotelID":1153,"Alert_Number":null},{"_id":60,"AlertID":60,"ClientId":"A0089369","CustomerId":"A0156077","ContactId":"","TopicCode":"ITEM","SubtopicCode":"IMPACT","RankValue":null,"Attribute1":"1","Attribute2":"2011","Attribute3":"20","Attribute4":"11148","Attribute5":"134","CreatedOn":"2020-03-26T00:00:00.000Z","CreatedBy":999,"UpdatedOn":null,"UpdatedBy":null,"hotelID":1153,"Alert_Number":null},{"_id":61,"AlertID":61,"ClientId":"A0089369","CustomerId":"A0088702","ContactId":"","TopicCode":"ITEM","SubtopicCode":"IMPACT","RankValue":null,"Attribute1":"2","Attribute2":"1710","Attribute3":"31","Attribute4":"24900","Attribute5":"255","CreatedOn":"2020-03-26T00:00:00.000Z","CreatedBy":999,"UpdatedOn":null,"UpdatedBy":null,"hotelID":1153,"Alert_Number":null},{"_id":62,"AlertID":62,"ClientId":"A0089369","CustomerId":"A0068522","ContactId":"","TopicCode":"ITEM","SubtopicCode":"IMPACT","RankValue":null,"Attribute1":"2","Attribute2":"1637","Attribute3":"23","Attribute4":"21447","Attribute5":"206","CreatedOn":"2020-03-26T00:00:00.000Z","CreatedBy":999,"UpdatedOn":null,"UpdatedBy":null,"hotelID":1153,"Alert_Number":null},{"_id":63,"AlertID":63,"ClientId":"A0089369","CustomerId":"SF01723","ContactId":"","TopicCode":"ITEM","SubtopicCode":"IMPACT","RankValue":null,"Attribute1":"4","Attribute2":"1249","Attribute3":"22","Attribute4":"15661","Attribute5":"156","CreatedOn":"2020-03-26T00:00:00.000Z","CreatedBy":999,"UpdatedOn":null,"UpdatedBy":null,"hotelID":1153,"Alert_Number":null},{"_id":64,"AlertID":64,"ClientId":"A0089369","CustomerId":"A0095388","ContactId":"","TopicCode":"ITEM","SubtopicCode":"IMPACT","RankValue":null,"Attribute1":"1","Attribute2":"845","Attribute3":"12","Attribute4":"12585","Attribute5":"138","CreatedOn":"2020-03-26T00:00:00.000Z","CreatedBy":999,"UpdatedOn":null,"UpdatedBy":null,"hotelID":1153,"Alert_Number":null},{"_id":65,"AlertID":65,"ClientId":"A0089369","CustomerId":"337K9","ContactId":"","TopicCode":"ITEM","SubtopicCode":"IMPACT","RankValue":null,"Attribute1":"2","Attribute2":"822","Attribute3":"15","Attribute4":"22932","Attribute5":"228","CreatedOn":"2020-03-26T00:00:00.000Z","CreatedBy":999,"UpdatedOn":null,"UpdatedBy":null,"hotelID":1153,"Alert_Number":null},{"_id":66,"AlertID":66,"ClientId":"A0089369","CustomerId":"88HI030","ContactId":"","TopicCode":"ITEM","SubtopicCode":"IMPACT","RankValue":null,"Attribute1":"4","Attribute2":"787","Attribute3":"17","Attribute4":"10473","Attribute5":"157","CreatedOn":"2020-03-26T00:00:00.000Z","CreatedBy":999,"UpdatedOn":null,"UpdatedBy":null,"hotelID":1153,"Alert_Number":null},{"_id":67,"AlertID":67,"ClientId":"A0089369","CustomerId":"A0095387","ContactId":"","TopicCode":"ITEM","SubtopicCode":"IMPACT","RankValue":null,"Attribute1":"2","Attribute2":"782","Attribute3":"15","Attribute4":"9711","Attribute5":"157","CreatedOn":"2020-03-26T00:00:00.000Z","CreatedBy":999,"UpdatedOn":null,"UpdatedBy":null,"hotelID":1153,"Alert_Number":null},{"_id":68,"AlertID":68,"ClientId":"A0089369","CustomerId":"A0056478","ContactId":"","TopicCode":"ITEM","SubtopicCode":"IMPACT","RankValue":null,"Attribute1":"3","Attribute2":"366","Attribute3":"8","Attribute4":"3010","Attribute5":"46","CreatedOn":"2020-03-26T00:00:00.000Z","CreatedBy":999,"UpdatedOn":null,"UpdatedBy":null,"hotelID":1153,"Alert_Number":null},{"_id":69,"AlertID":69,"ClientId":"A0089369","CustomerId":"A0101100","ContactId":"","TopicCode":"ITEM","SubtopicCode":"IMPACT","RankValue":null,"Attribute1":"1","Attribute2":"72","Attribute3":"2","Attribute4":"7662","Attribute5":"69","CreatedOn":"2020-03-26T00:00:00.000Z","CreatedBy":999,"UpdatedOn":null,"UpdatedBy":null,"hotelID":1153,"Alert_Number":null},{"_id":70,"AlertID":70,"ClientId":"A0089369","CustomerId":"A0069155","ContactId":"","TopicCode":"BRACKET","SubtopicCode":"UNCHANGED","RankValue":0,"Attribute1":"3","Attribute2":"3","Attribute3":"2274","Attribute4":"US FOODS - MEMPHIS","Attribute5":"","CreatedOn":"2020-03-26T00:00:00.000Z","CreatedBy":999,"UpdatedOn":"1900-01-01T00:00:00.000Z","UpdatedBy":0,"hotelID":1153,"Alert_Number":0},{"_id":71,"AlertID":71,"ClientId":"A0089369","CustomerId":"SF01959","ContactId":"","TopicCode":"BRACKET","SubtopicCode":"UNCHANGED","RankValue":0,"Attribute1":"4","Attribute2":"4","Attribute3":"3975","Attribute4":"GORDON FOOD SERVICE - BRIGHTON, MI (DC)","Attribute5":"","CreatedOn":"2020-03-26T00:00:00.000Z","CreatedBy":999,"UpdatedOn":"1900-01-01T00:00:00.000Z","UpdatedBy":0,"hotelID":1153,"Alert_Number":0}]