{"fields":[{"name":"_id","path":"_id","count":2074,"types":[{"name":"Number","bsonType":"Number","path":"_id","count":2073,"total_count":0,"probability":0.9995178399228544},{"name":"Null","bsonType":"Null","path":"_id","count":1,"total_count":0,"probability":0.00048216007714561236,"unique":1,"has_duplicates":false}],"total_count":2074,"type":["Number","Null"],"has_duplicates":false,"probability":1},{"name":"CreatedAt","path":"CreatedAt","count":2074,"types":[{"name":"Date","bsonType":"Date","path":"CreatedAt","count":2073,"total_count":0,"probability":0.9995178399228544},{"name":"Null","bsonType":"Null","path":"CreatedAt","count":1,"total_count":0,"probability":0.00048216007714561236,"unique":1,"has_duplicates":false}],"total_count":2074,"type":["Date","Null"],"has_duplicates":false,"probability":1},{"name":"CreatedBy","path":"CreatedBy","count":2074,"types":[{"name":"String","bsonType":"String","path":"CreatedBy","count":2073,"total_count":0,"probability":0.9995178399228544},{"name":"Null","bsonType":"Null","path":"CreatedBy","count":1,"total_count":0,"probability":0.00048216007714561236,"unique":1,"has_duplicates":false}],"total_count":2074,"type":["String","Null"],"has_duplicates":false,"probability":1},{"name":"Date","path":"Date","count":2074,"types":[{"name":"Date","bsonType":"Date","path":"Date","count":2073,"total_count":0,"probability":0.9995178399228544},{"name":"Null","bsonType":"Null","path":"Date","count":1,"total_count":0,"probability":0.00048216007714561236,"unique":1,"has_duplicates":false}],"total_count":2074,"type":["Date","Null"],"has_duplicates":false,"probability":1},{"name":"HotelID","path":"HotelID","count":2074,"types":[{"name":"Number","bsonType":"Number","path":"HotelID","count":2073,"total_count":0,"probability":0.9995178399228544},{"name":"Null","bsonType":"Null","path":"HotelID","count":1,"total_count":0,"probability":0.00048216007714561236,"unique":1,"has_duplicates":false}],"total_count":2074,"type":["Number","Null"],"has_duplicates":false,"probability":1},{"name":"ID","path":"ID","count":2074,"types":[{"name":"Number","bsonType":"Number","path":"ID","count":2073,"total_count":0,"probability":0.9995178399228544},{"name":"Null","bsonType":"Null","path":"ID","count":1,"total_count":0,"probability":0.00048216007714561236,"unique":1,"has_duplicates":false}],"total_count":2074,"type":["Number","Null"],"has_duplicates":false,"probability":1},{"name":"LastCalculatedDate","path":"LastCalculatedDate","count":2074,"types":[{"name":"Date","bsonType":"Date","path":"LastCalculatedDate","count":1227,"total_count":0,"probability":0.5916104146576664},{"name":"Null","bsonType":"Null","path":"LastCalculatedDate","count":847,"total_count":0,"probability":0.40838958534233366,"unique":1,"has_duplicates":true}],"total_count":2074,"type":["Date","Null"],"has_duplicates":true,"probability":1},{"name":"Remarks","path":"Remarks","count":2074,"types":[{"name":"Null","bsonType":"Null","path":"Remarks","count":2074,"total_count":0,"probability":1,"unique":1,"has_duplicates":true}],"total_count":2074,"type":"Null","has_duplicates":true,"probability":1},{"name":"Status","path":"Status","count":2074,"types":[{"name":"Number","bsonType":"Number","path":"Status","count":2073,"total_count":0,"probability":0.9995178399228544},{"name":"Null","bsonType":"Null","path":"Status","count":1,"total_count":0,"probability":0.00048216007714561236,"unique":1,"has_duplicates":false}],"total_count":2074,"type":["Number","Null"],"has_duplicates":false,"probability":1},{"name":"UpdatedAt","path":"UpdatedAt","count":2074,"types":[{"name":"Date","bsonType":"Date","path":"UpdatedAt","count":1435,"total_count":0,"probability":0.6918997107039537},{"name":"Null","bsonType":"Null","path":"UpdatedAt","count":639,"total_count":0,"probability":0.30810028929604627,"unique":1,"has_duplicates":true}],"total_count":2074,"type":["Date","Null"],"has_duplicates":true,"probability":1},{"name":"UpdatedBy","path":"UpdatedBy","count":2074,"types":[{"name":"String","bsonType":"String","path":"UpdatedBy","count":2073,"total_count":0,"probability":0.9995178399228544},{"name":"Null","bsonType":"Null","path":"UpdatedBy","count":1,"total_count":0,"probability":0.00048216007714561236,"unique":1,"has_duplicates":false}],"total_count":2074,"type":["String","Null"],"has_duplicates":false,"probability":1}],"count":2074}