{"fields":[{"name":"_id","path":"_id","count":177,"types":[{"name":"Number","bsonType":"Number","path":"_id","count":177,"total_count":0,"probability":1}],"total_count":177,"type":"Number","has_duplicates":false,"probability":1},{"name":"AlertID","path":"AlertID","count":177,"types":[{"name":"Number","bsonType":"Number","path":"AlertID","count":177,"total_count":0,"probability":1}],"total_count":177,"type":"Number","has_duplicates":false,"probability":1},{"name":"AvendraAlertGroupId","path":"AvendraAlertGroupId","count":177,"types":[{"name":"Null","bsonType":"Null","path":"AvendraAlertGroupId","count":103,"total_count":0,"probability":0.5819209039548022,"unique":1,"has_duplicates":true},{"name":"Number","bsonType":"Number","path":"AvendraAlertGroupId","count":74,"total_count":0,"probability":0.4180790960451977}],"total_count":177,"type":["Null","Number"],"has_duplicates":true,"probability":1},{"name":"AvendraAlertInsightid","path":"AvendraAlertInsightid","count":177,"types":[{"name":"Number","bsonType":"Number","path":"AvendraAlertInsightid","count":177,"total_count":0,"probability":1}],"total_count":177,"type":"Number","has_duplicates":false,"probability":1},{"name":"AvendraAlertInsightLevelId","path":"AvendraAlertInsightLevelId","count":177,"types":[{"name":"Number","bsonType":"Number","path":"AvendraAlertInsightLevelId","count":177,"total_count":0,"probability":1}],"total_count":177,"type":"Number","has_duplicates":false,"probability":1},{"name":"AvendraAlertInsightTypeId","path":"AvendraAlertInsightTypeId","count":177,"types":[{"name":"Number","bsonType":"Number","path":"AvendraAlertInsightTypeId","count":177,"total_count":0,"probability":1}],"total_count":177,"type":"Number","has_duplicates":false,"probability":1},{"name":"AvendraAlertSubGroupId","path":"AvendraAlertSubGroupId","count":177,"types":[{"name":"Null","bsonType":"Null","path":"AvendraAlertSubGroupId","count":177,"total_count":0,"probability":1,"unique":1,"has_duplicates":true}],"total_count":177,"type":"Null","has_duplicates":true,"probability":1},{"name":"InsightDescription","path":"InsightDescription","count":177,"types":[{"name":"String","bsonType":"String","path":"InsightDescription","count":177,"total_count":0,"probability":1}],"total_count":177,"type":"String","has_duplicates":false,"probability":1},{"name":"InsightNumber","path":"InsightNumber","count":177,"types":[{"name":"Number","bsonType":"Number","path":"InsightNumber","count":177,"total_count":0,"probability":1}],"total_count":177,"type":"Number","has_duplicates":false,"probability":1},{"name":"UnitNumber","path":"UnitNumber","count":177,"types":[{"name":"Null","bsonType":"Null","path":"UnitNumber","count":177,"total_count":0,"probability":1,"unique":1,"has_duplicates":true}],"total_count":177,"type":"Null","has_duplicates":true,"probability":1}],"count":177}