{"fields":[{"name":"_id","path":"_id","count":1017,"types":[{"name":"Number","bsonType":"Number","path":"_id","count":1017,"total_count":0,"probability":1}],"total_count":1017,"type":"Number","has_duplicates":false,"probability":1},{"name":"HotelID","path":"HotelID","count":1017,"types":[{"name":"Number","bsonType":"Number","path":"HotelID","count":1017,"total_count":0,"probability":1}],"total_count":1017,"type":"Number","has_duplicates":false,"probability":1},{"name":"ID","path":"ID","count":1017,"types":[{"name":"Number","bsonType":"Number","path":"ID","count":1017,"total_count":0,"probability":1}],"total_count":1017,"type":"Number","has_duplicates":false,"probability":1},{"name":"PlaceID","path":"PlaceID","count":1017,"types":[{"name":"String","bsonType":"String","path":"PlaceID","count":1017,"total_count":0,"probability":1}],"total_count":1017,"type":"String","has_duplicates":false,"probability":1}],"count":1017}