{"fields":[{"name":"_id","path":"_id","count":20000,"types":[{"name":"Number","bsonType":"Number","path":"_id","count":20000,"total_count":0,"probability":1}],"total_count":20000,"type":"Number","has_duplicates":false,"probability":1},{"name":"Accounting_RMID","path":"Accounting_RMID","count":20000,"types":[{"name":"Null","bsonType":"Null","path":"Accounting_RMID","count":20000,"total_count":0,"probability":1,"unique":1,"has_duplicates":true}],"total_count":20000,"type":"Null","has_duplicates":true,"probability":1},{"name":"AccountingID","path":"AccountingID","count":20000,"types":[{"name":"Null","bsonType":"Null","path":"AccountingID","count":20000,"total_count":0,"probability":1,"unique":1,"has_duplicates":true}],"total_count":20000,"type":"Null","has_duplicates":true,"probability":1},{"name":"AdjustAmount","path":"AdjustAmount","count":20000,"types":[{"name":"Null","bsonType":"Null","path":"AdjustAmount","count":20000,"total_count":0,"probability":1,"unique":1,"has_duplicates":true}],"total_count":20000,"type":"Null","has_duplicates":true,"probability":1},{"name":"AdjustStat","path":"AdjustStat","count":20000,"types":[{"name":"Null","bsonType":"Null","path":"AdjustStat","count":20000,"total_count":0,"probability":1,"unique":1,"has_duplicates":true}],"total_count":20000,"type":"Null","has_duplicates":true,"probability":1},{"name":"Amount","path":"Amount","count":20000,"types":[{"name":"Number","bsonType":"Number","path":"Amount","count":20000,"total_count":0,"probability":1}],"total_count":20000,"type":"Number","has_duplicates":false,"probability":1},{"name":"AmountMTD","path":"AmountMTD","count":20000,"types":[{"name":"Null","bsonType":"Null","path":"AmountMTD","count":17700,"total_count":0,"probability":0.885,"unique":1,"has_duplicates":true},{"name":"Number","bsonType":"Number","path":"AmountMTD","count":2300,"total_count":0,"probability":0.115}],"total_count":20000,"type":["Null","Number"],"has_duplicates":true,"probability":1},{"name":"AmountYTD","path":"AmountYTD","count":20000,"types":[{"name":"Null","bsonType":"Null","path":"AmountYTD","count":17700,"total_count":0,"probability":0.885,"unique":1,"has_duplicates":true},{"name":"Number","bsonType":"Number","path":"AmountYTD","count":2300,"total_count":0,"probability":0.115}],"total_count":20000,"type":["Null","Number"],"has_duplicates":true,"probability":1},{"name":"Category","path":"Category","count":20000,"types":[{"name":"String","bsonType":"String","path":"Category","count":20000,"total_count":0,"probability":1}],"total_count":20000,"type":"String","has_duplicates":false,"probability":1},{"name":"CrewRoomRevenue","path":"CrewRoomRevenue","count":20000,"types":[{"name":"Null","bsonType":"Null","path":"CrewRoomRevenue","count":20000,"total_count":0,"probability":1,"unique":1,"has_duplicates":true}],"total_count":20000,"type":"Null","has_duplicates":true,"probability":1},{"name":"CrewRoomSold","path":"CrewRoomSold","count":20000,"types":[{"name":"Null","bsonType":"Null","path":"CrewRoomSold","count":20000,"total_count":0,"probability":1,"unique":1,"has_duplicates":true}],"total_count":20000,"type":"Null","has_duplicates":true,"probability":1},{"name":"Date","path":"Date","count":20000,"types":[{"name":"Date","bsonType":"Date","path":"Date","count":20000,"total_count":0,"probability":1}],"total_count":20000,"type":"Date","has_duplicates":false,"probability":1},{"name":"Description","path":"Description","count":20000,"types":[{"name":"String","bsonType":"String","path":"Description","count":20000,"total_count":0,"probability":1}],"total_count":20000,"type":"String","has_duplicates":false,"probability":1},{"name":"GroupBlock","path":"GroupBlock","count":20000,"types":[{"name":"Null","bsonType":"Null","path":"GroupBlock","count":17700,"total_count":0,"probability":0.885,"unique":1,"has_duplicates":true},{"name":"Number","bsonType":"Number","path":"GroupBlock","count":2300,"total_count":0,"probability":0.115}],"total_count":20000,"type":["Null","Number"],"has_duplicates":true,"probability":1},{"name":"GroupRoomRevenue","path":"GroupRoomRevenue","count":20000,"types":[{"name":"Null","bsonType":"Null","path":"GroupRoomRevenue","count":17700,"total_count":0,"probability":0.885,"unique":1,"has_duplicates":true},{"name":"Number","bsonType":"Number","path":"GroupRoomRevenue","count":2300,"total_count":0,"probability":0.115}],"total_count":20000,"type":["Null","Number"],"has_duplicates":true,"probability":1},{"name":"GroupRoomsSold","path":"GroupRoomsSold","count":20000,"types":[{"name":"Null","bsonType":"Null","path":"GroupRoomsSold","count":17700,"total_count":0,"probability":0.885,"unique":1,"has_duplicates":true},{"name":"Number","bsonType":"Number","path":"GroupRoomsSold","count":2300,"total_count":0,"probability":0.115}],"total_count":20000,"type":["Null","Number"],"has_duplicates":true,"probability":1},{"name":"HotelID","path":"HotelID","count":20000,"types":[{"name":"Number","bsonType":"Number","path":"HotelID","count":20000,"total_count":0,"probability":1}],"total_count":20000,"type":"Number","has_duplicates":false,"probability":1},{"name":"ID","path":"ID","count":20000,"types":[{"name":"Number","bsonType":"Number","path":"ID","count":20000,"total_count":0,"probability":1}],"total_count":20000,"type":"Number","has_duplicates":false,"probability":1},{"name":"IsDelete","path":"IsDelete","count":20000,"types":[{"name":"Boolean","bsonType":"Boolean","path":"IsDelete","count":20000,"total_count":0,"probability":1}],"total_count":20000,"type":"Boolean","has_duplicates":false,"probability":1},{"name":"NoOfReference","path":"NoOfReference","count":20000,"types":[{"name":"Number","bsonType":"Number","path":"NoOfReference","count":20000,"total_count":0,"probability":1}],"total_count":20000,"type":"Number","has_duplicates":false,"probability":1},{"name":"NumberofAvailableRooms","path":"NumberofAvailableRooms","count":20000,"types":[{"name":"Number","bsonType":"Number","path":"NumberofAvailableRooms","count":20000,"total_count":0,"probability":1}],"total_count":20000,"type":"Number","has_duplicates":false,"probability":1},{"name":"PMSCode","path":"PMSCode","count":20000,"types":[{"name":"Null","bsonType":"Null","path":"PMSCode","count":17747,"total_count":0,"probability":0.88735,"unique":1,"has_duplicates":true},{"name":"String","bsonType":"String","path":"PMSCode","count":2253,"total_count":0,"probability":0.11265}],"total_count":20000,"type":["Null","String"],"has_duplicates":true,"probability":1},{"name":"PMSType","path":"PMSType","count":20000,"types":[{"name":"Null","bsonType":"Null","path":"PMSType","count":17747,"total_count":0,"probability":0.88735,"unique":1,"has_duplicates":true},{"name":"String","bsonType":"String","path":"PMSType","count":2253,"total_count":0,"probability":0.11265}],"total_count":20000,"type":["Null","String"],"has_duplicates":true,"probability":1},{"name":"ReportedDateTime","path":"ReportedDateTime","count":20000,"types":[{"name":"Date","bsonType":"Date","path":"ReportedDateTime","count":15407,"total_count":0,"probability":0.77035},{"name":"Null","bsonType":"Null","path":"ReportedDateTime","count":4593,"total_count":0,"probability":0.22965,"unique":1,"has_duplicates":true}],"total_count":20000,"type":["Date","Null"],"has_duplicates":true,"probability":1},{"name":"ReportName","path":"ReportName","count":20000,"types":[{"name":"Null","bsonType":"Null","path":"ReportName","count":17700,"total_count":0,"probability":0.885,"unique":1,"has_duplicates":true},{"name":"String","bsonType":"String","path":"ReportName","count":2300,"total_count":0,"probability":0.115}],"total_count":20000,"type":["Null","String"],"has_duplicates":true,"probability":1},{"name":"TransientRoomRevenue","path":"TransientRoomRevenue","count":20000,"types":[{"name":"Null","bsonType":"Null","path":"TransientRoomRevenue","count":17700,"total_count":0,"probability":0.885,"unique":1,"has_duplicates":true},{"name":"Number","bsonType":"Number","path":"TransientRoomRevenue","count":2300,"total_count":0,"probability":0.115}],"total_count":20000,"type":["Null","Number"],"has_duplicates":true,"probability":1},{"name":"TransientRoomsSold","path":"TransientRoomsSold","count":20000,"types":[{"name":"Null","bsonType":"Null","path":"TransientRoomsSold","count":17700,"total_count":0,"probability":0.885,"unique":1,"has_duplicates":true},{"name":"Number","bsonType":"Number","path":"TransientRoomsSold","count":2300,"total_count":0,"probability":0.115}],"total_count":20000,"type":["Null","Number"],"has_duplicates":true,"probability":1},{"name":"UpdatedBy","path":"UpdatedBy","count":20000,"types":[{"name":"String","bsonType":"String","path":"UpdatedBy","count":20000,"total_count":0,"probability":1}],"total_count":20000,"type":"String","has_duplicates":false,"probability":1},{"name":"UpdatedDateTime","path":"UpdatedDateTime","count":20000,"types":[{"name":"Date","bsonType":"Date","path":"UpdatedDateTime","count":20000,"total_count":0,"probability":1}],"total_count":20000,"type":"Date","has_duplicates":false,"probability":1}],"count":20000}