{"fields":[{"name":"_id","path":"_id","count":434,"types":[{"name":"Number","bsonType":"Number","path":"_id","count":434,"total_count":0,"probability":1}],"total_count":434,"type":"Number","has_duplicates":false,"probability":1},{"name":"AvendraAlertInsightid","path":"AvendraAlertInsightid","count":434,"types":[{"name":"Number","bsonType":"Number","path":"AvendraAlertInsightid","count":434,"total_count":0,"probability":1}],"total_count":434,"type":"Number","has_duplicates":false,"probability":1},{"name":"AvendraAlertNonMFDDetailDataId","path":"AvendraAlertNonMFDDetailDataId","count":434,"types":[{"name":"Number","bsonType":"Number","path":"AvendraAlertNonMFDDetailDataId","count":434,"total_count":0,"probability":1}],"total_count":434,"type":"Number","has_duplicates":false,"probability":1},{"name":"BP_CATEGORY_NM","path":"BP_CATEGORY_NM","count":434,"types":[{"name":"String","bsonType":"String","path":"BP_CATEGORY_NM","count":434,"total_count":0,"probability":1}],"total_count":434,"type":"String","has_duplicates":false,"probability":1},{"name":"BP_DIST_CATEGORY","path":"BP_DIST_CATEGORY","count":434,"types":[{"name":"String","bsonType":"String","path":"BP_DIST_CATEGORY","count":434,"total_count":0,"probability":1}],"total_count":434,"type":"String","has_duplicates":false,"probability":1},{"name":"CUST_ID","path":"CUST_ID","count":434,"types":[{"name":"String","bsonType":"String","path":"CUST_ID","count":434,"total_count":0,"probability":1}],"total_count":434,"type":"String","has_duplicates":false,"probability":1},{"name":"DIST_NM","path":"DIST_NM","count":434,"types":[{"name":"String","bsonType":"String","path":"DIST_NM","count":434,"total_count":0,"probability":1}],"total_count":434,"type":"String","has_duplicates":false,"probability":1},{"name":"ERM_Parent","path":"ERM_Parent","count":434,"types":[{"name":"String","bsonType":"String","path":"ERM_Parent","count":434,"total_count":0,"probability":1}],"total_count":434,"type":"String","has_duplicates":false,"probability":1},{"name":"SPEND","path":"SPEND","count":434,"types":[{"name":"Number","bsonType":"Number","path":"SPEND","count":434,"total_count":0,"probability":1}],"total_count":434,"type":"Number","has_duplicates":false,"probability":1}],"count":434}