{"fields":[{"name":"_id","path":"_id","count":3527,"types":[{"name":"Number","bsonType":"Number","path":"_id","count":3526,"total_count":0,"probability":0.9997164729231641},{"name":"Null","bsonType":"Null","path":"_id","count":1,"total_count":0,"probability":0.0002835270768358378,"unique":1,"has_duplicates":false}],"total_count":3527,"type":["Number","Null"],"has_duplicates":false,"probability":1},{"name":"Group_Id","path":"Group_Id","count":3527,"types":[{"name":"Number","bsonType":"Number","path":"Group_Id","count":3526,"total_count":0,"probability":0.9997164729231641},{"name":"Null","bsonType":"Null","path":"Group_Id","count":1,"total_count":0,"probability":0.0002835270768358378,"unique":1,"has_duplicates":false}],"total_count":3527,"type":["Number","Null"],"has_duplicates":false,"probability":1},{"name":"Hotel_Id","path":"Hotel_Id","count":3527,"types":[{"name":"Number","bsonType":"Number","path":"Hotel_Id","count":3526,"total_count":0,"probability":0.9997164729231641},{"name":"Null","bsonType":"Null","path":"Hotel_Id","count":1,"total_count":0,"probability":0.0002835270768358378,"unique":1,"has_duplicates":false}],"total_count":3527,"type":["Number","Null"],"has_duplicates":false,"probability":1},{"name":"Id","path":"Id","count":3527,"types":[{"name":"Number","bsonType":"Number","path":"Id","count":3526,"total_count":0,"probability":0.9997164729231641},{"name":"Null","bsonType":"Null","path":"Id","count":1,"total_count":0,"probability":0.0002835270768358378,"unique":1,"has_duplicates":false}],"total_count":3527,"type":["Number","Null"],"has_duplicates":false,"probability":1}],"count":3527}