[{"_id":1,"Id":1,"Name":"HOLIDAY INN AUBURN","Hotel_Id":484,"Hotel_code":"VAHV"},{"_id":2,"Id":2,"Name":"FAIRFIELD INN AND SUITES ALBANY","Hotel_Id":444},{"_id":3,"Id":3,"Name":"FAIRFIELD INN","Hotel_Id":443},{"_id":4,"Id":4,"Name":"BEST WESTERN UNIVERSITY INN","Hotel_Id":456},{"_id":5,"Id":5,"Name":"BEST WESTERN MARKETPLACE INN","Hotel_Id":452},{"_id":6,"Id":6,"Name":"COMFORT INN  CORNING","Hotel_Id":457},{"_id":7,"Id":7,"Name":"COUNTRY INNS & SUITES CORTLAND","Hotel_Id":478},{"_id":8,"Id":8,"Name":"EAST AURORA LODGING ASSOCIATES","Hotel_Id":486},{"_id":9,"Id":9,"Name":"DAYS INN - BATH","Hotel_Id":458,"Hotel_code":"VFLL"},{"_id":10,"Id":10,"Name":"WINGATE BY WYNDHAM","Hotel_Id":492},{"_id":11,"Id":11,"Name":"HAMPTON INN CORTLAND","Hotel_Id":465,"Hotel_code":"VHIC"},{"_id":12,"Id":12,"Name":"HOLIDAY INN EXPRESS OLEAN","Hotel_Id":480,"Hotel_code":"VHIO"},{"_id":13,"Id":13,"Name":"HOLIDAY INN & SUITES-ROCHESTER NY","Hotel_Id":454},{"_id":14,"Id":14,"Name":"DOUBLE TREE BY HILTON","Hotel_Id":477},{"_id":15,"Id":15,"Name":"TOWNEPLACE SUITES BY MARRIOTT","Hotel_Id":453},{"_id":16,"Id":16,"Name":"HOLIDAY INN EXPRESS UTICA","Hotel_Id":500,"Hotel_code":"VNLA"},{"_id":17,"Id":17,"Name":"HOME2 OSWEGO","Hotel_Id":491,"Hotel_code":"VOLG"},{"_id":18,"Id":18,"Name":"dba HAWTHORN SUITES","Hotel_Id":459},{"_id":19,"Id":19,"Name":"HOLIDAY INN EXPRESS PAINTED POST","Hotel_Id":496,"Hotel_code":"VPPL"},{"_id":20,"Id":20,"Name":"HAMPTON INN - ROME","Hotel_Id":482,"Hotel_code":"VRHG"},{"_id":21,"Id":21,"Name":"dba FAIRFIELD INN UTICA","Hotel_Id":441},{"_id":22,"Id":22,"Name":"FAIRFIELD INN ALBANY","Hotel_Id":444,"Hotel_code":"VALG"},{"_id":23,"Id":23,"Name":"FAIRFIELD INN BINGHAMTON","Hotel_Id":443,"Hotel_code":"VBHA"},{"_id":24,"Id":24,"Name":"COUNTRY INN ROCHESTER","Hotel_Id":455,"Hotel_code":"VBLA"},{"_id":25,"Id":25,"Name":"BEST WESTERN ROCHESTER","Hotel_Id":452,"Hotel_code":"VBWR"},{"_id":26,"Id":26,"Name":"BEST WESTERN WATERTOWN","Hotel_Id":450,"Hotel_code":"VWLA"},{"_id":27,"Id":27,"Name":"BEST WESTERN HORNELL","Hotel_Id":448,"Hotel_code":"VCIH"},{"_id":28,"Id":28,"Name":"HOLIDAY INN EXPRESS CANANDAIGUA","Hotel_Id":479,"Hotel_code":"VCLG"},{"_id":29,"Id":29,"Name":"FAIRFIELD INN CORNING","Hotel_Id":451,"Hotel_code":"VCLV"},{"_id":30,"Id":30,"Name":"HOLIDAY INN EXPRESS BUFFALO","Hotel_Id":481,"Hotel_code":"VCSB"},{"_id":31,"Id":31,"Name":"COUNTRY INN CORTLAND","Hotel_Id":478,"Hotel_code":"VCSC"},{"_id":32,"Id":32,"Name":"HAMPTON INN EAST AURORA","Hotel_Id":486,"Hotel_code":"VEAL"},{"_id":33,"Id":33,"Name":"HAMPTON INN EAST GREENBUSH","Hotel_Id":476,"Hotel_code":"VEGL"},{"_id":34,"Id":34,"Name":"HAMPTON INN ERWIN/CORNING","Hotel_Id":469,"Hotel_code":"VEHA"},{"_id":35,"Id":35,"Name":"CANDLEWOOD SUITES ELMIRA","Hotel_Id":464,"Hotel_code":"VELA"},{"_id":36,"Id":36,"Name":"FAIRFIELD INN OLEAN","Hotel_Id":440,"Hotel_code":"VFIO"},{"_id":37,"Id":37,"Name":"DAYS INN BATH","Hotel_Id":458},{"_id":38,"Id":38,"Name":"WINGATE ROME","Hotel_Id":492,"Hotel_code":"VGHG"},{"_id":39,"Id":39,"Name":"FAIRFIELD INN GREECE","Hotel_Id":446,"Hotel_code":"VGHV"},{"_id":40,"Id":40,"Name":"HOLIDAY INN ROCHESTER","Hotel_Id":454,"Hotel_code":"VHLA"},{"_id":41,"Id":41,"Name":"FAIRFIELD INN ELMIRA","Hotel_Id":461,"Hotel_code":"VHLG"},{"_id":42,"Id":42,"Name":"DAYS INN ROCHESTER","Hotel_Id":299,"Hotel_code":"VHVM"},{"_id":43,"Id":43,"Name":"HOME2 SUITES ROCHESTER","Hotel_Id":463,"Hotel_code":"VJHA"},{"_id":44,"Id":44,"Name":"DOUBLE TREE UTICA","Hotel_Id":477,"Hotel_code":"VLHA"},{"_id":45,"Id":45,"Name":"HAMPTON INN UTICA","Hotel_Id":498,"Hotel_code":"VMAR"},{"_id":46,"Id":46,"Name":"TOWNEPLACE SUITES NEW HARTFORD","Hotel_Id":453,"Hotel_code":"VNHL"},{"_id":47,"Id":47,"Name":"TOWNEPLACE SUITES CLAY","Hotel_Id":530,"Hotel_code":"VNSL"},{"_id":48,"Id":48,"Name":"HOME2 SUITES OSWEGO","Hotel_Id":491,"Hotel_code":"VOLG"},{"_id":49,"Id":49,"Name":"CANDLEWOOD SAYRE","Hotel_Id":485,"Hotel_code":"VPASL"},{"_id":50,"Id":50,"Name":"HAWTHORN FISHKILL","Hotel_Id":459,"Hotel_code":"VPFL"},{"_id":51,"Id":51,"Name":"HAMPTON INN POTSDAM","Hotel_Id":487,"Hotel_code":"VPHA"},{"_id":52,"Id":52,"Name":"HAMPTON INN ROME","Hotel_Id":482,"Hotel_code":"VRHG"},{"_id":53,"Id":53,"Name":"FAIRFIELD INN ROC AIRPORT","Hotel_Id":442,"Hotel_code":"VROC"},{"_id":54,"Id":54,"Name":"EMBASSY SUITES SYRACUSE - HOTEL","Hotel_Id":483,"Hotel_code":"VSLV"},{"_id":55,"Id":55,"Name":"COURTYARD ELMIRA","Hotel_Id":445,"Hotel_code":"VSTL"},{"_id":56,"Id":56,"Name":"FAIRFIELD INN UTICA","Hotel_Id":441,"Hotel_code":"VULG"},{"_id":57,"Id":57,"Name":"MARKETPLACE GRILL","Hotel_Id":454,"Hotel_code":"HRA"},{"_id":58,"Id":58,"Name":"BEST WESTERN OLEAN","Hotel_Id":456,"Hotel_code":"VBWO"},{"_id":59,"Id":59,"Name":"FAIRFIELD INN HENRIETTA","Hotel_Id":447,"Hotel_code":"VHEN"},{"_id":60,"Id":60,"Name":"HOLIDAY INN EXPRESS BRIGHTON","Hotel_Id":449,"Hotel_code":"VRRH"},{"_id":61,"Id":61,"Name":"EMBASSY SUITES SYRACUSE - F&B","Hotel_Id":483},{"_id":62,"Id":62,"Name":"HAMPTON INN EAST SYRACUSE","Hotel_Id":643,"Hotel_code":"VESH"},{"_id":63,"Id":63,"Name":"HOME 2 AMHERST","Hotel_Id":804,"Hotel_code":"VNBL"},{"_id":64,"Id":64,"Name":"FAIRFIELD INN & SUITES - WATERTOWN","Hotel_Id":795,"Hotel_code":"VWAT"},{"_id":65,"Id":65,"Name":"CANDLEWOOD SUITES","Hotel_Id":792,"Hotel_code":"VEMH"},{"_id":66,"Id":66,"Name":"FAIRFIELD INN & SUITES","Hotel_Id":852,"Hotel_code":"VSLH"},{"_id":67,"Id":67,"Name":"dba CLARKSON INN","Hotel_Id":1111,"Hotel_code":"VCHD"},{"_id":68,"Id":68,"Name":"FAIRFIELD INN - NEW HAVEN WALLINGFORD","Hotel_Id":999,"Hotel_code":"VCTWH"},{"_id":69,"Id":69,"Name":"dba JEFFERSON CLINTON HOTEL","Hotel_Id":1005,"Hotel_code":"VSHD"},{"_id":70,"Id":70,"Name":"DBA SPRINGHILL SUITES BY MARRIOTT ERIE","Hotel_Id":996,"Hotel_code":"VPAEH"},{"_id":71,"Id":71,"Name":"DBA TRU BY HILTON VESTAL","Hotel_Id":997,"Hotel_code":"VVLV"},{"_id":72,"Id":72,"Name":"HOME2 UTICA","Hotel_Id":2903,"Hotel_code":"VHPL"},{"_id":73,"Id":73,"Name":"FAIRFIELD INN &  BELLE","Hotel_Id":2963,"Hotel_code":"VPABV"}]