{"fields":[{"name":"_id","path":"_id","count":20000,"types":[{"name":"Number","bsonType":"Number","path":"_id","count":20000,"total_count":0,"probability":1}],"total_count":20000,"type":"Number","has_duplicates":false,"probability":1},{"name":"City","path":"City","count":20000,"types":[{"name":"String","bsonType":"String","path":"City","count":20000,"total_count":0,"probability":1}],"total_count":20000,"type":"String","has_duplicates":false,"probability":1},{"name":"CountryCode","path":"CountryCode","count":20000,"types":[{"name":"String","bsonType":"String","path":"CountryCode","count":20000,"total_count":0,"probability":1}],"total_count":20000,"type":"String","has_duplicates":false,"probability":1},{"name":"Date","path":"Date","count":20000,"types":[{"name":"Date","bsonType":"Date","path":"Date","count":20000,"total_count":0,"probability":1}],"total_count":20000,"type":"Date","has_duplicates":false,"probability":1},{"name":"FxConditionDay","path":"FxConditionDay","count":20000,"types":[{"name":"String","bsonType":"String","path":"FxConditionDay","count":19999,"total_count":0,"probability":0.99995},{"name":"Null","bsonType":"Null","path":"FxConditionDay","count":1,"total_count":0,"probability":0.00005,"unique":1,"has_duplicates":false}],"total_count":20000,"type":["String","Null"],"has_duplicates":false,"probability":1},{"name":"FxIconDay","path":"FxIconDay","count":20000,"types":[{"name":"String","bsonType":"String","path":"FxIconDay","count":19999,"total_count":0,"probability":0.99995},{"name":"Null","bsonType":"Null","path":"FxIconDay","count":1,"total_count":0,"probability":0.00005,"unique":1,"has_duplicates":false}],"total_count":20000,"type":["String","Null"],"has_duplicates":false,"probability":1},{"name":"Id","path":"Id","count":20000,"types":[{"name":"Number","bsonType":"Number","path":"Id","count":20000,"total_count":0,"probability":1}],"total_count":20000,"type":"Number","has_duplicates":false,"probability":1},{"name":"Period","path":"Period","count":20000,"types":[{"name":"Number","bsonType":"Number","path":"Period","count":20000,"total_count":0,"probability":1}],"total_count":20000,"type":"Number","has_duplicates":false,"probability":1},{"name":"POPPercentDay","path":"POPPercentDay","count":20000,"types":[{"name":"String","bsonType":"String","path":"POPPercentDay","count":19999,"total_count":0,"probability":0.99995},{"name":"Null","bsonType":"Null","path":"POPPercentDay","count":1,"total_count":0,"probability":0.00005,"unique":1,"has_duplicates":false}],"total_count":20000,"type":["String","Null"],"has_duplicates":false,"probability":1},{"name":"StateISO","path":"StateISO","count":20000,"types":[{"name":"String","bsonType":"String","path":"StateISO","count":20000,"total_count":0,"probability":1}],"total_count":20000,"type":"String","has_duplicates":false,"probability":1},{"name":"TemperatureCMax","path":"TemperatureCMax","count":20000,"types":[{"name":"String","bsonType":"String","path":"TemperatureCMax","count":19999,"total_count":0,"probability":0.99995},{"name":"Null","bsonType":"Null","path":"TemperatureCMax","count":1,"total_count":0,"probability":0.00005,"unique":1,"has_duplicates":false}],"total_count":20000,"type":["String","Null"],"has_duplicates":false,"probability":1},{"name":"TemperatureCMin","path":"TemperatureCMin","count":20000,"types":[{"name":"String","bsonType":"String","path":"TemperatureCMin","count":19999,"total_count":0,"probability":0.99995},{"name":"Null","bsonType":"Null","path":"TemperatureCMin","count":1,"total_count":0,"probability":0.00005,"unique":1,"has_duplicates":false}],"total_count":20000,"type":["String","Null"],"has_duplicates":false,"probability":1},{"name":"TemperatureFMax","path":"TemperatureFMax","count":20000,"types":[{"name":"String","bsonType":"String","path":"TemperatureFMax","count":19999,"total_count":0,"probability":0.99995},{"name":"Null","bsonType":"Null","path":"TemperatureFMax","count":1,"total_count":0,"probability":0.00005,"unique":1,"has_duplicates":false}],"total_count":20000,"type":["String","Null"],"has_duplicates":false,"probability":1},{"name":"TemperatureFMin","path":"TemperatureFMin","count":20000,"types":[{"name":"String","bsonType":"String","path":"TemperatureFMin","count":19999,"total_count":0,"probability":0.99995},{"name":"Null","bsonType":"Null","path":"TemperatureFMin","count":1,"total_count":0,"probability":0.00005,"unique":1,"has_duplicates":false}],"total_count":20000,"type":["String","Null"],"has_duplicates":false,"probability":1},{"name":"UpdatedBy","path":"UpdatedBy","count":20000,"types":[{"name":"String","bsonType":"String","path":"UpdatedBy","count":20000,"total_count":0,"probability":1}],"total_count":20000,"type":"String","has_duplicates":false,"probability":1},{"name":"UpdatedDateTime","path":"UpdatedDateTime","count":20000,"types":[{"name":"Date","bsonType":"Date","path":"UpdatedDateTime","count":20000,"total_count":0,"probability":1}],"total_count":20000,"type":"Date","has_duplicates":false,"probability":1},{"name":"WindDirection","path":"WindDirection","count":20000,"types":[{"name":"String","bsonType":"String","path":"WindDirection","count":19999,"total_count":0,"probability":0.99995},{"name":"Null","bsonType":"Null","path":"WindDirection","count":1,"total_count":0,"probability":0.00005,"unique":1,"has_duplicates":false}],"total_count":20000,"type":["String","Null"],"has_duplicates":false,"probability":1},{"name":"WindSpeedKMH","path":"WindSpeedKMH","count":20000,"types":[{"name":"String","bsonType":"String","path":"WindSpeedKMH","count":19999,"total_count":0,"probability":0.99995},{"name":"Null","bsonType":"Null","path":"WindSpeedKMH","count":1,"total_count":0,"probability":0.00005,"unique":1,"has_duplicates":false}],"total_count":20000,"type":["String","Null"],"has_duplicates":false,"probability":1},{"name":"WindSpeedMPH","path":"WindSpeedMPH","count":20000,"types":[{"name":"String","bsonType":"String","path":"WindSpeedMPH","count":19999,"total_count":0,"probability":0.99995},{"name":"Null","bsonType":"Null","path":"WindSpeedMPH","count":1,"total_count":0,"probability":0.00005,"unique":1,"has_duplicates":false}],"total_count":20000,"type":["String","Null"],"has_duplicates":false,"probability":1}],"count":20000}