{"fields":[{"name":"_id","path":"_id","count":73,"types":[{"name":"Number","bsonType":"Number","path":"_id","count":73,"total_count":0,"probability":1}],"total_count":73,"type":"Number","has_duplicates":false,"probability":1},{"name":"Hotel_code","path":"Hotel_code","count":58,"types":[{"name":"String","bsonType":"String","path":"Hotel_code","count":58,"total_count":0,"probability":0.7945205479452054},{"name":"Undefined","type":"Undefined","path":"Hotel_code","count":15,"total_count":0,"probability":0.2054794520547945,"unique":1,"has_duplicates":true}],"total_count":73,"type":["String","Undefined"],"has_duplicates":true,"probability":0.7945205479452054},{"name":"Hotel_Id","path":"Hotel_Id","count":73,"types":[{"name":"Number","bsonType":"Number","path":"Hotel_Id","count":73,"total_count":0,"probability":1}],"total_count":73,"type":"Number","has_duplicates":false,"probability":1},{"name":"Id","path":"Id","count":73,"types":[{"name":"Number","bsonType":"Number","path":"Id","count":73,"total_count":0,"probability":1}],"total_count":73,"type":"Number","has_duplicates":false,"probability":1},{"name":"Name","path":"Name","count":73,"types":[{"name":"String","bsonType":"String","path":"Name","count":73,"total_count":0,"probability":1}],"total_count":73,"type":"String","has_duplicates":false,"probability":1}],"count":73}