{"fields":[{"name":"_id","path":"_id","count":1137,"types":[{"name":"Number","bsonType":"Number","path":"_id","count":1137,"total_count":0,"probability":1}],"total_count":1137,"type":"Number","has_duplicates":false,"probability":1},{"name":"EntityId","path":"EntityId","count":1137,"types":[{"name":"String","bsonType":"String","path":"EntityId","count":1137,"total_count":0,"probability":1}],"total_count":1137,"type":"String","has_duplicates":false,"probability":1},{"name":"Id","path":"Id","count":1137,"types":[{"name":"Number","bsonType":"Number","path":"Id","count":1137,"total_count":0,"probability":1}],"total_count":1137,"type":"Number","has_duplicates":false,"probability":1},{"name":"Password","path":"Password","count":1137,"types":[{"name":"String","bsonType":"String","path":"Password","count":1137,"total_count":0,"probability":1}],"total_count":1137,"type":"String","has_duplicates":false,"probability":1},{"name":"ProjectId","path":"ProjectId","count":1137,"types":[{"name":"String","bsonType":"String","path":"ProjectId","count":1137,"total_count":0,"probability":1}],"total_count":1137,"type":"String","has_duplicates":false,"probability":1},{"name":"UserId","path":"UserId","count":1137,"types":[{"name":"Number","bsonType":"Number","path":"UserId","count":1137,"total_count":0,"probability":1}],"total_count":1137,"type":"Number","has_duplicates":false,"probability":1},{"name":"Username","path":"Username","count":1137,"types":[{"name":"String","bsonType":"String","path":"Username","count":1137,"total_count":0,"probability":1}],"total_count":1137,"type":"String","has_duplicates":false,"probability":1}],"count":1137}