{"fields":[{"name":"_id","path":"_id","count":111,"types":[{"name":"ObjectID","bsonType":"ObjectID","path":"_id","count":111,"total_count":0,"probability":1}],"total_count":111,"type":"ObjectID","has_duplicates":false,"probability":1},{"name":"__v","path":"__v","count":111,"types":[{"name":"Number","bsonType":"Number","path":"__v","count":111,"total_count":0,"probability":1}],"total_count":111,"type":"Number","has_duplicates":false,"probability":1},{"name":"description","path":"description","count":111,"types":[{"name":"String","bsonType":"String","path":"description","count":111,"total_count":0,"probability":1}],"total_count":111,"type":"String","has_duplicates":false,"probability":1},{"name":"name","path":"name","count":111,"types":[{"name":"String","bsonType":"String","path":"name","count":111,"total_count":0,"probability":1}],"total_count":111,"type":"String","has_duplicates":false,"probability":1},{"name":"nameforsort","path":"nameforsort","count":111,"types":[{"name":"String","bsonType":"String","path":"nameforsort","count":111,"total_count":0,"probability":1}],"total_count":111,"type":"String","has_duplicates":false,"probability":1},{"name":"templateid","path":"templateid","count":111,"types":[{"name":"ObjectID","bsonType":"ObjectID","path":"templateid","count":111,"total_count":0,"probability":1}],"total_count":111,"type":"ObjectID","has_duplicates":false,"probability":1},{"name":"userid","path":"userid","count":111,"types":[{"name":"Number","bsonType":"Number","path":"userid","count":111,"total_count":0,"probability":1}],"total_count":111,"type":"Number","has_duplicates":false,"probability":1}],"count":111}