[{"_id":"5e4cef795de6290ae4e555b4","Name":"noofroomsold","Text":"No Of Rooms Sold"},{"_id":"5e4cef8dca190a0ae448bd44","Name":"totalroomrevenue","Text":"Total Room Revenue"},{"_id":"5e4cef98ca190a0ae448bd45","Name":"numberofavailablerooms","Text":"No Of Available Rooms"},{"_id":"5e4cf1ecca190a0ae448bd46","Name":"occvarience","Text":"OCC Variance"},{"_id":"5e4cf1ffca190a0ae448bd47","Name":"extendetstayocc","Text":"Extendet Stay OCC"},{"_id":"5e4cf212ca190a0ae448bd48","Name":"adr","Text":"ADR"},{"_id":"5e4cf227ca190a0ae448bd49","Name":"adrvarience","Text":"ADR Variance"},{"_id":"5e4cf238ca190a0ae448bd4a","Name":"extendetstayadr","Text":"Extendet Stay ADR"},{"_id":"5e4cf24eca190a0ae448bd4b","Name":"revpar","Text":"RevPAR"},{"_id":"5e4cf265ca190a0ae448bd4c","Name":"revparvarience","Text":"RevPAR Variance"},{"_id":"5e4cf278ca190a0ae448bd4d","Name":"extendetstayadr","Text":"Extendet Stay RevPAR"},{"_id":"5e4cf28aca190a0ae448bd4e","Name":"totalpropertyrevenue","Text":"Total Property Revenue"},{"_id":"5e4cf29bca190a0ae448bd4f","Name":"comprooms","Text":"Comp Rooms"},{"_id":"5e4cf2acca190a0ae448bd50","Name":"outoforderrooms","Text":"Out Of Order Rooms"},{"_id":"5e4cf2caca190a0ae448bd51","Name":"occvarienceper","Text":"LastYear Occ Variance (%)"},{"_id":"5e4cf2e0ca190a0ae448bd52","Name":"occBudgetper","Text":"Occ Budget (%)"},{"_id":"5e4cf2f2ca190a0ae448bd53","Name":"occbudgetvariance","Text":"Occ Budget Variance (%)"},{"_id":"5e4cf307ca190a0ae448bd54","Name":"adrLY$","Text":"LastYear ADR ($)"},{"_id":"5e4cf33dca190a0ae448bd55","Name":"extendetstayoccLY","Text":"Last Year Extended Stay OCC"},{"_id":"5e4cf350ca190a0ae448bd56","Name":"adrBudget$","Text":"ADR Budget ($)"},{"_id":"5e4cf367ca190a0ae448bd57","Name":"lyadrvarience","Text":"LastYear ADR Variance ($)"},{"_id":"5e4cf378ca190a0ae448bd58","Name":"revparLY$","Text":"LastYear RevPAR ($)"},{"_id":"5e4cf38cca190a0ae448bd59","Name":"roomrevenuebudgetvarience","Text":"Room Revenue Budget Variance ($)"},{"_id":"5e4cf39eca190a0ae448bd5a","Name":"lyroomrevenuevarience","Text":"LastYear Room Revenue Variance ($)"},{"_id":"5e4cf3bdca190a0ae448bd5b","Name":"fandbrevenue$","Text":"FANDB Revenue ($)"},{"_id":"5e4cf3d0ca190a0ae448bd5c","Name":"otherincome$","Text":"Other Income ($)"},{"_id":"5e4cf3e8ca190a0ae448bd5d","Name":"totalproperty","Text":"Total Property"},{"_id":"5e4cf484ca190a0ae448bd5e","Name":"fandbrevenuevarience","Text":"LastYear F&B Revenue Variance"},{"_id":"5e4cf497ca190a0ae448bd5f","Name":"totalpropertyvarience","Text":"LastYear Total Property Variance"},{"_id":"5e4cf4a9ca190a0ae448bd60","Name":"lyrevparvarience","Text":"LastYear REVPAR Variance"},{"_id":"5e4cf4bcca190a0ae448bd61","Name":"roomrevenuebudgetvarience","Text":"Room Revenue Budget Variance"},{"_id":"5e4cf4d0ca190a0ae448bd62","Name":"fandbrevenuebudgetvarience","Text":"F&B Revenue Budget Variance"},{"_id":"5e4cf551ca190a0ae448bd63","Name":"totalpropertybudgetvarience","Text":"Total Property Budget Variance "},{"_id":"5e4cf564ca190a0ae448bd64","Name":"revparbudgetvarience","Text":"REVPAR Budget Variance"},{"_id":"5e4cf57aca190a0ae448bd65","Name":"roomrevenueforcastvarience","Text":"Room Revenue Forecast Variance"},{"_id":"5e4cf596ca190a0ae448bd66","Name":"fandbrevenueforcastvarience","Text":"F&B Revenue Forecast Variance"},{"_id":"5e4cf5aaca190a0ae448bd67","Name":"totalpropertyforcastvarience","Text":"Total Property Forecast Variance"},{"_id":"5e4cf5bdca190a0ae448bd68","Name":"occforcastvarience","Text":"Occ Forecast Variance"},{"_id":"5e4cf5d3ca190a0ae448bd69","Name":"adrforcastvarience","Text":"ADR Forecast Variance"},{"_id":"5e4cf5e8ca190a0ae448bd6a","Name":"revparforcastvarience","Text":"REVPAR Forecast Variance"},{"_id":"5e4cf5fcca190a0ae448bd6b","Name":"revenuevariancebObtogoal","Text":"Revenue Variance BOB To Goal ($)"},{"_id":"5e4cf60fca190a0ae448bd6c","Name":"roomsbudget","Text":"Rooms Budget"},{"_id":"5e4cf622ca190a0ae448bd6d","Name":"roomrevenuebudgetvarience","Text":"Rooms Budget Variance"},{"_id":"5e4cf633ca190a0ae448bd6e","Name":"gm_login","Text":"GM Login"},{"_id":"5e4cf648ca190a0ae448bd6f","Name":"gm_login_CST","Text":"GM Last Login (CST)"},{"_id":"5e4cf65aca190a0ae448bd70","Name":"lyroomsold","Text":"LastYear Room Sold"},{"_id":"5e4cf66bca190a0ae448bd71","Name":"roomsoldvarience","Text":"LastYear RoolSold Variance"},{"_id":"5e4cf68bca190a0ae448bd72","Name":"outofordervarience","Text":"LastYear Out Of Order Variance"},{"_id":"5e4cf6c0ca190a0ae448bd73","Name":"otherincomebudgetvarience","Text":"Other Income Budget Variance"},{"_id":"5e4cf6d1ca190a0ae448bd74","Name":"otherincomevarience","Text":"LastYear Other Income Variance"},{"_id":"5e4cf6e3ca190a0ae448bd75","Name":"totalrevenuebudget","Text":"Total Revenue Budget"},{"_id":"5e4cf76aca190a0ae448bd76","Name":"extendetstayadrLY","Text":"Last Year Extended Stay ADR"},{"_id":"5e4cf788ca190a0ae448bd77","Name":"occexcludingooo","Text":"Occ Excluding OOO"},{"_id":"5e4cf79bca190a0ae448bd78","Name":"revparexcludingooo","Text":"RevPAR excluding OOO"},{"_id":"5e4cf7acca190a0ae448bd79","Name":"esroomsold","Text":"Extended Stay Room SOld"},{"_id":"5e4cf7c3ca190a0ae448bd7a","Name":"roomrevenuevarience%","Text":"LastYear Room Revenue Variance (%)"},{"_id":"5e4cf7d8ca190a0ae448bd7b","Name":"adrvarience%","Text":"LastYear ADR Variance (%)"},{"_id":"5e4cf7e9ca190a0ae448bd7c","Name":"strmpi","Text":"STR - MPI"},{"_id":"5e4cf7f9ca190a0ae448bd7d","Name":"strmpirank","Text":"STR - MPI Rank"},{"_id":"5e4cf80aca190a0ae448bd7e","Name":"strari","Text":"STR - ARI"},{"_id":"5e4cf81eca190a0ae448bd7f","Name":"strarirank","Text":"STR - ARI Rank"},{"_id":"5e4cf831ca190a0ae448bd80","Name":"strrgi","Text":"STR - RGI"},{"_id":"5e4cf842ca190a0ae448bd81","Name":"strrgirank","Text":"STR - RGI Rank"},{"_id":"5e4cf855ca190a0ae448bd82","Name":"monthgoal","Text":"This Month's Goal"},{"_id":"5e4cf86cca190a0ae448bd83","Name":"monthforcast","Text":"This Month's Forecast"},{"_id":"5e71b5bce7ed4a1b793adeb4","Name":"occ","Text":"OCC"}]