{"fields":[{"name":"_id","path":"_id","count":20000,"types":[{"name":"Number","bsonType":"Number","path":"_id","count":20000,"total_count":0,"probability":1}],"total_count":20000,"type":"Number","has_duplicates":false,"probability":1},{"name":"ErrorType","path":"ErrorType","count":20000,"types":[{"name":"String","bsonType":"String","path":"ErrorType","count":20000,"total_count":0,"probability":1}],"total_count":20000,"type":"String","has_duplicates":false,"probability":1},{"name":"FileCategory","path":"FileCategory","count":20000,"types":[{"name":"String","bsonType":"String","path":"FileCategory","count":20000,"total_count":0,"probability":1}],"total_count":20000,"type":"String","has_duplicates":false,"probability":1},{"name":"FileDateTime","path":"FileDateTime","count":20000,"types":[{"name":"Null","bsonType":"Null","path":"FileDateTime","count":12220,"total_count":0,"probability":0.611,"unique":1,"has_duplicates":true},{"name":"Date","bsonType":"Date","path":"FileDateTime","count":7780,"total_count":0,"probability":0.389}],"total_count":20000,"type":["Null","Date"],"has_duplicates":true,"probability":1},{"name":"FileName","path":"FileName","count":20000,"types":[{"name":"String","bsonType":"String","path":"FileName","count":20000,"total_count":0,"probability":1}],"total_count":20000,"type":"String","has_duplicates":false,"probability":1},{"name":"HotelID","path":"HotelID","count":20000,"types":[{"name":"Number","bsonType":"Number","path":"HotelID","count":20000,"total_count":0,"probability":1}],"total_count":20000,"type":"Number","has_duplicates":false,"probability":1},{"name":"ID","path":"ID","count":20000,"types":[{"name":"Number","bsonType":"Number","path":"ID","count":20000,"total_count":0,"probability":1}],"total_count":20000,"type":"Number","has_duplicates":false,"probability":1},{"name":"ImportType","path":"ImportType","count":20000,"types":[{"name":"String","bsonType":"String","path":"ImportType","count":20000,"total_count":0,"probability":1}],"total_count":20000,"type":"String","has_duplicates":false,"probability":1},{"name":"Message","path":"Message","count":20000,"types":[{"name":"String","bsonType":"String","path":"Message","count":20000,"total_count":0,"probability":1}],"total_count":20000,"type":"String","has_duplicates":false,"probability":1},{"name":"PMS","path":"PMS","count":20000,"types":[{"name":"String","bsonType":"String","path":"PMS","count":20000,"total_count":0,"probability":1}],"total_count":20000,"type":"String","has_duplicates":false,"probability":1},{"name":"UpdateDateTime","path":"UpdateDateTime","count":20000,"types":[{"name":"Date","bsonType":"Date","path":"UpdateDateTime","count":20000,"total_count":0,"probability":1}],"total_count":20000,"type":"Date","has_duplicates":false,"probability":1},{"name":"UpdatedBy","path":"UpdatedBy","count":20000,"types":[{"name":"String","bsonType":"String","path":"UpdatedBy","count":20000,"total_count":0,"probability":1}],"total_count":20000,"type":"String","has_duplicates":false,"probability":1}],"count":20000}