[{"_id":1,"ID":1,"HotelId":372,"HotelName":"Courtyard by Marriott Cincinnati Airport"},{"_id":2,"ID":2,"HotelId":367,"HotelName":"Residence Inn O'Fallon"},{"_id":3,"ID":3,"HotelId":373,"HotelName":"Fairfield Canton South"},{"_id":4,"ID":4,"HotelId":374,"HotelName":"Residence Inn Gulfport MS"},{"_id":5,"ID":5,"HotelId":377,"HotelName":"Springhill Suites Louisville"},{"_id":6,"ID":6,"HotelId":380,"HotelName":"Homewood Suites Of Lexington"},{"_id":7,"ID":7,"HotelId":381,"HotelName":"Fairfield Inn Tampa"},{"_id":8,"ID":8,"HotelId":385,"HotelName":"Courtyard by Marriott BeaverCreek"},{"_id":9,"ID":9,"HotelId":386,"HotelName":"Residence Inn BeaverCreek "},{"_id":10,"ID":10,"HotelId":387,"HotelName":"Aloft Phoenix Airport"},{"_id":11,"ID":11,"HotelId":388,"HotelName":"Hampton Inn & Suites Tucson"},{"_id":12,"ID":12,"HotelId":389,"HotelName":"Hampton Inn Minot"},{"_id":13,"ID":13,"HotelId":390,"HotelName":"Homewood Suites Daphne"},{"_id":14,"ID":14,"HotelId":392,"HotelName":"Hampton Inn Daphne"},{"_id":15,"ID":15,"HotelId":393,"HotelName":"Hilton Garden Inn Tampa Riverview"},{"_id":16,"ID":16,"HotelId":397,"HotelName":"Hampton Inn Panama City"},{"_id":17,"ID":17,"HotelId":398,"HotelName":"Hampton Inn Rohnert Park"},{"_id":18,"ID":18,"HotelId":399,"HotelName":"Hampton Inn Cincinnati Airport "},{"_id":19,"ID":19,"HotelId":400,"HotelName":"Hampton Inn Mobile"},{"_id":20,"ID":20,"HotelId":403,"HotelName":"Candlewood Suites St. Clairsville"},{"_id":21,"ID":21,"HotelId":404,"HotelName":"Hyatt House Warrenville"},{"_id":22,"ID":22,"HotelId":405,"HotelName":"Hyatt Place Warrenville"},{"_id":23,"ID":23,"HotelId":407,"HotelName":"Candlewood Suites Indianapolis"},{"_id":24,"ID":24,"HotelId":410,"HotelName":"Cambria Suites Indianapolis Airport"},{"_id":25,"ID":25,"HotelId":415,"HotelName":"Best Western Covington"},{"_id":26,"ID":26,"HotelId":402,"HotelName":"Candlewood Suites Carrollton"},{"_id":27,"ID":27,"HotelId":401,"HotelName":"Hampton Inn Atlanta Kennesaw"},{"_id":28,"ID":28,"HotelId":421,"HotelName":"Hampton Inn Jacksonville Downtown"},{"_id":29,"ID":29,"HotelId":648,"HotelName":"Hampton Inn Lexington Hamburg"},{"_id":30,"ID":30,"HotelId":395,"HotelName":"Hampton Inn Louisville Airport"},{"_id":31,"ID":31,"HotelId":394,"HotelName":"Hampton Inn Louisville North Clarksville"},{"_id":32,"ID":32,"HotelId":417,"HotelName":"Hilton Garden Inn Daphne"},{"_id":33,"ID":33,"HotelId":391,"HotelName":"Hilton Garden Inn Gulfport"},{"_id":34,"ID":34,"HotelId":396,"HotelName":"Hilton Garden Inn Panama City"},{"_id":35,"ID":35,"HotelId":382,"HotelName":"Hilton Garden Inn Reno"},{"_id":36,"ID":36,"HotelId":376,"HotelName":"Residence Inn Louisville Airport"},{"_id":37,"ID":37,"HotelId":378,"HotelName":"Springhill Suites Denver Fitzsimons"},{"_id":38,"ID":38,"HotelId":594,"HotelName":"Staybridge Suites Reno"},{"_id":39,"ID":39,"HotelId":559,"HotelName":"Tru by Hilton Louisville Airport"},{"_id":40,"ID":40,"HotelId":406,"HotelName":"Hyatt Place Portland Old Port"},{"_id":41,"ID":41,"HotelId":418,"HotelName":"Hyatt Place Salt Lake City"},{"_id":42,"ID":42,"HotelId":371,"HotelName":"Residence Inn Cincinnati Airport"},{"_id":43,"ID":43,"HotelId":379,"HotelName":"Springhill Suites Baldwin Center"}]