{"fields":[{"name":"_id","path":"_id","count":43,"types":[{"name":"Number","bsonType":"Number","path":"_id","count":43,"total_count":0,"probability":1}],"total_count":43,"type":"Number","has_duplicates":false,"probability":1},{"name":"HotelId","path":"HotelId","count":43,"types":[{"name":"Number","bsonType":"Number","path":"HotelId","count":43,"total_count":0,"probability":1}],"total_count":43,"type":"Number","has_duplicates":false,"probability":1},{"name":"HotelName","path":"HotelName","count":43,"types":[{"name":"String","bsonType":"String","path":"HotelName","count":43,"total_count":0,"probability":1}],"total_count":43,"type":"String","has_duplicates":false,"probability":1},{"name":"ID","path":"ID","count":43,"types":[{"name":"Number","bsonType":"Number","path":"ID","count":43,"total_count":0,"probability":1}],"total_count":43,"type":"Number","has_duplicates":false,"probability":1}],"count":43}