[{"_id":"5fa3aec2eb550b1544b8e895","Status":true,"HMGGLCode":"1000.111","MDOGLCode":"ADR10001","Description":"Food and Beverage Cust","OrganizationID":2,"__v":0},{"_id":"5fce08802ffb3b0a9450992f","Status":true,"HMGGLCode":"1000.1011","MDOGLCode":"ADR100111","Description":"Food and Beverage Cust","OrganizationID":2,"__v":0},{"_id":"5fce0ad7cb19ca220075cad4","Status":true,"HMGGLCode":"1000896","MDOGLCode":"ADR10051","Description":"Food","OrganizationID":2,"__v":0},{"_id":"5fd0b25205081e735f0ce973","Status":true,"HMGGLCode":"1000.101","MDOGLCode":"ADR10011","Description":"Food and Beverage Cust","OrganizationID":2,"__v":0},{"_id":"5fd0b25205081e735f0ce974","Status":true,"HMGGLCode":"1000896","MDOGLCode":"ADR10058","Description":"Food","OrganizationID":2,"__v":0},{"_id":"5fd1fa7fc21c890af245328b","Status":true,"HMGGLCode":"1000.11","MDOGLCode":"FDGOP01","Description":"test 2","OrganizationID":2,"__v":0},{"_id":"5fd1fa7fc21c890af245328c","Status":null,"HMGGLCode":"1000.11","MDOGLCode":"RMGOP01","Description":"test 12","OrganizationID":2,"__v":0},{"_id":"5fd20663c21c890af2453292","Status":true,"HMGGLCode":"1000.11","MDOGLCode":"BVGOP01","Description":"test 3","OrganizationID":2,"__v":0},{"_id":"5fd20673c21c890af2453293","Status":true,"HMGGLCode":"1000.11","MDOGLCode":"BVGOP01","Description":"test 3","OrganizationID":2,"__v":0},{"_id":"5fd8bdac08982a6a6b15da03","Status":true,"HMGGLCode":"1000.11","MDOGLCode":"RMGOP01","Description":"test1","OrganizationID":2,"__v":0},{"_id":"5fd8bdc908982a6a6b15da12","Status":true,"HMGGLCode":"1000.11","MDOGLCode":"RMGOP01","Description":"test","OrganizationID":2,"__v":0},{"_id":"5fd8bfeb08982a6a6b15da25","Status":true,"HMGGLCode":"1131134","MDOGLCode":"RMGOP01","Description":"Testing  CD ROOMS DEPARTMENTAL PROFIT","OrganizationID":3055,"__v":0},{"_id":"5fdb48abca6d7b2f340c0c09","Status":true,"HMGGLCode":"1131122","MDOGLCode":"FDGOP01","Description":"Testing CD Total Food Dept profit","OrganizationID":3055,"__v":0},{"_id":"5fdc6e59fefa302207bc852e","Status":true,"HMGGLCode":"1000.11","MDOGLCode":"RMGOP01","Description":"v","OrganizationID":2,"__v":0},{"_id":"600a5da51470761c03967648","Status":true,"HMGGLCode":"1131124","MDOGLCode":"FDEXP10","Description":"Testing CD TOTAL FOOD EXPENSE","OrganizationID":3055,"__v":0},{"_id":"600a5e321470761c03967649","Status":true,"HMGGLCode":"1131124","MDOGLCode":"FDEXP10","Description":"Testing CD TOTAL FOOD EXPENSE","OrganizationID":3055,"__v":0},{"_id":"600a5e321470761c0396764a","Status":true,"HMGGLCode":"1131140","MDOGLCode":"MOGOP01","Description":"Testing CD TOTAL MINOR OPERATED PROFIT","OrganizationID":3055,"__v":0},{"_id":"600a5e851470761c0396764c","Status":true,"HMGGLCode":"1131140","MDOGLCode":"MOGOP01","Description":"Testing CD TOTAL MINOR OPERATED PROFIT","OrganizationID":3055,"__v":0},{"_id":"600a5e851470761c0396764b","Status":true,"HMGGLCode":"1131124","MDOGLCode":"FDEXP10","Description":"Testing CD TOTAL FOOD EXPENSE","OrganizationID":3055,"__v":0},{"_id":"600a63c21470761c0396764d","Status":true,"HMGGLCode":"1022518","MDOGLCode":"BVGOP01","Description":"Testing CD TOTAL BEVERAGE DEPARTMENTAL PROFIT","OrganizationID":3055,"__v":0},{"_id":"600f640c4b7e834c132389bc","Status":true,"HMGGLCode":"1131122","MDOGLCode":"10011020","Description":"Member Exclusive rates CDesc","OrganizationID":3055,"__v":0}]