{"fields":[{"name":"_id","path":"_id","count":18486,"types":[{"name":"Number","bsonType":"Number","path":"_id","count":18485,"total_count":0,"probability":0.9999459050091961},{"name":"Null","bsonType":"Null","path":"_id","count":1,"total_count":0,"probability":0.00005409499080385156,"unique":1,"has_duplicates":false}],"total_count":18486,"type":["Number","Null"],"has_duplicates":false,"probability":1},{"name":"DateFrom","path":"DateFrom","count":18486,"types":[{"name":"Date","bsonType":"Date","path":"DateFrom","count":18485,"total_count":0,"probability":0.9999459050091961},{"name":"Null","bsonType":"Null","path":"DateFrom","count":1,"total_count":0,"probability":0.00005409499080385156,"unique":1,"has_duplicates":false}],"total_count":18486,"type":["Date","Null"],"has_duplicates":false,"probability":1},{"name":"DateTo","path":"DateTo","count":18486,"types":[{"name":"Date","bsonType":"Date","path":"DateTo","count":18485,"total_count":0,"probability":0.9999459050091961},{"name":"Null","bsonType":"Null","path":"DateTo","count":1,"total_count":0,"probability":0.00005409499080385156,"unique":1,"has_duplicates":false}],"total_count":18486,"type":["Date","Null"],"has_duplicates":false,"probability":1},{"name":"Description","path":"Description","count":18486,"types":[{"name":"String","bsonType":"String","path":"Description","count":18485,"total_count":0,"probability":0.9999459050091961},{"name":"Null","bsonType":"Null","path":"Description","count":1,"total_count":0,"probability":0.00005409499080385156,"unique":1,"has_duplicates":false}],"total_count":18486,"type":["String","Null"],"has_duplicates":false,"probability":1},{"name":"HotelID","path":"HotelID","count":18486,"types":[{"name":"Number","bsonType":"Number","path":"HotelID","count":18485,"total_count":0,"probability":0.9999459050091961},{"name":"Null","bsonType":"Null","path":"HotelID","count":1,"total_count":0,"probability":0.00005409499080385156,"unique":1,"has_duplicates":false}],"total_count":18486,"type":["Number","Null"],"has_duplicates":false,"probability":1},{"name":"ID","path":"ID","count":18486,"types":[{"name":"Number","bsonType":"Number","path":"ID","count":18485,"total_count":0,"probability":0.9999459050091961},{"name":"Null","bsonType":"Null","path":"ID","count":1,"total_count":0,"probability":0.00005409499080385156,"unique":1,"has_duplicates":false}],"total_count":18486,"type":["Number","Null"],"has_duplicates":false,"probability":1},{"name":"IsDelete","path":"IsDelete","count":18486,"types":[{"name":"Boolean","bsonType":"Boolean","path":"IsDelete","count":18485,"total_count":0,"probability":0.9999459050091961},{"name":"Null","bsonType":"Null","path":"IsDelete","count":1,"total_count":0,"probability":0.00005409499080385156,"unique":1,"has_duplicates":false}],"total_count":18486,"type":["Boolean","Null"],"has_duplicates":false,"probability":1},{"name":"NoOfRooms","path":"NoOfRooms","count":18486,"types":[{"name":"Number","bsonType":"Number","path":"NoOfRooms","count":18485,"total_count":0,"probability":0.9999459050091961},{"name":"Null","bsonType":"Null","path":"NoOfRooms","count":1,"total_count":0,"probability":0.00005409499080385156,"unique":1,"has_duplicates":false}],"total_count":18486,"type":["Number","Null"],"has_duplicates":false,"probability":1},{"name":"ReasonCode","path":"ReasonCode","count":18486,"types":[{"name":"String","bsonType":"String","path":"ReasonCode","count":18485,"total_count":0,"probability":0.9999459050091961},{"name":"Null","bsonType":"Null","path":"ReasonCode","count":1,"total_count":0,"probability":0.00005409499080385156,"unique":1,"has_duplicates":false}],"total_count":18486,"type":["String","Null"],"has_duplicates":false,"probability":1},{"name":"Remarks","path":"Remarks","count":18486,"types":[{"name":"String","bsonType":"String","path":"Remarks","count":18485,"total_count":0,"probability":0.9999459050091961},{"name":"Null","bsonType":"Null","path":"Remarks","count":1,"total_count":0,"probability":0.00005409499080385156,"unique":1,"has_duplicates":false}],"total_count":18486,"type":["String","Null"],"has_duplicates":false,"probability":1},{"name":"ReportedDate","path":"ReportedDate","count":18486,"types":[{"name":"Date","bsonType":"Date","path":"ReportedDate","count":18485,"total_count":0,"probability":0.9999459050091961},{"name":"Null","bsonType":"Null","path":"ReportedDate","count":1,"total_count":0,"probability":0.00005409499080385156,"unique":1,"has_duplicates":false}],"total_count":18486,"type":["Date","Null"],"has_duplicates":false,"probability":1},{"name":"ReturnStatus","path":"ReturnStatus","count":18486,"types":[{"name":"String","bsonType":"String","path":"ReturnStatus","count":18485,"total_count":0,"probability":0.9999459050091961},{"name":"Null","bsonType":"Null","path":"ReturnStatus","count":1,"total_count":0,"probability":0.00005409499080385156,"unique":1,"has_duplicates":false}],"total_count":18486,"type":["String","Null"],"has_duplicates":false,"probability":1},{"name":"RoomType","path":"RoomType","count":18486,"types":[{"name":"String","bsonType":"String","path":"RoomType","count":18485,"total_count":0,"probability":0.9999459050091961},{"name":"Null","bsonType":"Null","path":"RoomType","count":1,"total_count":0,"probability":0.00005409499080385156,"unique":1,"has_duplicates":false}],"total_count":18486,"type":["String","Null"],"has_duplicates":false,"probability":1},{"name":"Status","path":"Status","count":18486,"types":[{"name":"String","bsonType":"String","path":"Status","count":18485,"total_count":0,"probability":0.9999459050091961},{"name":"Null","bsonType":"Null","path":"Status","count":1,"total_count":0,"probability":0.00005409499080385156,"unique":1,"has_duplicates":false}],"total_count":18486,"type":["String","Null"],"has_duplicates":false,"probability":1},{"name":"UpdatedBy","path":"UpdatedBy","count":18486,"types":[{"name":"String","bsonType":"String","path":"UpdatedBy","count":18485,"total_count":0,"probability":0.9999459050091961},{"name":"Null","bsonType":"Null","path":"UpdatedBy","count":1,"total_count":0,"probability":0.00005409499080385156,"unique":1,"has_duplicates":false}],"total_count":18486,"type":["String","Null"],"has_duplicates":false,"probability":1},{"name":"UpdatedDateTime","path":"UpdatedDateTime","count":18486,"types":[{"name":"Date","bsonType":"Date","path":"UpdatedDateTime","count":18485,"total_count":0,"probability":0.9999459050091961},{"name":"Null","bsonType":"Null","path":"UpdatedDateTime","count":1,"total_count":0,"probability":0.00005409499080385156,"unique":1,"has_duplicates":false}],"total_count":18486,"type":["Date","Null"],"has_duplicates":false,"probability":1}],"count":18486}