{"fields":[{"name":"_id","path":"_id","count":415,"types":[{"name":"Number","bsonType":"Number","path":"_id","count":415,"total_count":0,"probability":1}],"total_count":415,"type":"Number","has_duplicates":false,"probability":1},{"name":"CompanyName","path":"CompanyName","count":415,"types":[{"name":"String","bsonType":"String","path":"CompanyName","count":282,"total_count":0,"probability":0.6795180722891566},{"name":"Null","bsonType":"Null","path":"CompanyName","count":133,"total_count":0,"probability":0.3204819277108434,"unique":1,"has_duplicates":true}],"total_count":415,"type":["String","Null"],"has_duplicates":true,"probability":1},{"name":"Hotel_Id","path":"Hotel_Id","count":415,"types":[{"name":"Number","bsonType":"Number","path":"Hotel_Id","count":415,"total_count":0,"probability":1}],"total_count":415,"type":"Number","has_duplicates":false,"probability":1},{"name":"Id","path":"Id","count":415,"types":[{"name":"Number","bsonType":"Number","path":"Id","count":415,"total_count":0,"probability":1}],"total_count":415,"type":"Number","has_duplicates":false,"probability":1},{"name":"Name","path":"Name","count":415,"types":[{"name":"String","bsonType":"String","path":"Name","count":415,"total_count":0,"probability":1}],"total_count":415,"type":"String","has_duplicates":false,"probability":1}],"count":415}