{"fields":[{"name":"_id","path":"_id","count":2,"types":[{"name":"ObjectID","bsonType":"ObjectID","path":"_id","count":2,"total_count":0,"probability":1}],"total_count":2,"type":"ObjectID","has_duplicates":false,"probability":1},{"name":"__v","path":"__v","count":2,"types":[{"name":"Number","bsonType":"Number","path":"__v","count":2,"total_count":0,"probability":1}],"total_count":2,"type":"Number","has_duplicates":false,"probability":1},{"name":"BaseURL","path":"BaseURL","count":2,"types":[{"name":"String","bsonType":"String","path":"BaseURL","count":2,"total_count":0,"probability":1}],"total_count":2,"type":"String","has_duplicates":false,"probability":1},{"name":"CreatedDate","path":"CreatedDate","count":2,"types":[{"name":"Date","bsonType":"Date","path":"CreatedDate","count":2,"total_count":0,"probability":1}],"total_count":2,"type":"Date","has_duplicates":false,"probability":1},{"name":"ID","path":"ID","count":2,"types":[{"name":"Number","bsonType":"Number","path":"ID","count":2,"total_count":0,"probability":1}],"total_count":2,"type":"Number","has_duplicates":false,"probability":1},{"name":"Page","path":"Page","count":2,"types":[{"name":"String","bsonType":"String","path":"Page","count":2,"total_count":0,"probability":1}],"total_count":2,"type":"String","has_duplicates":false,"probability":1},{"name":"SchedulePageURL","path":"SchedulePageURL","count":2,"types":[{"name":"String","bsonType":"String","path":"SchedulePageURL","count":2,"total_count":0,"probability":1}],"total_count":2,"type":"String","has_duplicates":false,"probability":1},{"name":"UserID","path":"UserID","count":2,"types":[{"name":"Number","bsonType":"Number","path":"UserID","count":2,"total_count":0,"probability":1}],"total_count":2,"type":"Number","has_duplicates":false,"probability":1}],"count":2}