[{"_id":1,"ID":1,"OrganisationID":238,"Username":"insignia.mdo","Password":"Insig2016","Category":"HotelEffectiveness","IsDelete":true,"UpdatedBy":"superadmin@mydigitaloffice.ca","UpdatedDateTime":"2017-02-10T10:35:18.427Z"},{"_id":2,"ID":2,"OrganisationID":328,"Username":"hpatel","Password":"Hp20202020","Category":"HotelEffectiveness","IsDelete":false,"UpdatedBy":"superadmin@mydigitaloffice.ca","UpdatedDateTime":"2017-02-10T10:44:22.693Z"},{"_id":3,"ID":3,"OrganisationID":402,"Username":"NorthPointe","Password":"Hp202020","Category":"HotelEffectiveness","IsDelete":false,"UpdatedBy":"superadmin@mydigitaloffice.ca","UpdatedDateTime":"2017-09-26T04:35:51.340Z"},{"_id":4,"ID":4,"OrganisationID":636,"Username":"mydigitaloffice.imperial","Password":"Mdo12345","Category":"HotelEffectiveness","IsDelete":false,"UpdatedBy":"superadmin@mydigitaloffice.ca","UpdatedDateTime":"2017-12-28T05:02:26.853Z"},{"_id":5,"ID":5,"OrganisationID":288,"Username":"mydigitaloffice.fch.user","Password":"Mdoadm1n","Category":"HotelEffectiveness","IsDelete":false,"UpdatedBy":"superadmin@mydigitaloffice.ca","UpdatedDateTime":"2019-01-30T04:15:39.623Z"},{"_id":6,"ID":6,"OrganisationID":2691,"Username":"mydigitaloffice.Everwood","Password":"MD0adm1n!","Category":"HotelEffectiveness","IsDelete":false,"UpdatedBy":"superadmin@mydigitaloffice.ca","UpdatedDateTime":"2020-01-28T05:15:48.143Z"},{"_id":7,"ID":7,"OrganisationID":3188,"Username":"mydigitaloffice","Password":"MD0@ccess0928","Category":"HotelEffectiveness","IsDelete":false,"UpdatedBy":"amanda@mydigitaloffice.ca","UpdatedDateTime":"2020-09-28T17:37:37.997Z"},{"_id":8,"ID":8,"OrganisationID":4121,"Username":"filseta","Password":"WelcomeMDO072020","Category":"HotelEffectiveness","IsDelete":false,"UpdatedBy":"superadmin@mydigitaloffice.ca","UpdatedDateTime":"2020-07-21T14:26:30.060Z"}]