{"fields":[{"name":"_id","path":"_id","count":3,"types":[{"name":"Number","bsonType":"Number","path":"_id","count":3,"total_count":0,"probability":1}],"total_count":3,"type":"Number","has_duplicates":false,"probability":1},{"name":"ID","path":"ID","count":3,"types":[{"name":"Number","bsonType":"Number","path":"ID","count":3,"total_count":0,"probability":1}],"total_count":3,"type":"Number","has_duplicates":false,"probability":1},{"name":"OrganisationID","path":"OrganisationID","count":3,"types":[{"name":"Number","bsonType":"Number","path":"OrganisationID","count":3,"total_count":0,"probability":1}],"total_count":3,"type":"Number","has_duplicates":false,"probability":1},{"name":"OTAInsightToken","path":"OTAInsightToken","count":3,"types":[{"name":"String","bsonType":"String","path":"OTAInsightToken","count":3,"total_count":0,"probability":1}],"total_count":3,"type":"String","has_duplicates":false,"probability":1}],"count":3}