{"fields":[{"name":"_id","path":"_id","count":8,"types":[{"name":"Number","bsonType":"Number","path":"_id","count":8,"total_count":0,"probability":1}],"total_count":8,"type":"Number","has_duplicates":false,"probability":1},{"name":"Category","path":"Category","count":8,"types":[{"name":"String","bsonType":"String","path":"Category","count":8,"total_count":0,"probability":1}],"total_count":8,"type":"String","has_duplicates":false,"probability":1},{"name":"ID","path":"ID","count":8,"types":[{"name":"Number","bsonType":"Number","path":"ID","count":8,"total_count":0,"probability":1}],"total_count":8,"type":"Number","has_duplicates":false,"probability":1},{"name":"IsDelete","path":"IsDelete","count":8,"types":[{"name":"Boolean","bsonType":"Boolean","path":"IsDelete","count":8,"total_count":0,"probability":1}],"total_count":8,"type":"Boolean","has_duplicates":false,"probability":1},{"name":"OrganisationID","path":"OrganisationID","count":8,"types":[{"name":"Number","bsonType":"Number","path":"OrganisationID","count":8,"total_count":0,"probability":1}],"total_count":8,"type":"Number","has_duplicates":false,"probability":1},{"name":"Password","path":"Password","count":8,"types":[{"name":"String","bsonType":"String","path":"Password","count":8,"total_count":0,"probability":1}],"total_count":8,"type":"String","has_duplicates":false,"probability":1},{"name":"UpdatedBy","path":"UpdatedBy","count":8,"types":[{"name":"String","bsonType":"String","path":"UpdatedBy","count":8,"total_count":0,"probability":1}],"total_count":8,"type":"String","has_duplicates":false,"probability":1},{"name":"UpdatedDateTime","path":"UpdatedDateTime","count":8,"types":[{"name":"Date","bsonType":"Date","path":"UpdatedDateTime","count":8,"total_count":0,"probability":1}],"total_count":8,"type":"Date","has_duplicates":false,"probability":1},{"name":"Username","path":"Username","count":8,"types":[{"name":"String","bsonType":"String","path":"Username","count":8,"total_count":0,"probability":1}],"total_count":8,"type":"String","has_duplicates":false,"probability":1}],"count":8}