[{"_id":1,"ID":1,"HotelID":743,"OTAInsightHotelName":"Microtel Inn & Suites - Mont-Tremblant","OTAInsightHotelID":2020875,"OTASubscriptionID":110403},{"_id":2,"ID":2,"HotelID":740,"OTAInsightHotelName":"Microtel Inn & Suites by Wyndham Bonnyville","OTAInsightHotelID":1483500,"OTASubscriptionID":110402},{"_id":3,"ID":3,"HotelID":735,"OTAInsightHotelName":"Microtel Inn & Suites by Wyndham Estevan","OTAInsightHotelID":1159231,"OTASubscriptionID":110398},{"_id":4,"ID":4,"HotelID":756,"OTAInsightHotelName":"Microtel Inn & Suites by Wyndham Fort McMurray","OTAInsightHotelID":1914344,"OTASubscriptionID":110406},{"_id":5,"ID":5,"HotelID":739,"OTAInsightHotelName":"Microtel Inn & Suites by Wyndham Fort Saint John","OTAInsightHotelID":1321392,"OTASubscriptionID":110407},{"_id":6,"ID":6,"HotelID":737,"OTAInsightHotelName":"Microtel Inn & Suites by Wyndham Lloydminster","OTAInsightHotelID":889327,"OTASubscriptionID":110397},{"_id":7,"ID":7,"HotelID":736,"OTAInsightHotelName":"Microtel Inn & Suites by Wyndham Oyster Bay Ladysmith","OTAInsightHotelID":2008078,"OTASubscriptionID":110399},{"_id":8,"ID":8,"HotelID":744,"OTAInsightHotelName":"Microtel Inn & Suites by Wyndham Val-dʼOr","OTAInsightHotelID":2011134,"OTASubscriptionID":110408},{"_id":9,"ID":9,"HotelID":741,"OTAInsightHotelName":"Microtel Inn & Suites by Wyndham Whitecourt","OTAInsightHotelID":1310460,"OTASubscriptionID":110400},{"_id":10,"ID":10,"HotelID":738,"OTAInsightHotelName":"Microtel Inn and Suites by Wyndham Kitimat","OTAInsightHotelID":1483282,"OTASubscriptionID":110401},{"_id":11,"ID":11,"HotelID":null,"OTAInsightHotelName":"Microtel Inn and Suites by Wyndham Portage La Prairie","OTAInsightHotelID":2026261,"OTASubscriptionID":110409},{"_id":12,"ID":12,"HotelID":734,"OTAInsightHotelName":"Microtel Inn and Suites by Wyndham Weyburn","OTAInsightHotelID":874200,"OTASubscriptionID":110405},{"_id":13,"ID":13,"HotelID":742,"OTAInsightHotelName":"Super 8 by Wyndham Calgary Shawnessy Area","OTAInsightHotelID":173383,"OTASubscriptionID":110396},{"_id":14,"ID":14,"HotelID":745,"OTAInsightHotelName":"Super 8 by Wyndham Port Elgin","OTAInsightHotelID":452695,"OTASubscriptionID":110404},{"_id":15,"ID":15,"HotelID":null,"OTAInsightHotelName":"TownePlace Suites by Marriott Fort McMurray","OTAInsightHotelID":2022665,"OTASubscriptionID":79311},{"_id":16,"ID":16,"HotelID":10,"OTAInsightHotelName":"Microtel Inn & Suites by Wyndham Bonnyville","OTAInsightHotelID":1483500,"OTASubscriptionID":42999},{"_id":17,"ID":17,"HotelID":74,"OTAInsightHotelName":"Hampton Inn","OTAInsightHotelID":1483500,"OTASubscriptionID":42999},{"_id":18,"ID":18,"HotelID":75,"OTAInsightHotelName":"Holiday Inn & Suites","OTAInsightHotelID":2026261,"OTASubscriptionID":98480},{"_id":19,"ID":19,"HotelID":76,"OTAInsightHotelName":"Wingate","OTAInsightHotelID":2022665,"OTASubscriptionID":79311},{"_id":20,"ID":20,"HotelID":77,"OTAInsightHotelName":"Courtyard by Marriott","OTAInsightHotelID":1321392,"OTASubscriptionID":42645},{"_id":21,"ID":21,"HotelID":null,"OTAInsightHotelName":"Whitehorse Hotel, Trademark Collection by Wyndham","OTAInsightHotelID":2030005,"OTASubscriptionID":111021},{"_id":22,"ID":22,"HotelID":1097,"OTAInsightHotelName":"Hotel Caza","OTAInsightHotelID":2026811,"OTASubscriptionID":99032},{"_id":23,"ID":23,"HotelID":1611,"OTAInsightHotelName":"Hotel Figueroa Downtown Los Angeles","OTAInsightHotelID":1120869,"OTASubscriptionID":96831},{"_id":24,"ID":24,"HotelID":3213,"OTAInsightHotelName":"Millennium Premier New York Times Square","OTAInsightHotelID":1078432,"OTASubscriptionID":111026},{"_id":25,"ID":25,"HotelID":1139,"OTAInsightHotelName":"Moxy Boston Downtown","OTAInsightHotelID":2026656,"OTASubscriptionID":98888},{"_id":26,"ID":26,"HotelID":3066,"OTAInsightHotelName":"OYO Hotel and Casino Las Vegas","OTAInsightHotelID":59452,"OTASubscriptionID":103038},{"_id":27,"ID":27,"HotelID":1093,"OTAInsightHotelName":"The Sagamore Hotel South Beach","OTAInsightHotelID":24689,"OTASubscriptionID":77480},{"_id":28,"ID":28,"HotelID":980,"OTAInsightHotelName":"The Westin New Orleans","OTAInsightHotelID":48251,"OTASubscriptionID":102180}]