{"fields":[{"name":"_id","path":"_id","count":28,"types":[{"name":"Number","bsonType":"Number","path":"_id","count":28,"total_count":0,"probability":1}],"total_count":28,"type":"Number","has_duplicates":false,"probability":1},{"name":"HotelID","path":"HotelID","count":28,"types":[{"name":"Number","bsonType":"Number","path":"HotelID","count":25,"total_count":0,"probability":0.8928571428571429},{"name":"Null","bsonType":"Null","path":"HotelID","count":3,"total_count":0,"probability":0.10714285714285714,"unique":1,"has_duplicates":true}],"total_count":28,"type":["Number","Null"],"has_duplicates":true,"probability":1},{"name":"ID","path":"ID","count":28,"types":[{"name":"Number","bsonType":"Number","path":"ID","count":28,"total_count":0,"probability":1}],"total_count":28,"type":"Number","has_duplicates":false,"probability":1},{"name":"OTAInsightHotelID","path":"OTAInsightHotelID","count":28,"types":[{"name":"Number","bsonType":"Number","path":"OTAInsightHotelID","count":28,"total_count":0,"probability":1}],"total_count":28,"type":"Number","has_duplicates":false,"probability":1},{"name":"OTAInsightHotelName","path":"OTAInsightHotelName","count":28,"types":[{"name":"String","bsonType":"String","path":"OTAInsightHotelName","count":28,"total_count":0,"probability":1}],"total_count":28,"type":"String","has_duplicates":false,"probability":1},{"name":"OTASubscriptionID","path":"OTASubscriptionID","count":28,"types":[{"name":"Number","bsonType":"Number","path":"OTASubscriptionID","count":28,"total_count":0,"probability":1}],"total_count":28,"type":"Number","has_duplicates":false,"probability":1}],"count":28}