[{"_id":147,"ID":147,"UserId":769,"ConfigName":"M3RoomSold","DisplayName":"# of Rooms Sold","DisplayOrder":1,"Type":1,"UpdatedBy":"superadmin@mydigitaloffice.ca","UpdateDateTime":"2019-12-31T19:21:27.527Z"},{"_id":148,"ID":148,"UserId":769,"ConfigName":"M3Occ","DisplayName":"Occ (%)","DisplayOrder":2,"Type":1,"UpdatedBy":"superadmin@mydigitaloffice.ca","UpdateDateTime":"2019-12-31T19:21:27.560Z"},{"_id":149,"ID":149,"UserId":769,"ConfigName":"M3ADR","DisplayName":"ADR ($)","DisplayOrder":3,"Type":1,"UpdatedBy":"superadmin@mydigitaloffice.ca","UpdateDateTime":"2019-12-31T19:21:27.577Z"},{"_id":150,"ID":150,"UserId":769,"ConfigName":"M3REVPAR","DisplayName":"RevPAR ($)","DisplayOrder":4,"Type":1,"UpdatedBy":"superadmin@mydigitaloffice.ca","UpdateDateTime":"2019-12-31T19:21:27.590Z"},{"_id":151,"ID":151,"UserId":769,"ConfigName":"M3RoomRevenue","DisplayName":"Room Revenue ($)","DisplayOrder":5,"Type":1,"UpdatedBy":"superadmin@mydigitaloffice.ca","UpdateDateTime":"2019-12-31T19:21:27.607Z"},{"_id":152,"ID":152,"UserId":769,"ConfigName":"M3FNBRevenue","DisplayName":"F&B Revenue ($)","DisplayOrder":6,"Type":1,"UpdatedBy":"superadmin@mydigitaloffice.ca","UpdateDateTime":"2019-12-31T19:21:27.623Z"},{"_id":153,"ID":153,"UserId":769,"ConfigName":"M3OtherRevenue","DisplayName":"Other Income ($)","DisplayOrder":7,"Type":1,"UpdatedBy":"superadmin@mydigitaloffice.ca","UpdateDateTime":"2019-12-31T19:21:27.637Z"},{"_id":154,"ID":154,"UserId":769,"ConfigName":"M3TotalProperty","DisplayName":"Total Revenue ($)","DisplayOrder":8,"Type":1,"UpdatedBy":"superadmin@mydigitaloffice.ca","UpdateDateTime":"2019-12-31T19:21:27.650Z"},{"_id":155,"ID":155,"UserId":769,"ConfigName":"M3MTDBudget","DisplayName":"Today's Budget ($)","DisplayOrder":9,"Type":1,"UpdatedBy":"superadmin@mydigitaloffice.ca","UpdateDateTime":"2019-12-31T19:21:27.667Z"},{"_id":156,"ID":156,"UserId":769,"ConfigName":"M3RoomSoldMTD","DisplayName":"Rooms Sold","DisplayOrder":1,"Type":2,"UpdatedBy":"superadmin@mydigitaloffice.ca","UpdateDateTime":"2019-12-31T19:21:27.680Z"},{"_id":157,"ID":157,"UserId":769,"ConfigName":"M3OccMTD","DisplayName":"Occ (%)","DisplayOrder":2,"Type":2,"UpdatedBy":"superadmin@mydigitaloffice.ca","UpdateDateTime":"2019-12-31T19:21:27.693Z"},{"_id":158,"ID":158,"UserId":769,"ConfigName":"M3ADRMTD","DisplayName":"ADR($)","DisplayOrder":3,"Type":2,"UpdatedBy":"superadmin@mydigitaloffice.ca","UpdateDateTime":"2019-12-31T19:21:27.707Z"},{"_id":159,"ID":159,"UserId":769,"ConfigName":"M3REVPARMTD","DisplayName":"RevPAR ($)","DisplayOrder":4,"Type":2,"UpdatedBy":"superadmin@mydigitaloffice.ca","UpdateDateTime":"2019-12-31T19:21:27.720Z"},{"_id":160,"ID":160,"UserId":769,"ConfigName":"M3RoomRevenueMTD","DisplayName":"Room Revenue ($)","DisplayOrder":5,"Type":2,"UpdatedBy":"superadmin@mydigitaloffice.ca","UpdateDateTime":"2019-12-31T19:21:27.733Z"},{"_id":161,"ID":161,"UserId":769,"ConfigName":"M3FNBRevenueMTD","DisplayName":"F&B Revenue ($)","DisplayOrder":6,"Type":2,"UpdatedBy":"superadmin@mydigitaloffice.ca","UpdateDateTime":"2019-12-31T19:21:27.747Z"},{"_id":162,"ID":162,"UserId":769,"ConfigName":"M3OtherRevenueMTD","DisplayName":"Other Income ($)","DisplayOrder":7,"Type":2,"UpdatedBy":"superadmin@mydigitaloffice.ca","UpdateDateTime":"2019-12-31T19:21:27.760Z"},{"_id":163,"ID":163,"UserId":769,"ConfigName":"M3TotalPropertyMTD","DisplayName":"Total Revenue ($)","DisplayOrder":8,"Type":2,"UpdatedBy":"superadmin@mydigitaloffice.ca","UpdateDateTime":"2019-12-31T19:21:27.773Z"},{"_id":164,"ID":164,"UserId":769,"ConfigName":"M3MTDBudgetMTD","DisplayName":"MTD Budget ($)","DisplayOrder":9,"Type":2,"UpdatedBy":"superadmin@mydigitaloffice.ca","UpdateDateTime":"2019-12-31T19:21:27.787Z"},{"_id":165,"ID":165,"UserId":769,"ConfigName":"M3RoomSoldYTD","DisplayName":"Rooms Sold","DisplayOrder":1,"Type":3,"UpdatedBy":"superadmin@mydigitaloffice.ca","UpdateDateTime":"2019-12-31T19:21:27.800Z"},{"_id":166,"ID":166,"UserId":769,"ConfigName":"M3OccYTD","DisplayName":"Occ (%)","DisplayOrder":2,"Type":3,"UpdatedBy":"superadmin@mydigitaloffice.ca","UpdateDateTime":"2019-12-31T19:21:27.813Z"},{"_id":167,"ID":167,"UserId":769,"ConfigName":"M3ADRYTD","DisplayName":"ADR ($)","DisplayOrder":3,"Type":3,"UpdatedBy":"superadmin@mydigitaloffice.ca","UpdateDateTime":"2019-12-31T19:21:27.827Z"},{"_id":168,"ID":168,"UserId":769,"ConfigName":"M3REVPARYTD","DisplayName":"RevPAR ($)","DisplayOrder":4,"Type":3,"UpdatedBy":"superadmin@mydigitaloffice.ca","UpdateDateTime":"2019-12-31T19:21:27.837Z"},{"_id":169,"ID":169,"UserId":769,"ConfigName":"M3RoomRevenueYTD","DisplayName":"Room Revenue($)","DisplayOrder":5,"Type":3,"UpdatedBy":"superadmin@mydigitaloffice.ca","UpdateDateTime":"2019-12-31T19:21:27.850Z"},{"_id":170,"ID":170,"UserId":769,"ConfigName":"M3FNBRevenueYTD","DisplayName":"F&B Revenue ($)","DisplayOrder":6,"Type":3,"UpdatedBy":"superadmin@mydigitaloffice.ca","UpdateDateTime":"2019-12-31T19:21:27.860Z"},{"_id":171,"ID":171,"UserId":769,"ConfigName":"M3OtherRevenueYTD","DisplayName":"Other Income ($)","DisplayOrder":7,"Type":3,"UpdatedBy":"superadmin@mydigitaloffice.ca","UpdateDateTime":"2019-12-31T19:21:27.873Z"},{"_id":172,"ID":172,"UserId":769,"ConfigName":"M3TotalPropertyYTD","DisplayName":"Total Revenue ($)","DisplayOrder":8,"Type":3,"UpdatedBy":"superadmin@mydigitaloffice.ca","UpdateDateTime":"2019-12-31T19:21:27.887Z"},{"_id":173,"ID":173,"UserId":769,"ConfigName":"M3YTDBudget","DisplayName":"YTD Budget ($)","DisplayOrder":9,"Type":3,"UpdatedBy":"superadmin@mydigitaloffice.ca","UpdateDateTime":"2019-12-31T19:21:27.897Z"},{"_id":201,"ID":201,"UserId":3052,"ConfigName":"M3RoomSold","DisplayName":"# of Rooms Sold","DisplayOrder":1,"Type":1,"UpdatedBy":"ali@mydigitaloffice.ca","UpdateDateTime":"2020-03-19T13:41:23.480Z"},{"_id":202,"ID":202,"UserId":3052,"ConfigName":"M3Occ","DisplayName":"Occ (%)","DisplayOrder":2,"Type":1,"UpdatedBy":"ali@mydigitaloffice.ca","UpdateDateTime":"2020-03-19T13:41:23.513Z"},{"_id":203,"ID":203,"UserId":3052,"ConfigName":"M3ADR","DisplayName":"ADR ($)","DisplayOrder":3,"Type":1,"UpdatedBy":"ali@mydigitaloffice.ca","UpdateDateTime":"2020-03-19T13:41:23.513Z"},{"_id":204,"ID":204,"UserId":3052,"ConfigName":"M3REVPAR","DisplayName":"RevPAR ($)","DisplayOrder":4,"Type":1,"UpdatedBy":"ali@mydigitaloffice.ca","UpdateDateTime":"2020-03-19T13:41:23.527Z"},{"_id":205,"ID":205,"UserId":3052,"ConfigName":"M3RoomRevenue","DisplayName":"Room Revenue ($)","DisplayOrder":5,"Type":1,"UpdatedBy":"ali@mydigitaloffice.ca","UpdateDateTime":"2020-03-19T13:41:23.527Z"},{"_id":206,"ID":206,"UserId":3052,"ConfigName":"M3FNBRevenue","DisplayName":"F&B Revenue ($)","DisplayOrder":6,"Type":1,"UpdatedBy":"ali@mydigitaloffice.ca","UpdateDateTime":"2020-03-19T13:41:23.543Z"},{"_id":207,"ID":207,"UserId":3052,"ConfigName":"M3TotalProperty","DisplayName":"Total Revenue ($)","DisplayOrder":7,"Type":1,"UpdatedBy":"ali@mydigitaloffice.ca","UpdateDateTime":"2020-03-19T13:41:23.543Z"},{"_id":208,"ID":208,"UserId":3052,"ConfigName":"M3MTDBudget","DisplayName":"Today's Budget ($)","DisplayOrder":8,"Type":1,"UpdatedBy":"ali@mydigitaloffice.ca","UpdateDateTime":"2020-03-19T13:41:23.560Z"},{"_id":209,"ID":209,"UserId":3052,"ConfigName":"M3RoomSoldMTD","DisplayName":"Rooms Sold","DisplayOrder":1,"Type":2,"UpdatedBy":"ali@mydigitaloffice.ca","UpdateDateTime":"2020-03-19T13:41:23.573Z"},{"_id":210,"ID":210,"UserId":3052,"ConfigName":"M3OccMTD","DisplayName":"Occ (%)","DisplayOrder":2,"Type":2,"UpdatedBy":"ali@mydigitaloffice.ca","UpdateDateTime":"2020-03-19T13:41:23.573Z"},{"_id":211,"ID":211,"UserId":3052,"ConfigName":"M3ADRMTD","DisplayName":"ADR($)","DisplayOrder":3,"Type":2,"UpdatedBy":"ali@mydigitaloffice.ca","UpdateDateTime":"2020-03-19T13:41:23.590Z"},{"_id":212,"ID":212,"UserId":3052,"ConfigName":"M3REVPARMTD","DisplayName":"RevPAR ($)","DisplayOrder":4,"Type":2,"UpdatedBy":"ali@mydigitaloffice.ca","UpdateDateTime":"2020-03-19T13:41:23.590Z"},{"_id":213,"ID":213,"UserId":3052,"ConfigName":"M3RoomRevenueMTD","DisplayName":"Room Revenue ($)","DisplayOrder":5,"Type":2,"UpdatedBy":"ali@mydigitaloffice.ca","UpdateDateTime":"2020-03-19T13:41:23.607Z"},{"_id":214,"ID":214,"UserId":3052,"ConfigName":"M3MTDRoomRevenueBudgetVariance","DisplayName":"Room Revenue ($)-Variance to Plan","DisplayOrder":6,"Type":2,"UpdatedBy":"ali@mydigitaloffice.ca","UpdateDateTime":"2020-03-19T13:41:23.607Z"},{"_id":215,"ID":215,"UserId":3052,"ConfigName":"M3FNBRevenueMTD","DisplayName":"F&B Revenue ($)","DisplayOrder":7,"Type":2,"UpdatedBy":"ali@mydigitaloffice.ca","UpdateDateTime":"2020-03-19T13:41:23.620Z"},{"_id":216,"ID":216,"UserId":3052,"ConfigName":"M3OtherRevenueMTD","DisplayName":"Other Income ($)","DisplayOrder":8,"Type":2,"UpdatedBy":"ali@mydigitaloffice.ca","UpdateDateTime":"2020-03-19T13:41:23.620Z"},{"_id":217,"ID":217,"UserId":3052,"ConfigName":"M3TotalPropertyMTD","DisplayName":"Total Revenue ($)","DisplayOrder":9,"Type":2,"UpdatedBy":"ali@mydigitaloffice.ca","UpdateDateTime":"2020-03-19T13:41:23.637Z"},{"_id":218,"ID":218,"UserId":3052,"ConfigName":"M3MTDBudgetMTD","DisplayName":"MTD Budget ($)","DisplayOrder":10,"Type":2,"UpdatedBy":"ali@mydigitaloffice.ca","UpdateDateTime":"2020-03-19T13:41:23.653Z"},{"_id":219,"ID":219,"UserId":3052,"ConfigName":"M3RoomSoldYTD","DisplayName":"Rooms Sold","DisplayOrder":1,"Type":3,"UpdatedBy":"ali@mydigitaloffice.ca","UpdateDateTime":"2020-03-19T13:41:23.653Z"},{"_id":220,"ID":220,"UserId":3052,"ConfigName":"M3OccYTD","DisplayName":"Occ (%)","DisplayOrder":2,"Type":3,"UpdatedBy":"ali@mydigitaloffice.ca","UpdateDateTime":"2020-03-19T13:41:23.667Z"},{"_id":221,"ID":221,"UserId":3052,"ConfigName":"M3ADRYTD","DisplayName":"ADR ($)","DisplayOrder":3,"Type":3,"UpdatedBy":"ali@mydigitaloffice.ca","UpdateDateTime":"2020-03-19T13:41:23.667Z"},{"_id":222,"ID":222,"UserId":3052,"ConfigName":"M3REVPARYTD","DisplayName":"RevPAR ($)","DisplayOrder":4,"Type":3,"UpdatedBy":"ali@mydigitaloffice.ca","UpdateDateTime":"2020-03-19T13:41:23.683Z"},{"_id":223,"ID":223,"UserId":3052,"ConfigName":"M3RoomRevenueYTD","DisplayName":"Room Revenue($)","DisplayOrder":5,"Type":3,"UpdatedBy":"ali@mydigitaloffice.ca","UpdateDateTime":"2020-03-19T13:41:23.700Z"},{"_id":224,"ID":224,"UserId":3052,"ConfigName":"M3YTDRoomRevenueBudget","DisplayName":"Room Revenue ($)-Plan","DisplayOrder":6,"Type":3,"UpdatedBy":"ali@mydigitaloffice.ca","UpdateDateTime":"2020-03-19T13:41:23.700Z"},{"_id":225,"ID":225,"UserId":3052,"ConfigName":"M3YTDRoomRevenueBudgetVariance","DisplayName":"Room Revenue ($)-Variance to Plan","DisplayOrder":7,"Type":3,"UpdatedBy":"ali@mydigitaloffice.ca","UpdateDateTime":"2020-03-19T13:41:23.717Z"},{"_id":226,"ID":226,"UserId":3052,"ConfigName":"M3TotalPropertyYTD","DisplayName":"Total Revenue ($)","DisplayOrder":8,"Type":3,"UpdatedBy":"ali@mydigitaloffice.ca","UpdateDateTime":"2020-03-19T13:41:23.717Z"},{"_id":227,"ID":227,"UserId":3052,"ConfigName":"M3RGI","DisplayName":"RGI","DisplayOrder":1,"Type":5,"UpdatedBy":"ali@mydigitaloffice.ca","UpdateDateTime":"2020-03-19T13:41:23.730Z"},{"_id":228,"ID":228,"UserId":3824,"ConfigName":"M3Occ","DisplayName":"Occ (%)","DisplayOrder":1,"Type":1,"UpdatedBy":"ali@mydigitaloffice.ca","UpdateDateTime":"2020-04-11T12:35:30.237Z"},{"_id":229,"ID":229,"UserId":3824,"ConfigName":"M3ADR","DisplayName":"ADR ($)","DisplayOrder":2,"Type":1,"UpdatedBy":"ali@mydigitaloffice.ca","UpdateDateTime":"2020-04-11T12:35:30.267Z"},{"_id":230,"ID":230,"UserId":3824,"ConfigName":"M3REVPAR","DisplayName":"RevPAR ($)","DisplayOrder":3,"Type":1,"UpdatedBy":"ali@mydigitaloffice.ca","UpdateDateTime":"2020-04-11T12:35:30.283Z"},{"_id":231,"ID":231,"UserId":3824,"ConfigName":"M3RoomRevenue","DisplayName":"Room Revenue ($)","DisplayOrder":4,"Type":1,"UpdatedBy":"ali@mydigitaloffice.ca","UpdateDateTime":"2020-04-11T12:35:30.300Z"},{"_id":232,"ID":232,"UserId":3824,"ConfigName":"M3TotalProperty","DisplayName":"Total Revenue ($)","DisplayOrder":5,"Type":1,"UpdatedBy":"ali@mydigitaloffice.ca","UpdateDateTime":"2020-04-11T12:35:30.317Z"},{"_id":233,"ID":233,"UserId":3824,"ConfigName":"M3OccMTD","DisplayName":"Occ (%)","DisplayOrder":1,"Type":2,"UpdatedBy":"ali@mydigitaloffice.ca","UpdateDateTime":"2020-04-11T12:35:30.330Z"},{"_id":234,"ID":234,"UserId":3824,"ConfigName":"M3MTDLastYearOcc","DisplayName":"Occ (%) -LY","DisplayOrder":2,"Type":2,"UpdatedBy":"ali@mydigitaloffice.ca","UpdateDateTime":"2020-04-11T12:35:30.347Z"},{"_id":235,"ID":235,"UserId":3824,"ConfigName":"M3ADRMTD","DisplayName":"ADR($)","DisplayOrder":3,"Type":2,"UpdatedBy":"ali@mydigitaloffice.ca","UpdateDateTime":"2020-04-11T12:35:30.363Z"},{"_id":236,"ID":236,"UserId":3824,"ConfigName":"M3MTDLastYearADR","DisplayName":"ADR ($)-LY","DisplayOrder":4,"Type":2,"UpdatedBy":"ali@mydigitaloffice.ca","UpdateDateTime":"2020-04-11T12:35:30.363Z"},{"_id":237,"ID":237,"UserId":3824,"ConfigName":"M3REVPARMTD","DisplayName":"RevPAR ($)","DisplayOrder":5,"Type":2,"UpdatedBy":"ali@mydigitaloffice.ca","UpdateDateTime":"2020-04-11T12:35:30.377Z"},{"_id":238,"ID":238,"UserId":3824,"ConfigName":"M3MTDLastYearRevPAR","DisplayName":"RevPAR ($)-LY","DisplayOrder":6,"Type":2,"UpdatedBy":"ali@mydigitaloffice.ca","UpdateDateTime":"2020-04-11T12:35:30.393Z"},{"_id":239,"ID":239,"UserId":3824,"ConfigName":"M3RoomRevenueMTD","DisplayName":"Room Revenue ($)","DisplayOrder":7,"Type":2,"UpdatedBy":"ali@mydigitaloffice.ca","UpdateDateTime":"2020-04-11T12:35:30.407Z"},{"_id":240,"ID":240,"UserId":3824,"ConfigName":"M3MTDLastYearRoomRevenue","DisplayName":"Room Revenue ($)-LY","DisplayOrder":8,"Type":2,"UpdatedBy":"ali@mydigitaloffice.ca","UpdateDateTime":"2020-04-11T12:35:30.423Z"},{"_id":241,"ID":241,"UserId":3824,"ConfigName":"M3OtherRevenueMTD","DisplayName":"Other Income ($)","DisplayOrder":9,"Type":2,"UpdatedBy":"ali@mydigitaloffice.ca","UpdateDateTime":"2020-04-11T12:35:30.440Z"},{"_id":242,"ID":242,"UserId":3824,"ConfigName":"M3FNBRevenueMTD","DisplayName":"F&B Revenue ($)","DisplayOrder":10,"Type":2,"UpdatedBy":"ali@mydigitaloffice.ca","UpdateDateTime":"2020-04-11T12:35:30.487Z"},{"_id":243,"ID":243,"UserId":3824,"ConfigName":"M3TotalPropertyMTD","DisplayName":"Total Revenue ($)","DisplayOrder":11,"Type":2,"UpdatedBy":"ali@mydigitaloffice.ca","UpdateDateTime":"2020-04-11T12:35:30.503Z"},{"_id":244,"ID":244,"UserId":3824,"ConfigName":"M3OccYTD","DisplayName":"Occ (%)","DisplayOrder":1,"Type":3,"UpdatedBy":"ali@mydigitaloffice.ca","UpdateDateTime":"2020-04-11T12:35:30.550Z"},{"_id":245,"ID":245,"UserId":3824,"ConfigName":"M3YTDLastYearOcc","DisplayName":"Occ (%) -LY","DisplayOrder":2,"Type":3,"UpdatedBy":"ali@mydigitaloffice.ca","UpdateDateTime":"2020-04-11T12:35:30.580Z"},{"_id":246,"ID":246,"UserId":3824,"ConfigName":"M3ADRYTD","DisplayName":"ADR ($)","DisplayOrder":3,"Type":3,"UpdatedBy":"ali@mydigitaloffice.ca","UpdateDateTime":"2020-04-11T12:35:30.597Z"},{"_id":247,"ID":247,"UserId":3824,"ConfigName":"M3YTDLastYearADR","DisplayName":"ADR ($)-LY","DisplayOrder":4,"Type":3,"UpdatedBy":"ali@mydigitaloffice.ca","UpdateDateTime":"2020-04-11T12:35:30.613Z"},{"_id":248,"ID":248,"UserId":3824,"ConfigName":"M3REVPARYTD","DisplayName":"RevPAR ($)","DisplayOrder":5,"Type":3,"UpdatedBy":"ali@mydigitaloffice.ca","UpdateDateTime":"2020-04-11T12:35:30.627Z"},{"_id":249,"ID":249,"UserId":3824,"ConfigName":"M3RoomRevenueYTD","DisplayName":"Room Revenue($)","DisplayOrder":6,"Type":3,"UpdatedBy":"ali@mydigitaloffice.ca","UpdateDateTime":"2020-04-11T12:35:30.643Z"},{"_id":250,"ID":250,"UserId":3824,"ConfigName":"M3YTDLastYearRoomRevenue","DisplayName":"Room Revenue ($)-LY","DisplayOrder":7,"Type":3,"UpdatedBy":"ali@mydigitaloffice.ca","UpdateDateTime":"2020-04-11T12:35:30.643Z"},{"_id":251,"ID":251,"UserId":3824,"ConfigName":"M3OtherRevenueYTD","DisplayName":"Other Income ($)","DisplayOrder":8,"Type":3,"UpdatedBy":"ali@mydigitaloffice.ca","UpdateDateTime":"2020-04-11T12:35:30.657Z"},{"_id":252,"ID":252,"UserId":3824,"ConfigName":"M3FNBRevenueYTD","DisplayName":"F&B Revenue ($)","DisplayOrder":9,"Type":3,"UpdatedBy":"ali@mydigitaloffice.ca","UpdateDateTime":"2020-04-11T12:35:30.673Z"},{"_id":253,"ID":253,"UserId":3824,"ConfigName":"M3TotalPropertyYTD","DisplayName":"Total Revenue ($)","DisplayOrder":10,"Type":3,"UpdatedBy":"ali@mydigitaloffice.ca","UpdateDateTime":"2020-04-11T12:35:30.690Z"},{"_id":254,"ID":254,"UserId":3826,"ConfigName":"M3Occ","DisplayName":"Occ (%)","DisplayOrder":1,"Type":1,"UpdatedBy":"ali@mydigitaloffice.ca","UpdateDateTime":"2020-04-11T12:36:31.680Z"},{"_id":255,"ID":255,"UserId":3826,"ConfigName":"M3ADR","DisplayName":"ADR ($)","DisplayOrder":2,"Type":1,"UpdatedBy":"ali@mydigitaloffice.ca","UpdateDateTime":"2020-04-11T12:36:31.693Z"},{"_id":256,"ID":256,"UserId":3826,"ConfigName":"M3REVPAR","DisplayName":"RevPAR ($)","DisplayOrder":3,"Type":1,"UpdatedBy":"ali@mydigitaloffice.ca","UpdateDateTime":"2020-04-11T12:36:31.710Z"},{"_id":257,"ID":257,"UserId":3826,"ConfigName":"M3RoomRevenue","DisplayName":"Room Revenue ($)","DisplayOrder":4,"Type":1,"UpdatedBy":"ali@mydigitaloffice.ca","UpdateDateTime":"2020-04-11T12:36:31.727Z"},{"_id":258,"ID":258,"UserId":3826,"ConfigName":"M3TotalProperty","DisplayName":"Total Revenue ($)","DisplayOrder":5,"Type":1,"UpdatedBy":"ali@mydigitaloffice.ca","UpdateDateTime":"2020-04-11T12:36:31.740Z"},{"_id":259,"ID":259,"UserId":3826,"ConfigName":"M3OccMTD","DisplayName":"Occ (%)","DisplayOrder":1,"Type":2,"UpdatedBy":"ali@mydigitaloffice.ca","UpdateDateTime":"2020-04-11T12:36:31.757Z"},{"_id":260,"ID":260,"UserId":3826,"ConfigName":"M3MTDLastYearOcc","DisplayName":"Occ (%) -LY","DisplayOrder":2,"Type":2,"UpdatedBy":"ali@mydigitaloffice.ca","UpdateDateTime":"2020-04-11T12:36:31.773Z"},{"_id":261,"ID":261,"UserId":3826,"ConfigName":"M3ADRMTD","DisplayName":"ADR($)","DisplayOrder":3,"Type":2,"UpdatedBy":"ali@mydigitaloffice.ca","UpdateDateTime":"2020-04-11T12:36:31.787Z"},{"_id":262,"ID":262,"UserId":3826,"ConfigName":"M3MTDLastYearADR","DisplayName":"ADR ($)-LY","DisplayOrder":4,"Type":2,"UpdatedBy":"ali@mydigitaloffice.ca","UpdateDateTime":"2020-04-11T12:36:31.850Z"},{"_id":263,"ID":263,"UserId":3826,"ConfigName":"M3REVPARMTD","DisplayName":"RevPAR ($)","DisplayOrder":5,"Type":2,"UpdatedBy":"ali@mydigitaloffice.ca","UpdateDateTime":"2020-04-11T12:36:31.883Z"},{"_id":264,"ID":264,"UserId":3826,"ConfigName":"M3MTDLastYearRevPAR","DisplayName":"RevPAR ($)-LY","DisplayOrder":6,"Type":2,"UpdatedBy":"ali@mydigitaloffice.ca","UpdateDateTime":"2020-04-11T12:36:31.897Z"},{"_id":265,"ID":265,"UserId":3826,"ConfigName":"M3RoomRevenueMTD","DisplayName":"Room Revenue ($)","DisplayOrder":7,"Type":2,"UpdatedBy":"ali@mydigitaloffice.ca","UpdateDateTime":"2020-04-11T12:36:31.913Z"},{"_id":266,"ID":266,"UserId":3826,"ConfigName":"M3MTDLastYearRoomRevenue","DisplayName":"Room Revenue ($)-LY","DisplayOrder":8,"Type":2,"UpdatedBy":"ali@mydigitaloffice.ca","UpdateDateTime":"2020-04-11T12:36:31.930Z"},{"_id":267,"ID":267,"UserId":3826,"ConfigName":"M3TotalPropertyMTD","DisplayName":"Total Revenue ($)","DisplayOrder":9,"Type":2,"UpdatedBy":"ali@mydigitaloffice.ca","UpdateDateTime":"2020-04-11T12:36:31.943Z"},{"_id":268,"ID":268,"UserId":3826,"ConfigName":"M3OccYTD","DisplayName":"Occ (%)","DisplayOrder":1,"Type":3,"UpdatedBy":"ali@mydigitaloffice.ca","UpdateDateTime":"2020-04-11T12:36:31.960Z"},{"_id":269,"ID":269,"UserId":3826,"ConfigName":"M3YTDLastYearOcc","DisplayName":"Occ (%) -LY","DisplayOrder":2,"Type":3,"UpdatedBy":"ali@mydigitaloffice.ca","UpdateDateTime":"2020-04-11T12:36:32.023Z"},{"_id":270,"ID":270,"UserId":3826,"ConfigName":"M3ADRYTD","DisplayName":"ADR ($)","DisplayOrder":3,"Type":3,"UpdatedBy":"ali@mydigitaloffice.ca","UpdateDateTime":"2020-04-11T12:36:32.037Z"},{"_id":271,"ID":271,"UserId":3826,"ConfigName":"M3YTDLastYearADR","DisplayName":"ADR ($)-LY","DisplayOrder":4,"Type":3,"UpdatedBy":"ali@mydigitaloffice.ca","UpdateDateTime":"2020-04-11T12:36:32.053Z"},{"_id":272,"ID":272,"UserId":3826,"ConfigName":"M3REVPARYTD","DisplayName":"RevPAR ($)","DisplayOrder":5,"Type":3,"UpdatedBy":"ali@mydigitaloffice.ca","UpdateDateTime":"2020-04-11T12:36:32.070Z"},{"_id":273,"ID":273,"UserId":3826,"ConfigName":"M3YTDLastYearRevPAR","DisplayName":"RevPAR ($)-LY","DisplayOrder":6,"Type":3,"UpdatedBy":"ali@mydigitaloffice.ca","UpdateDateTime":"2020-04-11T12:36:32.087Z"},{"_id":274,"ID":274,"UserId":3826,"ConfigName":"M3RoomRevenueYTD","DisplayName":"Room Revenue($)","DisplayOrder":7,"Type":3,"UpdatedBy":"ali@mydigitaloffice.ca","UpdateDateTime":"2020-04-11T12:36:32.100Z"},{"_id":275,"ID":275,"UserId":3826,"ConfigName":"M3YTDLastYearRoomRevenue","DisplayName":"Room Revenue ($)-LY","DisplayOrder":8,"Type":3,"UpdatedBy":"ali@mydigitaloffice.ca","UpdateDateTime":"2020-04-11T12:36:32.117Z"},{"_id":276,"ID":276,"UserId":3826,"ConfigName":"M3TotalPropertyYTD","DisplayName":"Total Revenue ($)","DisplayOrder":9,"Type":3,"UpdatedBy":"ali@mydigitaloffice.ca","UpdateDateTime":"2020-04-11T12:36:32.133Z"},{"_id":328,"ID":328,"UserId":3825,"ConfigName":"M3Occ","DisplayName":"Occ (%)","DisplayOrder":1,"Type":1,"UpdatedBy":"ali@mydigitaloffice.ca","UpdateDateTime":"2020-04-11T12:38:23.140Z"},{"_id":329,"ID":329,"UserId":3825,"ConfigName":"M3ADR","DisplayName":"ADR ($)","DisplayOrder":2,"Type":1,"UpdatedBy":"ali@mydigitaloffice.ca","UpdateDateTime":"2020-04-11T12:38:23.157Z"},{"_id":330,"ID":330,"UserId":3825,"ConfigName":"M3REVPAR","DisplayName":"RevPAR ($)","DisplayOrder":3,"Type":1,"UpdatedBy":"ali@mydigitaloffice.ca","UpdateDateTime":"2020-04-11T12:38:23.173Z"},{"_id":331,"ID":331,"UserId":3825,"ConfigName":"M3RoomRevenue","DisplayName":"Room Revenue ($)","DisplayOrder":4,"Type":1,"UpdatedBy":"ali@mydigitaloffice.ca","UpdateDateTime":"2020-04-11T12:38:23.187Z"},{"_id":332,"ID":332,"UserId":3825,"ConfigName":"M3MTDBudget","DisplayName":"Today's Budget ($)","DisplayOrder":5,"Type":1,"UpdatedBy":"ali@mydigitaloffice.ca","UpdateDateTime":"2020-04-11T12:38:23.203Z"},{"_id":333,"ID":333,"UserId":3825,"ConfigName":"M3TotalProperty","DisplayName":"Total Revenue ($)","DisplayOrder":6,"Type":1,"UpdatedBy":"ali@mydigitaloffice.ca","UpdateDateTime":"2020-04-11T12:38:23.220Z"},{"_id":334,"ID":334,"UserId":3825,"ConfigName":"M3OccMTD","DisplayName":"Occ (%)","DisplayOrder":1,"Type":2,"UpdatedBy":"ali@mydigitaloffice.ca","UpdateDateTime":"2020-04-11T12:38:23.233Z"},{"_id":335,"ID":335,"UserId":3825,"ConfigName":"M3MTDLastYearOcc","DisplayName":"Occ (%) -LY","DisplayOrder":2,"Type":2,"UpdatedBy":"ali@mydigitaloffice.ca","UpdateDateTime":"2020-04-11T12:38:23.250Z"},{"_id":336,"ID":336,"UserId":3825,"ConfigName":"M3ADRMTD","DisplayName":"ADR($)","DisplayOrder":3,"Type":2,"UpdatedBy":"ali@mydigitaloffice.ca","UpdateDateTime":"2020-04-11T12:38:23.267Z"},{"_id":337,"ID":337,"UserId":3825,"ConfigName":"M3MTDLastYearADR","DisplayName":"ADR ($)-LY","DisplayOrder":4,"Type":2,"UpdatedBy":"ali@mydigitaloffice.ca","UpdateDateTime":"2020-04-11T12:38:23.280Z"},{"_id":338,"ID":338,"UserId":3825,"ConfigName":"M3REVPARMTD","DisplayName":"RevPAR ($)","DisplayOrder":5,"Type":2,"UpdatedBy":"ali@mydigitaloffice.ca","UpdateDateTime":"2020-04-11T12:38:23.297Z"},{"_id":339,"ID":339,"UserId":3825,"ConfigName":"M3MTDLastYearRevPAR","DisplayName":"RevPAR ($)-LY","DisplayOrder":6,"Type":2,"UpdatedBy":"ali@mydigitaloffice.ca","UpdateDateTime":"2020-04-11T12:38:23.313Z"},{"_id":340,"ID":340,"UserId":3825,"ConfigName":"M3RoomRevenueMTD","DisplayName":"Room Revenue ($)","DisplayOrder":7,"Type":2,"UpdatedBy":"ali@mydigitaloffice.ca","UpdateDateTime":"2020-04-11T12:38:23.313Z"},{"_id":341,"ID":341,"UserId":3825,"ConfigName":"M3OtherRevenueMTD","DisplayName":"Other Income ($)","DisplayOrder":8,"Type":2,"UpdatedBy":"ali@mydigitaloffice.ca","UpdateDateTime":"2020-04-11T12:38:23.327Z"},{"_id":342,"ID":342,"UserId":3825,"ConfigName":"M3FNBRevenueMTD","DisplayName":"F&B Revenue ($)","DisplayOrder":9,"Type":2,"UpdatedBy":"ali@mydigitaloffice.ca","UpdateDateTime":"2020-04-11T12:38:23.343Z"},{"_id":343,"ID":343,"UserId":3825,"ConfigName":"M3TotalPropertyMTD","DisplayName":"Total Revenue ($)","DisplayOrder":10,"Type":2,"UpdatedBy":"ali@mydigitaloffice.ca","UpdateDateTime":"2020-04-11T12:38:23.360Z"},{"_id":344,"ID":344,"UserId":3825,"ConfigName":"M3OccYTD","DisplayName":"Occ (%)","DisplayOrder":1,"Type":3,"UpdatedBy":"ali@mydigitaloffice.ca","UpdateDateTime":"2020-04-11T12:38:23.377Z"},{"_id":345,"ID":345,"UserId":3825,"ConfigName":"M3YTDLastYearOcc","DisplayName":"Occ (%) -LY","DisplayOrder":2,"Type":3,"UpdatedBy":"ali@mydigitaloffice.ca","UpdateDateTime":"2020-04-11T12:38:23.390Z"},{"_id":346,"ID":346,"UserId":3825,"ConfigName":"M3ADRYTD","DisplayName":"ADR ($)","DisplayOrder":3,"Type":3,"UpdatedBy":"ali@mydigitaloffice.ca","UpdateDateTime":"2020-04-11T12:38:23.390Z"},{"_id":347,"ID":347,"UserId":3825,"ConfigName":"M3YTDLastYearADR","DisplayName":"ADR ($)-LY","DisplayOrder":4,"Type":3,"UpdatedBy":"ali@mydigitaloffice.ca","UpdateDateTime":"2020-04-11T12:38:23.407Z"},{"_id":348,"ID":348,"UserId":3825,"ConfigName":"M3REVPARYTD","DisplayName":"RevPAR ($)","DisplayOrder":5,"Type":3,"UpdatedBy":"ali@mydigitaloffice.ca","UpdateDateTime":"2020-04-11T12:38:23.423Z"},{"_id":349,"ID":349,"UserId":3825,"ConfigName":"M3YTDLastYearRevPAR","DisplayName":"RevPAR ($)-LY","DisplayOrder":6,"Type":3,"UpdatedBy":"ali@mydigitaloffice.ca","UpdateDateTime":"2020-04-11T12:38:23.437Z"},{"_id":350,"ID":350,"UserId":3825,"ConfigName":"M3RoomRevenueYTD","DisplayName":"Room Revenue($)","DisplayOrder":7,"Type":3,"UpdatedBy":"ali@mydigitaloffice.ca","UpdateDateTime":"2020-04-11T12:38:23.453Z"},{"_id":351,"ID":351,"UserId":3825,"ConfigName":"M3YTDLastYearRoomRevenue","DisplayName":"Room Revenue ($)-LY","DisplayOrder":8,"Type":3,"UpdatedBy":"ali@mydigitaloffice.ca","UpdateDateTime":"2020-04-11T12:38:23.453Z"},{"_id":352,"ID":352,"UserId":3825,"ConfigName":"M3TotalPropertyYTD","DisplayName":"Total Revenue ($)","DisplayOrder":9,"Type":3,"UpdatedBy":"ali@mydigitaloffice.ca","UpdateDateTime":"2020-04-11T12:38:23.470Z"},{"_id":353,"ID":353,"UserId":3827,"ConfigName":"M3Occ","DisplayName":"Occ (%)","DisplayOrder":1,"Type":1,"UpdatedBy":"ali@mydigitaloffice.ca","UpdateDateTime":"2020-04-11T12:39:23.787Z"},{"_id":354,"ID":354,"UserId":3827,"ConfigName":"M3ADR","DisplayName":"ADR ($)","DisplayOrder":2,"Type":1,"UpdatedBy":"ali@mydigitaloffice.ca","UpdateDateTime":"2020-04-11T12:39:23.803Z"},{"_id":355,"ID":355,"UserId":3827,"ConfigName":"M3REVPAR","DisplayName":"RevPAR ($)","DisplayOrder":3,"Type":1,"UpdatedBy":"ali@mydigitaloffice.ca","UpdateDateTime":"2020-04-11T12:39:23.817Z"},{"_id":356,"ID":356,"UserId":3827,"ConfigName":"M3RoomRevenue","DisplayName":"Room Revenue ($)","DisplayOrder":4,"Type":1,"UpdatedBy":"ali@mydigitaloffice.ca","UpdateDateTime":"2020-04-11T12:39:23.833Z"},{"_id":357,"ID":357,"UserId":3827,"ConfigName":"M3TotalProperty","DisplayName":"Total Revenue ($)","DisplayOrder":5,"Type":1,"UpdatedBy":"ali@mydigitaloffice.ca","UpdateDateTime":"2020-04-11T12:39:23.847Z"},{"_id":358,"ID":358,"UserId":3827,"ConfigName":"M3OccMTD","DisplayName":"Occ (%)","DisplayOrder":1,"Type":2,"UpdatedBy":"ali@mydigitaloffice.ca","UpdateDateTime":"2020-04-11T12:39:23.863Z"},{"_id":359,"ID":359,"UserId":3827,"ConfigName":"M3MTDLastYearOcc","DisplayName":"Occ (%) -LY","DisplayOrder":2,"Type":2,"UpdatedBy":"ali@mydigitaloffice.ca","UpdateDateTime":"2020-04-11T12:39:23.880Z"},{"_id":360,"ID":360,"UserId":3827,"ConfigName":"M3ADRMTD","DisplayName":"ADR($)","DisplayOrder":3,"Type":2,"UpdatedBy":"ali@mydigitaloffice.ca","UpdateDateTime":"2020-04-11T12:39:23.880Z"},{"_id":361,"ID":361,"UserId":3827,"ConfigName":"M3MTDLastYearADR","DisplayName":"ADR ($)-LY","DisplayOrder":4,"Type":2,"UpdatedBy":"ali@mydigitaloffice.ca","UpdateDateTime":"2020-04-11T12:39:23.897Z"},{"_id":362,"ID":362,"UserId":3827,"ConfigName":"M3REVPARMTD","DisplayName":"RevPAR ($)","DisplayOrder":5,"Type":2,"UpdatedBy":"ali@mydigitaloffice.ca","UpdateDateTime":"2020-04-11T12:39:23.910Z"},{"_id":363,"ID":363,"UserId":3827,"ConfigName":"M3MTDLastYearRevPAR","DisplayName":"RevPAR ($)-LY","DisplayOrder":6,"Type":2,"UpdatedBy":"ali@mydigitaloffice.ca","UpdateDateTime":"2020-04-11T12:39:23.927Z"},{"_id":364,"ID":364,"UserId":3827,"ConfigName":"M3RoomRevenueMTD","DisplayName":"Room Revenue ($)","DisplayOrder":7,"Type":2,"UpdatedBy":"ali@mydigitaloffice.ca","UpdateDateTime":"2020-04-11T12:39:23.943Z"},{"_id":365,"ID":365,"UserId":3827,"ConfigName":"M3MTDLastYearRoomRevenue","DisplayName":"Room Revenue ($)-LY","DisplayOrder":8,"Type":2,"UpdatedBy":"ali@mydigitaloffice.ca","UpdateDateTime":"2020-04-11T12:39:23.973Z"},{"_id":366,"ID":366,"UserId":3827,"ConfigName":"M3MTDBudgetMTD","DisplayName":"MTD Budget ($)","DisplayOrder":9,"Type":2,"UpdatedBy":"ali@mydigitaloffice.ca","UpdateDateTime":"2020-04-11T12:39:23.990Z"},{"_id":367,"ID":367,"UserId":3827,"ConfigName":"M3TotalPropertyMTD","DisplayName":"Total Revenue ($)","DisplayOrder":10,"Type":2,"UpdatedBy":"ali@mydigitaloffice.ca","UpdateDateTime":"2020-04-11T12:39:24.007Z"},{"_id":368,"ID":368,"UserId":3827,"ConfigName":"M3OccYTD","DisplayName":"Occ (%)","DisplayOrder":1,"Type":3,"UpdatedBy":"ali@mydigitaloffice.ca","UpdateDateTime":"2020-04-11T12:39:24.020Z"},{"_id":369,"ID":369,"UserId":3827,"ConfigName":"M3YTDLastYearOcc","DisplayName":"Occ (%) -LY","DisplayOrder":2,"Type":3,"UpdatedBy":"ali@mydigitaloffice.ca","UpdateDateTime":"2020-04-11T12:39:24.037Z"},{"_id":370,"ID":370,"UserId":3827,"ConfigName":"M3ADRYTD","DisplayName":"ADR ($)","DisplayOrder":3,"Type":3,"UpdatedBy":"ali@mydigitaloffice.ca","UpdateDateTime":"2020-04-11T12:39:24.053Z"},{"_id":371,"ID":371,"UserId":3827,"ConfigName":"M3YTDLastYearADR","DisplayName":"ADR ($)-LY","DisplayOrder":4,"Type":3,"UpdatedBy":"ali@mydigitaloffice.ca","UpdateDateTime":"2020-04-11T12:39:24.067Z"},{"_id":372,"ID":372,"UserId":3827,"ConfigName":"M3REVPARYTD","DisplayName":"RevPAR ($)","DisplayOrder":5,"Type":3,"UpdatedBy":"ali@mydigitaloffice.ca","UpdateDateTime":"2020-04-11T12:39:24.083Z"},{"_id":373,"ID":373,"UserId":3827,"ConfigName":"M3YTDLastYearRevPAR","DisplayName":"RevPAR ($)-LY","DisplayOrder":6,"Type":3,"UpdatedBy":"ali@mydigitaloffice.ca","UpdateDateTime":"2020-04-11T12:39:24.097Z"},{"_id":374,"ID":374,"UserId":3827,"ConfigName":"M3RoomRevenueYTD","DisplayName":"Room Revenue($)","DisplayOrder":7,"Type":3,"UpdatedBy":"ali@mydigitaloffice.ca","UpdateDateTime":"2020-04-11T12:39:24.147Z"},{"_id":375,"ID":375,"UserId":3827,"ConfigName":"M3YTDLastYearRoomRevenue","DisplayName":"Room Revenue ($)-LY","DisplayOrder":8,"Type":3,"UpdatedBy":"ali@mydigitaloffice.ca","UpdateDateTime":"2020-04-11T12:39:24.160Z"},{"_id":376,"ID":376,"UserId":3827,"ConfigName":"M3TotalPropertyYTD","DisplayName":"Total Revenue ($)","DisplayOrder":9,"Type":3,"UpdatedBy":"ali@mydigitaloffice.ca","UpdateDateTime":"2020-04-11T12:39:24.177Z"},{"_id":388,"ID":388,"UserId":3849,"ConfigName":"M3RoomRevenueMTD","DisplayName":"Room Revenue ($)","DisplayOrder":1,"Type":2,"UpdatedBy":"columbiasussex.rev@mydigitaloffice.ca","UpdateDateTime":"2020-04-20T19:10:20.957Z"},{"_id":389,"ID":389,"UserId":3849,"ConfigName":"M3MTDLastYearRoomRevenue","DisplayName":"Room Revenue ($)-LY","DisplayOrder":2,"Type":2,"UpdatedBy":"columbiasussex.rev@mydigitaloffice.ca","UpdateDateTime":"2020-04-20T19:10:20.973Z"},{"_id":390,"ID":390,"UserId":3849,"ConfigName":"M3MTDLastYearRoomRevenueVariance","DisplayName":"Room Revenue ($)-Variance to LY","DisplayOrder":3,"Type":2,"UpdatedBy":"columbiasussex.rev@mydigitaloffice.ca","UpdateDateTime":"2020-04-20T19:10:20.990Z"},{"_id":391,"ID":391,"UserId":3849,"ConfigName":"M3TotalPropertyMTD","DisplayName":"Total Revenue ($)","DisplayOrder":4,"Type":2,"UpdatedBy":"columbiasussex.rev@mydigitaloffice.ca","UpdateDateTime":"2020-04-20T19:10:21.010Z"},{"_id":392,"ID":392,"UserId":3849,"ConfigName":"M3MTDLastYearTotalRevenue","DisplayName":"Total Revenue ($)-LY","DisplayOrder":5,"Type":2,"UpdatedBy":"columbiasussex.rev@mydigitaloffice.ca","UpdateDateTime":"2020-04-20T19:10:21.027Z"},{"_id":393,"ID":393,"UserId":3849,"ConfigName":"M3MTDVLYTotalRevenueActual","DisplayName":"Variance LY Total Revenue ($)","DisplayOrder":6,"Type":2,"UpdatedBy":"columbiasussex.rev@mydigitaloffice.ca","UpdateDateTime":"2020-04-20T19:10:21.043Z"},{"_id":417,"ID":417,"UserId":3848,"ConfigName":"M3RoomsAvailable","DisplayName":"Rooms Available","DisplayOrder":1,"Type":1,"UpdatedBy":"columbiasussex.occ@mydigitaloffice.ca","UpdateDateTime":"2020-05-19T22:41:51.207Z"},{"_id":418,"ID":418,"UserId":3848,"ConfigName":"M3RoomSold","DisplayName":"# of Rooms Sold","DisplayOrder":2,"Type":1,"UpdatedBy":"columbiasussex.occ@mydigitaloffice.ca","UpdateDateTime":"2020-05-19T22:41:51.240Z"},{"_id":419,"ID":419,"UserId":3848,"ConfigName":"M3RoomSoldMTD","DisplayName":"Rooms Sold","DisplayOrder":1,"Type":2,"UpdatedBy":"columbiasussex.occ@mydigitaloffice.ca","UpdateDateTime":"2020-05-19T22:41:51.263Z"},{"_id":420,"ID":420,"UserId":3848,"ConfigName":"M3OccMTD","DisplayName":"Occ (%)","DisplayOrder":2,"Type":2,"UpdatedBy":"columbiasussex.occ@mydigitaloffice.ca","UpdateDateTime":"2020-05-19T22:41:51.280Z"},{"_id":421,"ID":421,"UserId":3848,"ConfigName":"M3MTDLastYearOcc","DisplayName":"Occ (%) -LY","DisplayOrder":3,"Type":2,"UpdatedBy":"columbiasussex.occ@mydigitaloffice.ca","UpdateDateTime":"2020-05-19T22:41:51.300Z"},{"_id":422,"ID":422,"UserId":3848,"ConfigName":"M3MTDLastYearOccVariance","DisplayName":"Occ (%) -Variance to LY","DisplayOrder":4,"Type":2,"UpdatedBy":"columbiasussex.occ@mydigitaloffice.ca","UpdateDateTime":"2020-05-19T22:41:51.320Z"},{"_id":735,"ID":735,"UserId":2779,"ConfigName":"M3Occ","DisplayName":"Occ (%)","DisplayOrder":1,"Type":1,"UpdatedBy":"sahan@mydigitaloffice.ca","UpdateDateTime":"2020-07-08T11:49:35.543Z"},{"_id":736,"ID":736,"UserId":2779,"ConfigName":"M3ADR","DisplayName":"ADR ($)","DisplayOrder":2,"Type":1,"UpdatedBy":"sahan@mydigitaloffice.ca","UpdateDateTime":"2020-07-08T11:49:35.577Z"},{"_id":737,"ID":737,"UserId":2779,"ConfigName":"M3REVPAR","DisplayName":"RevPAR ($)","DisplayOrder":3,"Type":1,"UpdatedBy":"sahan@mydigitaloffice.ca","UpdateDateTime":"2020-07-08T11:49:35.597Z"},{"_id":738,"ID":738,"UserId":2779,"ConfigName":"M3RoomSold","DisplayName":"# of Rooms Sold","DisplayOrder":4,"Type":1,"UpdatedBy":"sahan@mydigitaloffice.ca","UpdateDateTime":"2020-07-08T11:49:35.613Z"},{"_id":739,"ID":739,"UserId":2779,"ConfigName":"M3RoomRevenue","DisplayName":"Room Revenue ($)","DisplayOrder":5,"Type":1,"UpdatedBy":"sahan@mydigitaloffice.ca","UpdateDateTime":"2020-07-08T11:49:35.633Z"},{"_id":740,"ID":740,"UserId":2779,"ConfigName":"M3FNBRevenue","DisplayName":"F&B Revenue ($)","DisplayOrder":6,"Type":1,"UpdatedBy":"sahan@mydigitaloffice.ca","UpdateDateTime":"2020-07-08T11:49:35.650Z"},{"_id":741,"ID":741,"UserId":2779,"ConfigName":"M3OtherRevenue","DisplayName":"Other Income ($)","DisplayOrder":7,"Type":1,"UpdatedBy":"sahan@mydigitaloffice.ca","UpdateDateTime":"2020-07-08T11:49:35.667Z"},{"_id":742,"ID":742,"UserId":2779,"ConfigName":"M3TotalProperty","DisplayName":"Total Revenue ($)","DisplayOrder":8,"Type":1,"UpdatedBy":"sahan@mydigitaloffice.ca","UpdateDateTime":"2020-07-08T11:49:35.683Z"},{"_id":743,"ID":743,"UserId":2779,"ConfigName":"M3MTDBudget","DisplayName":"Today's Budget ($)","DisplayOrder":9,"Type":1,"UpdatedBy":"sahan@mydigitaloffice.ca","UpdateDateTime":"2020-07-08T11:49:35.700Z"},{"_id":744,"ID":744,"UserId":2779,"ConfigName":"M3GMLogin","DisplayName":"GM Login","DisplayOrder":10,"Type":1,"UpdatedBy":"sahan@mydigitaloffice.ca","UpdateDateTime":"2020-07-08T11:49:35.717Z"},{"_id":745,"ID":745,"UserId":2779,"ConfigName":"M3OccMTD","DisplayName":"Occ (%)","DisplayOrder":1,"Type":2,"UpdatedBy":"sahan@mydigitaloffice.ca","UpdateDateTime":"2020-07-08T11:49:35.733Z"},{"_id":746,"ID":746,"UserId":2779,"ConfigName":"M3ADRMTD","DisplayName":"ADR($)","DisplayOrder":2,"Type":2,"UpdatedBy":"sahan@mydigitaloffice.ca","UpdateDateTime":"2020-07-08T11:49:35.750Z"},{"_id":747,"ID":747,"UserId":2779,"ConfigName":"M3REVPARMTD","DisplayName":"RevPAR ($)","DisplayOrder":3,"Type":2,"UpdatedBy":"sahan@mydigitaloffice.ca","UpdateDateTime":"2020-07-08T11:49:35.770Z"},{"_id":748,"ID":748,"UserId":2779,"ConfigName":"M3RoomSoldMTD","DisplayName":"Rooms Sold","DisplayOrder":4,"Type":2,"UpdatedBy":"sahan@mydigitaloffice.ca","UpdateDateTime":"2020-07-08T11:49:35.790Z"},{"_id":749,"ID":749,"UserId":2779,"ConfigName":"M3RoomRevenueMTD","DisplayName":"Room Revenue ($)","DisplayOrder":5,"Type":2,"UpdatedBy":"sahan@mydigitaloffice.ca","UpdateDateTime":"2020-07-08T11:49:35.813Z"},{"_id":750,"ID":750,"UserId":2779,"ConfigName":"M3FNBRevenueMTD","DisplayName":"F&B Revenue ($)","DisplayOrder":6,"Type":2,"UpdatedBy":"sahan@mydigitaloffice.ca","UpdateDateTime":"2020-07-08T11:49:35.833Z"},{"_id":751,"ID":751,"UserId":2779,"ConfigName":"M3OtherRevenueMTD","DisplayName":"Other Income ($)","DisplayOrder":7,"Type":2,"UpdatedBy":"sahan@mydigitaloffice.ca","UpdateDateTime":"2020-07-08T11:49:35.853Z"},{"_id":752,"ID":752,"UserId":2779,"ConfigName":"M3TotalPropertyMTD","DisplayName":"Total Revenue ($)","DisplayOrder":8,"Type":2,"UpdatedBy":"sahan@mydigitaloffice.ca","UpdateDateTime":"2020-07-08T11:49:35.877Z"},{"_id":753,"ID":753,"UserId":2779,"ConfigName":"M3MTDBudgetMTD","DisplayName":"MTD Budget ($)","DisplayOrder":9,"Type":2,"UpdatedBy":"sahan@mydigitaloffice.ca","UpdateDateTime":"2020-07-08T11:49:35.897Z"},{"_id":754,"ID":754,"UserId":2779,"ConfigName":"M3OccYTD","DisplayName":"Occ (%)","DisplayOrder":1,"Type":3,"UpdatedBy":"sahan@mydigitaloffice.ca","UpdateDateTime":"2020-07-08T11:49:35.917Z"},{"_id":755,"ID":755,"UserId":2779,"ConfigName":"M3ADRYTD","DisplayName":"ADR ($)","DisplayOrder":2,"Type":3,"UpdatedBy":"sahan@mydigitaloffice.ca","UpdateDateTime":"2020-07-08T11:49:35.940Z"},{"_id":756,"ID":756,"UserId":2779,"ConfigName":"M3REVPARYTD","DisplayName":"RevPAR ($)","DisplayOrder":3,"Type":3,"UpdatedBy":"sahan@mydigitaloffice.ca","UpdateDateTime":"2020-07-08T11:49:35.960Z"},{"_id":757,"ID":757,"UserId":2779,"ConfigName":"M3RoomSoldYTD","DisplayName":"Rooms Sold","DisplayOrder":4,"Type":3,"UpdatedBy":"sahan@mydigitaloffice.ca","UpdateDateTime":"2020-07-08T11:49:35.997Z"},{"_id":758,"ID":758,"UserId":2779,"ConfigName":"M3RoomRevenueYTD","DisplayName":"Room Revenue($)","DisplayOrder":5,"Type":3,"UpdatedBy":"sahan@mydigitaloffice.ca","UpdateDateTime":"2020-07-08T11:49:36.033Z"},{"_id":759,"ID":759,"UserId":2779,"ConfigName":"M3FNBRevenueYTD","DisplayName":"F&B Revenue ($)","DisplayOrder":6,"Type":3,"UpdatedBy":"sahan@mydigitaloffice.ca","UpdateDateTime":"2020-07-08T11:49:36.053Z"},{"_id":760,"ID":760,"UserId":2779,"ConfigName":"M3OtherRevenueYTD","DisplayName":"Other Income ($)","DisplayOrder":7,"Type":3,"UpdatedBy":"sahan@mydigitaloffice.ca","UpdateDateTime":"2020-07-08T11:49:36.070Z"},{"_id":761,"ID":761,"UserId":2779,"ConfigName":"M3TotalPropertyYTD","DisplayName":"Total Revenue ($)","DisplayOrder":8,"Type":3,"UpdatedBy":"sahan@mydigitaloffice.ca","UpdateDateTime":"2020-07-08T11:49:36.090Z"},{"_id":762,"ID":762,"UserId":5493,"ConfigName":"M3OutOfOrderRooms","DisplayName":"OOO Rooms","DisplayOrder":1,"Type":1,"UpdatedBy":"yinka@mydigitaloffice.com","UpdateDateTime":"2020-08-17T16:35:10.237Z"},{"_id":null,"ID":null,"UserId":null,"ConfigName":null,"DisplayName":null,"DisplayOrder":null,"Type":null,"UpdatedBy":null,"UpdateDateTime":null},{"_id":983,"ID":983,"UserId":5626,"ConfigName":"M3RoomSold","DisplayName":"# of Rooms Sold","DisplayOrder":1,"Type":1,"UpdatedBy":"ali@mydigitaloffice.ca","UpdateDateTime":"2020-09-28T17:50:02.440Z"},{"_id":994,"ID":994,"UserId":5626,"ConfigName":"M3REVPARMTD","DisplayName":"RevPAR ($)","DisplayOrder":4,"Type":2,"UpdatedBy":"ali@mydigitaloffice.ca","UpdateDateTime":"2020-09-28T17:50:02.700Z"},{"_id":990,"ID":990,"UserId":5626,"ConfigName":"M3TotalProperty","DisplayName":"Total Revenue ($)","DisplayOrder":8,"Type":1,"UpdatedBy":"ali@mydigitaloffice.ca","UpdateDateTime":"2020-09-28T17:50:02.607Z"},{"_id":986,"ID":986,"UserId":5626,"ConfigName":"M3REVPAR","DisplayName":"RevPAR ($)","DisplayOrder":4,"Type":1,"UpdatedBy":"ali@mydigitaloffice.ca","UpdateDateTime":"2020-09-28T17:50:02.510Z"},{"_id":985,"ID":985,"UserId":5626,"ConfigName":"M3ADR","DisplayName":"ADR ($)","DisplayOrder":3,"Type":1,"UpdatedBy":"ali@mydigitaloffice.ca","UpdateDateTime":"2020-09-28T17:50:02.487Z"},{"_id":989,"ID":989,"UserId":5626,"ConfigName":"M3FNBRevenue","DisplayName":"F&B Revenue ($)","DisplayOrder":7,"Type":1,"UpdatedBy":"ali@mydigitaloffice.ca","UpdateDateTime":"2020-09-28T17:50:02.587Z"},{"_id":993,"ID":993,"UserId":5626,"ConfigName":"M3ADRMTD","DisplayName":"ADR($)","DisplayOrder":3,"Type":2,"UpdatedBy":"ali@mydigitaloffice.ca","UpdateDateTime":"2020-09-28T17:50:02.677Z"},{"_id":987,"ID":987,"UserId":5626,"ConfigName":"M3RoomRevenue","DisplayName":"Room Revenue ($)","DisplayOrder":5,"Type":1,"UpdatedBy":"ali@mydigitaloffice.ca","UpdateDateTime":"2020-09-28T17:50:02.533Z"},{"_id":999,"ID":999,"UserId":5626,"ConfigName":"M3RoomRevenueForecastMTD","DisplayName":"Room Revenue ($)-Forecast","DisplayOrder":9,"Type":2,"UpdatedBy":"ali@mydigitaloffice.ca","UpdateDateTime":"2020-09-28T17:50:02.813Z"},{"_id":996,"ID":996,"UserId":5626,"ConfigName":"M3OtherRevenueMTD","DisplayName":"Other Income ($)","DisplayOrder":6,"Type":2,"UpdatedBy":"ali@mydigitaloffice.ca","UpdateDateTime":"2020-09-28T17:50:02.747Z"},{"_id":1001,"ID":1001,"UserId":5626,"ConfigName":"M3MonthHotelForecast","DisplayName":"Current Month Forecast","DisplayOrder":11,"Type":2,"UpdatedBy":"ali@mydigitaloffice.ca","UpdateDateTime":"2020-09-28T17:50:02.850Z"},{"_id":992,"ID":992,"UserId":5626,"ConfigName":"M3OccMTD","DisplayName":"Occ (%)","DisplayOrder":2,"Type":2,"UpdatedBy":"ali@mydigitaloffice.ca","UpdateDateTime":"2020-09-28T17:50:02.657Z"},{"_id":984,"ID":984,"UserId":5626,"ConfigName":"M3Occ","DisplayName":"Occ (%)","DisplayOrder":2,"Type":1,"UpdatedBy":"ali@mydigitaloffice.ca","UpdateDateTime":"2020-09-28T17:50:02.467Z"},{"_id":991,"ID":991,"UserId":5626,"ConfigName":"M3RoomSoldMTD","DisplayName":"Rooms Sold","DisplayOrder":1,"Type":2,"UpdatedBy":"ali@mydigitaloffice.ca","UpdateDateTime":"2020-09-28T17:50:02.633Z"},{"_id":988,"ID":988,"UserId":5626,"ConfigName":"M3RoomRevenueForecast","DisplayName":"Room Revenue ($)-Forecast","DisplayOrder":6,"Type":1,"UpdatedBy":"ali@mydigitaloffice.ca","UpdateDateTime":"2020-09-28T17:50:02.557Z"},{"_id":997,"ID":997,"UserId":5626,"ConfigName":"M3TotalPropertyMTD","DisplayName":"Total Revenue ($)","DisplayOrder":7,"Type":2,"UpdatedBy":"ali@mydigitaloffice.ca","UpdateDateTime":"2020-09-28T17:50:02.767Z"},{"_id":995,"ID":995,"UserId":5626,"ConfigName":"M3FNBRevenueMTD","DisplayName":"F&B Revenue ($)","DisplayOrder":5,"Type":2,"UpdatedBy":"ali@mydigitaloffice.ca","UpdateDateTime":"2020-09-28T17:50:02.723Z"},{"_id":998,"ID":998,"UserId":5626,"ConfigName":"M3RoomRevenueMTD","DisplayName":"Room Revenue ($)","DisplayOrder":8,"Type":2,"UpdatedBy":"ali@mydigitaloffice.ca","UpdateDateTime":"2020-09-28T17:50:02.790Z"},{"_id":1000,"ID":1000,"UserId":5626,"ConfigName":"M3MTDBOBMTD","DisplayName":"MTD (BOB) ($)","DisplayOrder":10,"Type":2,"UpdatedBy":"ali@mydigitaloffice.ca","UpdateDateTime":"2020-09-28T17:50:02.833Z"},{"_id":1040,"ID":1040,"UserId":5669,"ConfigName":"M3RoomSold","DisplayName":"# of Rooms Sold","DisplayOrder":1,"Type":1,"UpdatedBy":"yinka@mydigitaloffice.com","UpdateDateTime":"2020-09-30T23:45:48.340Z"},{"_id":1050,"ID":1050,"UserId":5669,"ConfigName":"M3ADRMTD","DisplayName":"ADR($)","DisplayOrder":3,"Type":2,"UpdatedBy":"yinka@mydigitaloffice.com","UpdateDateTime":"2020-09-30T23:45:48.547Z"},{"_id":1045,"ID":1045,"UserId":5669,"ConfigName":"M3RoomRevenueForecast","DisplayName":"Room Revenue ($)-Forecast","DisplayOrder":6,"Type":1,"UpdatedBy":"yinka@mydigitaloffice.com","UpdateDateTime":"2020-09-30T23:45:48.450Z"},{"_id":1054,"ID":1054,"UserId":5669,"ConfigName":"M3TotalPropertyMTD","DisplayName":"Total Revenue ($)","DisplayOrder":7,"Type":2,"UpdatedBy":"yinka@mydigitaloffice.com","UpdateDateTime":"2020-09-30T23:45:48.627Z"},{"_id":1044,"ID":1044,"UserId":5669,"ConfigName":"M3RoomRevenue","DisplayName":"Room Revenue ($)","DisplayOrder":5,"Type":1,"UpdatedBy":"yinka@mydigitaloffice.com","UpdateDateTime":"2020-09-30T23:45:48.427Z"},{"_id":1048,"ID":1048,"UserId":5669,"ConfigName":"M3RoomSoldMTD","DisplayName":"Rooms Sold","DisplayOrder":1,"Type":2,"UpdatedBy":"yinka@mydigitaloffice.com","UpdateDateTime":"2020-09-30T23:45:48.513Z"},{"_id":1049,"ID":1049,"UserId":5669,"ConfigName":"M3OccMTD","DisplayName":"Occ (%)","DisplayOrder":2,"Type":2,"UpdatedBy":"yinka@mydigitaloffice.com","UpdateDateTime":"2020-09-30T23:45:48.530Z"},{"_id":1053,"ID":1053,"UserId":5669,"ConfigName":"M3OtherRevenueMTD","DisplayName":"Other Income ($)","DisplayOrder":6,"Type":2,"UpdatedBy":"yinka@mydigitaloffice.com","UpdateDateTime":"2020-09-30T23:45:48.607Z"},{"_id":1051,"ID":1051,"UserId":5669,"ConfigName":"M3REVPARMTD","DisplayName":"RevPAR ($)","DisplayOrder":4,"Type":2,"UpdatedBy":"yinka@mydigitaloffice.com","UpdateDateTime":"2020-09-30T23:45:48.567Z"},{"_id":1055,"ID":1055,"UserId":5669,"ConfigName":"M3RoomRevenueMTD","DisplayName":"Room Revenue ($)","DisplayOrder":8,"Type":2,"UpdatedBy":"yinka@mydigitaloffice.com","UpdateDateTime":"2020-09-30T23:45:48.653Z"},{"_id":1042,"ID":1042,"UserId":5669,"ConfigName":"M3ADR","DisplayName":"ADR ($)","DisplayOrder":3,"Type":1,"UpdatedBy":"yinka@mydigitaloffice.com","UpdateDateTime":"2020-09-30T23:45:48.380Z"},{"_id":1047,"ID":1047,"UserId":5669,"ConfigName":"M3TotalProperty","DisplayName":"Total Revenue ($)","DisplayOrder":8,"Type":1,"UpdatedBy":"yinka@mydigitaloffice.com","UpdateDateTime":"2020-09-30T23:45:48.493Z"},{"_id":1056,"ID":1056,"UserId":5669,"ConfigName":"M3RoomRevenueForecastMTD","DisplayName":"Room Revenue ($)-Forecast","DisplayOrder":9,"Type":2,"UpdatedBy":"yinka@mydigitaloffice.com","UpdateDateTime":"2020-09-30T23:45:48.677Z"},{"_id":1057,"ID":1057,"UserId":5669,"ConfigName":"M3MTDBOBMTD","DisplayName":"MTD (BOB) ($)","DisplayOrder":10,"Type":2,"UpdatedBy":"yinka@mydigitaloffice.com","UpdateDateTime":"2020-09-30T23:45:48.703Z"},{"_id":1058,"ID":1058,"UserId":5669,"ConfigName":"M3MonthHotelForecast","DisplayName":"Current Month Forecast","DisplayOrder":11,"Type":2,"UpdatedBy":"yinka@mydigitaloffice.com","UpdateDateTime":"2020-09-30T23:45:48.723Z"},{"_id":1043,"ID":1043,"UserId":5669,"ConfigName":"M3REVPAR","DisplayName":"RevPAR ($)","DisplayOrder":4,"Type":1,"UpdatedBy":"yinka@mydigitaloffice.com","UpdateDateTime":"2020-09-30T23:45:48.407Z"},{"_id":1052,"ID":1052,"UserId":5669,"ConfigName":"M3FNBRevenueMTD","DisplayName":"F&B Revenue ($)","DisplayOrder":5,"Type":2,"UpdatedBy":"yinka@mydigitaloffice.com","UpdateDateTime":"2020-09-30T23:45:48.583Z"},{"_id":1041,"ID":1041,"UserId":5669,"ConfigName":"M3Occ","DisplayName":"Occ (%)","DisplayOrder":2,"Type":1,"UpdatedBy":"yinka@mydigitaloffice.com","UpdateDateTime":"2020-09-30T23:45:48.360Z"},{"_id":1046,"ID":1046,"UserId":5669,"ConfigName":"M3FNBRevenue","DisplayName":"F&B Revenue ($)","DisplayOrder":7,"Type":1,"UpdatedBy":"yinka@mydigitaloffice.com","UpdateDateTime":"2020-09-30T23:45:48.470Z"}]