{"fields":[{"name":"_id","path":"_id","count":231,"types":[{"name":"Number","bsonType":"Number","path":"_id","count":230,"total_count":0,"probability":0.9956709956709957},{"name":"Null","bsonType":"Null","path":"_id","count":1,"total_count":0,"probability":0.004329004329004329,"unique":1,"has_duplicates":false}],"total_count":231,"type":["Number","Null"],"has_duplicates":false,"probability":1},{"name":"ConfigName","path":"ConfigName","count":231,"types":[{"name":"String","bsonType":"String","path":"ConfigName","count":230,"total_count":0,"probability":0.9956709956709957},{"name":"Null","bsonType":"Null","path":"ConfigName","count":1,"total_count":0,"probability":0.004329004329004329,"unique":1,"has_duplicates":false}],"total_count":231,"type":["String","Null"],"has_duplicates":false,"probability":1},{"name":"DisplayName","path":"DisplayName","count":231,"types":[{"name":"String","bsonType":"String","path":"DisplayName","count":230,"total_count":0,"probability":0.9956709956709957},{"name":"Null","bsonType":"Null","path":"DisplayName","count":1,"total_count":0,"probability":0.004329004329004329,"unique":1,"has_duplicates":false}],"total_count":231,"type":["String","Null"],"has_duplicates":false,"probability":1},{"name":"DisplayOrder","path":"DisplayOrder","count":231,"types":[{"name":"Number","bsonType":"Number","path":"DisplayOrder","count":230,"total_count":0,"probability":0.9956709956709957},{"name":"Null","bsonType":"Null","path":"DisplayOrder","count":1,"total_count":0,"probability":0.004329004329004329,"unique":1,"has_duplicates":false}],"total_count":231,"type":["Number","Null"],"has_duplicates":false,"probability":1},{"name":"ID","path":"ID","count":231,"types":[{"name":"Number","bsonType":"Number","path":"ID","count":230,"total_count":0,"probability":0.9956709956709957},{"name":"Null","bsonType":"Null","path":"ID","count":1,"total_count":0,"probability":0.004329004329004329,"unique":1,"has_duplicates":false}],"total_count":231,"type":["Number","Null"],"has_duplicates":false,"probability":1},{"name":"Type","path":"Type","count":231,"types":[{"name":"Number","bsonType":"Number","path":"Type","count":230,"total_count":0,"probability":0.9956709956709957},{"name":"Null","bsonType":"Null","path":"Type","count":1,"total_count":0,"probability":0.004329004329004329,"unique":1,"has_duplicates":false}],"total_count":231,"type":["Number","Null"],"has_duplicates":false,"probability":1},{"name":"UpdateDateTime","path":"UpdateDateTime","count":231,"types":[{"name":"Date","bsonType":"Date","path":"UpdateDateTime","count":230,"total_count":0,"probability":0.9956709956709957},{"name":"Null","bsonType":"Null","path":"UpdateDateTime","count":1,"total_count":0,"probability":0.004329004329004329,"unique":1,"has_duplicates":false}],"total_count":231,"type":["Date","Null"],"has_duplicates":false,"probability":1},{"name":"UpdatedBy","path":"UpdatedBy","count":231,"types":[{"name":"String","bsonType":"String","path":"UpdatedBy","count":230,"total_count":0,"probability":0.9956709956709957},{"name":"Null","bsonType":"Null","path":"UpdatedBy","count":1,"total_count":0,"probability":0.004329004329004329,"unique":1,"has_duplicates":false}],"total_count":231,"type":["String","Null"],"has_duplicates":false,"probability":1},{"name":"UserId","path":"UserId","count":231,"types":[{"name":"Number","bsonType":"Number","path":"UserId","count":230,"total_count":0,"probability":0.9956709956709957},{"name":"Null","bsonType":"Null","path":"UserId","count":1,"total_count":0,"probability":0.004329004329004329,"unique":1,"has_duplicates":false}],"total_count":231,"type":["Number","Null"],"has_duplicates":false,"probability":1}],"count":231}