{"fields":[{"name":"_id","path":"_id","count":64,"types":[{"name":"ObjectID","bsonType":"ObjectID","path":"_id","count":64,"total_count":0,"probability":1}],"total_count":64,"type":"ObjectID","has_duplicates":false,"probability":1},{"name":"__v","path":"__v","count":64,"types":[{"name":"Number","bsonType":"Number","path":"__v","count":64,"total_count":0,"probability":1}],"total_count":64,"type":"Number","has_duplicates":false,"probability":1},{"name":"graphid","path":"graphid","count":64,"types":[{"name":"String","bsonType":"String","path":"graphid","count":64,"total_count":0,"probability":1}],"total_count":64,"type":"String","has_duplicates":false,"probability":1},{"name":"templateid","path":"templateid","count":64,"types":[{"name":"String","bsonType":"String","path":"templateid","count":64,"total_count":0,"probability":1}],"total_count":64,"type":"String","has_duplicates":false,"probability":1},{"name":"updated","path":"updated","count":64,"types":[{"name":"Date","bsonType":"Date","path":"updated","count":64,"total_count":0,"probability":1}],"total_count":64,"type":"Date","has_duplicates":false,"probability":1},{"name":"userid","path":"userid","count":64,"types":[{"name":"String","bsonType":"String","path":"userid","count":64,"total_count":0,"probability":1}],"total_count":64,"type":"String","has_duplicates":false,"probability":1}],"count":64}