[{"_id":"5e96b979f064ac49747ee70b","userid":238,"name":"eeee","nameforsort":"eeee","description":"jjjj","templateid":"5e140e3bbf504f0978efc3a4","__v":0},{"_id":"5e96c82ed80cb655a4b4ed0d","userid":2,"name":"Rechadson","nameforsort":"rechadson","description":"Rechadson hotels data a","templateid":"5e140e3bbf504f0978efc3a4","__v":0},{"_id":"5e96c89bd80cb655a4b4ed0e","userid":2,"name":"Rechadson1","nameforsort":"rechadson1","description":"Rechadson hotels data a","templateid":"5e140e3bbf504f0978efc3a4","__v":0},{"_id":"5e96dfde655eb2041ed91e5d","userid":1054,"name":"new Test 01","nameforsort":"new test 01","description":"testing","templateid":"5e140e3bbf504f0978efc3a4","__v":0},{"_id":"5e96e61fe8ff920537cc33f2","userid":1054,"name":"New Test 1","nameforsort":"new test 1","description":"Testing 1","templateid":"5e140e3bbf504f0978efc3a4","__v":0},{"_id":"5e96efd54584bc05b8da7076","userid":1054,"name":"Test nimesha","nameforsort":"test nimesha","description":"null","templateid":"5e140e3bbf504f0978efc3a4","__v":0},{"_id":"5e96f7aaf633c3063a04225c","userid":248,"name":"Test","nameforsort":"test","description":"null","templateid":"5e140e3bbf504f0978efc3a4","__v":0},{"_id":"5e97054411a9df16b377184d","userid":248,"name":"Test1","nameforsort":"test1","description":"null","templateid":"5e140e3bbf504f0978efc3a4","__v":0},{"_id":"5e970622cae8f01f53551a3d","userid":248,"name":"Test2","nameforsort":"test2","description":"null","templateid":"5e140e3bbf504f0978efc3a4","__v":0},{"_id":"5e970fc82845682c8e93d2d2","userid":248,"name":"Test3","nameforsort":"test3","description":"null","templateid":"5e140e3bbf504f0978efc3a4","__v":0},{"_id":"5e97132551f17730da267469","userid":248,"name":"Test4","nameforsort":"test4","description":"null","templateid":"5e140e3bbf504f0978efc3a4","__v":0},{"_id":"5ea02fb888a77e751eb3ee7f","userid":1054,"name":"new","nameforsort":"new","description":"null","templateid":"5e140e3bbf504f0978efc3a4","__v":0},{"_id":"5eb8c9260ef2b05e613678ae","userid":1042,"name":"Question501","nameforsort":"question501","description":"3434","templateid":"5e140e3bbf504f0978efc3a4","__v":0},{"_id":"5ed7644008b28462725f512e","userid":3804,"name":"Slide 5","nameforsort":"slide 5","description":"test","templateid":"5e140e3bbf504f0978efc3a4","__v":0},{"_id":"5ed764a7acfcc563179fdf8b","userid":3804,"name":"My Own Dashboard View","nameforsort":"my own dashboard view","description":"My Own Dashboard View","templateid":"5e140e3bbf504f0978efc3a4","__v":0},{"_id":"5ed78ac84b58c317da9a89b9","userid":2,"name":"Test 06 03","nameforsort":"test 06 03","description":"null","templateid":"5e140e3bbf504f0978efc3a4","__v":0},{"_id":"5ed78d176c7c3a1b022a60b2","userid":2,"name":"Test 06 ttt","nameforsort":"test 06 ttt","description":"","templateid":"5e140e3bbf504f0978efc3a4","__v":0},{"_id":"5ed84f158ee5d01d5517bce5","userid":3804,"name":"Sample Template","nameforsort":"sample template","description":"test","templateid":"5e140e3bbf504f0978efc3a4","__v":0},{"_id":"5ed8b5afcc9a990fd22012e6","userid":3804,"name":"test test","nameforsort":"test test","description":"tsets","templateid":"5e140e3bbf504f0978efc3a4","__v":0},{"_id":"5ed9a725966f4c2644e5cff4","userid":3804,"name":"TES NEW CREATION","nameforsort":"tes new creation","description":"TEST","templateid":"5e140e3bbf504f0978efc3a4","__v":0},{"_id":"5ed9a9e104b5bd29e9f87616","userid":3804,"name":"test","nameforsort":"test","description":"test","templateid":"5e140e3bbf504f0978efc3a4","__v":0},{"_id":"5ed9ab94a3dcfb2c4bae3fd7","userid":3804,"name":"tete","nameforsort":"tete","description":"test","templateid":"5e140e3bbf504f0978efc3a4","__v":0},{"_id":"5ed9adb7d613cc2efa839dc4","userid":3804,"name":"test42","nameforsort":"test42","description":"etst","templateid":"5e140e3bbf504f0978efc3a4","__v":0},{"_id":"5ed9af923a72a930ab7932c2","userid":3804,"name":"123","nameforsort":"123","description":"tet","templateid":"5e140e3bbf504f0978efc3a4","__v":0},{"_id":"5ed9afc5e743da319ec2f1e2","userid":3804,"name":"23test","nameforsort":"23test","description":"egdg","templateid":"5e140e3bbf504f0978efc3a4","__v":0},{"_id":"5edbcba938d26c2e6b4e4c73","userid":3804,"name":"test new 06-jun","nameforsort":"test new 06-jun","description":"test","templateid":"5e140e3bbf504f0978efc3a4","__v":0},{"_id":"5eddf06fac609c33e48d9a7f","userid":3804,"name":"Test Edit Template issue ","nameforsort":"test edit template issue ","description":"test","templateid":"5e140e3bbf504f0978efc3a4","__v":0},{"_id":"5ede0494e7c6c44c086119d1","userid":3804,"name":"test new creation - 08","nameforsort":"test new creation - 08","description":"test","templateid":"5e140e3bbf504f0978efc3a4","__v":0},{"_id":"5ede06769facd44df7ef4f8f","userid":3804,"name":"test new creation - 08 - 02","nameforsort":"test new creation - 08 - 02","description":"test","templateid":"5e140e3bbf504f0978efc3a4","__v":0},{"_id":"5ede0773c908c54f52f3ad2a","userid":3804,"name":"test new creation - 08 - 03","nameforsort":"test new creation - 08 - 03","description":"test","templateid":"5e140e3bbf504f0978efc3a4","__v":0},{"_id":"5edf88f4b7a6fd7084625c2f","userid":3804,"name":"Own Dashboard View","nameforsort":"own dashboard view","description":"Own Dashboard View","templateid":"5e140e3bbf504f0978efc3a4","__v":0},{"_id":"5eed8ad3f1c59005201a7043","userid":3804,"name":"Ali Moloo","nameforsort":"ali moloo","description":"null","templateid":"5e140e3bbf504f0978efc3a4","__v":0},{"_id":"5ef30f80d64df741f39c84f6","userid":3804,"name":"news-feed-area","nameforsort":"news-feed-area","description":"null","templateid":"5e140e3bbf504f0978efc3a4","__v":0},{"_id":"5ef3f06392de8142a0caf1c0","userid":3804,"name":"Sudhir's Test","nameforsort":"sudhir's test","description":"Let us see if it works","templateid":"5e140e3bbf504f0978efc3a4","__v":0},{"_id":"5ef43e87d61ac7354e0679ce","userid":3804,"name":"news-feed-area2","nameforsort":"news-feed-area2","description":"news","templateid":"5e140e3bbf504f0978efc3a4","__v":0},{"_id":"5ef45bf7c3638d54c8dbf87d","userid":3804,"name":"news-feed-area3","nameforsort":"news-feed-area3","description":"news","templateid":"5e140e3bbf504f0978efc3a4","__v":0},{"_id":"5ef45d5f02aa5556b6ba4bb7","userid":3804,"name":"news-feed-area3.1","nameforsort":"news-feed-area3.1","description":"news","templateid":"5e140e3bbf504f0978efc3a4","__v":0},{"_id":"5ef46f510e23cd6e4cd87386","userid":3804,"name":"news-feed-area 4","nameforsort":"news-feed-area 4","description":"news","templateid":"5e140e3bbf504f0978efc3a4","__v":0},{"_id":"5ef4973d3a9923597c09a88f","userid":3804,"name":"Ali Test","nameforsort":"ali test","description":"null","templateid":"5e140e3bbf504f0978efc3a4","__v":0},{"_id":"5ef4c07130ef954b51d9c3e9","userid":3804,"name":"My personal view list","nameforsort":"my personal view list","description":"tset","templateid":"5e140e3bbf504f0978efc3a4","__v":0},{"_id":"5ef4c10a5daab54c669a5ebd","userid":3804,"name":"My personal view list - test","nameforsort":"my personal view list - test","description":"test","templateid":"5e140e3bbf504f0978efc3a4","__v":0},{"_id":"5ef5758fb980c60af8f37aef","userid":2,"name":"Test 001","nameforsort":"test 001","description":"Testing","templateid":"5e140e3bbf504f0978efc3a4","__v":0},{"_id":"5ef5ee1ecdbafa54142178ed","userid":1054,"name":"Test 002","nameforsort":"test 002","description":"Testing","templateid":"5e140e3bbf504f0978efc3a4","__v":0},{"_id":"5ef603d8dc7da65007aefa02","userid":1054,"name":"Test 003","nameforsort":"test 003","description":"Testing","templateid":"5e140e3bbf504f0978efc3a4","__v":0},{"_id":"5ef605a1cffa4d65b6405c55","userid":1054,"name":"New test 001","nameforsort":"new test 001","description":"null","templateid":"5e140e3bbf504f0978efc3a4","__v":0},{"_id":"5ef605dc742fe468619ca3d8","userid":1054,"name":"Nimesha new 1","nameforsort":"nimesha new 1","description":"null","templateid":"5e140e3bbf504f0978efc3a4","__v":0},{"_id":"5efb626686b8561738ae38aa","userid":3804,"name":"Test By Arvind ","nameforsort":"test by arvind ","description":"tset","templateid":"5e140e3bbf504f0978efc3a4","__v":0},{"_id":"5efc45bfee494e3475e8dc2e","userid":3804,"name":"Daniel Test Templates","nameforsort":"daniel test templates","description":"Test","templateid":"5e140e3bbf504f0978efc3a4","__v":0},{"_id":"5efc4a1da020163943c3243c","userid":3804,"name":"Daniel Test Templates 2","nameforsort":"daniel test templates 2","description":"test","templateid":"5e140e3bbf504f0978efc3a4","__v":0},{"_id":"5f14679e43f6b302de2fa74a","userid":3804,"name":"My Dashboard","nameforsort":"my dashboard","description":"My Custom Dashboard","templateid":"5e140e3bbf504f0978efc3a4","__v":0},{"_id":"5f1693f8e15dd41c09b7243a","userid":248,"name":"test 4 er","nameforsort":"test 4 er","description":"","templateid":"5e140e3bbf504f0978efc3a4","__v":0},{"_id":"5f2978691a1d692b3e339430","userid":3804,"name":"test templ","nameforsort":"test templ","description":"null","templateid":"5e140e3bbf504f0978efc3a4","__v":0},{"_id":"5f29796aae4e242c7b2f174a","userid":3804,"name":"test23232","nameforsort":"test23232","description":"null","templateid":"5e140e3bbf504f0978efc3a4","__v":0},{"_id":"5f297aad01a57c2dce381658","userid":3804,"name":"WETWET","nameforsort":"wetwet","description":"null","templateid":"5e140e3bbf504f0978efc3a4","__v":0},{"_id":"5f297ed9ed98dd3234cc14e9","userid":3804,"name":"wrwrwr","nameforsort":"wrwrwr","description":"null","templateid":"5e140e3bbf504f0978efc3a4","__v":0},{"_id":"5f29ab5aad9b7f410df53db1","userid":5442,"name":"Revenue Manager Dashboard","nameforsort":"revenue manager dashboard","description":"null","templateid":"5e140e3bbf504f0978efc3a4","__v":0},{"_id":"5f29c2e9e034d2596285c8cc","userid":5442,"name":"GM's Dashboard ","nameforsort":"gm's dashboard ","description":"null","templateid":"5e140e3bbf504f0978efc3a4","__v":0},{"_id":"5f2c0acb7d09ea5e8aab9407","userid":5443,"name":"Mclean's View","nameforsort":"mclean's view","description":"null","templateid":"5e140e3bbf504f0978efc3a4","__v":0},{"_id":"5f3640b8112eac5512dd2fd8","userid":3804,"name":"news-feed-areae","nameforsort":"news-feed-areae","description":"eee","templateid":"5e140e3bbf504f0978efc3a4","__v":0},{"_id":"5f36431e64e3475725cf1471","userid":3804,"name":"news-feed-area II","nameforsort":"news-feed-area ii","description":"eee","templateid":"5e140e3bbf504f0978efc3a4","__v":0},{"_id":"5f3644eb00697158ebe8a7e1","userid":3804,"name":"news-feed-area IY","nameforsort":"news-feed-area iy","description":"wwww","templateid":"5e140e3bbf504f0978efc3a4","__v":0},{"_id":"5f364ce6460b4e5ff4dcab5a","userid":3804,"name":"news-feed-area 321","nameforsort":"news-feed-area 321","description":"222","templateid":"5e140e3bbf504f0978efc3a4","__v":0},{"_id":"5f365876cfc1c769cc8bf307","userid":3804,"name":"news-feed-area 12124","nameforsort":"news-feed-area 12124","description":"null","templateid":"5e140e3bbf504f0978efc3a4","__v":0},{"_id":"5f3659144dab0e6ac483ff3b","userid":3804,"name":"news-feed-area 55","nameforsort":"news-feed-area 55","description":"null","templateid":"5e140e3bbf504f0978efc3a4","__v":0},{"_id":"5f3659baa6852a6b45013b2e","userid":3804,"name":"news-feed-area 554","nameforsort":"news-feed-area 554","description":"null","templateid":"5e140e3bbf504f0978efc3a4","__v":0},{"_id":"5f365b0c1036b66ca607411a","userid":3804,"name":"news-feed-area op","nameforsort":"news-feed-area op","description":"null","templateid":"5e140e3bbf504f0978efc3a4","__v":0},{"_id":"5f365d6d24f34c6eb0bf7c94","userid":3804,"name":"news-feed-area 9999","nameforsort":"news-feed-area 9999","description":"null","templateid":"5e140e3bbf504f0978efc3a4","__v":0},{"_id":"5f36622f0ccc25732ea78b42","userid":3804,"name":"news-feed-area 89899","nameforsort":"news-feed-area 89899","description":"null","templateid":"5e140e3bbf504f0978efc3a4","__v":0},{"_id":"5f36679ac500863a74abca11","userid":3804,"name":"dropdown 1","nameforsort":"dropdown 1","description":"null","templateid":"5e140e3bbf504f0978efc3a4","__v":0},{"_id":"5f38d396cdad0920c586975e","userid":3804,"name":"dropdown test","nameforsort":"dropdown test","description":"eee","templateid":"5e140e3bbf504f0978efc3a4","__v":0},{"_id":"5f38d48dd4b0eb222ffcd23b","userid":3804,"name":"news-feed-area fff","nameforsort":"news-feed-area fff","description":"rrr","templateid":"5e140e3bbf504f0978efc3a4","__v":0},{"_id":"5f38d4aa51506d225fc245ed","userid":3804,"name":"news-feed-area yyy","nameforsort":"news-feed-area yyy","description":"ttt","templateid":"5e140e3bbf504f0978efc3a4","__v":0},{"_id":"5f38d754f858da253eeca2bb","userid":3804,"name":"news-feed-area nnn","nameforsort":"news-feed-area nnn","description":"jj","templateid":"5e140e3bbf504f0978efc3a4","__v":0},{"_id":"5f38d7cc5e404914c408c45f","userid":3804,"name":"news-feed-area  kkk","nameforsort":"news-feed-area  kkk","description":"kmkm","templateid":"5e140e3bbf504f0978efc3a4","__v":0},{"_id":"5f38dc5db34aa92be373e835","userid":3804,"name":"eee fff","nameforsort":"eee fff","description":"agfdgd","templateid":"5e140e3bbf504f0978efc3a4","__v":0},{"_id":"5f38dd0c1ce9632cbf8c0fac","userid":3804,"name":"hhg","nameforsort":"hhg","description":"sxcds","templateid":"5e140e3bbf504f0978efc3a4","__v":0},{"_id":"5f39f24072e91a22ec51eb87","userid":3804,"name":"news-feed-area 33","nameforsort":"news-feed-area 33","description":"eee","templateid":"5e140e3bbf504f0978efc3a4","__v":0},{"_id":"5f3a114032561422d216ca5a","userid":5442,"name":"Test V","nameforsort":"test v","description":"null","templateid":"5e140e3bbf504f0978efc3a4","__v":0},{"_id":"5f3a15816464ee26a964ffbc","userid":3804,"name":"news-feed-area 88","nameforsort":"news-feed-area 88","description":"www","templateid":"5e140e3bbf504f0978efc3a4","__v":0},{"_id":"5f3a1593302763497894d0db","userid":3804,"name":"news-feed-area 404","nameforsort":"news-feed-area 404","description":"qqq","templateid":"5e140e3bbf504f0978efc3a4","__v":0},{"_id":"5f3a1ae84494614ea91edfdd","userid":3804,"name":"news-feed-area 898","nameforsort":"news-feed-area 898","description":"3333","templateid":"5e140e3bbf504f0978efc3a4","__v":0},{"_id":"5f3a5e6595014c15a01273be","userid":3804,"name":"Test two widget issue","nameforsort":"test two widget issue","description":"test","templateid":"5e140e3bbf504f0978efc3a4","__v":0},{"_id":"5f3b4b0429abf8481d6aab8e","userid":3804,"name":"news-feed-area III","nameforsort":"news-feed-area iii","description":"www","templateid":"5e140e3bbf504f0978efc3a4","__v":0},{"_id":"5f3b6149d291d15b5ea65964","userid":3804,"name":"news-feed-area hh","nameforsort":"news-feed-area hh","description":"null","templateid":"5e140e3bbf504f0978efc3a4","__v":0},{"_id":"5f3b62c70d49985c94de9e70","userid":3804,"name":"news-feed-area 343","nameforsort":"news-feed-area 343","description":"null","templateid":"5e140e3bbf504f0978efc3a4","__v":0},{"_id":"5f3b62c70d49985c94de9e71","userid":3804,"name":"news-feed-area 343","nameforsort":"news-feed-area 343","description":"null","templateid":"5e140e3bbf504f0978efc3a4","__v":0},{"_id":"5f3b67498a9569605eea4916","userid":3804,"name":"news-feed-area kkj","nameforsort":"news-feed-area kkj","description":"null","templateid":"5e140e3bbf504f0978efc3a4","__v":0},{"_id":"5f3b6a3bd6084f639c514c2e","userid":3804,"name":"news-feed-area 234","nameforsort":"news-feed-area 234","description":"null","templateid":"5e140e3bbf504f0978efc3a4","__v":0},{"_id":"5f3bc1ff3571a92fff7793b5","userid":3804,"name":"news-feed-area 23","nameforsort":"news-feed-area 23","description":"null","templateid":"5e140e3bbf504f0978efc3a4","__v":0},{"_id":"5f3bdd001cb94a46f4b95530","userid":3804,"name":"news-feed-area 99","nameforsort":"news-feed-area 99","description":"null","templateid":"5e140e3bbf504f0978efc3a4","__v":0},{"_id":"5f47bc2e1516a001da320da1","userid":3804,"name":"Test again 08/27","nameforsort":"test again 08/27","description":"null","templateid":"5e140e3bbf504f0978efc3a4","__v":0},{"_id":"5f4e6d515a72ac42a572c381","userid":5553,"name":"My personal view","nameforsort":"my personal view","description":"My personal view","templateid":"5e140e3bbf504f0978efc3a4","__v":0},{"_id":"5f4fce5a7a0247718bf1cc33","userid":3804,"name":"Hiren trying to break MYP 2 ","nameforsort":"hiren trying to break myp 2 ","description":"null","templateid":"5e140e3bbf504f0978efc3a4","__v":0},{"_id":"5f521e0453990e2d6120be55","userid":3804,"name":"hgggkg","nameforsort":"hgggkg","description":"null","templateid":"5e140e3bbf504f0978efc3a4","__v":0},{"_id":"5f5a7d0b4d98e321291f6ff2","userid":3862,"name":"Rocky's view","nameforsort":"rocky's view","description":"null","templateid":"5e140e3bbf504f0978efc3a4","__v":0},{"_id":"5f5b0001b331431253554911","userid":3804,"name":"PP View 99","nameforsort":"pp view 99","description":"null","templateid":"5e140e3bbf504f0978efc3a4","__v":0},{"_id":"5f5ee79db071c26c16df47b9","userid":3804,"name":"PP View 998","nameforsort":"pp view 998","description":"null","templateid":"5e140e3bbf504f0978efc3a4","__v":0},{"_id":"5f5f16db6437df15b51e1dcd","userid":3804,"name":"PP View 997","nameforsort":"pp view 997","description":"rr","templateid":"5e140e3bbf504f0978efc3a4","__v":0},{"_id":"5f5f45e00e9c733e5bb14c05","userid":3804,"name":"PP View 996","nameforsort":"pp view 996","description":"null","templateid":"5e140e3bbf504f0978efc3a4","__v":0},{"_id":"5f64dfec97a19f112d807b36","userid":3862,"name":"Will's dashboard","nameforsort":"will's dashboard","description":"null","templateid":"5e140e3bbf504f0978efc3a4","__v":0},{"_id":"5f67379866cc9414ea476ae0","userid":5444,"name":"Test E 01","nameforsort":"test e 01","description":"null","templateid":"5e140e3bbf504f0978efc3a4","__v":0},{"_id":"5f7f56738460f04fa0fb046f","userid":3862,"name":"Amaan's Dashboard","nameforsort":"amaan's dashboard","description":"null","templateid":"5e140e3bbf504f0978efc3a4","__v":0},{"_id":"5f84b5f7b89a886bdd0af974","userid":3804,"name":"Ankit","nameforsort":"ankit","description":"null","templateid":"5e140e3bbf504f0978efc3a4","__v":0},{"_id":"5f90adea5827ee0335f9266d","userid":3862,"name":"Mike's Dashboard","nameforsort":"mike's dashboard","description":"null","templateid":"5e140e3bbf504f0978efc3a4","__v":0},{"_id":"5fb68fa88fd03d1a571519b6","userid":3862,"name":"JCapps","nameforsort":"jcapps","description":"null","templateid":"5e140e3bbf504f0978efc3a4","__v":0},{"_id":"5fd8d94dacb4d7173b7cf2a4","userid":5444,"name":"Sudhir's View","nameforsort":"sudhir's view","description":"Test","templateid":"5e140e3bbf504f0978efc3a4","__v":0},{"_id":"6010fc7c09431f1cbda62ad8","userid":5442,"name":"test 2","nameforsort":"test 2","description":"null","templateid":"5e140e3bbf504f0978efc3a4","__v":0},{"_id":"60110284d6810c241ba878d8","userid":5442,"name":"aaaa","nameforsort":"aaaa","description":"null","templateid":"5e140e3bbf504f0978efc3a4","__v":0},{"_id":"601103ee95985424ea6fc8fc","userid":5442,"name":"23wwww","nameforsort":"23wwww","description":"null","templateid":"5e140e3bbf504f0978efc3a4","__v":0},{"_id":"601107277a1be9282e89a287","userid":5442,"name":"www","nameforsort":"www","description":"null","templateid":"5e140e3bbf504f0978efc3a4","__v":0},{"_id":"60111eed4856253d45e6811d","userid":5442,"name":"www343","nameforsort":"www343","description":"null","templateid":"5e140e3bbf504f0978efc3a4","__v":0}]