{"fields":[{"name":"_id","path":"_id","count":5,"types":[{"name":"Number","bsonType":"Number","path":"_id","count":5,"total_count":0,"probability":1}],"total_count":5,"type":"Number","has_duplicates":false,"probability":1},{"name":"ID","path":"ID","count":5,"types":[{"name":"Number","bsonType":"Number","path":"ID","count":5,"total_count":0,"probability":1}],"total_count":5,"type":"Number","has_duplicates":false,"probability":1},{"name":"Name","path":"Name","count":5,"types":[{"name":"String","bsonType":"String","path":"Name","count":5,"total_count":0,"probability":1}],"total_count":5,"type":"String","has_duplicates":false,"probability":1}],"count":5}