{"fields":[{"name":"_id","path":"_id","count":20000,"types":[{"name":"Number","bsonType":"Number","path":"_id","count":20000,"total_count":0,"probability":1}],"total_count":20000,"type":"Number","has_duplicates":false,"probability":1},{"name":"ContractRoomRevenue","path":"ContractRoomRevenue","count":20000,"types":[{"name":"Null","bsonType":"Null","path":"ContractRoomRevenue","count":19798,"total_count":0,"probability":0.9899,"unique":1,"has_duplicates":true},{"name":"Number","bsonType":"Number","path":"ContractRoomRevenue","count":202,"total_count":0,"probability":0.0101}],"total_count":20000,"type":["Null","Number"],"has_duplicates":true,"probability":1},{"name":"ContractRoomSold","path":"ContractRoomSold","count":20000,"types":[{"name":"Null","bsonType":"Null","path":"ContractRoomSold","count":19798,"total_count":0,"probability":0.9899,"unique":1,"has_duplicates":true},{"name":"Number","bsonType":"Number","path":"ContractRoomSold","count":202,"total_count":0,"probability":0.0101}],"total_count":20000,"type":["Null","Number"],"has_duplicates":true,"probability":1},{"name":"Date","path":"Date","count":20000,"types":[{"name":"Date","bsonType":"Date","path":"Date","count":20000,"total_count":0,"probability":1}],"total_count":20000,"type":"Date","has_duplicates":false,"probability":1},{"name":"GroupBlock","path":"GroupBlock","count":20000,"types":[{"name":"Number","bsonType":"Number","path":"GroupBlock","count":20000,"total_count":0,"probability":1}],"total_count":20000,"type":"Number","has_duplicates":false,"probability":1},{"name":"GroupRoomRevenue","path":"GroupRoomRevenue","count":20000,"types":[{"name":"Number","bsonType":"Number","path":"GroupRoomRevenue","count":20000,"total_count":0,"probability":1}],"total_count":20000,"type":"Number","has_duplicates":false,"probability":1},{"name":"GroupRoomsSold","path":"GroupRoomsSold","count":20000,"types":[{"name":"Number","bsonType":"Number","path":"GroupRoomsSold","count":20000,"total_count":0,"probability":1}],"total_count":20000,"type":"Number","has_duplicates":false,"probability":1},{"name":"HotelID","path":"HotelID","count":20000,"types":[{"name":"Number","bsonType":"Number","path":"HotelID","count":20000,"total_count":0,"probability":1}],"total_count":20000,"type":"Number","has_duplicates":false,"probability":1},{"name":"ID","path":"ID","count":20000,"types":[{"name":"Number","bsonType":"Number","path":"ID","count":20000,"total_count":0,"probability":1}],"total_count":20000,"type":"Number","has_duplicates":false,"probability":1},{"name":"NoOfRoomSold","path":"NoOfRoomSold","count":20000,"types":[{"name":"Number","bsonType":"Number","path":"NoOfRoomSold","count":20000,"total_count":0,"probability":1}],"total_count":20000,"type":"Number","has_duplicates":false,"probability":1},{"name":"NumberofAvailableRooms","path":"NumberofAvailableRooms","count":20000,"types":[{"name":"Number","bsonType":"Number","path":"NumberofAvailableRooms","count":20000,"total_count":0,"probability":1}],"total_count":20000,"type":"Number","has_duplicates":false,"probability":1},{"name":"Occupancy","path":"Occupancy","count":20000,"types":[{"name":"Number","bsonType":"Number","path":"Occupancy","count":20000,"total_count":0,"probability":1}],"total_count":20000,"type":"Number","has_duplicates":false,"probability":1},{"name":"ReportedDateTime","path":"ReportedDateTime","count":20000,"types":[{"name":"Date","bsonType":"Date","path":"ReportedDateTime","count":20000,"total_count":0,"probability":1}],"total_count":20000,"type":"Date","has_duplicates":false,"probability":1},{"name":"TotalRevenue","path":"TotalRevenue","count":20000,"types":[{"name":"Number","bsonType":"Number","path":"TotalRevenue","count":20000,"total_count":0,"probability":1}],"total_count":20000,"type":"Number","has_duplicates":false,"probability":1},{"name":"TransientRoomRevenue","path":"TransientRoomRevenue","count":20000,"types":[{"name":"Number","bsonType":"Number","path":"TransientRoomRevenue","count":20000,"total_count":0,"probability":1}],"total_count":20000,"type":"Number","has_duplicates":false,"probability":1},{"name":"TransientRoomsSold","path":"TransientRoomsSold","count":20000,"types":[{"name":"Number","bsonType":"Number","path":"TransientRoomsSold","count":20000,"total_count":0,"probability":1}],"total_count":20000,"type":"Number","has_duplicates":false,"probability":1},{"name":"UpdatedBy","path":"UpdatedBy","count":20000,"types":[{"name":"String","bsonType":"String","path":"UpdatedBy","count":20000,"total_count":0,"probability":1}],"total_count":20000,"type":"String","has_duplicates":false,"probability":1},{"name":"UpdatedDateTime","path":"UpdatedDateTime","count":20000,"types":[{"name":"Date","bsonType":"Date","path":"UpdatedDateTime","count":20000,"total_count":0,"probability":1}],"total_count":20000,"type":"Date","has_duplicates":false,"probability":1}],"count":20000}