{"fields":[{"name":"_id","path":"_id","count":4424,"types":[{"name":"Number","bsonType":"Number","path":"_id","count":4424,"total_count":0,"probability":1}],"total_count":4424,"type":"Number","has_duplicates":false,"probability":1},{"name":"Account","path":"Account","count":4424,"types":[{"name":"Number","bsonType":"Number","path":"Account","count":4424,"total_count":0,"probability":1}],"total_count":4424,"type":"Number","has_duplicates":false,"probability":1},{"name":"Brand","path":"Brand","count":4424,"types":[{"name":"String","bsonType":"String","path":"Brand","count":4424,"total_count":0,"probability":1}],"total_count":4424,"type":"String","has_duplicates":false,"probability":1},{"name":"Description","path":"Description","count":4424,"types":[{"name":"String","bsonType":"String","path":"Description","count":4424,"total_count":0,"probability":1}],"total_count":4424,"type":"String","has_duplicates":false,"probability":1},{"name":"Flag","path":"Flag","count":4424,"types":[{"name":"String","bsonType":"String","path":"Flag","count":4424,"total_count":0,"probability":1}],"total_count":4424,"type":"String","has_duplicates":false,"probability":1},{"name":"FlipSign","path":"FlipSign","count":4424,"types":[{"name":"Boolean","bsonType":"Boolean","path":"FlipSign","count":4424,"total_count":0,"probability":1}],"total_count":4424,"type":"Boolean","has_duplicates":false,"probability":1},{"name":"ID","path":"ID","count":4424,"types":[{"name":"Number","bsonType":"Number","path":"ID","count":4424,"total_count":0,"probability":1}],"total_count":4424,"type":"Number","has_duplicates":false,"probability":1},{"name":"Name","path":"Name","count":4424,"types":[{"name":"String","bsonType":"String","path":"Name","count":4424,"total_count":0,"probability":1}],"total_count":4424,"type":"String","has_duplicates":false,"probability":1},{"name":"PMSCode","path":"PMSCode","count":4424,"types":[{"name":"String","bsonType":"String","path":"PMSCode","count":4424,"total_count":0,"probability":1}],"total_count":4424,"type":"String","has_duplicates":false,"probability":1},{"name":"Property","path":"Property","count":4424,"types":[{"name":"String","bsonType":"String","path":"Property","count":4424,"total_count":0,"probability":1}],"total_count":4424,"type":"String","has_duplicates":false,"probability":1},{"name":"PropertyCode","path":"PropertyCode","count":4424,"types":[{"name":"String","bsonType":"String","path":"PropertyCode","count":4424,"total_count":0,"probability":1}],"total_count":4424,"type":"String","has_duplicates":false,"probability":1},{"name":"SubAccount","path":"SubAccount","count":4424,"types":[{"name":"Number","bsonType":"Number","path":"SubAccount","count":4409,"total_count":0,"probability":0.9966094032549728},{"name":"Null","bsonType":"Null","path":"SubAccount","count":15,"total_count":0,"probability":0.0033905967450271247,"unique":1,"has_duplicates":true}],"total_count":4424,"type":["Number","Null"],"has_duplicates":true,"probability":1},{"name":"Type","path":"Type","count":4424,"types":[{"name":"String","bsonType":"String","path":"Type","count":4424,"total_count":0,"probability":1}],"total_count":4424,"type":"String","has_duplicates":false,"probability":1}],"count":4424}