{"fields":[{"name":"_id","path":"_id","count":4167,"types":[{"name":"Number","bsonType":"Number","path":"_id","count":4167,"total_count":0,"probability":1}],"total_count":4167,"type":"Number","has_duplicates":false,"probability":1},{"name":"Amount","path":"Amount","count":4167,"types":[{"name":"Decimal128","bsonType":"Decimal128","path":"Amount","count":4167,"total_count":0,"probability":1}],"total_count":4167,"type":"Decimal128","has_duplicates":false,"probability":1},{"name":"Date","path":"Date","count":4167,"types":[{"name":"Date","bsonType":"Date","path":"Date","count":4167,"total_count":0,"probability":1}],"total_count":4167,"type":"Date","has_duplicates":false,"probability":1},{"name":"Description","path":"Description","count":4167,"types":[{"name":"String","bsonType":"String","path":"Description","count":4167,"total_count":0,"probability":1}],"total_count":4167,"type":"String","has_duplicates":false,"probability":1},{"name":"HotelID","path":"HotelID","count":4167,"types":[{"name":"Number","bsonType":"Number","path":"HotelID","count":4167,"total_count":0,"probability":1}],"total_count":4167,"type":"Number","has_duplicates":false,"probability":1},{"name":"ID","path":"ID","count":4167,"types":[{"name":"Number","bsonType":"Number","path":"ID","count":4167,"total_count":0,"probability":1}],"total_count":4167,"type":"Number","has_duplicates":false,"probability":1},{"name":"PMSCode","path":"PMSCode","count":4167,"types":[{"name":"String","bsonType":"String","path":"PMSCode","count":4167,"total_count":0,"probability":1}],"total_count":4167,"type":"String","has_duplicates":false,"probability":1},{"name":"UpdatedBy","path":"UpdatedBy","count":4167,"types":[{"name":"String","bsonType":"String","path":"UpdatedBy","count":4167,"total_count":0,"probability":1}],"total_count":4167,"type":"String","has_duplicates":false,"probability":1},{"name":"UpdatedDateTime","path":"UpdatedDateTime","count":4167,"types":[{"name":"Date","bsonType":"Date","path":"UpdatedDateTime","count":4167,"total_count":0,"probability":1}],"total_count":4167,"type":"Date","has_duplicates":false,"probability":1}],"count":4167}