[{"_id":1,"ID":1,"PMSName":"Opera","Description":"Opera","InstructionLink":"https://myperspective.io/help/pace_report/opera.pdf","DocumentID":"1T8I057OjcT76T7axZAfoQtp18qj0whIlIHVBCs9eOdY"},{"_id":2,"ID":2,"PMSName":"Nova","Description":"Nova","InstructionLink":"https://myperspective.io/help/pace_report/NovaPlus.pdf","DocumentID":null},{"_id":3,"ID":3,"PMSName":"ChoiceAdvantage","Description":"ChoiceAdvantage","InstructionLink":"https://myperspective.io/help/pace_report/ChoiceAdvantage.pdf","DocumentID":null},{"_id":4,"ID":4,"PMSName":"OnQuee","Description":"OnQ","InstructionLink":"https://www.myperspective.io/download/onqpacereport","DocumentID":null},{"_id":5,"ID":5,"PMSName":"VisualMatrix","Description":"VisualMatrix","InstructionLink":"https://myperspective.io/help/pace_report/Visual_Matrix.pdf","DocumentID":null},{"_id":6,"ID":6,"PMSName":"Fosse","Description":"Fosse","InstructionLink":"https://myperspective.io/help/pace_report/Fosse.pdf","DocumentID":null},{"_id":7,"ID":7,"PMSName":"FOLS","Description":"FOLS","InstructionLink":null,"DocumentID":null},{"_id":8,"ID":8,"PMSName":"NiteVision","Description":"NiteVision","InstructionLink":"https://myperspective.io/help/pace_report/NiteVision.pdf","DocumentID":null},{"_id":9,"ID":9,"PMSName":"CheckInn","Description":"CheckInn","InstructionLink":null,"DocumentID":null},{"_id":10,"ID":10,"PMSName":"WynGuest","Description":"Wynguest/SynXis","InstructionLink":"https://myperspective.io/help/pace_report/WynGuest.pdf","DocumentID":null},{"_id":11,"ID":11,"PMSName":"FS","Description":"FS","InstructionLink":"https://myperspective.io/help/pace_report/FSPMS.pdf","DocumentID":"1N--EAeNBqu45umtPNfpJ4Wl_lArflDhsyaSmWwoRpbI"},{"_id":12,"ID":12,"PMSName":"Galaxy","Description":"Galaxy","InstructionLink":"https://myperspective.io/help/pace_report/Galaxy.pdf","DocumentID":null},{"_id":13,"ID":13,"PMSName":"HotelKey","Description":"HotelKey","InstructionLink":null,"DocumentID":null},{"_id":14,"ID":14,"PMSName":"RoomMaster","Description":"RoomMaster","InstructionLink":"https://myperspective.io/help/pace_report/RoomMaster.pdf","DocumentID":null},{"_id":15,"ID":15,"PMSName":"SkyTouch","Description":"SkyTouch","InstructionLink":"https://myperspective.io/help/pace_report/SkyTouch.pdf","DocumentID":null},{"_id":16,"ID":16,"PMSName":"SpringerMiller","Description":"Springer Miller","InstructionLink":"https://myperspective.io/help/pace_report/SpringerMiller.pdf","DocumentID":null},{"_id":17,"ID":17,"PMSName":"Win","Description":"Win","InstructionLink":"https://myperspective.io/help/pace_report/WinPM.pdf","DocumentID":null},{"_id":18,"ID":18,"PMSName":"RoomKey","Description":"RoomKey","InstructionLink":"https://myperspective.io/help/pace_report/RoomKey.pdf","DocumentID":null},{"_id":19,"ID":19,"PMSName":"CloudPM","Description":"CloudPM","InstructionLink":"https://myperspective.io/help/pace_report/CloudPM.pdf","DocumentID":null},{"_id":20,"ID":20,"PMSName":"AnandPMS","Description":"AnandPMS","InstructionLink":"https://myperspective.io/help/pace_report/Anand.pdf","DocumentID":null},{"_id":21,"ID":21,"PMSName":"WebRezPro","Description":"WebRezPro","InstructionLink":"https://myperspective.io/help/pace_report/WebRezPro.pdf","DocumentID":null},{"_id":22,"ID":22,"PMSName":"InnRoad","Description":"InnRoad","InstructionLink":"https://myperspective.io/help/pace_report/InnRoad.pdf","DocumentID":null},{"_id":23,"ID":23,"PMSName":"Resnexus","Description":"Resnexus","InstructionLink":null,"DocumentID":null},{"_id":24,"ID":24,"PMSName":"StayNTouch","Description":"StayNTouch","InstructionLink":"https://myperspective.io/help/pace_report/StayNTouch.pdf","DocumentID":null},{"_id":25,"ID":25,"PMSName":"RDP","Description":"RDP","InstructionLink":"https://myperspective.io/help/pace_report/RDP.pdf","DocumentID":null},{"_id":26,"ID":26,"PMSName":"Agilysys","Description":"Agilysys","InstructionLink":"https://myperspective.io/help/pace_report/Agilysys.pdf","DocumentID":null},{"_id":27,"ID":27,"PMSName":"Maestro","Description":"Maestro","InstructionLink":null,"DocumentID":null},{"_id":28,"ID":28,"PMSName":"Protel","Description":"Protel","InstructionLink":"https://myperspective.io/help/pace_report/Protel.pdf","DocumentID":null},{"_id":29,"ID":29,"PMSName":"Redistay","Description":"Redistay","InstructionLink":"https://myperspective.io/help/pace_report/RediStay.pdf","DocumentID":null},{"_id":30,"ID":30,"PMSName":"MSIJonasChorum","Description":"MSIJonasChorum","InstructionLink":"https://myperspective.io/help/pace_report/MSIJonasChorum.pdf","DocumentID":null},{"_id":31,"ID":31,"PMSName":"InforHMS","Description":"Infor Hosted","InstructionLink":"https://myperspective.io/help/pace_report/InforHMS.pdf","DocumentID":null},{"_id":32,"ID":32,"PMSName":"Fivestar","Description":"Fivestar PMS","InstructionLink":null,"DocumentID":null},{"_id":33,"ID":33,"PMSName":"Epitome","Description":"Epitome","InstructionLink":null,"DocumentID":null},{"_id":34,"ID":34,"PMSName":"Skyware","Description":"Skyware","InstructionLink":null,"DocumentID":null},{"_id":35,"ID":35,"PMSName":"AutoClerk","Description":"AutoClerk","InstructionLink":null,"DocumentID":null},{"_id":36,"ID":36,"PMSName":"Abacus","Description":"Abacus","InstructionLink":null,"DocumentID":null}]