{"fields":[{"name":"_id","path":"_id","count":169,"types":[{"name":"ObjectID","bsonType":"ObjectID","path":"_id","count":169,"total_count":0,"probability":1}],"total_count":169,"type":"ObjectID","has_duplicates":false,"probability":1},{"name":"__v","path":"__v","count":166,"types":[{"name":"Number","bsonType":"Number","path":"__v","count":166,"total_count":0,"probability":0.9822485207100592},{"name":"Undefined","type":"Undefined","path":"__v","count":3,"total_count":0,"probability":0.01775147928994083,"unique":1,"has_duplicates":true}],"total_count":169,"type":["Number","Undefined"],"has_duplicates":true,"probability":0.9822485207100592},{"name":"ColumName","path":"ColumName","count":169,"types":[{"name":"String","bsonType":"String","path":"ColumName","count":169,"total_count":0,"probability":1}],"total_count":169,"type":"String","has_duplicates":false,"probability":1},{"name":"ColumPeriod","path":"ColumPeriod","count":169,"types":[{"name":"String","bsonType":"String","path":"ColumPeriod","count":169,"total_count":0,"probability":1}],"total_count":169,"type":"String","has_duplicates":false,"probability":1},{"name":"DisplayOrder","path":"DisplayOrder","count":169,"types":[{"name":"Number","bsonType":"Number","path":"DisplayOrder","count":169,"total_count":0,"probability":1}],"total_count":169,"type":"Number","has_duplicates":false,"probability":1},{"name":"ID","path":"ID","count":169,"types":[{"name":"Number","bsonType":"Number","path":"ID","count":169,"total_count":0,"probability":1}],"total_count":169,"type":"Number","has_duplicates":false,"probability":1},{"name":"UserID","path":"UserID","count":169,"types":[{"name":"Number","bsonType":"Number","path":"UserID","count":169,"total_count":0,"probability":1}],"total_count":169,"type":"Number","has_duplicates":false,"probability":1}],"count":169}