{"fields":[{"name":"_id","path":"_id","count":36,"types":[{"name":"Number","bsonType":"Number","path":"_id","count":36,"total_count":0,"probability":1}],"total_count":36,"type":"Number","has_duplicates":false,"probability":1},{"name":"Description","path":"Description","count":36,"types":[{"name":"String","bsonType":"String","path":"Description","count":36,"total_count":0,"probability":1}],"total_count":36,"type":"String","has_duplicates":false,"probability":1},{"name":"DocumentID","path":"DocumentID","count":36,"types":[{"name":"Null","bsonType":"Null","path":"DocumentID","count":34,"total_count":0,"probability":0.9444444444444444,"unique":1,"has_duplicates":true},{"name":"String","bsonType":"String","path":"DocumentID","count":2,"total_count":0,"probability":0.05555555555555555}],"total_count":36,"type":["Null","String"],"has_duplicates":true,"probability":1},{"name":"ID","path":"ID","count":36,"types":[{"name":"Number","bsonType":"Number","path":"ID","count":36,"total_count":0,"probability":1}],"total_count":36,"type":"Number","has_duplicates":false,"probability":1},{"name":"InstructionLink","path":"InstructionLink","count":36,"types":[{"name":"String","bsonType":"String","path":"InstructionLink","count":26,"total_count":0,"probability":0.7222222222222222},{"name":"Null","bsonType":"Null","path":"InstructionLink","count":10,"total_count":0,"probability":0.2777777777777778,"unique":1,"has_duplicates":true}],"total_count":36,"type":["String","Null"],"has_duplicates":true,"probability":1},{"name":"PMSName","path":"PMSName","count":36,"types":[{"name":"String","bsonType":"String","path":"PMSName","count":36,"total_count":0,"probability":1}],"total_count":36,"type":"String","has_duplicates":false,"probability":1}],"count":36}