{"fields":[{"name":"_id","path":"_id","count":5,"types":[{"name":"Number","bsonType":"Number","path":"_id","count":4,"total_count":0,"probability":0.8},{"name":"Null","bsonType":"Null","path":"_id","count":1,"total_count":0,"probability":0.2,"unique":1,"has_duplicates":false}],"total_count":5,"type":["Number","Null"],"has_duplicates":false,"probability":1},{"name":"AccessKey","path":"AccessKey","count":5,"types":[{"name":"String","bsonType":"String","path":"AccessKey","count":4,"total_count":0,"probability":0.8},{"name":"Null","bsonType":"Null","path":"AccessKey","count":1,"total_count":0,"probability":0.2,"unique":1,"has_duplicates":false}],"total_count":5,"type":["String","Null"],"has_duplicates":false,"probability":1},{"name":"AccessKeySecret","path":"AccessKeySecret","count":5,"types":[{"name":"String","bsonType":"String","path":"AccessKeySecret","count":4,"total_count":0,"probability":0.8},{"name":"Null","bsonType":"Null","path":"AccessKeySecret","count":1,"total_count":0,"probability":0.2,"unique":1,"has_duplicates":false}],"total_count":5,"type":["String","Null"],"has_duplicates":false,"probability":1},{"name":"HotelId","path":"HotelId","count":5,"types":[{"name":"Number","bsonType":"Number","path":"HotelId","count":4,"total_count":0,"probability":0.8},{"name":"Null","bsonType":"Null","path":"HotelId","count":1,"total_count":0,"probability":0.2,"unique":1,"has_duplicates":false}],"total_count":5,"type":["Number","Null"],"has_duplicates":false,"probability":1},{"name":"Id","path":"Id","count":5,"types":[{"name":"Number","bsonType":"Number","path":"Id","count":4,"total_count":0,"probability":0.8},{"name":"Null","bsonType":"Null","path":"Id","count":1,"total_count":0,"probability":0.2,"unique":1,"has_duplicates":false}],"total_count":5,"type":["Number","Null"],"has_duplicates":false,"probability":1},{"name":"RealmId","path":"RealmId","count":5,"types":[{"name":"String","bsonType":"String","path":"RealmId","count":4,"total_count":0,"probability":0.8},{"name":"Null","bsonType":"Null","path":"RealmId","count":1,"total_count":0,"probability":0.2,"unique":1,"has_duplicates":false}],"total_count":5,"type":["String","Null"],"has_duplicates":false,"probability":1},{"name":"RefreshToken","path":"RefreshToken","count":5,"types":[{"name":"String","bsonType":"String","path":"RefreshToken","count":3,"total_count":0,"probability":0.6},{"name":"Null","bsonType":"Null","path":"RefreshToken","count":2,"total_count":0,"probability":0.4,"unique":1,"has_duplicates":true}],"total_count":5,"type":["String","Null"],"has_duplicates":true,"probability":1},{"name":"UpdatedDateTime","path":"UpdatedDateTime","count":5,"types":[{"name":"Date","bsonType":"Date","path":"UpdatedDateTime","count":4,"total_count":0,"probability":0.8},{"name":"Null","bsonType":"Null","path":"UpdatedDateTime","count":1,"total_count":0,"probability":0.2,"unique":1,"has_duplicates":false}],"total_count":5,"type":["Date","Null"],"has_duplicates":false,"probability":1},{"name":"UserId","path":"UserId","count":5,"types":[{"name":"Number","bsonType":"Number","path":"UserId","count":4,"total_count":0,"probability":0.8},{"name":"Null","bsonType":"Null","path":"UserId","count":1,"total_count":0,"probability":0.2,"unique":1,"has_duplicates":false}],"total_count":5,"type":["Number","Null"],"has_duplicates":false,"probability":1},{"name":"UserMail","path":"UserMail","count":5,"types":[{"name":"String","bsonType":"String","path":"UserMail","count":4,"total_count":0,"probability":0.8},{"name":"Null","bsonType":"Null","path":"UserMail","count":1,"total_count":0,"probability":0.2,"unique":1,"has_duplicates":false}],"total_count":5,"type":["String","Null"],"has_duplicates":false,"probability":1}],"count":5}