{"fields":[{"name":"_id","path":"_id","count":1823,"types":[{"name":"Number","bsonType":"Number","path":"_id","count":1823,"total_count":0,"probability":1}],"total_count":1823,"type":"Number","has_duplicates":false,"probability":1},{"name":"ExpenseNumber","path":"ExpenseNumber","count":1823,"types":[{"name":"String","bsonType":"String","path":"ExpenseNumber","count":1044,"total_count":0,"probability":0.5726823916620954},{"name":"Null","bsonType":"Null","path":"ExpenseNumber","count":779,"total_count":0,"probability":0.42731760833790455,"unique":1,"has_duplicates":true}],"total_count":1823,"type":["String","Null"],"has_duplicates":true,"probability":1},{"name":"HotelId","path":"HotelId","count":1823,"types":[{"name":"Number","bsonType":"Number","path":"HotelId","count":1823,"total_count":0,"probability":1}],"total_count":1823,"type":"Number","has_duplicates":false,"probability":1},{"name":"Id","path":"Id","count":1823,"types":[{"name":"Number","bsonType":"Number","path":"Id","count":1823,"total_count":0,"probability":1}],"total_count":1823,"type":"Number","has_duplicates":false,"probability":1},{"name":"SyncOn","path":"SyncOn","count":1823,"types":[{"name":"Date","bsonType":"Date","path":"SyncOn","count":1823,"total_count":0,"probability":1}],"total_count":1823,"type":"Date","has_duplicates":false,"probability":1},{"name":"SyncResponse","path":"SyncResponse","count":1823,"types":[{"name":"String","bsonType":"String","path":"SyncResponse","count":1823,"total_count":0,"probability":1}],"total_count":1823,"type":"String","has_duplicates":false,"probability":1},{"name":"SyncStatus","path":"SyncStatus","count":1823,"types":[{"name":"Number","bsonType":"Number","path":"SyncStatus","count":1823,"total_count":0,"probability":1}],"total_count":1823,"type":"Number","has_duplicates":false,"probability":1},{"name":"TransID","path":"TransID","count":1823,"types":[{"name":"String","bsonType":"String","path":"TransID","count":1823,"total_count":0,"probability":1}],"total_count":1823,"type":"String","has_duplicates":false,"probability":1}],"count":1823}