{"fields":[{"name":"_id","path":"_id","count":4,"types":[{"name":"Number","bsonType":"Number","path":"_id","count":4,"total_count":0,"probability":1}],"total_count":4,"type":"Number","has_duplicates":false,"probability":1},{"name":"ID","path":"ID","count":4,"types":[{"name":"Number","bsonType":"Number","path":"ID","count":4,"total_count":0,"probability":1}],"total_count":4,"type":"Number","has_duplicates":false,"probability":1},{"name":"MailSendTo","path":"MailSendTo","count":4,"types":[{"name":"String","bsonType":"String","path":"MailSendTo","count":4,"total_count":0,"probability":1}],"total_count":4,"type":"String","has_duplicates":false,"probability":1},{"name":"Question","path":"Question","count":4,"types":[{"name":"String","bsonType":"String","path":"Question","count":4,"total_count":0,"probability":1}],"total_count":4,"type":"String","has_duplicates":false,"probability":1}],"count":4}