{"fields":[{"name":"_id","path":"_id","count":52,"types":[{"name":"Number","bsonType":"Number","path":"_id","count":52,"total_count":0,"probability":1}],"total_count":52,"type":"Number","has_duplicates":false,"probability":1},{"name":"FileID","path":"FileID","count":52,"types":[{"name":"String","bsonType":"String","path":"FileID","count":52,"total_count":0,"probability":1}],"total_count":52,"type":"String","has_duplicates":false,"probability":1},{"name":"HotelID","path":"HotelID","count":52,"types":[{"name":"Number","bsonType":"Number","path":"HotelID","count":52,"total_count":0,"probability":1}],"total_count":52,"type":"Number","has_duplicates":false,"probability":1},{"name":"ID","path":"ID","count":52,"types":[{"name":"Number","bsonType":"Number","path":"ID","count":52,"total_count":0,"probability":1}],"total_count":52,"type":"Number","has_duplicates":false,"probability":1},{"name":"QBCompanyName","path":"QBCompanyName","count":52,"types":[{"name":"String","bsonType":"String","path":"QBCompanyName","count":52,"total_count":0,"probability":1}],"total_count":52,"type":"String","has_duplicates":false,"probability":1}],"count":52}