[{"_id":1,"ID":1,"FileID":"1afe1530-aef5-4c98-ae86-b0abccce1ed0","HotelID":10,"QBCompanyName":"My Digital Office"},{"_id":2,"ID":2,"FileID":"18b28826-e79a-4b49-ae3d-91a01af104eb","HotelID":120,"QBCompanyName":"MAFES"},{"_id":3,"ID":3,"FileID":"b6ea0890-4053-40aa-b5eb-04f068365890","HotelID":121,"QBCompanyName":"MAFLD"},{"_id":7,"ID":7,"FileID":"38a2f1e6-a3c7-4832-a92c-b575e15a744d","HotelID":125,"QBCompanyName":"ODSJS"},{"_id":9,"ID":9,"FileID":"c9a2aa3a-a802-4f4c-bef5-80fe741164e3","HotelID":127,"QBCompanyName":"CNMTS"},{"_id":11,"ID":11,"FileID":"d5019c6c-4bd4-401e-a3cc-e8fdcaab29c3","HotelID":123,"QBCompanyName":"MAFTA"},{"_id":12,"ID":12,"FileID":"80713f0f-69f6-4546-9486-31ba8023ad4a","HotelID":130,"QBCompanyName":"HOBBS"},{"_id":13,"ID":13,"FileID":"45b849e3-7ee7-4d4d-95d3-38a07ebb3114","HotelID":131,"QBCompanyName":"HOBFI"},{"_id":14,"ID":14,"FileID":"85fa7949-2b50-47a2-9d77-7f8cbe7f153d","HotelID":132,"QBCompanyName":"HOBTS"},{"_id":15,"ID":15,"FileID":"cb8dfddf-ef6d-4bab-af29-b9c255eee30b","HotelID":133,"QBCompanyName":"HOUKM"},{"_id":16,"ID":16,"FileID":"31a9b2fb-a33c-44fd-905c-4aa95830a554","HotelID":134,"QBCompanyName":"HOUKW"},{"_id":17,"ID":17,"FileID":"0496c592-0999-42f2-abec-d6a7da9bcb0e","HotelID":135,"QBCompanyName":"HOUKY"},{"_id":18,"ID":18,"FileID":"8e297d8b-d859-4c9c-9a4f-8571178b8995","HotelID":136,"QBCompanyName":"HOUXN"},{"_id":19,"ID":19,"FileID":"0a60bb77-ebed-47e3-b6bd-711dfd7e009d","HotelID":137,"QBCompanyName":"LBBDT"},{"_id":22,"ID":22,"FileID":"53f067bf-7842-420a-8b67-8c185627636d","HotelID":188,"QBCompanyName":"MAFTB"},{"_id":23,"ID":23,"FileID":"bc0d9a8b-9f7f-4545-8166-96754adb86ed","HotelID":258,"QBCompanyName":"LBBHS"},{"_id":24,"ID":24,"FileID":"ae6076b1-ac6d-4b52-a1ca-3d62e1c6bbdf","HotelID":338,"QBCompanyName":"Hampton Inn & Suites Riverside Corona East"},{"_id":25,"ID":25,"FileID":"0f491df8-f85a-4392-8f20-5de4aea8a1e3","HotelID":323,"QBCompanyName":"Baymont Inn & Suites LAX/Lawndale"},{"_id":27,"ID":27,"FileID":"1c5d1513-ab81-4985-81f3-fc285ce8ebd9","HotelID":341,"QBCompanyName":"Century Park Hotel"},{"_id":28,"ID":28,"FileID":"f84b00ed-f57c-4f94-af97-a60dc48f4592","HotelID":324,"QBCompanyName":"Days Inn & Suites Artesia"},{"_id":29,"ID":29,"FileID":"b48610af-8260-42b1-bced-a2015687d595","HotelID":256,"QBCompanyName":"LBBUM"},{"_id":30,"ID":30,"FileID":"f2da806e-a846-49d5-844c-15cb1ddec0f2","HotelID":138,"QBCompanyName":"SJTCY"},{"_id":31,"ID":31,"FileID":"6b3850c1-f3d1-46da-a675-32b12f0a76a2","HotelID":122,"QBCompanyName":"MAFOD"},{"_id":32,"ID":32,"FileID":"3be094c3-20e3-45fb-8912-fe7c42e26fd8","HotelID":124,"QBCompanyName":"ODETX"},{"_id":33,"ID":33,"FileID":"2429bf4d-6789-45cc-9fd9-361df5dbd9ec","HotelID":126,"QBCompanyName":"ODSWS"},{"_id":34,"ID":34,"FileID":"b60a5fb3-bc8b-4e40-9fe5-b6bcd86d7276","HotelID":129,"QBCompanyName":"FSTFI"},{"_id":35,"ID":35,"FileID":"A07","HotelID":292,"QBCompanyName":"Holiday Inn Express & Suites Atlanta N-Perimeter Mall Area"},{"_id":36,"ID":36,"FileID":"eb576f27-29b2-467b-b2c5-4ca677cb9d26","HotelID":489,"QBCompanyName":"Courtyard by Marriott Austin Northwest"},{"_id":37,"ID":37,"FileID":"3b36fb60-a825-424c-b88f-a69c564f064a","HotelID":561,"QBCompanyName":"Ramada Edmonton Yellowhead"},{"_id":38,"ID":38,"FileID":"06d128cf-74db-4715-939c-41421e10688c","HotelID":592,"QBCompanyName":"Hampton Inn & Suites Hemet"},{"_id":39,"ID":39,"FileID":"133f2cff-f919-4a1c-9a3e-70488b072d81","HotelID":599,"QBCompanyName":"Hampton Inn & Suites Mission Viejo"},{"_id":40,"ID":40,"FileID":"626fbc71-44c3-4421-ba3d-7951a60176b8","HotelID":568,"QBCompanyName":"Microtel by Wyndham Buckhannon"},{"_id":52,"ID":52,"FileID":"432ee2b7-580f-42cf-8f3d-0dc287dc7e1b\r\n","HotelID":576,"QBCompanyName":"Microtel by Wyndham Fairmont\r\n"},{"_id":53,"ID":53,"FileID":"307646bb-71b4-40a6-867f-a745b2ce33d9","HotelID":574,"QBCompanyName":"Microtel by Wyndham Lynchburg"},{"_id":54,"ID":54,"FileID":"900509d9-58c0-41dd-86a1-c90e57cd5ce7","HotelID":577,"QBCompanyName":"Microtel by Wyndham Morgantown"},{"_id":55,"ID":55,"FileID":"9719afa5-9c24-4214-b452-d48191bad8a4","HotelID":570,"QBCompanyName":"Microtel by Wyndham Waynesburg"},{"_id":56,"ID":56,"FileID":"24b4a6d6-5451-491e-aa55-74f0478150c7","HotelID":591,"QBCompanyName":"Microtel Inn & Suites Keyser"},{"_id":57,"ID":57,"FileID":"74d98d8f-194d-4363-8b32-6aa2d96ea008","HotelID":569,"QBCompanyName":"Microtel Inn & Suites by Wyndham Steubenville"},{"_id":58,"ID":58,"FileID":"0e417d73-27ce-4394-add7-39b577428314","HotelID":571,"QBCompanyName":"My Place Altoona"},{"_id":59,"ID":59,"FileID":"0f402010-0e66-4e2a-981a-e5e83384997c","HotelID":572,"QBCompanyName":"My Place Ankeny"},{"_id":60,"ID":60,"FileID":"6855887d-81ae-40a9-9432-b2e3a3b2b77b","HotelID":579,"QBCompanyName":"My Place Chicago West/North Aurora"},{"_id":61,"ID":61,"FileID":"7f59a256-03bb-4c7a-8ae9-d5de505a99e7","HotelID":573,"QBCompanyName":"My Place Davenport"},{"_id":62,"ID":62,"FileID":"cce16eb5-6e98-4581-b9ad-fa5dd66c5a25","HotelID":589,"QBCompanyName":"Super 8 by Wyndham Clear Lake"},{"_id":63,"ID":63,"FileID":"2c531e49-9cc9-4910-9729-a301b05e0146","HotelID":247,"QBCompanyName":"Best Western Cedar Bluff"},{"_id":64,"ID":64,"FileID":"039e2dd3-82ca-41bd-bf56-c1e10b8072e8","HotelID":336,"QBCompanyName":"Clarion Inn & Suites Knoxville West"},{"_id":65,"ID":65,"FileID":"feebb70d-3c51-4730-9acc-486bf8634f37","HotelID":539,"QBCompanyName":"TownePlace Suites Grapevine"},{"_id":66,"ID":66,"FileID":"261caacb-400b-4381-8ea8-fedde377151f","HotelID":841,"QBCompanyName":"ODSOT"},{"_id":67,"ID":67,"FileID":"A09","HotelID":291,"QBCompanyName":"Fairfield Inn & Suites Greenville Simpsonville"},{"_id":68,"ID":68,"FileID":"0400df5f-b7c1-466b-b06b-d060935f6551","HotelID":1098,"QBCompanyName":"Hampton Inn & Suites Prescott Valley"},{"_id":69,"ID":69,"FileID":"a8c9279e-f30a-4a91-ae4d-9d104e66d756","HotelID":1060,"QBCompanyName":"Hampton Inn Suites Page Lake Powell"},{"_id":70,"ID":70,"FileID":"71bd246b-d9e0-4f7b-a075-5f926906db8a","HotelID":1059,"QBCompanyName":"Days Inn & Suites Page Lake Powell\t"},{"_id":71,"ID":71,"FileID":"1b7d2ab5-bbc7-465f-a24e-2dbc8b74c9cc","HotelID":2874,"QBCompanyName":"MAFSO"}]