{"fields":[{"name":"_id","path":"_id","count":10542,"types":[{"name":"Number","bsonType":"Number","path":"_id","count":10541,"total_count":0,"probability":0.9999051413394043},{"name":"Null","bsonType":"Null","path":"_id","count":1,"total_count":0,"probability":0.00009485866059571239,"unique":1,"has_duplicates":false}],"total_count":10542,"type":["Number","Null"],"has_duplicates":false,"probability":1},{"name":"HotelId","path":"HotelId","count":10542,"types":[{"name":"Number","bsonType":"Number","path":"HotelId","count":10541,"total_count":0,"probability":0.9999051413394043},{"name":"Null","bsonType":"Null","path":"HotelId","count":1,"total_count":0,"probability":0.00009485866059571239,"unique":1,"has_duplicates":false}],"total_count":10542,"type":["Number","Null"],"has_duplicates":false,"probability":1},{"name":"Id","path":"Id","count":10542,"types":[{"name":"Number","bsonType":"Number","path":"Id","count":10541,"total_count":0,"probability":0.9999051413394043},{"name":"Null","bsonType":"Null","path":"Id","count":1,"total_count":0,"probability":0.00009485866059571239,"unique":1,"has_duplicates":false}],"total_count":10542,"type":["Number","Null"],"has_duplicates":false,"probability":1},{"name":"ImportBy","path":"ImportBy","count":10542,"types":[{"name":"Number","bsonType":"Number","path":"ImportBy","count":10541,"total_count":0,"probability":0.9999051413394043},{"name":"Null","bsonType":"Null","path":"ImportBy","count":1,"total_count":0,"probability":0.00009485866059571239,"unique":1,"has_duplicates":false}],"total_count":10542,"type":["Number","Null"],"has_duplicates":false,"probability":1},{"name":"ImportDate","path":"ImportDate","count":10542,"types":[{"name":"Date","bsonType":"Date","path":"ImportDate","count":10541,"total_count":0,"probability":0.9999051413394043},{"name":"Null","bsonType":"Null","path":"ImportDate","count":1,"total_count":0,"probability":0.00009485866059571239,"unique":1,"has_duplicates":false}],"total_count":10542,"type":["Date","Null"],"has_duplicates":false,"probability":1},{"name":"SyncOn","path":"SyncOn","count":10542,"types":[{"name":"Date","bsonType":"Date","path":"SyncOn","count":10541,"total_count":0,"probability":0.9999051413394043},{"name":"Null","bsonType":"Null","path":"SyncOn","count":1,"total_count":0,"probability":0.00009485866059571239,"unique":1,"has_duplicates":false}],"total_count":10542,"type":["Date","Null"],"has_duplicates":false,"probability":1},{"name":"SyncResponse","path":"SyncResponse","count":10542,"types":[{"name":"Null","bsonType":"Null","path":"SyncResponse","count":5359,"total_count":0,"probability":0.5083475621324227,"unique":1,"has_duplicates":true},{"name":"String","bsonType":"String","path":"SyncResponse","count":5183,"total_count":0,"probability":0.4916524378675773}],"total_count":10542,"type":["Null","String"],"has_duplicates":true,"probability":1},{"name":"SyncStatus","path":"SyncStatus","count":10542,"types":[{"name":"Number","bsonType":"Number","path":"SyncStatus","count":10541,"total_count":0,"probability":0.9999051413394043},{"name":"Null","bsonType":"Null","path":"SyncStatus","count":1,"total_count":0,"probability":0.00009485866059571239,"unique":1,"has_duplicates":false}],"total_count":10542,"type":["Number","Null"],"has_duplicates":false,"probability":1}],"count":10542}