{"fields":[{"name":"_id","path":"_id","count":78,"types":[{"name":"Number","bsonType":"Number","path":"_id","count":78,"total_count":0,"probability":1}],"total_count":78,"type":"Number","has_duplicates":false,"probability":1},{"name":"HotelId","path":"HotelId","count":78,"types":[{"name":"Number","bsonType":"Number","path":"HotelId","count":78,"total_count":0,"probability":1}],"total_count":78,"type":"Number","has_duplicates":false,"probability":1},{"name":"Id","path":"Id","count":78,"types":[{"name":"Number","bsonType":"Number","path":"Id","count":78,"total_count":0,"probability":1}],"total_count":78,"type":"Number","has_duplicates":false,"probability":1},{"name":"ImportBy","path":"ImportBy","count":78,"types":[{"name":"Number","bsonType":"Number","path":"ImportBy","count":78,"total_count":0,"probability":1}],"total_count":78,"type":"Number","has_duplicates":false,"probability":1},{"name":"ImportDate","path":"ImportDate","count":78,"types":[{"name":"Date","bsonType":"Date","path":"ImportDate","count":78,"total_count":0,"probability":1}],"total_count":78,"type":"Date","has_duplicates":false,"probability":1},{"name":"LogId","path":"LogId","count":78,"types":[{"name":"Number","bsonType":"Number","path":"LogId","count":78,"total_count":0,"probability":1}],"total_count":78,"type":"Number","has_duplicates":false,"probability":1},{"name":"SyncOn","path":"SyncOn","count":78,"types":[{"name":"Date","bsonType":"Date","path":"SyncOn","count":78,"total_count":0,"probability":1}],"total_count":78,"type":"Date","has_duplicates":false,"probability":1},{"name":"SyncResponse","path":"SyncResponse","count":78,"types":[{"name":"String","bsonType":"String","path":"SyncResponse","count":77,"total_count":0,"probability":0.9871794871794872},{"name":"Null","bsonType":"Null","path":"SyncResponse","count":1,"total_count":0,"probability":0.01282051282051282,"unique":1,"has_duplicates":false}],"total_count":78,"type":["String","Null"],"has_duplicates":false,"probability":1},{"name":"SyncStatus","path":"SyncStatus","count":78,"types":[{"name":"Number","bsonType":"Number","path":"SyncStatus","count":78,"total_count":0,"probability":1}],"total_count":78,"type":"Number","has_duplicates":false,"probability":1}],"count":78}