{"fields":[{"name":"_id","path":"_id","count":1,"types":[{"name":"Number","bsonType":"Number","path":"_id","count":1,"total_count":0,"probability":1}],"total_count":1,"type":"Number","has_duplicates":false,"probability":1},{"name":"DocType","path":"DocType","count":1,"types":[{"name":"String","bsonType":"String","path":"DocType","count":1,"total_count":0,"probability":1}],"total_count":1,"type":"String","has_duplicates":false,"probability":1},{"name":"HotelID","path":"HotelID","count":1,"types":[{"name":"Number","bsonType":"Number","path":"HotelID","count":1,"total_count":0,"probability":1}],"total_count":1,"type":"Number","has_duplicates":false,"probability":1},{"name":"ID","path":"ID","count":1,"types":[{"name":"Number","bsonType":"Number","path":"ID","count":1,"total_count":0,"probability":1}],"total_count":1,"type":"Number","has_duplicates":false,"probability":1},{"name":"RefNo","path":"RefNo","count":1,"types":[{"name":"String","bsonType":"String","path":"RefNo","count":1,"total_count":0,"probability":1}],"total_count":1,"type":"String","has_duplicates":false,"probability":1}],"count":1}