[{"_id":1,"LogId":1,"Id":1,"ImportDate":"2017-06-02T00:00:00.000Z","ImportBy":2,"SyncOn":"2017-06-03T05:48:06.383Z","SyncStatus":3,"SyncResponse":"Visa/MasterCard - Account(s) are not found.","HotelId":10},{"_id":2,"LogId":2,"Id":4,"ImportDate":"2017-06-01T00:00:00.000Z","ImportBy":2,"SyncOn":"2017-06-03T05:53:16.883Z","SyncStatus":3,"SyncResponse":"Room Charge - Adj, State Sales Tax - Adj, City Tax - Adj, County Lodging Tax - Adj, Visa/MasterCard, Room Charge, WWR Room Charge, State Sales Tax, County Lodging Tax - Account(s) are not found.","HotelId":10},{"_id":3,"LogId":3,"Id":20,"ImportDate":"2016-06-22T00:00:00.000Z","ImportBy":2,"SyncOn":"2017-06-20T11:32:24.717Z","SyncStatus":3,"SyncResponse":"SQL Exception Thrown in the GetNextNumber method.","HotelId":10},{"_id":4,"LogId":4,"Id":20,"ImportDate":"2016-06-22T00:00:00.000Z","ImportBy":2,"SyncOn":"2017-06-20T11:35:12.373Z","SyncStatus":3,"SyncResponse":"SQL Exception Thrown in the GetNextNumber method.","HotelId":10},{"_id":5,"LogId":5,"Id":20,"ImportDate":"2016-06-22T00:00:00.000Z","ImportBy":2,"SyncOn":"2017-06-20T11:50:22.327Z","SyncStatus":3,"SyncResponse":"SQL Exception Thrown in the GetNextNumber method.","HotelId":10},{"_id":6,"LogId":6,"Id":20,"ImportDate":"2016-06-22T00:00:00.000Z","ImportBy":2,"SyncOn":"2017-06-20T12:08:56.627Z","SyncStatus":3,"SyncResponse":"There was an error writing to the pipe: The pipe is being closed. (232, 0xe8).","HotelId":10},{"_id":7,"LogId":7,"Id":20,"ImportDate":"2016-06-22T00:00:00.000Z","ImportBy":2,"SyncOn":"2017-06-20T12:10:49.597Z","SyncStatus":3,"SyncResponse":"Error Number = 683  Stored Procedure= taGLTransactionLineInsert  Error Description = You have not passed an ACTINDX (ACTINDX) or an Account String (ACTNUMST)\r\n","HotelId":10},{"_id":8,"LogId":8,"Id":20,"ImportDate":"2016-06-22T00:00:00.000Z","ImportBy":2,"SyncOn":"2017-06-20T13:58:08.273Z","SyncStatus":3,"SyncResponse":"There was an error writing to the pipe: The pipe is being closed. (232, 0xe8).","HotelId":10},{"_id":9,"LogId":9,"Id":20,"ImportDate":"2016-06-22T00:00:00.000Z","ImportBy":2,"SyncOn":"2017-06-20T13:59:28.617Z","SyncStatus":3,"SyncResponse":"Error Number = 683  Stored Procedure= taGLTransactionLineInsert  Error Description = You have not passed an ACTINDX (ACTINDX) or an Account String (ACTNUMST)\r\n","HotelId":10},{"_id":10,"LogId":10,"Id":20,"ImportDate":"2016-06-22T00:00:00.000Z","ImportBy":2,"SyncOn":"2017-06-20T14:00:51.023Z","SyncStatus":3,"SyncResponse":"Failed to convert parameter value from a String to a DateTime.","HotelId":10},{"_id":11,"LogId":11,"Id":20,"ImportDate":"2016-06-22T00:00:00.000Z","ImportBy":2,"SyncOn":"2017-06-20T14:00:54.867Z","SyncStatus":3,"SyncResponse":"Failed to convert parameter value from a String to a DateTime.","HotelId":10},{"_id":12,"LogId":12,"Id":22,"ImportDate":"2017-06-30T00:00:00.000Z","ImportBy":2,"SyncOn":"2017-07-05T17:37:00.353Z","SyncStatus":3,"SyncResponse":"There was an error writing to the pipe: The pipe is being closed. (232, 0xe8).","HotelId":10},{"_id":13,"LogId":13,"Id":23,"ImportDate":"2017-06-02T00:00:00.000Z","ImportBy":2,"SyncOn":"2017-07-06T03:59:45.467Z","SyncStatus":3,"SyncResponse":"There was an error writing to the pipe: The pipe is being closed. (232, 0xe8).","HotelId":10},{"_id":14,"LogId":14,"Id":24,"ImportDate":"2017-06-02T00:00:00.000Z","ImportBy":2,"SyncOn":"2017-07-07T03:37:23.253Z","SyncStatus":3,"SyncResponse":"CASH, Visa/MasterCard - Account(s) are not found.","HotelId":10},{"_id":15,"LogId":15,"Id":24,"ImportDate":"2017-06-02T00:00:00.000Z","ImportBy":2,"SyncOn":"2017-07-07T03:38:44.707Z","SyncStatus":3,"SyncResponse":"ErrorCode:6000, Message:A business validation error has occurred while processing your request, Element:, Detail:Business Validation Error: When you use Accounts Receivable, you must choose a customer in the Name field.","HotelId":10},{"_id":16,"LogId":16,"Id":25,"ImportDate":"2017-07-05T00:00:00.000Z","ImportBy":2,"SyncOn":"2017-07-08T10:35:42.943Z","SyncStatus":3,"SyncResponse":"CASH, GL DIRECT BILL XFERS REV, Visa/MasterCard, PET FEE, GL ROOM REV, SALES TAX, OCCUPANCY TAX - Account(s) are not found.","HotelId":10},{"_id":17,"LogId":17,"Id":25,"ImportDate":"2017-07-05T00:00:00.000Z","ImportBy":2,"SyncOn":"2017-07-08T10:36:29.757Z","SyncStatus":3,"SyncResponse":"CASH, GL DIRECT BILL XFERS REV, Visa/MasterCard, PET FEE, GL ROOM REV, SALES TAX, OCCUPANCY TAX - Account(s) are not found.","HotelId":10},{"_id":18,"LogId":18,"Id":25,"ImportDate":"2017-07-05T00:00:00.000Z","ImportBy":2,"SyncOn":"2017-07-08T11:24:45.427Z","SyncStatus":3,"SyncResponse":"GL ROOM REV, GL ROOM REV, Visa/MasterCard, SALES TAX, GL ROOM REV, SALES TAX, SALES TAX - Account(s) are not found.","HotelId":10},{"_id":19,"LogId":19,"Id":25,"ImportDate":"2017-07-05T00:00:00.000Z","ImportBy":2,"SyncOn":"2017-07-08T11:28:24.257Z","SyncStatus":3,"SyncResponse":"Visa/MasterCard, SALES TAX, GL ROOM REV - Account(s) are not found.","HotelId":10},{"_id":20,"LogId":20,"Id":25,"ImportDate":"2017-07-05T00:00:00.000Z","ImportBy":2,"SyncOn":"2017-07-08T11:29:15.273Z","SyncStatus":3,"SyncResponse":"GL ROOM REV - Account(s) are not found.","HotelId":10},{"_id":21,"LogId":21,"Id":25,"ImportDate":"2017-07-05T00:00:00.000Z","ImportBy":2,"SyncOn":"2017-07-08T11:29:47.180Z","SyncStatus":3,"SyncResponse":"ErrorCode:6000, Message:A business validation error has occurred while processing your request, Element:, Detail:Business Validation Error: When you use Accounts Receivable, you must choose a customer in the Name field.","HotelId":10},{"_id":22,"LogId":22,"Id":26,"ImportDate":"2017-07-05T00:00:00.000Z","ImportBy":2,"SyncOn":"2017-07-08T11:46:55.507Z","SyncStatus":3,"SyncResponse":"CASH, GL DIRECT BILL XFERS REV, Visa/MasterCard, PET FEE, GL ROOM REV, SALES TAX, OCCUPANCY TAX - Account(s) are not found.","HotelId":10},{"_id":23,"LogId":23,"Id":26,"ImportDate":"2017-07-05T00:00:00.000Z","ImportBy":2,"SyncOn":"2017-07-08T11:48:59.147Z","SyncStatus":3,"SyncResponse":"GL DIRECT BILL XFERS REV, Visa/MasterCard, PET FEE, GL ROOM REV, SALES TAX, OCCUPANCY TAX - Account(s) are not found.","HotelId":10},{"_id":24,"LogId":24,"Id":26,"ImportDate":"2017-07-05T00:00:00.000Z","ImportBy":2,"SyncOn":"2017-07-08T11:50:51.227Z","SyncStatus":3,"SyncResponse":"GL DIRECT BILL XFERS REV, PET FEE, SALES TAX, OCCUPANCY TAX - Account(s) are not found.","HotelId":10},{"_id":25,"LogId":25,"Id":26,"ImportDate":"2017-07-05T00:00:00.000Z","ImportBy":2,"SyncOn":"2017-07-08T11:51:44.587Z","SyncStatus":3,"SyncResponse":"PET FEE - Account(s) are not found.","HotelId":10},{"_id":26,"LogId":26,"Id":27,"ImportDate":"2017-07-07T00:00:00.000Z","ImportBy":2,"SyncOn":"2017-07-08T12:53:22.807Z","SyncStatus":3,"SyncResponse":"CASH, GL DIRECT BILL XFERS REV, Visa/MasterCard, PET FEE, GL ROOM REV, SALES TAX, OCCUPANCY TAX - Account(s) are not found.","HotelId":10},{"_id":27,"LogId":27,"Id":27,"ImportDate":"2017-07-07T00:00:00.000Z","ImportBy":2,"SyncOn":"2017-07-08T12:54:16.633Z","SyncStatus":3,"SyncResponse":"GL DIRECT BILL XFERS REV, Visa/MasterCard, GL ROOM REV, SALES TAX, OCCUPANCY TAX - Account(s) are not found.","HotelId":10},{"_id":28,"LogId":28,"Id":27,"ImportDate":"2017-07-07T00:00:00.000Z","ImportBy":2,"SyncOn":"2017-07-08T12:55:10.133Z","SyncStatus":3,"SyncResponse":"SALES TAX, OCCUPANCY TAX - Account(s) are not found.","HotelId":10},{"_id":29,"LogId":29,"Id":28,"ImportDate":"2017-06-02T00:00:00.000Z","ImportBy":2,"SyncOn":"2017-07-10T04:29:28.363Z","SyncStatus":3,"SyncResponse":"CASH, Visa/MasterCard - Account(s) are not found.","HotelId":10},{"_id":30,"LogId":30,"Id":28,"ImportDate":"2017-06-02T00:00:00.000Z","ImportBy":2,"SyncOn":"2017-07-10T04:32:12.300Z","SyncStatus":3,"SyncResponse":"Visa/MasterCard - Account(s) are not found.","HotelId":10},{"_id":31,"LogId":31,"Id":28,"ImportDate":"2017-06-02T00:00:00.000Z","ImportBy":2,"SyncOn":"2017-07-10T04:33:41.537Z","SyncStatus":3,"SyncResponse":"Visa/MasterCard - Account(s) are not found.","HotelId":10},{"_id":32,"LogId":32,"Id":28,"ImportDate":"2017-06-02T00:00:00.000Z","ImportBy":2,"SyncOn":"2017-07-10T04:35:30.253Z","SyncStatus":3,"SyncResponse":"Visa/MasterCard - Account(s) are not found.","HotelId":10},{"_id":33,"LogId":33,"Id":29,"ImportDate":"2017-07-07T00:00:00.000Z","ImportBy":2,"SyncOn":"2017-07-11T06:27:34.820Z","SyncStatus":3,"SyncResponse":"Transactions not found.","HotelId":10},{"_id":34,"LogId":34,"Id":29,"ImportDate":"2017-07-07T00:00:00.000Z","ImportBy":2,"SyncOn":"2017-07-11T06:28:40.867Z","SyncStatus":3,"SyncResponse":"Transactions not found.","HotelId":10},{"_id":35,"LogId":35,"Id":29,"ImportDate":"2017-07-07T00:00:00.000Z","ImportBy":2,"SyncOn":"2017-07-11T06:46:07.537Z","SyncStatus":3,"SyncResponse":"Transactions not found.","HotelId":10},{"_id":36,"LogId":36,"Id":29,"ImportDate":"2017-07-07T00:00:00.000Z","ImportBy":2,"SyncOn":"2017-07-11T06:55:45.117Z","SyncStatus":3,"SyncResponse":"Transactions not found.","HotelId":10},{"_id":37,"LogId":37,"Id":29,"ImportDate":"2017-07-07T00:00:00.000Z","ImportBy":2,"SyncOn":"2017-07-11T07:15:50.320Z","SyncStatus":3,"SyncResponse":"Transactions not found.","HotelId":10},{"_id":38,"LogId":38,"Id":29,"ImportDate":"2017-07-07T00:00:00.000Z","ImportBy":2,"SyncOn":"2017-07-11T07:25:50.307Z","SyncStatus":3,"SyncResponse":"Transactions not found.","HotelId":10},{"_id":39,"LogId":39,"Id":29,"ImportDate":"2017-07-07T00:00:00.000Z","ImportBy":2,"SyncOn":"2017-07-11T10:46:40.547Z","SyncStatus":3,"SyncResponse":"Transactions not found.","HotelId":10},{"_id":40,"LogId":40,"Id":23,"ImportDate":"2017-06-02T00:00:00.000Z","ImportBy":2,"SyncOn":"2017-07-06T04:02:19.903Z","SyncStatus":3,"SyncResponse":"Error Number = 683  Stored Procedure= taGLTransactionLineInsert  Error Description = You have not passed an ACTINDX (ACTINDX) or an Account String (ACTNUMST)\r\n","HotelId":10},{"_id":41,"LogId":41,"Id":23,"ImportDate":"2017-06-02T00:00:00.000Z","ImportBy":2,"SyncOn":"2017-07-12T04:45:52.657Z","SyncStatus":3,"SyncResponse":"CASH, AMEX, GL Direct Bill Xfers, Accounts Receivable, Visa/MasterCard, Miscellaneous Charge, County Tax, City Tax, Sales Tax, GL Room Charges - Account(s) are not found.","HotelId":10},{"_id":42,"LogId":42,"Id":23,"ImportDate":"2017-06-02T00:00:00.000Z","ImportBy":2,"SyncOn":"2017-07-12T04:55:11.237Z","SyncStatus":3,"SyncResponse":"The communication object, System.ServiceModel.Channels.ServiceChannel, cannot be used for communication because it is in the Faulted state.","HotelId":10},{"_id":43,"LogId":43,"Id":23,"ImportDate":"2017-06-02T00:00:00.000Z","ImportBy":2,"SyncOn":"2017-07-12T04:56:09.457Z","SyncStatus":3,"SyncResponse":"Miscellaneous Charge, County Tax, City Tax, Sales Tax, GL Room Charges - Account(s) are not found.","HotelId":10},{"_id":44,"LogId":44,"Id":23,"ImportDate":"2017-06-02T00:00:00.000Z","ImportBy":2,"SyncOn":"2017-07-12T04:57:57.267Z","SyncStatus":3,"SyncResponse":"Miscellaneous Charge, County Tax, City Tax, GL Room Charges - Account(s) are not found.","HotelId":10},{"_id":45,"LogId":45,"Id":23,"ImportDate":"2017-06-02T00:00:00.000Z","ImportBy":2,"SyncOn":"2017-07-12T05:56:19.753Z","SyncStatus":3,"SyncResponse":"CASH, AMEX, GL DIRECT BILL XFERS REV, Accounts Receivable, Visa/MasterCard, Miscellaneous Charge, County Tax, City Tax, AMEX, GL Room Charges - Account(s) are not found.","HotelId":10},{"_id":46,"LogId":46,"Id":23,"ImportDate":"2017-06-02T00:00:00.000Z","ImportBy":2,"SyncOn":"2017-07-12T05:56:40.753Z","SyncStatus":3,"SyncResponse":"The communication object, System.ServiceModel.Channels.ServiceChannel, cannot be used for communication because it is in the Faulted state.","HotelId":10},{"_id":47,"LogId":47,"Id":23,"ImportDate":"2017-06-02T00:00:00.000Z","ImportBy":2,"SyncOn":"2017-07-12T05:56:54.770Z","SyncStatus":3,"SyncResponse":"Miscellaneous Charge, County Tax, City Tax, GL Room Charges - Account(s) are not found.","HotelId":10},{"_id":48,"LogId":48,"Id":23,"ImportDate":"2017-06-02T00:00:00.000Z","ImportBy":2,"SyncOn":"2017-07-12T05:59:52.067Z","SyncStatus":3,"SyncResponse":"Error Number = 679  Stored Procedure= taGLTransactionLineInsert  Error Description = The Account Number (ACTNUMST) does not exist in the Account Index Master Table\r\n","HotelId":10},{"_id":49,"LogId":49,"Id":50,"ImportDate":"2017-12-29T00:00:00.000Z","ImportBy":227,"SyncOn":"2018-02-23T06:01:48.550Z","SyncStatus":3,"SyncResponse":"There is an invalid reference to QuickBooks Account \"American Express\" in the General Journal debit line.  QuickBooks error message: Invalid argument.  The specified record does not exist in the list.","HotelId":341},{"_id":50,"LogId":50,"Id":50,"ImportDate":"2017-12-29T00:00:00.000Z","ImportBy":227,"SyncOn":"2018-02-23T06:21:48.410Z","SyncStatus":3,"SyncResponse":"There is an invalid reference to QuickBooks Account \"Visa/MasterCard\" in the General Journal debit line.  QuickBooks error message: Invalid argument.  The specified record does not exist in the list.","HotelId":341},{"_id":51,"LogId":51,"Id":50,"ImportDate":"2017-12-29T00:00:00.000Z","ImportBy":227,"SyncOn":"2018-02-23T06:41:47.997Z","SyncStatus":3,"SyncResponse":"There is an invalid reference to QuickBooks Account \"*Accommodation\" in the General Journal credit line.  QuickBooks error message: Invalid argument.  The specified record does not exist in the list.","HotelId":341},{"_id":52,"LogId":52,"Id":50,"ImportDate":"2017-12-29T00:00:00.000Z","ImportBy":227,"SyncOn":"2018-02-23T06:51:47.260Z","SyncStatus":3,"SyncResponse":"There is an invalid reference to QuickBooks Account \"Misc\" in the General Journal credit line.  QuickBooks error message: Invalid argument.  The specified record does not exist in the list.","HotelId":341},{"_id":53,"LogId":53,"Id":50,"ImportDate":"2017-12-29T00:00:00.000Z","ImportBy":227,"SyncOn":"2018-02-23T07:11:38.943Z","SyncStatus":3,"SyncResponse":"There is an invalid reference to QuickBooks Account \"Sales and Marketing\" in the General Journal credit line.  QuickBooks error message: Invalid argument.  The specified record does not exist in the list.","HotelId":341},{"_id":54,"LogId":54,"Id":50,"ImportDate":"2017-12-29T00:00:00.000Z","ImportBy":227,"SyncOn":"2018-02-23T07:21:39.427Z","SyncStatus":3,"SyncResponse":"There is an invalid reference to QuickBooks Account \"Transportation\" in the General Journal credit line.  QuickBooks error message: Invalid argument.  The specified record does not exist in the list.","HotelId":341},{"_id":55,"LogId":55,"Id":46,"ImportDate":"2018-02-15T00:00:00.000Z","ImportBy":2,"SyncOn":"2018-02-23T09:11:37.743Z","SyncStatus":3,"SyncResponse":"There is an invalid reference to QuickBooks Account \"American Express\" in the General Journal debit line.  QuickBooks error message: Invalid argument.  The specified record does not exist in the list.","HotelId":341},{"_id":56,"LogId":56,"Id":49,"ImportDate":"2018-02-12T00:00:00.000Z","ImportBy":2,"SyncOn":"2018-02-23T10:01:40.277Z","SyncStatus":3,"SyncResponse":"There is an invalid reference to QuickBooks Account \"American Express\" in the General Journal debit line.  QuickBooks error message: Invalid argument.  The specified record does not exist in the list.","HotelId":341},{"_id":57,"LogId":57,"Id":46,"ImportDate":"2018-02-15T00:00:00.000Z","ImportBy":2,"SyncOn":"2018-02-23T10:01:38.260Z","SyncStatus":3,"SyncResponse":"There is an invalid reference to QuickBooks Account \"Advertising and Promotion\" in the General Journal credit line.  QuickBooks error message: Invalid argument.  The specified record does not exist in the list.","HotelId":341},{"_id":58,"LogId":58,"Id":49,"ImportDate":"2018-02-12T00:00:00.000Z","ImportBy":2,"SyncOn":"2018-02-23T10:11:40.747Z","SyncStatus":3,"SyncResponse":"There was an error when saving a General Journal transaction.  QuickBooks error message: Transaction split lines to accounts receivable must include a customer on that split line.","HotelId":341},{"_id":59,"LogId":59,"Id":46,"ImportDate":"2018-02-15T00:00:00.000Z","ImportBy":2,"SyncOn":"2018-02-23T19:11:42.310Z","SyncStatus":3,"SyncResponse":"There was an error when saving a General Journal transaction.  QuickBooks error message: Transaction split lines to accounts receivable must include a customer on that split line.","HotelId":341},{"_id":60,"LogId":60,"Id":46,"ImportDate":"2018-02-15T00:00:00.000Z","ImportBy":2,"SyncOn":"2018-04-20T23:31:30.277Z","SyncStatus":3,"SyncResponse":"There is an invalid reference to QuickBooks entity \"American Express\" in the General Journal debit line.  QuickBooks error message: Invalid argument.  The specified record does not exist in the list.","HotelId":341},{"_id":61,"LogId":61,"Id":751,"ImportDate":"2018-08-22T00:00:00.000Z","ImportBy":2,"SyncOn":"2018-07-26T12:30:07.907Z","SyncStatus":3,"SyncResponse":"There is an invalid reference to QuickBooks Account \"\" in the General Journal debit line. ","HotelId":10},{"_id":62,"LogId":62,"Id":751,"ImportDate":"2018-08-22T00:00:00.000Z","ImportBy":2,"SyncOn":"2018-08-22T07:23:08.373Z","SyncStatus":3,"SyncResponse":"","HotelId":10},{"_id":63,"LogId":63,"Id":751,"ImportDate":"2018-09-13T00:00:00.000Z","ImportBy":2,"SyncOn":"2018-08-22T13:08:27.290Z","SyncStatus":3,"SyncResponse":"","HotelId":10},{"_id":64,"LogId":64,"Id":751,"ImportDate":"2018-09-13T00:00:00.000Z","ImportBy":2,"SyncOn":"2018-09-13T09:39:59.927Z","SyncStatus":3,"SyncResponse":"The Journal ID/Number combination already exists in Sage 500.","HotelId":10},{"_id":65,"LogId":65,"Id":1054,"ImportDate":"2018-09-16T00:00:00.000Z","ImportBy":2,"SyncOn":"2018-09-18T05:23:47.657Z","SyncStatus":3,"SyncResponse":"GL Account Number does not exist","HotelId":292},{"_id":66,"LogId":66,"Id":1054,"ImportDate":"2018-09-16T00:00:00.000Z","ImportBy":2,"SyncOn":"2018-09-19T05:15:48.083Z","SyncStatus":3,"SyncResponse":"GL Account Number does not exist","HotelId":292},{"_id":67,"LogId":67,"Id":1054,"ImportDate":"2018-09-16T00:00:00.000Z","ImportBy":2,"SyncOn":"2018-09-19T05:49:33.660Z","SyncStatus":3,"SyncResponse":"The Post Date is in a different fiscal period in Sage 500.","HotelId":292},{"_id":68,"LogId":68,"Id":1054,"ImportDate":"2018-09-16T00:00:00.000Z","ImportBy":2,"SyncOn":"2018-09-19T05:49:36.637Z","SyncStatus":3,"SyncResponse":"The Post Date is in a different fiscal period in Sage 500.","HotelId":292},{"_id":69,"LogId":69,"Id":1054,"ImportDate":"2018-09-16T00:00:00.000Z","ImportBy":2,"SyncOn":"2018-09-19T06:30:05.390Z","SyncStatus":3,"SyncResponse":"The Post Date is in a different fiscal period in Sage 500.","HotelId":292},{"_id":70,"LogId":70,"Id":1143,"ImportDate":"2018-10-02T00:00:00.000Z","ImportBy":2,"SyncOn":"2018-10-03T10:39:12.360Z","SyncStatus":3,"SyncResponse":"GL Account is required.","HotelId":292},{"_id":71,"LogId":71,"Id":1137,"ImportDate":"2018-10-01T00:00:00.000Z","ImportBy":2,"SyncOn":"2018-10-02T10:20:03.177Z","SyncStatus":3,"SyncResponse":"GL Account is required.","HotelId":292},{"_id":72,"LogId":72,"Id":1473,"ImportDate":"2018-09-30T00:00:00.000Z","ImportBy":2,"SyncOn":"2018-11-12T06:06:25.010Z","SyncStatus":3,"SyncResponse":null,"HotelId":10},{"_id":73,"LogId":73,"Id":1473,"ImportDate":"2018-09-30T00:00:00.000Z","ImportBy":2,"SyncOn":"2018-11-13T10:04:18.903Z","SyncStatus":3,"SyncResponse":"SQL Exception Thrown in the GetNextNumber method.","HotelId":10},{"_id":74,"LogId":74,"Id":1473,"ImportDate":"2018-09-30T00:00:00.000Z","ImportBy":2,"SyncOn":"2018-11-22T04:29:30.350Z","SyncStatus":3,"SyncResponse":"SQL Exception Thrown in the GetNextNumber method.","HotelId":10},{"_id":75,"LogId":75,"Id":1195,"ImportDate":"2018-09-28T00:00:00.000Z","ImportBy":2,"SyncOn":"2019-01-01T06:54:11.707Z","SyncStatus":3,"SyncResponse":"There is an invalid reference to QuickBooks Account \"\" in the General Journal debit line. ","HotelId":10},{"_id":76,"LogId":76,"Id":280,"ImportDate":"2018-03-23T00:00:00.000Z","ImportBy":2,"SyncOn":"2019-01-01T06:46:09.473Z","SyncStatus":3,"SyncResponse":"There is an invalid reference to QuickBooks Account \"\" in the General Journal debit line. ","HotelId":10},{"_id":77,"LogId":77,"Id":280,"ImportDate":"2018-03-23T00:00:00.000Z","ImportBy":2,"SyncOn":"2019-01-25T09:50:05.467Z","SyncStatus":3,"SyncResponse":"SQL Exception Thrown in the GetNextNumber method.","HotelId":10},{"_id":78,"LogId":78,"Id":46,"ImportDate":"2018-02-15T00:00:00.000Z","ImportBy":2,"SyncOn":"2020-02-13T16:33:19.370Z","SyncStatus":3,"SyncResponse":"There is an invalid reference to QuickBooks entity \"American Express\" in the General Journal debit line.  QuickBooks error message: Invalid argument.  The specified record does not exist in the list.","HotelId":341}]