{"fields":[{"name":"_id","path":"_id","count":3,"types":[{"name":"Number","bsonType":"Number","path":"_id","count":3,"total_count":0,"probability":1}],"total_count":3,"type":"Number","has_duplicates":false,"probability":1},{"name":"ID","path":"ID","count":3,"types":[{"name":"Number","bsonType":"Number","path":"ID","count":3,"total_count":0,"probability":1}],"total_count":3,"type":"Number","has_duplicates":false,"probability":1},{"name":"OrganisationID","path":"OrganisationID","count":3,"types":[{"name":"Number","bsonType":"Number","path":"OrganisationID","count":3,"total_count":0,"probability":1}],"total_count":3,"type":"Number","has_duplicates":false,"probability":1},{"name":"RevinateApiKey","path":"RevinateApiKey","count":3,"types":[{"name":"String","bsonType":"String","path":"RevinateApiKey","count":3,"total_count":0,"probability":1}],"total_count":3,"type":"String","has_duplicates":false,"probability":1},{"name":"RevinateSecretKey","path":"RevinateSecretKey","count":3,"types":[{"name":"String","bsonType":"String","path":"RevinateSecretKey","count":3,"total_count":0,"probability":1}],"total_count":3,"type":"String","has_duplicates":false,"probability":1},{"name":"RevinateUsername","path":"RevinateUsername","count":3,"types":[{"name":"String","bsonType":"String","path":"RevinateUsername","count":3,"total_count":0,"probability":1}],"total_count":3,"type":"String","has_duplicates":false,"probability":1}],"count":3}