{"fields":[{"name":"_id","path":"_id","count":20000,"types":[{"name":"Number","bsonType":"Number","path":"_id","count":20000,"total_count":0,"probability":1}],"total_count":20000,"type":"Number","has_duplicates":false,"probability":1},{"name":"ApiName","path":"ApiName","count":20000,"types":[{"name":"String","bsonType":"String","path":"ApiName","count":20000,"total_count":0,"probability":1}],"total_count":20000,"type":"String","has_duplicates":false,"probability":1},{"name":"CompetitorHotelSlug","path":"CompetitorHotelSlug","count":20000,"types":[{"name":"String","bsonType":"String","path":"CompetitorHotelSlug","count":20000,"total_count":0,"probability":1}],"total_count":20000,"type":"String","has_duplicates":false,"probability":1},{"name":"Data","path":"Data","count":20000,"types":[{"name":"String","bsonType":"String","path":"Data","count":20000,"total_count":0,"probability":1}],"total_count":20000,"type":"String","has_duplicates":false,"probability":1},{"name":"Date","path":"Date","count":20000,"types":[{"name":"Date","bsonType":"Date","path":"Date","count":20000,"total_count":0,"probability":1}],"total_count":20000,"type":"Date","has_duplicates":false,"probability":1},{"name":"HotelId","path":"HotelId","count":20000,"types":[{"name":"Number","bsonType":"Number","path":"HotelId","count":20000,"total_count":0,"probability":1}],"total_count":20000,"type":"Number","has_duplicates":false,"probability":1},{"name":"Id","path":"Id","count":20000,"types":[{"name":"Number","bsonType":"Number","path":"Id","count":20000,"total_count":0,"probability":1}],"total_count":20000,"type":"Number","has_duplicates":false,"probability":1},{"name":"Page","path":"Page","count":20000,"types":[{"name":"Number","bsonType":"Number","path":"Page","count":20000,"total_count":0,"probability":1}],"total_count":20000,"type":"Number","has_duplicates":false,"probability":1},{"name":"Period","path":"Period","count":20000,"types":[{"name":"String","bsonType":"String","path":"Period","count":20000,"total_count":0,"probability":1}],"total_count":20000,"type":"String","has_duplicates":false,"probability":1}],"count":20000}