{"fields":[{"name":"_id","path":"_id","count":794,"types":[{"name":"Number","bsonType":"Number","path":"_id","count":794,"total_count":0,"probability":1}],"total_count":794,"type":"Number","has_duplicates":false,"probability":1},{"name":"Credit","path":"Credit","count":794,"types":[{"name":"Decimal128","bsonType":"Decimal128","path":"Credit","count":794,"total_count":0,"probability":1}],"total_count":794,"type":"Decimal128","has_duplicates":false,"probability":1},{"name":"Date","path":"Date","count":794,"types":[{"name":"Date","bsonType":"Date","path":"Date","count":794,"total_count":0,"probability":1}],"total_count":794,"type":"Date","has_duplicates":false,"probability":1},{"name":"Debit","path":"Debit","count":794,"types":[{"name":"Decimal128","bsonType":"Decimal128","path":"Debit","count":794,"total_count":0,"probability":1}],"total_count":794,"type":"Decimal128","has_duplicates":false,"probability":1},{"name":"Description","path":"Description","count":794,"types":[{"name":"String","bsonType":"String","path":"Description","count":794,"total_count":0,"probability":1}],"total_count":794,"type":"String","has_duplicates":false,"probability":1},{"name":"LogId","path":"LogId","count":794,"types":[{"name":"Number","bsonType":"Number","path":"LogId","count":794,"total_count":0,"probability":1}],"total_count":794,"type":"Number","has_duplicates":false,"probability":1},{"name":"RevenueMasterId","path":"RevenueMasterId","count":794,"types":[{"name":"Number","bsonType":"Number","path":"RevenueMasterId","count":794,"total_count":0,"probability":1}],"total_count":794,"type":"Number","has_duplicates":false,"probability":1},{"name":"Source","path":"Source","count":794,"types":[{"name":"String","bsonType":"String","path":"Source","count":794,"total_count":0,"probability":1}],"total_count":794,"type":"String","has_duplicates":false,"probability":1},{"name":"Total","path":"Total","count":794,"types":[{"name":"Decimal128","bsonType":"Decimal128","path":"Total","count":794,"total_count":0,"probability":1}],"total_count":794,"type":"Decimal128","has_duplicates":false,"probability":1},{"name":"Type","path":"Type","count":794,"types":[{"name":"String","bsonType":"String","path":"Type","count":794,"total_count":0,"probability":1}],"total_count":794,"type":"String","has_duplicates":false,"probability":1}],"count":794}