[{"_id":1,"ID":1,"HotelID":10,"RevinateHotelName":"Aloft Phoenix Airport, AZ","RevinateHotelID":2538},{"_id":2,"ID":2,"HotelID":387,"RevinateHotelName":"Aloft Phoenix Airport, AZ","RevinateHotelID":2538},{"_id":3,"ID":3,"HotelID":405,"RevinateHotelName":"Hyatt Place Chicago Warrenville/Naperville, IL","RevinateHotelID":5125},{"_id":4,"ID":4,"HotelID":418,"RevinateHotelName":"Hyatt Place Salt Lake City Airport","RevinateHotelID":5220},{"_id":5,"ID":5,"HotelID":404,"RevinateHotelName":"Hyatt House Chicago/Naperville/Warrenville, IL","RevinateHotelID":5269},{"_id":6,"ID":6,"HotelID":410,"RevinateHotelName":"Indianapolis Airport Suites Plainfield, IN","RevinateHotelID":5580},{"_id":7,"ID":7,"HotelID":385,"RevinateHotelName":"Courtyard Dayton Beavercreek","RevinateHotelID":8710},{"_id":8,"ID":8,"HotelID":391,"RevinateHotelName":"Hilton Garden Inn Gulfport Airport, MS","RevinateHotelID":20642},{"_id":9,"ID":9,"HotelID":386,"RevinateHotelName":"Residence Inn Dayton Beavercreek","RevinateHotelID":20423},{"_id":10,"ID":10,"HotelID":394,"RevinateHotelName":"Hampton Inn Clarksville, IN","RevinateHotelID":21401},{"_id":11,"ID":11,"HotelID":372,"RevinateHotelName":"Courtyard Cincinnati Airport Erlanger, KY","RevinateHotelID":8822},{"_id":12,"ID":12,"HotelID":380,"RevinateHotelName":"Homewood Suites Lexington, KY","RevinateHotelID":22010},{"_id":13,"ID":13,"HotelID":392,"RevinateHotelName":"Hampton Inn Mobile East Bay Daphne, AL","RevinateHotelID":24953},{"_id":14,"ID":14,"HotelID":395,"RevinateHotelName":"Hampton Inn Louisville Aprt, KY","RevinateHotelID":25751},{"_id":15,"ID":15,"HotelID":376,"RevinateHotelName":"Residence Inn Louisville Airport, KY","RevinateHotelID":25753},{"_id":16,"ID":16,"HotelID":400,"RevinateHotelName":"Hampton Inn Mobile I-10 Bellingrath Gardens, AL","RevinateHotelID":28093},{"_id":17,"ID":17,"HotelID":648,"RevinateHotelName":"Hampton Inn Lexington I-75, KY","RevinateHotelID":31013},{"_id":18,"ID":18,"HotelID":396,"RevinateHotelName":"Hampton Inn & Suites Rohnert Park, CA","RevinateHotelID":36828},{"_id":19,"ID":19,"HotelID":417,"RevinateHotelName":"Hilton Garden Inn Mobile East Bay/Daphne, AL","RevinateHotelID":37322},{"_id":20,"ID":20,"HotelID":399,"RevinateHotelName":"Hampton Inn Cincinnati Airport South Florence, KY","RevinateHotelID":25472},{"_id":21,"ID":21,"HotelID":367,"RevinateHotelName":"Residence Inn St. Louis O'Fallon, MO","RevinateHotelID":28527},{"_id":22,"ID":22,"HotelID":10,"RevinateHotelName":"Hampton Inn Cincinnati Rivrfrnt Dwtn Covington, KY","RevinateHotelID":31548},{"_id":23,"ID":23,"HotelID":389,"RevinateHotelName":"Hampton Inn & Suites Minot, ND","RevinateHotelID":37665},{"_id":24,"ID":24,"HotelID":371,"RevinateHotelName":"Residence Inn Cincinnati Airport Erlanger, KY","RevinateHotelID":39602},{"_id":25,"ID":25,"HotelID":379,"RevinateHotelName":"Springhill Suites Cincinnati Midtown, OH","RevinateHotelID":42106},{"_id":26,"ID":26,"HotelID":407,"RevinateHotelName":"Candlewood Suites Indianapolis South Greenwood, IN","RevinateHotelID":51668},{"_id":27,"ID":27,"HotelID":421,"RevinateHotelName":"Hampton Inn Jacksonville I-95 Downtown, FL","RevinateHotelID":22963},{"_id":28,"ID":28,"HotelID":381,"RevinateHotelName":"Fairfield Inn & Stes Tampa Fairgrounds Casino, FL","RevinateHotelID":25622},{"_id":29,"ID":29,"HotelID":397,"RevinateHotelName":"Hampton Inn Panama City Beach, FL","RevinateHotelID":31896},{"_id":30,"ID":30,"HotelID":393,"RevinateHotelName":"Hilton Garden Inn Tampa/Riverview/Brandon, FL","RevinateHotelID":37354},{"_id":31,"ID":31,"HotelID":401,"RevinateHotelName":"Hampton Inn Kennesaw, GA","RevinateHotelID":139823},{"_id":32,"ID":32,"HotelID":396,"RevinateHotelName":"Hilton Garden Inn Panama City, FL","RevinateHotelID":21846},{"_id":33,"ID":33,"HotelID":406,"RevinateHotelName":"Hyatt Place Portland Old Port, ME","RevinateHotelID":83427},{"_id":34,"ID":34,"HotelID":382,"RevinateHotelName":"Hilton Garden Inn Reno, NV","RevinateHotelID":21857},{"_id":35,"ID":35,"HotelID":594,"RevinateHotelName":"Staybridge Suites Reno, NV","RevinateHotelID":42167},{"_id":36,"ID":36,"HotelID":403,"RevinateHotelName":"\t\r\nCandlewood Suites St. Clairsville, OH","RevinateHotelID":106683},{"_id":38,"ID":38,"HotelID":377,"RevinateHotelName":"Springhill Suites Louisville Airport, KY","RevinateHotelID":39879},{"_id":39,"ID":39,"HotelID":373,"RevinateHotelName":"Fairfield Inn & Suites Canton South, OH","RevinateHotelID":93379},{"_id":40,"ID":40,"HotelID":378,"RevinateHotelName":"SpringHill Suites Denver Aurora/Fitzsimons, CO","RevinateHotelID":51670},{"_id":41,"ID":41,"HotelID":402,"RevinateHotelName":"Candlewood Suites Carrollton, OH","RevinateHotelID":92813},{"_id":42,"ID":42,"HotelID":559,"RevinateHotelName":"\r\nTru Louisville Airport, KY","RevinateHotelID":158517},{"_id":43,"ID":43,"HotelID":10,"RevinateHotelName":"Hampton Inn & Suites Tucson East, AZ","RevinateHotelID":34765},{"_id":44,"ID":44,"HotelID":374,"RevinateHotelName":"\r\nResidence Inn Gulfport-Biloxi Airport, MS","RevinateHotelID":51669},{"_id":45,"ID":45,"HotelID":728,"RevinateHotelName":"Holiday Inn Express & Suites Boston Garden, MA","RevinateHotelID":3720},{"_id":46,"ID":46,"HotelID":751,"RevinateHotelName":"Best Western Plus The Charles Hotel St Charles, MO","RevinateHotelID":3730},{"_id":47,"ID":47,"HotelID":753,"RevinateHotelName":"Comfort Inn Westport, MO\"","RevinateHotelID":3732},{"_id":48,"ID":48,"HotelID":718,"RevinateHotelName":"The Gatsby Hotel New York, NY","RevinateHotelID":3753},{"_id":49,"ID":49,"HotelID":724,"RevinateHotelName":"The Andrew Hotel New York","RevinateHotelID":12535},{"_id":50,"ID":50,"HotelID":10,"RevinateHotelName":"Hawthorn Stes Holland, OH\"","RevinateHotelID":17705},{"_id":101,"ID":101,"HotelID":801,"RevinateHotelName":"Executive Hotel Vintage Court","RevinateHotelID":1030},{"_id":102,"ID":102,"HotelID":null,"RevinateHotelName":"Executive Suites Hotel, Metro Vancouver","RevinateHotelID":3402},{"_id":103,"ID":103,"HotelID":null,"RevinateHotelName":"Executive Suites Garibaldi Springs Resort","RevinateHotelID":12608},{"_id":104,"ID":104,"HotelID":null,"RevinateHotelName":"Executive Plaza Hotel, Metro Vancouver","RevinateHotelID":13209},{"_id":105,"ID":105,"HotelID":983,"RevinateHotelName":"Executive Hotel Cosmopolitan Toronto, ON","RevinateHotelID":32315},{"_id":106,"ID":106,"HotelID":992,"RevinateHotelName":"Hotel Le Soleil Vancouver, BC","RevinateHotelID":49401},{"_id":107,"ID":107,"HotelID":988,"RevinateHotelName":"Executive Hotel Pacific Seattle, WA","RevinateHotelID":51274},{"_id":108,"ID":108,"HotelID":981,"RevinateHotelName":"Executive Hotel Vintage Park Vancouver, BC","RevinateHotelID":61053},{"_id":109,"ID":109,"HotelID":989,"RevinateHotelName":"Executive Inn At Whistler Village, BC","RevinateHotelID":79561},{"_id":110,"ID":110,"HotelID":1000,"RevinateHotelName":"Executive Hotel Vancouver Airport, BC","RevinateHotelID":79562},{"_id":111,"ID":111,"HotelID":null,"RevinateHotelName":"Mountain Side Hotel Whistler, BC","RevinateHotelID":158555},{"_id":112,"ID":112,"HotelID":987,"RevinateHotelName":"Executive Hotel LeSoleil New York City, NY","RevinateHotelID":158556},{"_id":113,"ID":113,"HotelID":991,"RevinateHotelName":"Exchange Hotel Vancouver, BC","RevinateHotelID":158557},{"_id":128,"ID":128,"HotelID":857,"RevinateHotelName":"Marram Montauk","RevinateHotelID":155841},{"_id":129,"ID":129,"HotelID":754,"RevinateHotelName":"Redford Hotel New York, NY","RevinateHotelID":108070},{"_id":130,"ID":130,"HotelID":856,"RevinateHotelName":"Hero Beach Club Montauk, NY","RevinateHotelID":112401},{"_id":131,"ID":131,"HotelID":717,"RevinateHotelName":"Orchard Street Hotel New York City, NY\r\n","RevinateHotelID":135462},{"_id":132,"ID":132,"HotelID":726,"RevinateHotelName":"Watt Hotel Rahway, NJ\r\n","RevinateHotelID":154007},{"_id":133,"ID":133,"HotelID":758,"RevinateHotelName":"Journey East Hampton, NY\r\n","RevinateHotelID":155304},{"_id":134,"ID":134,"HotelID":858,"RevinateHotelName":"Cloverleaf Suites Kansas City, KS,\r\n","RevinateHotelID":22966},{"_id":135,"ID":135,"HotelID":854,"RevinateHotelName":"Cloverleaf Suites Dublin\r\n","RevinateHotelID":39507},{"_id":136,"ID":136,"HotelID":759,"RevinateHotelName":"Walker Hotel Greenwich Village, NY\r\n","RevinateHotelID":47637},{"_id":137,"ID":137,"HotelID":1003,"RevinateHotelName":"Seaside Hotel North Vancouver, BC","RevinateHotelID":162740}]