[{"_id":1,"ID":1,"RevinateUsername":"aashmore@commonwealthhotels.com","RevinateApiKey":"c36b40d0f49f16f6959c5bbb9654cd13","RevinateSecretKey":"a1ec43d2c7b0898876d22038bfbaf60512e816cb6d50bb2044177697635a7d0a","OrganisationID":824},{"_id":3,"ID":3,"RevinateUsername":"maria@bridgeton.com","RevinateApiKey":"020f9ca227c819fe7ce08fb86887c9e0","RevinateSecretKey":"5f0a1899e6ac48e7786c7456026c4ebff4ee6c0958b8b42ee9b3b92f83468268","OrganisationID":2317},{"_id":4,"ID":4,"RevinateUsername":"revinate@executivehotels.net","RevinateApiKey":"f890f06b30f9f0cb9af48e052ed29ce3","RevinateSecretKey":"7ba1e14c8a949e5f328b199b1fe0370fc007345846178b86f6ff25f7a8376326","OrganisationID":2646}]