[{"_id":1,"ID":1,"RoleID":1,"DashboardDayButton":true,"DashboardMonthButton":true,"DashboardYearButton":true,"AddComment":true,"AddEvent":true,"StatsByDateRange":true,"STRReport":true,"PickupReport":true,"SessionReport":true,"ImportLogReport":true,"QCLogReport":true,"HotelDashboardCalculation":true,"Organization":true,"PayRoll":true,"HotelReview":true,"AddHotel":true,"AddHotelGroup":true,"ImportHotel":true,"UserList":true,"AddUser":true,"UserHotelMapping":true,"UserHotelMappingList":true,"ImportUser":true,"Department":true,"ExpenseFormVendorList":true,"AddExpenseFormVendor":true,"ImportExpenseFormVendor":true,"RoomRevenue":true,"FoodBeverageRevenue":true,"OtherIncome":true,"HotelBudgetForecast":true,"HotelRevenueGLCode":true,"SetRevenueSourceTitle":true,"ImportReport":true,"ExportReport":true,"Configuration":true,"EmailConfigurationList":true,"AddEmailConfiguration":true,"ContactSupport":true,"UpdatedBy":"superadmin@mydigitaloffice.ca","UpdateDateTime":"2017-06-01T10:00:00.957Z","IsActive":true,"AddOrganization":true,"EmailEscalationConfigurationList":true,"AddEmailEscalationConfiguration":true,"Labor":true},{"_id":2,"ID":2,"RoleID":6,"DashboardDayButton":true,"DashboardMonthButton":true,"DashboardYearButton":true,"AddComment":true,"AddEvent":true,"StatsByDateRange":true,"STRReport":true,"PickupReport":true,"SessionReport":false,"ImportLogReport":false,"QCLogReport":false,"HotelDashboardCalculation":false,"Organization":false,"PayRoll":false,"HotelReview":false,"AddHotel":false,"AddHotelGroup":false,"ImportHotel":false,"UserList":false,"AddUser":false,"UserHotelMapping":false,"UserHotelMappingList":false,"ImportUser":false,"Department":false,"ExpenseFormVendorList":false,"AddExpenseFormVendor":false,"ImportExpenseFormVendor":false,"RoomRevenue":true,"FoodBeverageRevenue":true,"OtherIncome":true,"HotelBudgetForecast":true,"HotelRevenueGLCode":true,"SetRevenueSourceTitle":true,"ImportReport":true,"ExportReport":true,"Configuration":true,"EmailConfigurationList":false,"AddEmailConfiguration":false,"ContactSupport":true,"UpdatedBy":"superadmin@mydigitaloffice.ca","UpdateDateTime":"2019-03-28T06:40:22.730Z","IsActive":true,"AddOrganization":false,"EmailEscalationConfigurationList":false,"AddEmailEscalationConfiguration":false,"Labor":true},{"_id":3,"ID":3,"RoleID":2,"DashboardDayButton":true,"DashboardMonthButton":true,"DashboardYearButton":true,"AddComment":true,"AddEvent":true,"StatsByDateRange":true,"STRReport":true,"PickupReport":true,"SessionReport":false,"ImportLogReport":false,"QCLogReport":false,"HotelDashboardCalculation":true,"Organization":true,"PayRoll":true,"HotelReview":true,"AddHotel":true,"AddHotelGroup":true,"ImportHotel":true,"UserList":true,"AddUser":true,"UserHotelMapping":true,"UserHotelMappingList":true,"ImportUser":true,"Department":true,"ExpenseFormVendorList":true,"AddExpenseFormVendor":true,"ImportExpenseFormVendor":true,"RoomRevenue":true,"FoodBeverageRevenue":true,"OtherIncome":true,"HotelBudgetForecast":true,"HotelRevenueGLCode":true,"SetRevenueSourceTitle":true,"ImportReport":true,"ExportReport":true,"Configuration":true,"EmailConfigurationList":true,"AddEmailConfiguration":true,"ContactSupport":true,"UpdatedBy":"superadmin@mydigitaloffice.ca","UpdateDateTime":"2019-03-28T06:43:00.647Z","IsActive":true,"AddOrganization":true,"EmailEscalationConfigurationList":true,"AddEmailEscalationConfiguration":true,"Labor":true},{"_id":4,"ID":4,"RoleID":7,"DashboardDayButton":true,"DashboardMonthButton":true,"DashboardYearButton":true,"AddComment":true,"AddEvent":true,"StatsByDateRange":true,"STRReport":true,"PickupReport":true,"SessionReport":false,"ImportLogReport":false,"QCLogReport":false,"HotelDashboardCalculation":false,"Organization":false,"PayRoll":true,"HotelReview":false,"AddHotel":false,"AddHotelGroup":false,"ImportHotel":false,"UserList":false,"AddUser":false,"UserHotelMapping":false,"UserHotelMappingList":false,"ImportUser":false,"Department":false,"ExpenseFormVendorList":false,"AddExpenseFormVendor":false,"ImportExpenseFormVendor":true,"RoomRevenue":true,"FoodBeverageRevenue":true,"OtherIncome":true,"HotelBudgetForecast":true,"HotelRevenueGLCode":true,"SetRevenueSourceTitle":true,"ImportReport":true,"ExportReport":true,"Configuration":false,"EmailConfigurationList":false,"AddEmailConfiguration":false,"ContactSupport":true,"UpdatedBy":"superadmin@mydigitaloffice.ca","UpdateDateTime":"2019-03-28T06:47:01.167Z","IsActive":true,"AddOrganization":false,"EmailEscalationConfigurationList":false,"AddEmailEscalationConfiguration":false,"Labor":true},{"_id":5,"ID":5,"RoleID":5,"DashboardDayButton":true,"DashboardMonthButton":true,"DashboardYearButton":true,"AddComment":false,"AddEvent":false,"StatsByDateRange":false,"STRReport":false,"PickupReport":false,"SessionReport":false,"ImportLogReport":false,"QCLogReport":false,"HotelDashboardCalculation":false,"Organization":false,"PayRoll":false,"HotelReview":false,"AddHotel":false,"AddHotelGroup":false,"ImportHotel":false,"UserList":false,"AddUser":false,"UserHotelMapping":false,"UserHotelMappingList":false,"ImportUser":false,"Department":false,"ExpenseFormVendorList":false,"AddExpenseFormVendor":false,"ImportExpenseFormVendor":false,"RoomRevenue":false,"FoodBeverageRevenue":false,"OtherIncome":false,"HotelBudgetForecast":false,"HotelRevenueGLCode":false,"SetRevenueSourceTitle":false,"ImportReport":false,"ExportReport":false,"Configuration":false,"EmailConfigurationList":false,"AddEmailConfiguration":false,"ContactSupport":false,"UpdatedBy":"superadmin@mydigitaloffice.ca","UpdateDateTime":"2019-03-27T04:34:02.940Z","IsActive":true,"AddOrganization":false,"EmailEscalationConfigurationList":false,"AddEmailEscalationConfiguration":false,"Labor":true},{"_id":6,"ID":6,"RoleID":3,"DashboardDayButton":true,"DashboardMonthButton":true,"DashboardYearButton":true,"AddComment":true,"AddEvent":true,"StatsByDateRange":true,"STRReport":true,"PickupReport":true,"SessionReport":false,"ImportLogReport":false,"QCLogReport":false,"HotelDashboardCalculation":false,"Organization":false,"PayRoll":true,"HotelReview":false,"AddHotel":false,"AddHotelGroup":true,"ImportHotel":false,"UserList":false,"AddUser":false,"UserHotelMapping":false,"UserHotelMappingList":false,"ImportUser":false,"Department":false,"ExpenseFormVendorList":false,"AddExpenseFormVendor":false,"ImportExpenseFormVendor":false,"RoomRevenue":true,"FoodBeverageRevenue":true,"OtherIncome":true,"HotelBudgetForecast":true,"HotelRevenueGLCode":true,"SetRevenueSourceTitle":true,"ImportReport":true,"ExportReport":true,"Configuration":true,"EmailConfigurationList":false,"AddEmailConfiguration":false,"ContactSupport":true,"UpdatedBy":"superadmin@mydigitaloffice.ca","UpdateDateTime":"2019-03-28T07:16:03.053Z","IsActive":true,"AddOrganization":false,"EmailEscalationConfigurationList":false,"AddEmailEscalationConfiguration":false,"Labor":true},{"_id":7,"ID":7,"RoleID":4,"DashboardDayButton":true,"DashboardMonthButton":true,"DashboardYearButton":true,"AddComment":true,"AddEvent":true,"StatsByDateRange":true,"STRReport":true,"PickupReport":true,"SessionReport":false,"ImportLogReport":false,"QCLogReport":false,"HotelDashboardCalculation":false,"Organization":false,"PayRoll":false,"HotelReview":false,"AddHotel":false,"AddHotelGroup":false,"ImportHotel":false,"UserList":false,"AddUser":false,"UserHotelMapping":false,"UserHotelMappingList":false,"ImportUser":false,"Department":false,"ExpenseFormVendorList":false,"AddExpenseFormVendor":false,"ImportExpenseFormVendor":false,"RoomRevenue":true,"FoodBeverageRevenue":true,"OtherIncome":true,"HotelBudgetForecast":true,"HotelRevenueGLCode":true,"SetRevenueSourceTitle":true,"ImportReport":true,"ExportReport":true,"Configuration":true,"EmailConfigurationList":false,"AddEmailConfiguration":false,"ContactSupport":true,"UpdatedBy":"superadmin@mydigitaloffice.ca","UpdateDateTime":"2019-03-28T06:40:00.477Z","IsActive":true,"AddOrganization":false,"EmailEscalationConfigurationList":false,"AddEmailEscalationConfiguration":false,"Labor":true}]