{"fields":[{"name":"_id","path":"_id","count":587,"types":[{"name":"String","bsonType":"String","path":"_id","count":587,"total_count":0,"probability":1}],"total_count":587,"type":"String","has_duplicates":false,"probability":1},{"name":"Id","path":"Id","count":587,"types":[{"name":"String","bsonType":"String","path":"Id","count":587,"total_count":0,"probability":1}],"total_count":587,"type":"String","has_duplicates":false,"probability":1},{"name":"PermissionId","path":"PermissionId","count":587,"types":[{"name":"String","bsonType":"String","path":"PermissionId","count":587,"total_count":0,"probability":1}],"total_count":587,"type":"String","has_duplicates":false,"probability":1},{"name":"RoleId","path":"RoleId","count":587,"types":[{"name":"Number","bsonType":"Number","path":"RoleId","count":587,"total_count":0,"probability":1}],"total_count":587,"type":"Number","has_duplicates":false,"probability":1}],"count":587}