{"fields":[{"name":"_id","path":"_id","count":72,"types":[{"name":"Number","bsonType":"Number","path":"_id","count":72,"total_count":0,"probability":1}],"total_count":72,"type":"Number","has_duplicates":false,"probability":1},{"name":"HotelID","path":"HotelID","count":72,"types":[{"name":"Number","bsonType":"Number","path":"HotelID","count":68,"total_count":0,"probability":0.9444444444444444},{"name":"Null","bsonType":"Null","path":"HotelID","count":4,"total_count":0,"probability":0.05555555555555555,"unique":1,"has_duplicates":true}],"total_count":72,"type":["Number","Null"],"has_duplicates":true,"probability":1},{"name":"ID","path":"ID","count":72,"types":[{"name":"Number","bsonType":"Number","path":"ID","count":72,"total_count":0,"probability":1}],"total_count":72,"type":"Number","has_duplicates":false,"probability":1},{"name":"RevinateHotelID","path":"RevinateHotelID","count":72,"types":[{"name":"Number","bsonType":"Number","path":"RevinateHotelID","count":72,"total_count":0,"probability":1}],"total_count":72,"type":"Number","has_duplicates":false,"probability":1},{"name":"RevinateHotelName","path":"RevinateHotelName","count":72,"types":[{"name":"String","bsonType":"String","path":"RevinateHotelName","count":72,"total_count":0,"probability":1}],"total_count":72,"type":"String","has_duplicates":false,"probability":1}],"count":72}