{"fields":[{"name":"_id","path":"_id","count":7,"types":[{"name":"Number","bsonType":"Number","path":"_id","count":7,"total_count":0,"probability":1}],"total_count":7,"type":"Number","has_duplicates":false,"probability":1},{"name":"Cmp_Id","path":"Cmp_Id","count":7,"types":[{"name":"Number","bsonType":"Number","path":"Cmp_Id","count":7,"total_count":0,"probability":1}],"total_count":7,"type":"Number","has_duplicates":false,"probability":1},{"name":"ID","path":"ID","count":7,"types":[{"name":"Number","bsonType":"Number","path":"ID","count":7,"total_count":0,"probability":1}],"total_count":7,"type":"Number","has_duplicates":false,"probability":1},{"name":"RoleName","path":"RoleName","count":7,"types":[{"name":"String","bsonType":"String","path":"RoleName","count":7,"total_count":0,"probability":1}],"total_count":7,"type":"String","has_duplicates":false,"probability":1}],"count":7}