{"fields":[{"name":"_id","path":"_id","count":644,"types":[{"name":"Number","bsonType":"Number","path":"_id","count":644,"total_count":0,"probability":1}],"total_count":644,"type":"Number","has_duplicates":false,"probability":1},{"name":"Hash","path":"Hash","count":644,"types":[{"name":"String","bsonType":"String","path":"Hash","count":644,"total_count":0,"probability":1}],"total_count":644,"type":"String","has_duplicates":false,"probability":1},{"name":"Id","path":"Id","count":644,"types":[{"name":"Number","bsonType":"Number","path":"Id","count":644,"total_count":0,"probability":1}],"total_count":644,"type":"Number","has_duplicates":false,"probability":1},{"name":"UpdatedDatetime","path":"UpdatedDatetime","count":644,"types":[{"name":"Date","bsonType":"Date","path":"UpdatedDatetime","count":644,"total_count":0,"probability":1}],"total_count":644,"type":"Date","has_duplicates":false,"probability":1},{"name":"UserID","path":"UserID","count":644,"types":[{"name":"Number","bsonType":"Number","path":"UserID","count":644,"total_count":0,"probability":1}],"total_count":644,"type":"Number","has_duplicates":false,"probability":1}],"count":644}