{"fields":[{"name":"_id","path":"_id","count":3437,"types":[{"name":"Number","bsonType":"Number","path":"_id","count":3437,"total_count":0,"probability":1}],"total_count":3437,"type":"Number","has_duplicates":false,"probability":1},{"name":"DisplayOrder","path":"DisplayOrder","count":3437,"types":[{"name":"Number","bsonType":"Number","path":"DisplayOrder","count":3437,"total_count":0,"probability":1}],"total_count":3437,"type":"Number","has_duplicates":false,"probability":1},{"name":"GroupID","path":"GroupID","count":3437,"types":[{"name":"Number","bsonType":"Number","path":"GroupID","count":3437,"total_count":0,"probability":1}],"total_count":3437,"type":"Number","has_duplicates":false,"probability":1},{"name":"HotelID","path":"HotelID","count":3437,"types":[{"name":"Number","bsonType":"Number","path":"HotelID","count":3437,"total_count":0,"probability":1}],"total_count":3437,"type":"Number","has_duplicates":false,"probability":1},{"name":"ID","path":"ID","count":3437,"types":[{"name":"Number","bsonType":"Number","path":"ID","count":3437,"total_count":0,"probability":1}],"total_count":3437,"type":"Number","has_duplicates":false,"probability":1},{"name":"UpdateDateTime","path":"UpdateDateTime","count":3437,"types":[{"name":"Date","bsonType":"Date","path":"UpdateDateTime","count":3437,"total_count":0,"probability":1}],"total_count":3437,"type":"Date","has_duplicates":false,"probability":1},{"name":"UpdatedBy","path":"UpdatedBy","count":3437,"types":[{"name":"String","bsonType":"String","path":"UpdatedBy","count":3437,"total_count":0,"probability":1}],"total_count":3437,"type":"String","has_duplicates":false,"probability":1}],"count":3437}