{"fields":[{"name":"_id","path":"_id","count":20000,"types":[{"name":"Number","bsonType":"Number","path":"_id","count":20000,"total_count":0,"probability":1}],"total_count":20000,"type":"Number","has_duplicates":false,"probability":1},{"name":"AdrChgCompSet","path":"AdrChgCompSet","count":20000,"types":[{"name":"Number","bsonType":"Number","path":"AdrChgCompSet","count":20000,"total_count":0,"probability":1}],"total_count":20000,"type":"Number","has_duplicates":false,"probability":1},{"name":"AdrChgCompSetYTD","path":"AdrChgCompSetYTD","count":20000,"types":[{"name":"Null","bsonType":"Null","path":"AdrChgCompSetYTD","count":20000,"total_count":0,"probability":1,"unique":1,"has_duplicates":true}],"total_count":20000,"type":"Null","has_duplicates":true,"probability":1},{"name":"AdrChgIndex","path":"AdrChgIndex","count":20000,"types":[{"name":"Number","bsonType":"Number","path":"AdrChgIndex","count":20000,"total_count":0,"probability":1}],"total_count":20000,"type":"Number","has_duplicates":false,"probability":1},{"name":"AdrChgIndexYTD","path":"AdrChgIndexYTD","count":20000,"types":[{"name":"Null","bsonType":"Null","path":"AdrChgIndexYTD","count":20000,"total_count":0,"probability":1,"unique":1,"has_duplicates":true}],"total_count":20000,"type":"Null","has_duplicates":true,"probability":1},{"name":"AdrChgMyProperty","path":"AdrChgMyProperty","count":20000,"types":[{"name":"Number","bsonType":"Number","path":"AdrChgMyProperty","count":20000,"total_count":0,"probability":1}],"total_count":20000,"type":"Number","has_duplicates":false,"probability":1},{"name":"AdrChgMyPropertyYTD","path":"AdrChgMyPropertyYTD","count":20000,"types":[{"name":"Null","bsonType":"Null","path":"AdrChgMyPropertyYTD","count":20000,"total_count":0,"probability":1,"unique":1,"has_duplicates":true}],"total_count":20000,"type":"Null","has_duplicates":true,"probability":1},{"name":"AdrCompSet","path":"AdrCompSet","count":20000,"types":[{"name":"Number","bsonType":"Number","path":"AdrCompSet","count":20000,"total_count":0,"probability":1}],"total_count":20000,"type":"Number","has_duplicates":false,"probability":1},{"name":"AdrCompSetYTD","path":"AdrCompSetYTD","count":20000,"types":[{"name":"Null","bsonType":"Null","path":"AdrCompSetYTD","count":20000,"total_count":0,"probability":1,"unique":1,"has_duplicates":true}],"total_count":20000,"type":"Null","has_duplicates":true,"probability":1},{"name":"AdrId","path":"AdrId","count":20000,"types":[{"name":"Number","bsonType":"Number","path":"AdrId","count":20000,"total_count":0,"probability":1}],"total_count":20000,"type":"Number","has_duplicates":false,"probability":1},{"name":"AdrIndex","path":"AdrIndex","count":20000,"types":[{"name":"Number","bsonType":"Number","path":"AdrIndex","count":20000,"total_count":0,"probability":1}],"total_count":20000,"type":"Number","has_duplicates":false,"probability":1},{"name":"AdrIndexYTD","path":"AdrIndexYTD","count":20000,"types":[{"name":"Null","bsonType":"Null","path":"AdrIndexYTD","count":20000,"total_count":0,"probability":1,"unique":1,"has_duplicates":true}],"total_count":20000,"type":"Null","has_duplicates":true,"probability":1},{"name":"AdrMyProperty","path":"AdrMyProperty","count":20000,"types":[{"name":"Number","bsonType":"Number","path":"AdrMyProperty","count":20000,"total_count":0,"probability":1}],"total_count":20000,"type":"Number","has_duplicates":false,"probability":1},{"name":"AdrMyPropertyYTD","path":"AdrMyPropertyYTD","count":20000,"types":[{"name":"Null","bsonType":"Null","path":"AdrMyPropertyYTD","count":20000,"total_count":0,"probability":1,"unique":1,"has_duplicates":true}],"total_count":20000,"type":"Null","has_duplicates":true,"probability":1},{"name":"Date","path":"Date","count":20000,"types":[{"name":"Date","bsonType":"Date","path":"Date","count":20000,"total_count":0,"probability":1}],"total_count":20000,"type":"Date","has_duplicates":false,"probability":1},{"name":"HotelID","path":"HotelID","count":20000,"types":[{"name":"Number","bsonType":"Number","path":"HotelID","count":20000,"total_count":0,"probability":1}],"total_count":20000,"type":"Number","has_duplicates":false,"probability":1},{"name":"ID","path":"ID","count":20000,"types":[{"name":"Number","bsonType":"Number","path":"ID","count":20000,"total_count":0,"probability":1}],"total_count":20000,"type":"Number","has_duplicates":false,"probability":1},{"name":"IsDelete","path":"IsDelete","count":20000,"types":[{"name":"Boolean","bsonType":"Boolean","path":"IsDelete","count":20000,"total_count":0,"probability":1}],"total_count":20000,"type":"Boolean","has_duplicates":false,"probability":1},{"name":"OccChgCompSet","path":"OccChgCompSet","count":20000,"types":[{"name":"Number","bsonType":"Number","path":"OccChgCompSet","count":20000,"total_count":0,"probability":1}],"total_count":20000,"type":"Number","has_duplicates":false,"probability":1},{"name":"OccChgCompSetYTD","path":"OccChgCompSetYTD","count":20000,"types":[{"name":"Null","bsonType":"Null","path":"OccChgCompSetYTD","count":20000,"total_count":0,"probability":1,"unique":1,"has_duplicates":true}],"total_count":20000,"type":"Null","has_duplicates":true,"probability":1},{"name":"OccChgIndex","path":"OccChgIndex","count":20000,"types":[{"name":"Number","bsonType":"Number","path":"OccChgIndex","count":20000,"total_count":0,"probability":1}],"total_count":20000,"type":"Number","has_duplicates":false,"probability":1},{"name":"OccChgIndexYTD","path":"OccChgIndexYTD","count":20000,"types":[{"name":"Null","bsonType":"Null","path":"OccChgIndexYTD","count":20000,"total_count":0,"probability":1,"unique":1,"has_duplicates":true}],"total_count":20000,"type":"Null","has_duplicates":true,"probability":1},{"name":"OccChgMyProperty","path":"OccChgMyProperty","count":20000,"types":[{"name":"Number","bsonType":"Number","path":"OccChgMyProperty","count":20000,"total_count":0,"probability":1}],"total_count":20000,"type":"Number","has_duplicates":false,"probability":1},{"name":"OccChgMyPropertyYTD","path":"OccChgMyPropertyYTD","count":20000,"types":[{"name":"Null","bsonType":"Null","path":"OccChgMyPropertyYTD","count":20000,"total_count":0,"probability":1,"unique":1,"has_duplicates":true}],"total_count":20000,"type":"Null","has_duplicates":true,"probability":1},{"name":"OccCompSet","path":"OccCompSet","count":20000,"types":[{"name":"Number","bsonType":"Number","path":"OccCompSet","count":20000,"total_count":0,"probability":1}],"total_count":20000,"type":"Number","has_duplicates":false,"probability":1},{"name":"OccCompSetYTD","path":"OccCompSetYTD","count":20000,"types":[{"name":"Null","bsonType":"Null","path":"OccCompSetYTD","count":20000,"total_count":0,"probability":1,"unique":1,"has_duplicates":true}],"total_count":20000,"type":"Null","has_duplicates":true,"probability":1},{"name":"OccId","path":"OccId","count":20000,"types":[{"name":"Number","bsonType":"Number","path":"OccId","count":20000,"total_count":0,"probability":1}],"total_count":20000,"type":"Number","has_duplicates":false,"probability":1},{"name":"OccIndex","path":"OccIndex","count":20000,"types":[{"name":"Number","bsonType":"Number","path":"OccIndex","count":20000,"total_count":0,"probability":1}],"total_count":20000,"type":"Number","has_duplicates":false,"probability":1},{"name":"OccIndexYTD","path":"OccIndexYTD","count":20000,"types":[{"name":"Null","bsonType":"Null","path":"OccIndexYTD","count":20000,"total_count":0,"probability":1,"unique":1,"has_duplicates":true}],"total_count":20000,"type":"Null","has_duplicates":true,"probability":1},{"name":"OccMyProperty","path":"OccMyProperty","count":20000,"types":[{"name":"Number","bsonType":"Number","path":"OccMyProperty","count":20000,"total_count":0,"probability":1}],"total_count":20000,"type":"Number","has_duplicates":false,"probability":1},{"name":"OccMyPropertyYTD","path":"OccMyPropertyYTD","count":20000,"types":[{"name":"Null","bsonType":"Null","path":"OccMyPropertyYTD","count":20000,"total_count":0,"probability":1,"unique":1,"has_duplicates":true}],"total_count":20000,"type":"Null","has_duplicates":true,"probability":1},{"name":"RevParChgCompSet","path":"RevParChgCompSet","count":20000,"types":[{"name":"Number","bsonType":"Number","path":"RevParChgCompSet","count":20000,"total_count":0,"probability":1}],"total_count":20000,"type":"Number","has_duplicates":false,"probability":1},{"name":"RevParChgCompSetYTD","path":"RevParChgCompSetYTD","count":20000,"types":[{"name":"Null","bsonType":"Null","path":"RevParChgCompSetYTD","count":20000,"total_count":0,"probability":1,"unique":1,"has_duplicates":true}],"total_count":20000,"type":"Null","has_duplicates":true,"probability":1},{"name":"RevParChgIndex","path":"RevParChgIndex","count":20000,"types":[{"name":"Number","bsonType":"Number","path":"RevParChgIndex","count":20000,"total_count":0,"probability":1}],"total_count":20000,"type":"Number","has_duplicates":false,"probability":1},{"name":"RevParChgIndexYTD","path":"RevParChgIndexYTD","count":20000,"types":[{"name":"Null","bsonType":"Null","path":"RevParChgIndexYTD","count":20000,"total_count":0,"probability":1,"unique":1,"has_duplicates":true}],"total_count":20000,"type":"Null","has_duplicates":true,"probability":1},{"name":"RevParChgMyProperty","path":"RevParChgMyProperty","count":20000,"types":[{"name":"Number","bsonType":"Number","path":"RevParChgMyProperty","count":20000,"total_count":0,"probability":1}],"total_count":20000,"type":"Number","has_duplicates":false,"probability":1},{"name":"RevParChgMyPropertyYTD","path":"RevParChgMyPropertyYTD","count":20000,"types":[{"name":"Null","bsonType":"Null","path":"RevParChgMyPropertyYTD","count":20000,"total_count":0,"probability":1,"unique":1,"has_duplicates":true}],"total_count":20000,"type":"Null","has_duplicates":true,"probability":1},{"name":"RevParCompSet","path":"RevParCompSet","count":20000,"types":[{"name":"Number","bsonType":"Number","path":"RevParCompSet","count":20000,"total_count":0,"probability":1}],"total_count":20000,"type":"Number","has_duplicates":false,"probability":1},{"name":"RevParCompSetYTD","path":"RevParCompSetYTD","count":20000,"types":[{"name":"Null","bsonType":"Null","path":"RevParCompSetYTD","count":20000,"total_count":0,"probability":1,"unique":1,"has_duplicates":true}],"total_count":20000,"type":"Null","has_duplicates":true,"probability":1},{"name":"RevParId","path":"RevParId","count":20000,"types":[{"name":"Number","bsonType":"Number","path":"RevParId","count":20000,"total_count":0,"probability":1}],"total_count":20000,"type":"Number","has_duplicates":false,"probability":1},{"name":"RevParIndex","path":"RevParIndex","count":20000,"types":[{"name":"Number","bsonType":"Number","path":"RevParIndex","count":20000,"total_count":0,"probability":1}],"total_count":20000,"type":"Number","has_duplicates":false,"probability":1},{"name":"RevParIndexYTD","path":"RevParIndexYTD","count":20000,"types":[{"name":"Null","bsonType":"Null","path":"RevParIndexYTD","count":20000,"total_count":0,"probability":1,"unique":1,"has_duplicates":true}],"total_count":20000,"type":"Null","has_duplicates":true,"probability":1},{"name":"RevParMyProperty","path":"RevParMyProperty","count":20000,"types":[{"name":"Number","bsonType":"Number","path":"RevParMyProperty","count":20000,"total_count":0,"probability":1}],"total_count":20000,"type":"Number","has_duplicates":false,"probability":1},{"name":"RevParMyPropertyYTD","path":"RevParMyPropertyYTD","count":20000,"types":[{"name":"Null","bsonType":"Null","path":"RevParMyPropertyYTD","count":20000,"total_count":0,"probability":1,"unique":1,"has_duplicates":true}],"total_count":20000,"type":"Null","has_duplicates":true,"probability":1},{"name":"UpdatedBy","path":"UpdatedBy","count":20000,"types":[{"name":"String","bsonType":"String","path":"UpdatedBy","count":20000,"total_count":0,"probability":1}],"total_count":20000,"type":"String","has_duplicates":false,"probability":1},{"name":"UpdatedDateTime","path":"UpdatedDateTime","count":20000,"types":[{"name":"Date","bsonType":"Date","path":"UpdatedDateTime","count":20000,"total_count":0,"probability":1}],"total_count":20000,"type":"Date","has_duplicates":false,"probability":1}],"count":20000}