[{"_id":52,"StateId":52,"Name":"Alberta","StateISO":"AB","CountryISO":"CA"},{"_id":53,"StateId":53,"Name":"British Columbia","StateISO":"BC","CountryISO":"CA"},{"_id":54,"StateId":54,"Name":"Manitoba","StateISO":"MB","CountryISO":"CA"},{"_id":55,"StateId":55,"Name":"New Brunswick","StateISO":"NB","CountryISO":"CA"},{"_id":56,"StateId":56,"Name":"Newfoundland and Labrador","StateISO":"NL","CountryISO":"CA"},{"_id":57,"StateId":57,"Name":"Northwest Territories","StateISO":"NT","CountryISO":"CA"},{"_id":58,"StateId":58,"Name":"Nova Scotia","StateISO":"NS","CountryISO":"CA"},{"_id":59,"StateId":59,"Name":"Nunavut","StateISO":"NU","CountryISO":"CA"},{"_id":60,"StateId":60,"Name":"Ontario","StateISO":"ON","CountryISO":"CA"},{"_id":61,"StateId":61,"Name":"Prince Edward Island","StateISO":"PE","CountryISO":"CA"},{"_id":62,"StateId":62,"Name":"Quebec","StateISO":"QC","CountryISO":"CA"},{"_id":63,"StateId":63,"Name":"Saskatchewan","StateISO":"SK","CountryISO":"CA"},{"_id":64,"StateId":64,"Name":"Yukon","StateISO":"YT","CountryISO":"CA"},{"_id":65,"StateId":65,"Name":"Texas","StateISO":"TX","CountryISO":"US"},{"_id":66,"StateId":66,"Name":"Alabama","StateISO":"AL","CountryISO":"US"},{"_id":67,"StateId":67,"Name":"Virginia","StateISO":"VA","CountryISO":"US"},{"_id":68,"StateId":68,"Name":"West Virginia","StateISO":"WV","CountryISO":"US"},{"_id":69,"StateId":69,"Name":"Arkansas","StateISO":"AR","CountryISO":"US"},{"_id":70,"StateId":70,"Name":"Delaware","StateISO":"DE","CountryISO":"US"},{"_id":71,"StateId":71,"Name":"Florida","StateISO":"FL","CountryISO":"US"},{"_id":72,"StateId":72,"Name":"Georgia","StateISO":"GA","CountryISO":"US"},{"_id":73,"StateId":73,"Name":"Illinois","StateISO":"IL","CountryISO":"US"},{"_id":74,"StateId":74,"Name":"Indiana","StateISO":"IN","CountryISO":"US"},{"_id":75,"StateId":75,"Name":"Maryland","StateISO":"MD","CountryISO":"US"},{"_id":76,"StateId":76,"Name":"Kansas","StateISO":"KS","CountryISO":"US"},{"_id":77,"StateId":77,"Name":"Kentucky","StateISO":"KY","CountryISO":"US"},{"_id":78,"StateId":78,"Name":"Missouri","StateISO":"MO","CountryISO":"US"},{"_id":79,"StateId":79,"Name":"Mississippi","StateISO":"MS","CountryISO":"US"},{"_id":80,"StateId":80,"Name":"North Carolina","StateISO":"NC","CountryISO":"US"},{"_id":81,"StateId":81,"Name":"Ohio","StateISO":"OH","CountryISO":"US"},{"_id":82,"StateId":82,"Name":"South Carolina","StateISO":"SC","CountryISO":"US"},{"_id":83,"StateId":83,"Name":"Tennessee","StateISO":"TN","CountryISO":"US"},{"_id":84,"StateId":84,"Name":"Louisiana","StateISO":"LA","CountryISO":"US"},{"_id":85,"StateId":85,"Name":"New Jersey","StateISO":"NJ","CountryISO":"US"},{"_id":86,"StateId":86,"Name":"Oklahoma","StateISO":"OK","CountryISO":"US"},{"_id":87,"StateId":87,"Name":"Pennsylvania","StateISO":"PA","CountryISO":"US"},{"_id":88,"StateId":88,"Name":"Connecticut","StateISO":"CT","CountryISO":"US"},{"_id":89,"StateId":89,"Name":"Iowa","StateISO":"IA","CountryISO":"US"},{"_id":90,"StateId":90,"Name":"Massachusetts","StateISO":"MA","CountryISO":"US"},{"_id":91,"StateId":91,"Name":"Maine","StateISO":"ME","CountryISO":"US"},{"_id":92,"StateId":92,"Name":"Michigan","StateISO":"MI","CountryISO":"US"},{"_id":93,"StateId":93,"Name":"Minnesota","StateISO":"MN","CountryISO":"US"},{"_id":94,"StateId":94,"Name":"Nebraska","StateISO":"NE","CountryISO":"US"},{"_id":95,"StateId":95,"Name":"New York","StateISO":"NY","CountryISO":"US"},{"_id":96,"StateId":96,"Name":"South Dakota","StateISO":"SD","CountryISO":"US"},{"_id":97,"StateId":97,"Name":"Wisconsin","StateISO":"WI","CountryISO":"US"},{"_id":98,"StateId":98,"Name":"North Dakota","StateISO":"ND","CountryISO":"US"},{"_id":99,"StateId":99,"Name":"New Hampshire","StateISO":"NH","CountryISO":"US"},{"_id":100,"StateId":100,"Name":"Rhode Island","StateISO":"RI","CountryISO":"US"},{"_id":101,"StateId":101,"Name":"Vermont","StateISO":"VT","CountryISO":"US"},{"_id":102,"StateId":102,"Name":"Arizona","StateISO":"AZ","CountryISO":"US"},{"_id":103,"StateId":103,"Name":"California","StateISO":"CA","CountryISO":"US"},{"_id":104,"StateId":104,"Name":"New Mexico","StateISO":"NM","CountryISO":"US"},{"_id":105,"StateId":105,"Name":"Utah","StateISO":"UT","CountryISO":"US"},{"_id":106,"StateId":106,"Name":"Colorado","StateISO":"CO","CountryISO":"US"},{"_id":107,"StateId":107,"Name":"Nevada","StateISO":"NV","CountryISO":"US"},{"_id":108,"StateId":108,"Name":"Idaho","StateISO":"ID","CountryISO":"US"},{"_id":109,"StateId":109,"Name":"Alaska","StateISO":"AK","CountryISO":"US"},{"_id":110,"StateId":110,"Name":"Montana","StateISO":"MT","CountryISO":"US"},{"_id":111,"StateId":111,"Name":"Oregon","StateISO":"OR","CountryISO":"US"},{"_id":112,"StateId":112,"Name":"Washington","StateISO":"WA","CountryISO":"US"},{"_id":113,"StateId":113,"Name":"Wyoming","StateISO":"WY","CountryISO":"US"},{"_id":114,"StateId":114,"Name":"Hawaii","StateISO":"HI","CountryISO":"US"},{"_id":115,"StateId":115,"Name":"District of Columbia","StateISO":"DC","CountryISO":"US"}]