{"fields":[{"name":"_id","path":"_id","count":20000,"types":[{"name":"Number","bsonType":"Number","path":"_id","count":20000,"total_count":0,"probability":1}],"total_count":20000,"type":"Number","has_duplicates":false,"probability":1},{"name":"AdrChgCompSet","path":"AdrChgCompSet","count":20000,"types":[{"name":"Number","bsonType":"Number","path":"AdrChgCompSet","count":20000,"total_count":0,"probability":1}],"total_count":20000,"type":"Number","has_duplicates":false,"probability":1},{"name":"AdrChgIndex","path":"AdrChgIndex","count":20000,"types":[{"name":"Number","bsonType":"Number","path":"AdrChgIndex","count":20000,"total_count":0,"probability":1}],"total_count":20000,"type":"Number","has_duplicates":false,"probability":1},{"name":"AdrChgMyProperty","path":"AdrChgMyProperty","count":20000,"types":[{"name":"Number","bsonType":"Number","path":"AdrChgMyProperty","count":20000,"total_count":0,"probability":1}],"total_count":20000,"type":"Number","has_duplicates":false,"probability":1},{"name":"AdrchgRank","path":"AdrchgRank","count":20000,"types":[{"name":"String","bsonType":"String","path":"AdrchgRank","count":20000,"total_count":0,"probability":1}],"total_count":20000,"type":"String","has_duplicates":false,"probability":1},{"name":"AdrCompSet","path":"AdrCompSet","count":20000,"types":[{"name":"Number","bsonType":"Number","path":"AdrCompSet","count":20000,"total_count":0,"probability":1}],"total_count":20000,"type":"Number","has_duplicates":false,"probability":1},{"name":"AdrId","path":"AdrId","count":20000,"types":[{"name":"Number","bsonType":"Number","path":"AdrId","count":20000,"total_count":0,"probability":1}],"total_count":20000,"type":"Number","has_duplicates":false,"probability":1},{"name":"AdrIndex","path":"AdrIndex","count":20000,"types":[{"name":"Number","bsonType":"Number","path":"AdrIndex","count":20000,"total_count":0,"probability":1}],"total_count":20000,"type":"Number","has_duplicates":false,"probability":1},{"name":"AdrMyProperty","path":"AdrMyProperty","count":20000,"types":[{"name":"Number","bsonType":"Number","path":"AdrMyProperty","count":20000,"total_count":0,"probability":1}],"total_count":20000,"type":"Number","has_duplicates":false,"probability":1},{"name":"AdrRank","path":"AdrRank","count":20000,"types":[{"name":"String","bsonType":"String","path":"AdrRank","count":20000,"total_count":0,"probability":1}],"total_count":20000,"type":"String","has_duplicates":false,"probability":1},{"name":"Date","path":"Date","count":20000,"types":[{"name":"Date","bsonType":"Date","path":"Date","count":20000,"total_count":0,"probability":1}],"total_count":20000,"type":"Date","has_duplicates":false,"probability":1},{"name":"HotelID","path":"HotelID","count":20000,"types":[{"name":"Number","bsonType":"Number","path":"HotelID","count":20000,"total_count":0,"probability":1}],"total_count":20000,"type":"Number","has_duplicates":false,"probability":1},{"name":"ID","path":"ID","count":20000,"types":[{"name":"Number","bsonType":"Number","path":"ID","count":20000,"total_count":0,"probability":1}],"total_count":20000,"type":"Number","has_duplicates":false,"probability":1},{"name":"IsDelete","path":"IsDelete","count":20000,"types":[{"name":"Boolean","bsonType":"Boolean","path":"IsDelete","count":20000,"total_count":0,"probability":1}],"total_count":20000,"type":"Boolean","has_duplicates":false,"probability":1},{"name":"OccChgCompSet","path":"OccChgCompSet","count":20000,"types":[{"name":"Number","bsonType":"Number","path":"OccChgCompSet","count":20000,"total_count":0,"probability":1}],"total_count":20000,"type":"Number","has_duplicates":false,"probability":1},{"name":"OccChgIndex","path":"OccChgIndex","count":20000,"types":[{"name":"Number","bsonType":"Number","path":"OccChgIndex","count":20000,"total_count":0,"probability":1}],"total_count":20000,"type":"Number","has_duplicates":false,"probability":1},{"name":"OccChgMyProperty","path":"OccChgMyProperty","count":20000,"types":[{"name":"Number","bsonType":"Number","path":"OccChgMyProperty","count":20000,"total_count":0,"probability":1}],"total_count":20000,"type":"Number","has_duplicates":false,"probability":1},{"name":"OccChgRank","path":"OccChgRank","count":20000,"types":[{"name":"String","bsonType":"String","path":"OccChgRank","count":20000,"total_count":0,"probability":1}],"total_count":20000,"type":"String","has_duplicates":false,"probability":1},{"name":"OccCompSet","path":"OccCompSet","count":20000,"types":[{"name":"Number","bsonType":"Number","path":"OccCompSet","count":20000,"total_count":0,"probability":1}],"total_count":20000,"type":"Number","has_duplicates":false,"probability":1},{"name":"OccId","path":"OccId","count":20000,"types":[{"name":"Number","bsonType":"Number","path":"OccId","count":20000,"total_count":0,"probability":1}],"total_count":20000,"type":"Number","has_duplicates":false,"probability":1},{"name":"OccIndex","path":"OccIndex","count":20000,"types":[{"name":"Number","bsonType":"Number","path":"OccIndex","count":20000,"total_count":0,"probability":1}],"total_count":20000,"type":"Number","has_duplicates":false,"probability":1},{"name":"OccMyProperty","path":"OccMyProperty","count":20000,"types":[{"name":"Number","bsonType":"Number","path":"OccMyProperty","count":20000,"total_count":0,"probability":1}],"total_count":20000,"type":"Number","has_duplicates":false,"probability":1},{"name":"OccRank","path":"OccRank","count":20000,"types":[{"name":"String","bsonType":"String","path":"OccRank","count":20000,"total_count":0,"probability":1}],"total_count":20000,"type":"String","has_duplicates":false,"probability":1},{"name":"RevParChgCompSet","path":"RevParChgCompSet","count":20000,"types":[{"name":"Number","bsonType":"Number","path":"RevParChgCompSet","count":20000,"total_count":0,"probability":1}],"total_count":20000,"type":"Number","has_duplicates":false,"probability":1},{"name":"RevParChgIndex","path":"RevParChgIndex","count":20000,"types":[{"name":"Number","bsonType":"Number","path":"RevParChgIndex","count":20000,"total_count":0,"probability":1}],"total_count":20000,"type":"Number","has_duplicates":false,"probability":1},{"name":"RevParChgMyProperty","path":"RevParChgMyProperty","count":20000,"types":[{"name":"Number","bsonType":"Number","path":"RevParChgMyProperty","count":20000,"total_count":0,"probability":1}],"total_count":20000,"type":"Number","has_duplicates":false,"probability":1},{"name":"RevParChgRank","path":"RevParChgRank","count":20000,"types":[{"name":"String","bsonType":"String","path":"RevParChgRank","count":20000,"total_count":0,"probability":1}],"total_count":20000,"type":"String","has_duplicates":false,"probability":1},{"name":"RevParCompSet","path":"RevParCompSet","count":20000,"types":[{"name":"Number","bsonType":"Number","path":"RevParCompSet","count":20000,"total_count":0,"probability":1}],"total_count":20000,"type":"Number","has_duplicates":false,"probability":1},{"name":"RevParId","path":"RevParId","count":20000,"types":[{"name":"Number","bsonType":"Number","path":"RevParId","count":20000,"total_count":0,"probability":1}],"total_count":20000,"type":"Number","has_duplicates":false,"probability":1},{"name":"RevParIndex","path":"RevParIndex","count":20000,"types":[{"name":"Number","bsonType":"Number","path":"RevParIndex","count":20000,"total_count":0,"probability":1}],"total_count":20000,"type":"Number","has_duplicates":false,"probability":1},{"name":"RevParMyProperty","path":"RevParMyProperty","count":20000,"types":[{"name":"Number","bsonType":"Number","path":"RevParMyProperty","count":20000,"total_count":0,"probability":1}],"total_count":20000,"type":"Number","has_duplicates":false,"probability":1},{"name":"RevParRank","path":"RevParRank","count":20000,"types":[{"name":"String","bsonType":"String","path":"RevParRank","count":20000,"total_count":0,"probability":1}],"total_count":20000,"type":"String","has_duplicates":false,"probability":1},{"name":"UpdatedBy","path":"UpdatedBy","count":20000,"types":[{"name":"String","bsonType":"String","path":"UpdatedBy","count":20000,"total_count":0,"probability":1}],"total_count":20000,"type":"String","has_duplicates":false,"probability":1},{"name":"UpdatedDateTime","path":"UpdatedDateTime","count":20000,"types":[{"name":"Date","bsonType":"Date","path":"UpdatedDateTime","count":20000,"total_count":0,"probability":1}],"total_count":20000,"type":"Date","has_duplicates":false,"probability":1}],"count":20000}