{"fields":[{"name":"_id","path":"_id","count":20000,"types":[{"name":"Number","bsonType":"Number","path":"_id","count":20000,"total_count":0,"probability":1}],"total_count":20000,"type":"Number","has_duplicates":false,"probability":1},{"name":"Id","path":"Id","count":20000,"types":[{"name":"Number","bsonType":"Number","path":"Id","count":20000,"total_count":0,"probability":1}],"total_count":20000,"type":"Number","has_duplicates":false,"probability":1},{"name":"IsDelete","path":"IsDelete","count":20000,"types":[{"name":"Boolean","bsonType":"Boolean","path":"IsDelete","count":20000,"total_count":0,"probability":1}],"total_count":20000,"type":"Boolean","has_duplicates":false,"probability":1},{"name":"OccChgCompCurrentWeek","path":"OccChgCompCurrentWeek","count":20000,"types":[{"name":"Number","bsonType":"Number","path":"OccChgCompCurrentWeek","count":20000,"total_count":0,"probability":1}],"total_count":20000,"type":"Number","has_duplicates":false,"probability":1},{"name":"OccChgCompRun28","path":"OccChgCompRun28","count":20000,"types":[{"name":"Number","bsonType":"Number","path":"OccChgCompRun28","count":20000,"total_count":0,"probability":1}],"total_count":20000,"type":"Number","has_duplicates":false,"probability":1},{"name":"OccChgCompRunMTD","path":"OccChgCompRunMTD","count":20000,"types":[{"name":"Number","bsonType":"Number","path":"OccChgCompRunMTD","count":20000,"total_count":0,"probability":1}],"total_count":20000,"type":"Number","has_duplicates":false,"probability":1},{"name":"OccChgMyPropCurrentWeek","path":"OccChgMyPropCurrentWeek","count":20000,"types":[{"name":"Number","bsonType":"Number","path":"OccChgMyPropCurrentWeek","count":20000,"total_count":0,"probability":1}],"total_count":20000,"type":"Number","has_duplicates":false,"probability":1},{"name":"OccChgMyPropRun28","path":"OccChgMyPropRun28","count":20000,"types":[{"name":"Number","bsonType":"Number","path":"OccChgMyPropRun28","count":20000,"total_count":0,"probability":1}],"total_count":20000,"type":"Number","has_duplicates":false,"probability":1},{"name":"OccChgMyPropRunMTD","path":"OccChgMyPropRunMTD","count":20000,"types":[{"name":"Number","bsonType":"Number","path":"OccChgMyPropRunMTD","count":20000,"total_count":0,"probability":1}],"total_count":20000,"type":"Number","has_duplicates":false,"probability":1},{"name":"OccCompCurrentWeek","path":"OccCompCurrentWeek","count":20000,"types":[{"name":"Number","bsonType":"Number","path":"OccCompCurrentWeek","count":20000,"total_count":0,"probability":1}],"total_count":20000,"type":"Number","has_duplicates":false,"probability":1},{"name":"OccCompRun28","path":"OccCompRun28","count":20000,"types":[{"name":"Number","bsonType":"Number","path":"OccCompRun28","count":20000,"total_count":0,"probability":1}],"total_count":20000,"type":"Number","has_duplicates":false,"probability":1},{"name":"OccCompRunMTD","path":"OccCompRunMTD","count":20000,"types":[{"name":"Number","bsonType":"Number","path":"OccCompRunMTD","count":20000,"total_count":0,"probability":1}],"total_count":20000,"type":"Number","has_duplicates":false,"probability":1},{"name":"OccIndexChgCurrentWeek","path":"OccIndexChgCurrentWeek","count":20000,"types":[{"name":"Number","bsonType":"Number","path":"OccIndexChgCurrentWeek","count":20000,"total_count":0,"probability":1}],"total_count":20000,"type":"Number","has_duplicates":false,"probability":1},{"name":"OccIndexChgRun28","path":"OccIndexChgRun28","count":20000,"types":[{"name":"Number","bsonType":"Number","path":"OccIndexChgRun28","count":20000,"total_count":0,"probability":1}],"total_count":20000,"type":"Number","has_duplicates":false,"probability":1},{"name":"OccIndexChgRunMTD","path":"OccIndexChgRunMTD","count":20000,"types":[{"name":"Number","bsonType":"Number","path":"OccIndexChgRunMTD","count":20000,"total_count":0,"probability":1}],"total_count":20000,"type":"Number","has_duplicates":false,"probability":1},{"name":"OccIndexCurrentWeek","path":"OccIndexCurrentWeek","count":20000,"types":[{"name":"Number","bsonType":"Number","path":"OccIndexCurrentWeek","count":20000,"total_count":0,"probability":1}],"total_count":20000,"type":"Number","has_duplicates":false,"probability":1},{"name":"OccIndexRun28","path":"OccIndexRun28","count":20000,"types":[{"name":"Number","bsonType":"Number","path":"OccIndexRun28","count":20000,"total_count":0,"probability":1}],"total_count":20000,"type":"Number","has_duplicates":false,"probability":1},{"name":"OccIndexRunMTD","path":"OccIndexRunMTD","count":20000,"types":[{"name":"Number","bsonType":"Number","path":"OccIndexRunMTD","count":20000,"total_count":0,"probability":1}],"total_count":20000,"type":"Number","has_duplicates":false,"probability":1},{"name":"OccMyPropCurrentWeek","path":"OccMyPropCurrentWeek","count":20000,"types":[{"name":"Number","bsonType":"Number","path":"OccMyPropCurrentWeek","count":20000,"total_count":0,"probability":1}],"total_count":20000,"type":"Number","has_duplicates":false,"probability":1},{"name":"OccMyPropRun28","path":"OccMyPropRun28","count":20000,"types":[{"name":"Number","bsonType":"Number","path":"OccMyPropRun28","count":20000,"total_count":0,"probability":1}],"total_count":20000,"type":"Number","has_duplicates":false,"probability":1},{"name":"OccMyPropRunMTD","path":"OccMyPropRunMTD","count":20000,"types":[{"name":"Number","bsonType":"Number","path":"OccMyPropRunMTD","count":20000,"total_count":0,"probability":1}],"total_count":20000,"type":"Number","has_duplicates":false,"probability":1},{"name":"OccRankChgCurrentWeek","path":"OccRankChgCurrentWeek","count":20000,"types":[{"name":"String","bsonType":"String","path":"OccRankChgCurrentWeek","count":20000,"total_count":0,"probability":1}],"total_count":20000,"type":"String","has_duplicates":false,"probability":1},{"name":"OccRankChgRun28","path":"OccRankChgRun28","count":20000,"types":[{"name":"String","bsonType":"String","path":"OccRankChgRun28","count":20000,"total_count":0,"probability":1}],"total_count":20000,"type":"String","has_duplicates":false,"probability":1},{"name":"OccRankChgRunMTD","path":"OccRankChgRunMTD","count":20000,"types":[{"name":"String","bsonType":"String","path":"OccRankChgRunMTD","count":20000,"total_count":0,"probability":1}],"total_count":20000,"type":"String","has_duplicates":false,"probability":1},{"name":"OccRankCurrentWeek","path":"OccRankCurrentWeek","count":20000,"types":[{"name":"String","bsonType":"String","path":"OccRankCurrentWeek","count":20000,"total_count":0,"probability":1}],"total_count":20000,"type":"String","has_duplicates":false,"probability":1},{"name":"OccRankRun28","path":"OccRankRun28","count":20000,"types":[{"name":"String","bsonType":"String","path":"OccRankRun28","count":20000,"total_count":0,"probability":1}],"total_count":20000,"type":"String","has_duplicates":false,"probability":1},{"name":"OccRankRunMTD","path":"OccRankRunMTD","count":20000,"types":[{"name":"String","bsonType":"String","path":"OccRankRunMTD","count":20000,"total_count":0,"probability":1}],"total_count":20000,"type":"String","has_duplicates":false,"probability":1},{"name":"UpdatedBy","path":"UpdatedBy","count":20000,"types":[{"name":"String","bsonType":"String","path":"UpdatedBy","count":20000,"total_count":0,"probability":1}],"total_count":20000,"type":"String","has_duplicates":false,"probability":1},{"name":"UpdatedDateTime","path":"UpdatedDateTime","count":20000,"types":[{"name":"Date","bsonType":"Date","path":"UpdatedDateTime","count":20000,"total_count":0,"probability":1}],"total_count":20000,"type":"Date","has_duplicates":false,"probability":1}],"count":20000}