{"fields":[{"name":"_id","path":"_id","count":20000,"types":[{"name":"Number","bsonType":"Number","path":"_id","count":20000,"total_count":0,"probability":1}],"total_count":20000,"type":"Number","has_duplicates":false,"probability":1},{"name":"Id","path":"Id","count":20000,"types":[{"name":"Number","bsonType":"Number","path":"Id","count":20000,"total_count":0,"probability":1}],"total_count":20000,"type":"Number","has_duplicates":false,"probability":1},{"name":"IsDelete","path":"IsDelete","count":20000,"types":[{"name":"Boolean","bsonType":"Boolean","path":"IsDelete","count":20000,"total_count":0,"probability":1}],"total_count":20000,"type":"Boolean","has_duplicates":false,"probability":1},{"name":"RevParChgCompCurrentWeek","path":"RevParChgCompCurrentWeek","count":20000,"types":[{"name":"Number","bsonType":"Number","path":"RevParChgCompCurrentWeek","count":20000,"total_count":0,"probability":1}],"total_count":20000,"type":"Number","has_duplicates":false,"probability":1},{"name":"RevParChgCompRun28","path":"RevParChgCompRun28","count":20000,"types":[{"name":"Number","bsonType":"Number","path":"RevParChgCompRun28","count":20000,"total_count":0,"probability":1}],"total_count":20000,"type":"Number","has_duplicates":false,"probability":1},{"name":"RevParChgCompRunMTD","path":"RevParChgCompRunMTD","count":20000,"types":[{"name":"Number","bsonType":"Number","path":"RevParChgCompRunMTD","count":20000,"total_count":0,"probability":1}],"total_count":20000,"type":"Number","has_duplicates":false,"probability":1},{"name":"RevParChgMyPropCurrentWeek","path":"RevParChgMyPropCurrentWeek","count":20000,"types":[{"name":"Number","bsonType":"Number","path":"RevParChgMyPropCurrentWeek","count":20000,"total_count":0,"probability":1}],"total_count":20000,"type":"Number","has_duplicates":false,"probability":1},{"name":"RevParChgMyPropRun28","path":"RevParChgMyPropRun28","count":20000,"types":[{"name":"Number","bsonType":"Number","path":"RevParChgMyPropRun28","count":20000,"total_count":0,"probability":1}],"total_count":20000,"type":"Number","has_duplicates":false,"probability":1},{"name":"RevParChgMyPropRunMTD","path":"RevParChgMyPropRunMTD","count":20000,"types":[{"name":"Number","bsonType":"Number","path":"RevParChgMyPropRunMTD","count":20000,"total_count":0,"probability":1}],"total_count":20000,"type":"Number","has_duplicates":false,"probability":1},{"name":"RevParCompCurrentWeek","path":"RevParCompCurrentWeek","count":20000,"types":[{"name":"Number","bsonType":"Number","path":"RevParCompCurrentWeek","count":20000,"total_count":0,"probability":1}],"total_count":20000,"type":"Number","has_duplicates":false,"probability":1},{"name":"RevParCompRun28","path":"RevParCompRun28","count":20000,"types":[{"name":"Number","bsonType":"Number","path":"RevParCompRun28","count":20000,"total_count":0,"probability":1}],"total_count":20000,"type":"Number","has_duplicates":false,"probability":1},{"name":"RevParCompRunMTD","path":"RevParCompRunMTD","count":20000,"types":[{"name":"Number","bsonType":"Number","path":"RevParCompRunMTD","count":20000,"total_count":0,"probability":1}],"total_count":20000,"type":"Number","has_duplicates":false,"probability":1},{"name":"RevParIndexChgCurrentWeek","path":"RevParIndexChgCurrentWeek","count":20000,"types":[{"name":"Number","bsonType":"Number","path":"RevParIndexChgCurrentWeek","count":20000,"total_count":0,"probability":1}],"total_count":20000,"type":"Number","has_duplicates":false,"probability":1},{"name":"RevParIndexChgRun28","path":"RevParIndexChgRun28","count":20000,"types":[{"name":"Number","bsonType":"Number","path":"RevParIndexChgRun28","count":20000,"total_count":0,"probability":1}],"total_count":20000,"type":"Number","has_duplicates":false,"probability":1},{"name":"RevParIndexChgRunMTD","path":"RevParIndexChgRunMTD","count":20000,"types":[{"name":"Number","bsonType":"Number","path":"RevParIndexChgRunMTD","count":20000,"total_count":0,"probability":1}],"total_count":20000,"type":"Number","has_duplicates":false,"probability":1},{"name":"RevParIndexCurrentWeek","path":"RevParIndexCurrentWeek","count":20000,"types":[{"name":"Number","bsonType":"Number","path":"RevParIndexCurrentWeek","count":20000,"total_count":0,"probability":1}],"total_count":20000,"type":"Number","has_duplicates":false,"probability":1},{"name":"RevParIndexRun28","path":"RevParIndexRun28","count":20000,"types":[{"name":"Number","bsonType":"Number","path":"RevParIndexRun28","count":20000,"total_count":0,"probability":1}],"total_count":20000,"type":"Number","has_duplicates":false,"probability":1},{"name":"RevParIndexRunMTD","path":"RevParIndexRunMTD","count":20000,"types":[{"name":"Number","bsonType":"Number","path":"RevParIndexRunMTD","count":20000,"total_count":0,"probability":1}],"total_count":20000,"type":"Number","has_duplicates":false,"probability":1},{"name":"RevParMyPropCurrentWeek","path":"RevParMyPropCurrentWeek","count":20000,"types":[{"name":"Number","bsonType":"Number","path":"RevParMyPropCurrentWeek","count":20000,"total_count":0,"probability":1}],"total_count":20000,"type":"Number","has_duplicates":false,"probability":1},{"name":"RevParMyPropRun28","path":"RevParMyPropRun28","count":20000,"types":[{"name":"Number","bsonType":"Number","path":"RevParMyPropRun28","count":20000,"total_count":0,"probability":1}],"total_count":20000,"type":"Number","has_duplicates":false,"probability":1},{"name":"RevParMyPropRunMTD","path":"RevParMyPropRunMTD","count":20000,"types":[{"name":"Number","bsonType":"Number","path":"RevParMyPropRunMTD","count":20000,"total_count":0,"probability":1}],"total_count":20000,"type":"Number","has_duplicates":false,"probability":1},{"name":"RevParRankChgCurrentWeek","path":"RevParRankChgCurrentWeek","count":20000,"types":[{"name":"String","bsonType":"String","path":"RevParRankChgCurrentWeek","count":20000,"total_count":0,"probability":1}],"total_count":20000,"type":"String","has_duplicates":false,"probability":1},{"name":"RevParRankChgRun28","path":"RevParRankChgRun28","count":20000,"types":[{"name":"String","bsonType":"String","path":"RevParRankChgRun28","count":20000,"total_count":0,"probability":1}],"total_count":20000,"type":"String","has_duplicates":false,"probability":1},{"name":"RevParRankChgRunMTD","path":"RevParRankChgRunMTD","count":20000,"types":[{"name":"String","bsonType":"String","path":"RevParRankChgRunMTD","count":20000,"total_count":0,"probability":1}],"total_count":20000,"type":"String","has_duplicates":false,"probability":1},{"name":"RevParRankCurrentWeek","path":"RevParRankCurrentWeek","count":20000,"types":[{"name":"String","bsonType":"String","path":"RevParRankCurrentWeek","count":20000,"total_count":0,"probability":1}],"total_count":20000,"type":"String","has_duplicates":false,"probability":1},{"name":"RevParRankRun28","path":"RevParRankRun28","count":20000,"types":[{"name":"String","bsonType":"String","path":"RevParRankRun28","count":20000,"total_count":0,"probability":1}],"total_count":20000,"type":"String","has_duplicates":false,"probability":1},{"name":"RevParRankRunMTD","path":"RevParRankRunMTD","count":20000,"types":[{"name":"String","bsonType":"String","path":"RevParRankRunMTD","count":20000,"total_count":0,"probability":1}],"total_count":20000,"type":"String","has_duplicates":false,"probability":1},{"name":"UpdatedBy","path":"UpdatedBy","count":20000,"types":[{"name":"String","bsonType":"String","path":"UpdatedBy","count":20000,"total_count":0,"probability":1}],"total_count":20000,"type":"String","has_duplicates":false,"probability":1},{"name":"UpdatedDateTime","path":"UpdatedDateTime","count":20000,"types":[{"name":"Date","bsonType":"Date","path":"UpdatedDateTime","count":20000,"total_count":0,"probability":1}],"total_count":20000,"type":"Date","has_duplicates":false,"probability":1}],"count":20000}