{"fields":[{"name":"_id","path":"_id","count":20000,"types":[{"name":"Number","bsonType":"Number","path":"_id","count":20000,"total_count":0,"probability":1}],"total_count":20000,"type":"Number","has_duplicates":false,"probability":1},{"name":"Id","path":"Id","count":20000,"types":[{"name":"Number","bsonType":"Number","path":"Id","count":20000,"total_count":0,"probability":1}],"total_count":20000,"type":"Number","has_duplicates":false,"probability":1},{"name":"IsDelete","path":"IsDelete","count":20000,"types":[{"name":"Boolean","bsonType":"Boolean","path":"IsDelete","count":20000,"total_count":0,"probability":1}],"total_count":20000,"type":"Boolean","has_duplicates":false,"probability":1},{"name":"RevParChgCompRun28","path":"RevParChgCompRun28","count":20000,"types":[{"name":"Number","bsonType":"Number","path":"RevParChgCompRun28","count":20000,"total_count":0,"probability":1}],"total_count":20000,"type":"Number","has_duplicates":false,"probability":1},{"name":"RevParChgCompRunMTD","path":"RevParChgCompRunMTD","count":20000,"types":[{"name":"Number","bsonType":"Number","path":"RevParChgCompRunMTD","count":20000,"total_count":0,"probability":1}],"total_count":20000,"type":"Number","has_duplicates":false,"probability":1},{"name":"RevParChgMyPropRun28","path":"RevParChgMyPropRun28","count":20000,"types":[{"name":"Number","bsonType":"Number","path":"RevParChgMyPropRun28","count":20000,"total_count":0,"probability":1}],"total_count":20000,"type":"Number","has_duplicates":false,"probability":1},{"name":"RevParChgMyPropRunMTD","path":"RevParChgMyPropRunMTD","count":20000,"types":[{"name":"Number","bsonType":"Number","path":"RevParChgMyPropRunMTD","count":20000,"total_count":0,"probability":1}],"total_count":20000,"type":"Number","has_duplicates":false,"probability":1},{"name":"RevParCompRun28","path":"RevParCompRun28","count":20000,"types":[{"name":"Number","bsonType":"Number","path":"RevParCompRun28","count":20000,"total_count":0,"probability":1}],"total_count":20000,"type":"Number","has_duplicates":false,"probability":1},{"name":"RevParCompRunMTD","path":"RevParCompRunMTD","count":20000,"types":[{"name":"Number","bsonType":"Number","path":"RevParCompRunMTD","count":20000,"total_count":0,"probability":1}],"total_count":20000,"type":"Number","has_duplicates":false,"probability":1},{"name":"RevParIndexChgRun28","path":"RevParIndexChgRun28","count":20000,"types":[{"name":"Number","bsonType":"Number","path":"RevParIndexChgRun28","count":20000,"total_count":0,"probability":1}],"total_count":20000,"type":"Number","has_duplicates":false,"probability":1},{"name":"RevParIndexChgRunMTD","path":"RevParIndexChgRunMTD","count":20000,"types":[{"name":"Number","bsonType":"Number","path":"RevParIndexChgRunMTD","count":20000,"total_count":0,"probability":1}],"total_count":20000,"type":"Number","has_duplicates":false,"probability":1},{"name":"RevParIndexRun28","path":"RevParIndexRun28","count":20000,"types":[{"name":"Number","bsonType":"Number","path":"RevParIndexRun28","count":20000,"total_count":0,"probability":1}],"total_count":20000,"type":"Number","has_duplicates":false,"probability":1},{"name":"RevParIndexRunMTD","path":"RevParIndexRunMTD","count":20000,"types":[{"name":"Number","bsonType":"Number","path":"RevParIndexRunMTD","count":20000,"total_count":0,"probability":1}],"total_count":20000,"type":"Number","has_duplicates":false,"probability":1},{"name":"RevParMyPropRun28","path":"RevParMyPropRun28","count":20000,"types":[{"name":"Number","bsonType":"Number","path":"RevParMyPropRun28","count":20000,"total_count":0,"probability":1}],"total_count":20000,"type":"Number","has_duplicates":false,"probability":1},{"name":"RevParMyPropRunMTD","path":"RevParMyPropRunMTD","count":20000,"types":[{"name":"Number","bsonType":"Number","path":"RevParMyPropRunMTD","count":20000,"total_count":0,"probability":1}],"total_count":20000,"type":"Number","has_duplicates":false,"probability":1},{"name":"UpdatedBy","path":"UpdatedBy","count":20000,"types":[{"name":"String","bsonType":"String","path":"UpdatedBy","count":20000,"total_count":0,"probability":1}],"total_count":20000,"type":"String","has_duplicates":false,"probability":1},{"name":"UpdatedDateTime","path":"UpdatedDateTime","count":20000,"types":[{"name":"Date","bsonType":"Date","path":"UpdatedDateTime","count":20000,"total_count":0,"probability":1}],"total_count":20000,"type":"Date","has_duplicates":false,"probability":1}],"count":20000}