{"fields":[{"name":"_id","path":"_id","count":20000,"types":[{"name":"Number","bsonType":"Number","path":"_id","count":20000,"total_count":0,"probability":1}],"total_count":20000,"type":"Number","has_duplicates":false,"probability":1},{"name":"Address","path":"Address","count":20000,"types":[{"name":"String","bsonType":"String","path":"Address","count":18700,"total_count":0,"probability":0.935},{"name":"Null","bsonType":"Null","path":"Address","count":1300,"total_count":0,"probability":0.065,"unique":1,"has_duplicates":true}],"total_count":20000,"type":["String","Null"],"has_duplicates":true,"probability":1},{"name":"City","path":"City","count":20000,"types":[{"name":"Null","bsonType":"Null","path":"City","count":19999,"total_count":0,"probability":0.99995,"unique":1,"has_duplicates":true},{"name":"String","bsonType":"String","path":"City","count":1,"total_count":0,"probability":0.00005}],"total_count":20000,"type":["Null","String"],"has_duplicates":true,"probability":1},{"name":"County","path":"County","count":20000,"types":[{"name":"Null","bsonType":"Null","path":"County","count":19999,"total_count":0,"probability":0.99995,"unique":1,"has_duplicates":true},{"name":"String","bsonType":"String","path":"County","count":1,"total_count":0,"probability":0.00005}],"total_count":20000,"type":["Null","String"],"has_duplicates":true,"probability":1},{"name":"Date","path":"Date","count":20000,"types":[{"name":"Date","bsonType":"Date","path":"Date","count":20000,"total_count":0,"probability":1}],"total_count":20000,"type":"Date","has_duplicates":false,"probability":1},{"name":"HotelId","path":"HotelId","count":20000,"types":[{"name":"Number","bsonType":"Number","path":"HotelId","count":20000,"total_count":0,"probability":1}],"total_count":20000,"type":"Number","has_duplicates":false,"probability":1},{"name":"HotelName","path":"HotelName","count":20000,"types":[{"name":"String","bsonType":"String","path":"HotelName","count":18701,"total_count":0,"probability":0.93505},{"name":"Null","bsonType":"Null","path":"HotelName","count":1299,"total_count":0,"probability":0.06495,"unique":1,"has_duplicates":true}],"total_count":20000,"type":["String","Null"],"has_duplicates":true,"probability":1},{"name":"ID","path":"ID","count":20000,"types":[{"name":"Number","bsonType":"Number","path":"ID","count":20000,"total_count":0,"probability":1}],"total_count":20000,"type":"Number","has_duplicates":false,"probability":1},{"name":"IsDeleted","path":"IsDeleted","count":20000,"types":[{"name":"Null","bsonType":"Null","path":"IsDeleted","count":12651,"total_count":0,"probability":0.63255,"unique":1,"has_duplicates":true},{"name":"Boolean","bsonType":"Boolean","path":"IsDeleted","count":7349,"total_count":0,"probability":0.36745}],"total_count":20000,"type":["Null","Boolean"],"has_duplicates":true,"probability":1},{"name":"Phone","path":"Phone","count":20000,"types":[{"name":"String","bsonType":"String","path":"Phone","count":18701,"total_count":0,"probability":0.93505},{"name":"Null","bsonType":"Null","path":"Phone","count":1299,"total_count":0,"probability":0.06495,"unique":1,"has_duplicates":true}],"total_count":20000,"type":["String","Null"],"has_duplicates":true,"probability":1},{"name":"Rooms","path":"Rooms","count":20000,"types":[{"name":"Number","bsonType":"Number","path":"Rooms","count":20000,"total_count":0,"probability":1}],"total_count":20000,"type":"Number","has_duplicates":false,"probability":1},{"name":"State","path":"State","count":20000,"types":[{"name":"Null","bsonType":"Null","path":"State","count":19999,"total_count":0,"probability":0.99995,"unique":1,"has_duplicates":true},{"name":"String","bsonType":"String","path":"State","count":1,"total_count":0,"probability":0.00005}],"total_count":20000,"type":["Null","String"],"has_duplicates":true,"probability":1},{"name":"ToDate","path":"ToDate","count":20000,"types":[{"name":"Date","bsonType":"Date","path":"ToDate","count":20000,"total_count":0,"probability":1}],"total_count":20000,"type":"Date","has_duplicates":false,"probability":1},{"name":"UpdatedBy","path":"UpdatedBy","count":20000,"types":[{"name":"String","bsonType":"String","path":"UpdatedBy","count":20000,"total_count":0,"probability":1}],"total_count":20000,"type":"String","has_duplicates":false,"probability":1},{"name":"UpdatedOn","path":"UpdatedOn","count":20000,"types":[{"name":"Date","bsonType":"Date","path":"UpdatedOn","count":20000,"total_count":0,"probability":1}],"total_count":20000,"type":"Date","has_duplicates":false,"probability":1},{"name":"Zip","path":"Zip","count":20000,"types":[{"name":"Null","bsonType":"Null","path":"Zip","count":19999,"total_count":0,"probability":0.99995,"unique":1,"has_duplicates":true},{"name":"Number","bsonType":"Number","path":"Zip","count":1,"total_count":0,"probability":0.00005}],"total_count":20000,"type":["Null","Number"],"has_duplicates":true,"probability":1},{"name":"ZipCode","path":"ZipCode","count":20000,"types":[{"name":"String","bsonType":"String","path":"ZipCode","count":18700,"total_count":0,"probability":0.935},{"name":"Null","bsonType":"Null","path":"ZipCode","count":1300,"total_count":0,"probability":0.065,"unique":1,"has_duplicates":true}],"total_count":20000,"type":["String","Null"],"has_duplicates":true,"probability":1}],"count":20000}