{"fields":[{"name":"_id","path":"_id","count":20000,"types":[{"name":"Number","bsonType":"Number","path":"_id","count":20000,"total_count":0,"probability":1}],"total_count":20000,"type":"Number","has_duplicates":false,"probability":1},{"name":"Id","path":"Id","count":20000,"types":[{"name":"Number","bsonType":"Number","path":"Id","count":20000,"total_count":0,"probability":1}],"total_count":20000,"type":"Number","has_duplicates":false,"probability":1},{"name":"IsDelete","path":"IsDelete","count":20000,"types":[{"name":"Boolean","bsonType":"Boolean","path":"IsDelete","count":20000,"total_count":0,"probability":1}],"total_count":20000,"type":"Boolean","has_duplicates":false,"probability":1},{"name":"OccChgCompRun28","path":"OccChgCompRun28","count":20000,"types":[{"name":"Number","bsonType":"Number","path":"OccChgCompRun28","count":20000,"total_count":0,"probability":1}],"total_count":20000,"type":"Number","has_duplicates":false,"probability":1},{"name":"OccChgCompRunMTD","path":"OccChgCompRunMTD","count":20000,"types":[{"name":"Number","bsonType":"Number","path":"OccChgCompRunMTD","count":20000,"total_count":0,"probability":1}],"total_count":20000,"type":"Number","has_duplicates":false,"probability":1},{"name":"OccChgMyPropRun28","path":"OccChgMyPropRun28","count":20000,"types":[{"name":"Number","bsonType":"Number","path":"OccChgMyPropRun28","count":20000,"total_count":0,"probability":1}],"total_count":20000,"type":"Number","has_duplicates":false,"probability":1},{"name":"OccChgMyPropRunMTD","path":"OccChgMyPropRunMTD","count":20000,"types":[{"name":"Number","bsonType":"Number","path":"OccChgMyPropRunMTD","count":20000,"total_count":0,"probability":1}],"total_count":20000,"type":"Number","has_duplicates":false,"probability":1},{"name":"OccCompRun28","path":"OccCompRun28","count":20000,"types":[{"name":"Number","bsonType":"Number","path":"OccCompRun28","count":20000,"total_count":0,"probability":1}],"total_count":20000,"type":"Number","has_duplicates":false,"probability":1},{"name":"OccCompRunMTD","path":"OccCompRunMTD","count":20000,"types":[{"name":"Number","bsonType":"Number","path":"OccCompRunMTD","count":20000,"total_count":0,"probability":1}],"total_count":20000,"type":"Number","has_duplicates":false,"probability":1},{"name":"OccIndexChgRun28","path":"OccIndexChgRun28","count":20000,"types":[{"name":"Number","bsonType":"Number","path":"OccIndexChgRun28","count":20000,"total_count":0,"probability":1}],"total_count":20000,"type":"Number","has_duplicates":false,"probability":1},{"name":"OccIndexChgRunMTD","path":"OccIndexChgRunMTD","count":20000,"types":[{"name":"Number","bsonType":"Number","path":"OccIndexChgRunMTD","count":20000,"total_count":0,"probability":1}],"total_count":20000,"type":"Number","has_duplicates":false,"probability":1},{"name":"OccIndexRun28","path":"OccIndexRun28","count":20000,"types":[{"name":"Number","bsonType":"Number","path":"OccIndexRun28","count":20000,"total_count":0,"probability":1}],"total_count":20000,"type":"Number","has_duplicates":false,"probability":1},{"name":"OccIndexRunMTD","path":"OccIndexRunMTD","count":20000,"types":[{"name":"Number","bsonType":"Number","path":"OccIndexRunMTD","count":20000,"total_count":0,"probability":1}],"total_count":20000,"type":"Number","has_duplicates":false,"probability":1},{"name":"OccMyPropRun28","path":"OccMyPropRun28","count":20000,"types":[{"name":"Number","bsonType":"Number","path":"OccMyPropRun28","count":20000,"total_count":0,"probability":1}],"total_count":20000,"type":"Number","has_duplicates":false,"probability":1},{"name":"OccMyPropRunMTD","path":"OccMyPropRunMTD","count":20000,"types":[{"name":"Number","bsonType":"Number","path":"OccMyPropRunMTD","count":20000,"total_count":0,"probability":1}],"total_count":20000,"type":"Number","has_duplicates":false,"probability":1},{"name":"UpdatedBy","path":"UpdatedBy","count":20000,"types":[{"name":"String","bsonType":"String","path":"UpdatedBy","count":20000,"total_count":0,"probability":1}],"total_count":20000,"type":"String","has_duplicates":false,"probability":1},{"name":"UpdatedDateTime","path":"UpdatedDateTime","count":20000,"types":[{"name":"Date","bsonType":"Date","path":"UpdatedDateTime","count":20000,"total_count":0,"probability":1}],"total_count":20000,"type":"Date","has_duplicates":false,"probability":1}],"count":20000}