{"fields":[{"name":"_id","path":"_id","count":64,"types":[{"name":"Number","bsonType":"Number","path":"_id","count":64,"total_count":0,"probability":1}],"total_count":64,"type":"Number","has_duplicates":false,"probability":1},{"name":"CountryISO","path":"CountryISO","count":64,"types":[{"name":"String","bsonType":"String","path":"CountryISO","count":64,"total_count":0,"probability":1}],"total_count":64,"type":"String","has_duplicates":false,"probability":1},{"name":"Name","path":"Name","count":64,"types":[{"name":"String","bsonType":"String","path":"Name","count":64,"total_count":0,"probability":1}],"total_count":64,"type":"String","has_duplicates":false,"probability":1},{"name":"StateId","path":"StateId","count":64,"types":[{"name":"Number","bsonType":"Number","path":"StateId","count":64,"total_count":0,"probability":1}],"total_count":64,"type":"Number","has_duplicates":false,"probability":1},{"name":"StateISO","path":"StateISO","count":64,"types":[{"name":"String","bsonType":"String","path":"StateISO","count":64,"total_count":0,"probability":1}],"total_count":64,"type":"String","has_duplicates":false,"probability":1}],"count":64}