[{"_id":"D0139A1D-069B-42D6-933E-03333F11554C","PermissionId":"D0139A1D-069B-42D6-933E-03333F11554C","ControllerName":"HotelMarket","Action":"View","Title":"HotelMarket"},{"_id":"DBBAC2FC-CD8A-4007-A41C-0593AC46DCE5","PermissionId":"DBBAC2FC-CD8A-4007-A41C-0593AC46DCE5","ControllerName":"ExportReport","Action":"Export","Title":"Export Reports\r\n"},{"_id":"E04C35F2-6A2C-456D-9BF2-06ED9308F69F","PermissionId":"E04C35F2-6A2C-456D-9BF2-06ED9308F69F","ControllerName":"EmailConfiguration","Action":"Add","Title":"Email Configuration List\r\n"},{"_id":"B8800EE4-7D9E-4842-88FA-080F9C97013E","PermissionId":"B8800EE4-7D9E-4842-88FA-080F9C97013E","ControllerName":"GLCode_RoomRevenue","Action":"View","Title":"Hotel Revenue GL Code List\r\n"},{"_id":"C4AC4FC6-B413-4403-892E-093408C6C8F3","PermissionId":"C4AC4FC6-B413-4403-892E-093408C6C8F3","ControllerName":"Pickup","Action":"View","Title":"Monthly Pickup Report"},{"_id":"614ACE02-65CD-4E25-93F3-09FFD074A6A1","PermissionId":"614ACE02-65CD-4E25-93F3-09FFD074A6A1","ControllerName":"QCLogReportBob","Action":"View","Title":"QCLogReportBob"},{"_id":"5B6EEFF4-7D72-48EE-BB8F-0F01A09D412D","PermissionId":"5B6EEFF4-7D72-48EE-BB8F-0F01A09D412D","ControllerName":"QCLogReportOtherRevenue","Action":"Export","Title":"QC Log Other Revenue Report"},{"_id":"4ADC26F0-4420-43D9-B5C1-0F95BE0608FC","PermissionId":"4ADC26F0-4420-43D9-B5C1-0F95BE0608FC","ControllerName":"MAPP","Action":"View","Title":"MAPP"},{"_id":"DE2047DA-107C-4C60-8C8B-1135C4E51A0E","PermissionId":"DE2047DA-107C-4C60-8C8B-1135C4E51A0E","ControllerName":"BroadcastMessage","Action":"View","Title":"Broadcast Message"},{"_id":"69CF389E-090E-446C-8743-13BC7EE0765D","PermissionId":"69CF389E-090E-446C-8743-13BC7EE0765D","ControllerName":"QCLogReportOtherRevenue","Action":"View","Title":"QC Log Other Revenue Report"},{"_id":"5515BDC9-109D-4F69-9405-14EE27941633","PermissionId":"5515BDC9-109D-4F69-9405-14EE27941633","ControllerName":"PickupReport","Action":"View","Title":"Pickup Report"},{"_id":"1EC47B7E-2253-441A-B77F-1588D02ADA26","PermissionId":"1EC47B7E-2253-441A-B77F-1588D02ADA26","ControllerName":"CategoryMapping","Action":"View","Title":"Category Mapping Report\r\n"},{"_id":"4EB8F9C6-E551-44D3-93FE-15E7F7DD19B1","PermissionId":"4EB8F9C6-E551-44D3-93FE-15E7F7DD19B1","ControllerName":"HotelMapping","Action":"Add","Title":"View Hotel Mapping\r\n"},{"_id":"E6391D97-79A8-4B89-9B3F-160F51DF278B","PermissionId":"E6391D97-79A8-4B89-9B3F-160F51DF278B","ControllerName":"Hotel","Action":"View","Title":"Hotel List\r\n"},{"_id":"337FD4EF-CE6B-4D0B-A364-16D14D2C7E5C","PermissionId":"337FD4EF-CE6B-4D0B-A364-16D14D2C7E5C","ControllerName":"MedalliaReport","Action":"View","Title":"Medallia Report\r\n"},{"_id":"53A6AC49-2E60-41B2-ADEE-181AE0C02505","PermissionId":"53A6AC49-2E60-41B2-ADEE-181AE0C02505","ControllerName":"OrganizationUser","Action":"Add","Title":"Add Organization User\r\n"},{"_id":"E07FCB0B-1063-4B57-8B50-18D13B650211","PermissionId":"E07FCB0B-1063-4B57-8B50-18D13B650211","ControllerName":"QCLogTrailBalance","Action":"Export","Title":"QC Log Trial Balance Report"},{"_id":"7FC01A48-9A9A-4FC6-9A17-1A552A2674B8","PermissionId":"7FC01A48-9A9A-4FC6-9A17-1A552A2674B8","ControllerName":"HotelEffectiveness","Action":"Edit","Title":"Hotel Effectiveness"},{"_id":"7D3C1493-0669-4797-A563-1AD3481C366D","PermissionId":"7D3C1493-0669-4797-A563-1AD3481C366D","ControllerName":"ARAging","Action":"Add","Title":"Add AR Aging Data\r\n"},{"_id":"451454B3-10A1-4097-9029-21120952F6C9","PermissionId":"451454B3-10A1-4097-9029-21120952F6C9","ControllerName":"Vendor","Action":"Edit","Title":"Vendor List\r\n"},{"_id":"52019A03-800D-4CC9-BB64-221ADC544AFF","PermissionId":"52019A03-800D-4CC9-BB64-221ADC544AFF","ControllerName":"HotelBudget","Action":"View","Title":"Hotel Budget & Forecast List\r\n"},{"_id":"38BF0F5A-5D16-49B8-9182-224926F9533C","PermissionId":"38BF0F5A-5D16-49B8-9182-224926F9533C","ControllerName":"Configuration","Action":"View","Title":"Configurations\r\n"},{"_id":"D541465C-2F4F-42A2-A898-22A0116F83BB","PermissionId":"D541465C-2F4F-42A2-A898-22A0116F83BB","ControllerName":"PLStatement_ForcastBudget","Action":"View","Title":"Profit And Loss Statement - Budget Forcast Report"},{"_id":"0C8ACD31-E030-48CC-A3E1-235976DA31CB","PermissionId":"0C8ACD31-E030-48CC-A3E1-235976DA31CB","ControllerName":"MAPPEmailConfiguration","Action":"View","Title":"MAPP Email Configuration"},{"_id":"22B6DA1F-A059-44AD-B61F-24FCD1AAE399","PermissionId":"22B6DA1F-A059-44AD-B61F-24FCD1AAE399","ControllerName":"SessionReport","Action":"Export","Title":"Session Report\r\n"},{"_id":"462AB9A4-B270-4D7D-84F8-2753371982CC","PermissionId":"462AB9A4-B270-4D7D-84F8-2753371982CC","ControllerName":"HotelGroup","Action":"View","Title":"Hotel Group List\r\n"},{"_id":"95CEDB35-D55F-4485-8503-29C73CA4B0F6","PermissionId":"95CEDB35-D55F-4485-8503-29C73CA4B0F6","ControllerName":"HotelBudgetStats","Action":"View","Title":"Hotel Budget Report\r\n"},{"_id":"AEC4D16B-887C-4246-B293-2B2762AD4249","PermissionId":"AEC4D16B-887C-4246-B293-2B2762AD4249","ControllerName":"ImportLogReport","Action":"Export","Title":"Import Log Report\r\n"},{"_id":"F3185F4D-4618-4AD9-A9EA-2B7699D9D38D","PermissionId":"F3185F4D-4618-4AD9-A9EA-2B7699D9D38D","ControllerName":"LaborMGMT","Action":"View","Title":"Labor MGMT"},{"_id":"3C5C2FBA-8628-40D4-B331-2D9022ED3FE1","PermissionId":"3C5C2FBA-8628-40D4-B331-2D9022ED3FE1","ControllerName":"Organization","Action":"Edit","Title":"Organization/Company List\r\n"},{"_id":"82F527C5-ACD9-4B8C-82ED-2DCA0F28A7C3","PermissionId":"82F527C5-ACD9-4B8C-82ED-2DCA0F28A7C3","ControllerName":"AvendraAlert","Action":"View","Title":"AvendraAlert\r\n"},{"_id":"2B32D1C5-E8F6-454E-A5C4-2F1EF0F2E8F2","PermissionId":"2B32D1C5-E8F6-454E-A5C4-2F1EF0F2E8F2","ControllerName":"DailyDataHotel","Action":"Delete","Title":"Hotel Mapping List\r\n"},{"_id":"B30B9917-E0B4-4C08-A267-31F89D8980E3","PermissionId":"B30B9917-E0B4-4C08-A267-31F89D8980E3","ControllerName":"Revinate","Action":"View","Title":"Revinate\r\n"},{"_id":"0786A2BF-34CA-4C04-ABAC-35FCA62DF0F2","PermissionId":"0786A2BF-34CA-4C04-ABAC-35FCA62DF0F2","ControllerName":"CashRevenue","Action":"Edit","Title":"Cash Data List\r\n"},{"_id":"267A3E69-EEBA-4510-9AC0-3616E1991672","PermissionId":"267A3E69-EEBA-4510-9AC0-3616E1991672","ControllerName":"Department","Action":"View","Title":"Department List\r\n"},{"_id":"E7BC975D-22C2-491B-ACCF-362EF91DE4BE","PermissionId":"E7BC975D-22C2-491B-ACCF-362EF91DE4BE","ControllerName":"OtherIncomeRevenue","Action":"Edit","Title":"Other Income List\r\n"},{"_id":"CD59BEDF-B3BB-4687-B870-3694CAA82FD6","PermissionId":"CD59BEDF-B3BB-4687-B870-3694CAA82FD6","ControllerName":"PagePermission","Action":"View","Title":"Sytem Permission Page\r\n"},{"_id":"E50D1A8C-CD48-4400-8B61-371D1A1D172B","PermissionId":"E50D1A8C-CD48-4400-8B61-371D1A1D172B","ControllerName":"Users","Action":"Edit","Title":"User List\r\n"},{"_id":"8DBAE9A2-627B-46AC-BD62-3A19BE1E4712","PermissionId":"8DBAE9A2-627B-46AC-BD62-3A19BE1E4712","ControllerName":"UserBasedPermission","Action":"Edit","Title":"User Based Permission"},{"_id":"383FA50B-E88A-47FC-86E0-3B3ACCA3AEE9","PermissionId":"383FA50B-E88A-47FC-86E0-3B3ACCA3AEE9","ControllerName":"ProfitData","Action":"Edit","Title":"Profit Data List\r\n"},{"_id":"F61DCFA8-708F-40A5-8EE7-3BC6762EAEB2","PermissionId":"F61DCFA8-708F-40A5-8EE7-3BC6762EAEB2","ControllerName":"SortPdfColumn","Action":"Add","Title":"SortPdfColumn\r\n"},{"_id":"9133101C-6D5E-4434-AEA9-3C2BC624A7A8","PermissionId":"9133101C-6D5E-4434-AEA9-3C2BC624A7A8","ControllerName":"FoodBeverageRevenue","Action":"Edit","Title":"Email Escalation Configuration List\r\n"},{"_id":"F463F4AF-DDBD-4001-8C45-3DB150A46180","PermissionId":"F463F4AF-DDBD-4001-8C45-3DB150A46180","ControllerName":"Users","Action":"Add","Title":"User List\r\n"},{"_id":"6F1D9C01-71B6-4AEB-8CA7-3E30037FB36A","PermissionId":"6F1D9C01-71B6-4AEB-8CA7-3E30037FB36A","ControllerName":"RoleBasedPermission","Action":"View","Title":"Role Based Permission"},{"_id":"8A2B2516-B4D4-46A8-8673-3EE9A93D7B86","PermissionId":"8A2B2516-B4D4-46A8-8673-3EE9A93D7B86","ControllerName":"Adjustment","Action":"View","Title":"Adjustment RollUp Report\t"},{"_id":"BB18E35F-D866-4A66-BF34-3EF4989F18B2","PermissionId":"BB18E35F-D866-4A66-BF34-3EF4989F18B2","ControllerName":"Support","Action":"View","Title":"Contact Support\r\n"},{"_id":"125EEEAD-6174-40C2-A188-4292E6FEA6DA","PermissionId":"125EEEAD-6174-40C2-A188-4292E6FEA6DA","ControllerName":"ImportReport","Action":"Import","Title":"Import Hotel\r\n"},{"_id":"CDC5DEFF-008E-45D8-A586-46CF01B8DA85","PermissionId":"CDC5DEFF-008E-45D8-A586-46CF01B8DA85","ControllerName":"DailyDataHotel","Action":"Edit","Title":"Hotel Mapping List\r\n"},{"_id":"4717913D-FA14-47F9-9157-46F25452C229","PermissionId":"4717913D-FA14-47F9-9157-46F25452C229","ControllerName":"HotelServices","Action":"Edit","Title":"Hotel Services List\r\n"},{"_id":"B2BBB6F0-5049-46F4-8C8C-4830D10952F4","PermissionId":"B2BBB6F0-5049-46F4-8C8C-4830D10952F4","ControllerName":"CashRevenue","Action":"View","Title":"Cash Data List\r\n"},{"_id":"505CBF4D-A66A-4B88-8FB5-4C6F992AF781","PermissionId":"505CBF4D-A66A-4B88-8FB5-4C6F992AF781","ControllerName":"PickupReport","Action":"Export","Title":"Pickup Report"},{"_id":"56FD64FE-29B1-461C-9384-4CB08EDBB9B1","PermissionId":"56FD64FE-29B1-461C-9384-4CB08EDBB9B1","ControllerName":"BroadcastMessage","Action":"Add","Title":"Broadcast Message"},{"_id":"E726CAEA-325B-476D-BE38-4D17A8D4CC52","PermissionId":"E726CAEA-325B-476D-BE38-4D17A8D4CC52","ControllerName":"OtherIncomeRevenue","Action":"View","Title":"Other Income List\r\n"},{"_id":"A20C6D47-C181-41C3-949B-4D9484B3E9B2","PermissionId":"A20C6D47-C181-41C3-949B-4D9484B3E9B2","ControllerName":"ProfitData","Action":"View","Title":"Profit Data List\r\n"},{"_id":"6E8F893D-8CC7-4468-AD99-4F0918243991","PermissionId":"6E8F893D-8CC7-4468-AD99-4F0918243991","ControllerName":"HotelServices","Action":"View","Title":"Hotel Services List\r\n"},{"_id":"E22D3FDA-D78A-41F8-95AB-4FB619450E73","PermissionId":"E22D3FDA-D78A-41F8-95AB-4FB619450E73","ControllerName":"QuickBooksDesktopBill","Action":"View","Title":"Accounting Tool\r\n"},{"_id":"F28F4B17-2FE6-43D9-AE43-50A67C50FB68","PermissionId":"F28F4B17-2FE6-43D9-AE43-50A67C50FB68","ControllerName":"FoodBeverageRevenue","Action":"Add","Title":"Email Escalation Configuration List\r\n"},{"_id":"38EDE257-81D4-4D55-B2B1-50E578162E4B","PermissionId":"38EDE257-81D4-4D55-B2B1-50E578162E4B","ControllerName":"PortfolioDashboard","Action":"Export","Title":"Portfolio"},{"_id":"43E4CA6E-5A26-436D-9FB3-515EAB78ED25","PermissionId":"43E4CA6E-5A26-436D-9FB3-515EAB78ED25","ControllerName":"SessionReport","Action":"View","Title":"Session Report\r\n"},{"_id":"D107C225-899C-42FD-B767-5378ED5A986B","PermissionId":"D107C225-899C-42FD-B767-5378ED5A986B","ControllerName":"GuestLedgerData","Action":"Add","Title":"General Ledger Data List\r\n"},{"_id":"8260D57A-0ECF-4DB6-8E8A-56D4A3A1B3C8","PermissionId":"8260D57A-0ECF-4DB6-8E8A-56D4A3A1B3C8","ControllerName":"EmailReportLogs","Action":"View","Title":"Email Log Report\r\n"},{"_id":"1164D0D0-5400-4F0B-8BCE-575313473860","PermissionId":"1164D0D0-5400-4F0B-8BCE-575313473860","ControllerName":"TrustYouSurvey","Action":"View","Title":"TrustYou Survey\r\n"},{"_id":"CD3C9951-49A6-427B-94F3-5B4EC7B08057","PermissionId":"CD3C9951-49A6-427B-94F3-5B4EC7B08057","ControllerName":"PortfolioDashboard","Action":"View","Title":"Portfolio"},{"_id":"F8E2A697-8ADF-4DFC-9993-5DF8EB3F333C","PermissionId":"F8E2A697-8ADF-4DFC-9993-5DF8EB3F333C","ControllerName":"OOOData","Action":"View","Title":"OOO/Comp Room List\r\n"},{"_id":"A8A1C0EB-FA91-4FA1-8C25-5FFD649BAFB7","PermissionId":"A8A1C0EB-FA91-4FA1-8C25-5FFD649BAFB7","ControllerName":"Labor","Action":"View","Title":"Labor\r\n"},{"_id":"3D6A29DB-97B6-4C50-AD13-615F470611D6","PermissionId":"3D6A29DB-97B6-4C50-AD13-615F470611D6","ControllerName":"HotelEffectiveness","Action":"Add","Title":"Hotel Effectiveness"},{"_id":"79EAA183-E3D2-4361-9465-617A20511DA7","PermissionId":"79EAA183-E3D2-4361-9465-617A20511DA7","ControllerName":"STRReport","Action":"Export","Title":"STR Report\r\n "},{"_id":"2B042E2F-B63A-48A6-9ED6-64E4D3D04509","PermissionId":"2B042E2F-B63A-48A6-9ED6-64E4D3D04509","ControllerName":"RoomRevenue","Action":"Edit","Title":"Room Revenue List"},{"_id":"E57F2B71-B908-43A2-BA07-65358F1F86E5","PermissionId":"E57F2B71-B908-43A2-BA07-65358F1F86E5","ControllerName":"HotelBudget","Action":"Edit","Title":"Hotel Budget & Forecast List\r\n"},{"_id":"18A7D363-E683-48F1-A933-6595F7DE4A91","PermissionId":"18A7D363-E683-48F1-A933-6595F7DE4A91","ControllerName":"PLStatement_YearlyReport","Action":"View","Title":"Profit And Loss Statement - Yearly Report"},{"_id":"B62A9DF8-6506-45CE-B062-690D56310C81","PermissionId":"B62A9DF8-6506-45CE-B062-690D56310C81","ControllerName":"GLCode_RoomRevenue","Action":"Edit","Title":"Hotel Revenue GL Code List\r\n"},{"_id":"2D10FEE5-0259-4128-A5A1-6C449474C4EA","PermissionId":"2D10FEE5-0259-4128-A5A1-6C449474C4EA","ControllerName":"CashDescription","Action":"Add","Title":"Cash/Check Total List\r\n"},{"_id":"66ACA65B-5DA3-4D05-8216-6F4A6D4C3EE7","PermissionId":"66ACA65B-5DA3-4D05-8216-6F4A6D4C3EE7","ControllerName":"ForecastReport","Action":"View","Title":"30/60/90 Report\r\n"},{"_id":"11C3C6DD-8972-41F5-A6B5-71A770CCBB05","PermissionId":"11C3C6DD-8972-41F5-A6B5-71A770CCBB05","ControllerName":"FoodBeverageRevenue","Action":"View","Title":"Food & Beverage Revenue List\r\n"},{"_id":"81737B84-BC8B-42A5-9A90-750DF4C52BF1","PermissionId":"81737B84-BC8B-42A5-9A90-750DF4C52BF1","ControllerName":"PLStatement_MonthlyReport","Action":"View","Title":"Profit And Loss Statement - Monthly Report"},{"_id":"032A0C91-E3C3-4D7D-AAD3-752F49D9624E","PermissionId":"032A0C91-E3C3-4D7D-AAD3-752F49D9624E","ControllerName":"ExpenseFormConfiguration","Action":"Add","Title":"Add Expense Form Configuration\r\n"},{"_id":"12FEAEAC-8381-407C-AF74-775E065EF442","PermissionId":"12FEAEAC-8381-407C-AF74-775E065EF442","ControllerName":"UserHotelMapping","Action":"Add","Title":"User Hotel Mapping List\r\n"},{"_id":"944DA64E-816C-42EE-82CF-78D453279CA9","PermissionId":"944DA64E-816C-42EE-82CF-78D453279CA9","ControllerName":"PagePermission","Action":"Add","Title":"Sytem Permission Page\r\n"},{"_id":"B402503C-C703-4DFF-B4AB-797D955C9413","PermissionId":"B402503C-C703-4DFF-B4AB-797D955C9413","ControllerName":"HotelGroup","Action":"Edit","Title":"Hotel Group List\r\n"},{"_id":"50A9BF02-B777-4883-A710-7A1E7BE530F7","PermissionId":"50A9BF02-B777-4883-A710-7A1E7BE530F7","ControllerName":"ReviewProReport","Action":"View","Title":"Review Pro Report\r\n"},{"_id":"BF760717-4C28-4EDF-AC55-7E812A35182D","PermissionId":"BF760717-4C28-4EDF-AC55-7E812A35182D","ControllerName":"UserBasedPermission","Action":"Add","Title":"User Based Permission"},{"_id":"881B8F14-68D4-498B-B2F5-7EA01918979A","PermissionId":"881B8F14-68D4-498B-B2F5-7EA01918979A","ControllerName":"AccountingToolLog","Action":"View","Title":"Log Report\r\n"},{"_id":"36AB6CC9-3DFC-4011-8853-7EFEFF09F4B8","PermissionId":"36AB6CC9-3DFC-4011-8853-7EFEFF09F4B8","ControllerName":"LaborRollUp","Action":"View","Title":"Labor RollUp Report"},{"_id":"7837C5A4-5C1E-430C-9E61-7FCB9B5BA2C5","PermissionId":"7837C5A4-5C1E-430C-9E61-7FCB9B5BA2C5","ControllerName":"Admin","Action":"Edit","Title":"Revenue Breakdown"},{"_id":"6E002C6F-8A3C-4C74-9D0B-81EAB2C730DB","PermissionId":"6E002C6F-8A3C-4C74-9D0B-81EAB2C730DB","ControllerName":"TrialBalanceBreakDown","Action":"Export","Title":"TrialBalance BreakDown\r\n"},{"_id":"130CAE35-BFD9-4735-B9F6-82D36753B5EC","PermissionId":"130CAE35-BFD9-4735-B9F6-82D36753B5EC","ControllerName":"FailedEmailReportLogs","Action":"View","Title":"Failed Email Log Report\r\n"},{"_id":"B2BE93F3-6D14-455F-99F6-82F204F46E51","PermissionId":"B2BE93F3-6D14-455F-99F6-82F204F46E51","ControllerName":"RoleBasedPermission","Action":"Edit","Title":"Edit Role Based Permission\r\n"},{"_id":"F3AD84AA-A046-4527-87C6-83D7399C2301","PermissionId":"F3AD84AA-A046-4527-87C6-83D7399C2301","ControllerName":"OtherIncomeRevenue","Action":"Add","Title":"Other Income List\r\n"},{"_id":"58CA0C83-A6E3-49E4-BFA2-85F6FEFCA974","PermissionId":"58CA0C83-A6E3-49E4-BFA2-85F6FEFCA974","ControllerName":"Property","Action":"View","Title":"Property\r\n"},{"_id":"415788A3-01FD-422A-B163-876A7AFD3B0C","PermissionId":"415788A3-01FD-422A-B163-876A7AFD3B0C","ControllerName":"CashDescription","Action":"View","Title":"Cash/Check Total List\r\n"},{"_id":"2B478C6D-E634-400E-B222-87AE55104CE3","PermissionId":"2B478C6D-E634-400E-B222-87AE55104CE3","ControllerName":"BroadcastMessage","Action":"Edit","Title":"Broadcast Message"},{"_id":"E9260ACB-A7D2-484A-9CA8-87B253097A37","PermissionId":"E9260ACB-A7D2-484A-9CA8-87B253097A37","ControllerName":"ProfitData","Action":"Add","Title":"Profit Data List\r\n"},{"_id":"B7B5A700-0294-466B-A261-8959131E87E9","PermissionId":"B7B5A700-0294-466B-A261-8959131E87E9","ControllerName":"Scorecard","Action":"View","Title":"Scorecard"},{"_id":"97AAB7B0-CDFE-4798-8A7A-89DC406BD7D5","PermissionId":"97AAB7B0-CDFE-4798-8A7A-89DC406BD7D5","ControllerName":"CashDescription","Action":"Edit","Title":"Cash/Check Total List\r\n"},{"_id":"3950D4ED-803B-4C9F-B085-8F3421D3AE9B","PermissionId":"3950D4ED-803B-4C9F-B085-8F3421D3AE9B","ControllerName":"Department","Action":"Edit","Title":"Department List\r\n"},{"_id":"9B67EE0E-5B6D-4BEF-8C47-8F392EE78BEC","PermissionId":"9B67EE0E-5B6D-4BEF-8C47-8F392EE78BEC","ControllerName":"RoomRevenue","Action":"Add","Title":"Room Revenue List"},{"_id":"7FF44847-9DD6-4D09-A46F-929BCB5BB436","PermissionId":"7FF44847-9DD6-4D09-A46F-929BCB5BB436","ControllerName":"QCLogReportRoomRevenue","Action":"View","Title":"QC Log Room Revenue Report"},{"_id":"0D365733-85A1-4562-AC08-962C2587E872","PermissionId":"0D365733-85A1-4562-AC08-962C2587E872","ControllerName":"ProfitData","Action":"Import","Title":"Profit Data List\r\n"},{"_id":"6F8F417E-A863-4807-B237-986325FAB42E","PermissionId":"6F8F417E-A863-4807-B237-986325FAB42E","ControllerName":"Hotel","Action":"Edit","Title":"Hotel List\r\n"},{"_id":"3EA3C747-E0EC-45DD-8661-9A2175C645E4","PermissionId":"3EA3C747-E0EC-45DD-8661-9A2175C645E4","ControllerName":"HotelMapping","Action":"View","Title":"View Hotel Mapping\r\n"},{"_id":"34A17317-D640-4B3A-8402-9B42F1DF7FE9","PermissionId":"34A17317-D640-4B3A-8402-9B42F1DF7FE9","ControllerName":"TaxData","Action":"View","Title":"Tax Data List\r\n"},{"_id":"348C10E7-0839-4DBA-B579-9B85FAB3F56C","PermissionId":"348C10E7-0839-4DBA-B579-9B85FAB3F56C","ControllerName":"SummeryReport","Action":"View","Title":"Summery Report\r\n"},{"_id":"251417FB-2C0D-45A2-9160-9CCEA95C8BAD","PermissionId":"251417FB-2C0D-45A2-9160-9CCEA95C8BAD","ControllerName":"Users","Action":"View","Title":"User List\r\n"},{"_id":"E1B5CEA9-466B-4D26-9E3F-9F19DCACB199","PermissionId":"E1B5CEA9-466B-4D26-9E3F-9F19DCACB199","ControllerName":"Organization","Action":"View","Title":"Organization/Company List\r\n"},{"_id":"65AF22F4-8839-41D8-B683-A10C47FD7F65","PermissionId":"65AF22F4-8839-41D8-B683-A10C47FD7F65","ControllerName":"STRWeekly","Action":"View","Title":"STR Report\r\n"},{"_id":"1FCEE808-EC5E-40EF-860F-A14948CC345A","PermissionId":"1FCEE808-EC5E-40EF-860F-A14948CC345A","ControllerName":"QCLogReportFNBRevenue","Action":"View","Title":"QC Log FNB Revenue Report"},{"_id":"F9634440-3D9C-4B6F-8456-A1E6B6296CC9","PermissionId":"F9634440-3D9C-4B6F-8456-A1E6B6296CC9","ControllerName":"HotelServices","Action":"Add","Title":"Hotel Services List\r\n"},{"_id":"9A20DAB9-2191-41E9-966B-A6779180C830","PermissionId":"9A20DAB9-2191-41E9-966B-A6779180C830","ControllerName":"HotelDashboardCalculation","Action":"View","Title":"Hotel Dashboard Calculations\r\n"},{"_id":"5BBF0C72-4FCE-4577-BA1A-A790527FD4A2","PermissionId":"5BBF0C72-4FCE-4577-BA1A-A790527FD4A2","ControllerName":"HotelBudget","Action":"Add","Title":"Hotel Budget & Forecast List\r\n"},{"_id":"A1131984-3F36-43F3-9190-A896CFFB7286","PermissionId":"A1131984-3F36-43F3-9190-A896CFFB7286","ControllerName":"UserHotelMapping","Action":"View","Title":"User Hotel Mapping List\r\n"},{"_id":"DBF0B240-0EFC-4789-848B-A92928926EAF","PermissionId":"DBF0B240-0EFC-4789-848B-A92928926EAF","ControllerName":"TrialBalanceBreakDown","Action":"View","Title":"TrialBalance BreakDown\r\n"},{"_id":"27BF21BC-1571-4524-8573-AA5AFE5787E5","PermissionId":"27BF21BC-1571-4524-8573-AA5AFE5787E5","ControllerName":"UserHotelMapping","Action":"Delete","Title":"User Hotel Mapping List\r\n"},{"_id":"C447B35A-3C49-41B3-9BD4-AB2AB24FED66","PermissionId":"C447B35A-3C49-41B3-9BD4-AB2AB24FED66","ControllerName":"QCLogReportRoomRevenue","Action":"Export","Title":"QC Log Room Revenue Report"},{"_id":"B1059BD0-0EFA-4959-899F-ABA357BF18CB","PermissionId":"B1059BD0-0EFA-4959-899F-ABA357BF18CB","ControllerName":"HistoryForecastReport","Action":"Export","Title":"Export History Forecast Report\r\n"},{"_id":"715DBA5E-8EF6-4A56-836E-ACCBD9904FE3","PermissionId":"715DBA5E-8EF6-4A56-836E-ACCBD9904FE3","ControllerName":"RoleBasedPermission","Action":"Add","Title":"Add Role Based Permission\r\n"},{"_id":"97926DA9-36B0-4A64-A2F1-ACD5E2EAE4EE","PermissionId":"97926DA9-36B0-4A64-A2F1-ACD5E2EAE4EE","ControllerName":"Organization","Action":"Add","Title":"Organization/Company List\r\n"},{"_id":"D0A0EE3F-60A3-40F2-B61C-AD1399014A95","PermissionId":"D0A0EE3F-60A3-40F2-B61C-AD1399014A95","ControllerName":"TaxData","Action":"Edit","Title":"Tax Data List\r\n"},{"_id":"F8D6730F-6559-4DCC-B73C-AE0AFD033549","PermissionId":"F8D6730F-6559-4DCC-B73C-AE0AFD033549","ControllerName":"GuestLedgerData","Action":"Edit","Title":"General Ledger Data List\r\n"},{"_id":"6AC04B0C-C3A4-40FB-999D-AEC7FAB3DBE7","PermissionId":"6AC04B0C-C3A4-40FB-999D-AEC7FAB3DBE7","ControllerName":"PortfolioDashboard","Action":"Edit","Title":"Portfolio"},{"_id":"8FE6E427-7720-4CE9-97BE-AF2E1602AB18","PermissionId":"8FE6E427-7720-4CE9-97BE-AF2E1602AB18","ControllerName":"MissingDates","Action":"Export","Title":"Missing Dates Report\r\n"},{"_id":"71AAE565-9685-4092-9125-AF2F1120AA3C","PermissionId":"71AAE565-9685-4092-9125-AF2F1120AA3C","ControllerName":"STRWeekly","Action":"Export","Title":"STR Report\r\n"},{"_id":"9720ACF4-96B3-4C1D-ACA7-AFB860D2F93D","PermissionId":"9720ACF4-96B3-4C1D-ACA7-AFB860D2F93D","ControllerName":"GuestLedgerData","Action":"View","Title":"General Ledger Data List\r\n"},{"_id":"E044368D-1C40-46DD-9C2A-B341C63EE2AB","PermissionId":"E044368D-1C40-46DD-9C2A-B341C63EE2AB","ControllerName":"BroadcastMessage","Action":"Delete","Title":"Broadcast Message"},{"_id":"F26C8E43-E05E-48B5-9D83-B7553892D81B","PermissionId":"F26C8E43-E05E-48B5-9D83-B7553892D81B","ControllerName":"TaxData","Action":"Add","Title":"Tax Data List\r\n"},{"_id":"1BC7C43F-673A-439C-B4E8-B7F9DBB471A0","PermissionId":"1BC7C43F-673A-439C-B4E8-B7F9DBB471A0","ControllerName":"Trends","Action":"View","Title":"Trends\r\n"},{"_id":"A4D7A374-0BA3-4AAB-BC2B-B8334CC29841","PermissionId":"A4D7A374-0BA3-4AAB-BC2B-B8334CC29841","ControllerName":"Vendor","Action":"View","Title":"Vendor List\r\n"},{"_id":"A1280565-C54D-4D7B-84C2-B836941DA1ED","PermissionId":"A1280565-C54D-4D7B-84C2-B836941DA1ED","ControllerName":"TrialBalanceBreakDown","Action":"Sync","Title":"TrialBalance BreakDown\r\n"},{"_id":"4AAB82B3-0516-4D0C-B9F8-BDA291FFE380","PermissionId":"4AAB82B3-0516-4D0C-B9F8-BDA291FFE380","ControllerName":"RoomRevenue","Action":"View","Title":"Room Revenue List"},{"_id":"D700A78F-7B34-420A-BEA4-BFBDCE074648","PermissionId":"D700A78F-7B34-420A-BEA4-BFBDCE074648","ControllerName":"EmailConfiguration","Action":"View","Title":"Email Configuration List\r\n"},{"_id":"E623E67F-390C-4A9F-8E91-C0F7ABD5B1DC","PermissionId":"E623E67F-390C-4A9F-8E91-C0F7ABD5B1DC","ControllerName":"HotelGroup","Action":"Delete","Title":"Hotel Group List\r\n"},{"_id":"E6CA6CA2-D636-4A06-81A4-C0F97E1075DB","PermissionId":"E6CA6CA2-D636-4A06-81A4-C0F97E1075DB","ControllerName":"QCLogReportTotalRevenue","Action":"Export","Title":null},{"_id":"EF0917FD-2C3A-4894-B968-C2E521B31EEB","PermissionId":"EF0917FD-2C3A-4894-B968-C2E521B31EEB","ControllerName":"OOOData","Action":"Edit","Title":"OOO/Comp Room List\r\n"},{"_id":"28246366-411B-4011-8971-C34D7E45D8D8","PermissionId":"28246366-411B-4011-8971-C34D7E45D8D8","ControllerName":"TrialBalanceBreakDown","Action":"Edit","Title":"TrialBalance BreakDown\r\n"},{"_id":"0C030DED-E330-48CE-869F-C39349DF5B2E","PermissionId":"0C030DED-E330-48CE-869F-C39349DF5B2E","ControllerName":"SalesAccount","Action":"View","Title":"Sales Acount View Pages"},{"_id":"0B0C0E00-FC8F-4283-B66A-C55152C7A740","PermissionId":"0B0C0E00-FC8F-4283-B66A-C55152C7A740","ControllerName":"OOOData","Action":"Add","Title":"OOO/Comp Room List\r\n"},{"_id":"1F09FDBC-5E57-48B0-8EA5-C98D6BC0637E","PermissionId":"1F09FDBC-5E57-48B0-8EA5-C98D6BC0637E","ControllerName":"QCLogReportTotalRevenue","Action":"View","Title":null},{"_id":"58D6A727-84DB-4B82-BF79-CB5C8606CEC2","PermissionId":"58D6A727-84DB-4B82-BF79-CB5C8606CEC2","ControllerName":"QCLogTrailBalance","Action":"View","Title":"QC Log Trial Balance Report"},{"_id":"0B6EF044-DFF2-4516-B731-CC4477988F10","PermissionId":"0B6EF044-DFF2-4516-B731-CC4477988F10","ControllerName":"HotelSourceTitles","Action":"Add","Title":"Set Revenue Source Titles\r\n"},{"_id":"C14ED19D-6963-4288-87B6-CFA20A8D843F","PermissionId":"C14ED19D-6963-4288-87B6-CFA20A8D843F","ControllerName":"Vendor","Action":"Add","Title":"Vendor List\r\n"},{"_id":"0E6F36E6-A674-443C-B833-D07300DFB3E3","PermissionId":"0E6F36E6-A674-443C-B833-D07300DFB3E3","ControllerName":"DailyDataHotel","Action":"View","Title":"Hotel Mapping List\r\n"},{"_id":"D38A7BAE-916E-4089-894F-D0B8B0A8C37A","PermissionId":"D38A7BAE-916E-4089-894F-D0B8B0A8C37A","ControllerName":"HotelReview","Action":"View","Title":"Hotel Reviews\r\n"},{"_id":"DC63270B-BFDD-4952-95F7-D54B5AABDBF2","PermissionId":"DC63270B-BFDD-4952-95F7-D54B5AABDBF2","ControllerName":"MAPP","Action":"Import","Title":"MAPP"},{"_id":"47151D24-CE05-4055-AAF6-D76D148F1643","PermissionId":"47151D24-CE05-4055-AAF6-D76D148F1643","ControllerName":"CashRevenue","Action":"Add","Title":"Cash Data List\r\n"},{"_id":"6E7B07DF-219D-493A-85B4-D7B085C28142","PermissionId":"6E7B07DF-219D-493A-85B4-D7B085C28142","ControllerName":"HotelMarket","Action":"Import","Title":"HotelMarket"},{"_id":"777B97AF-2F72-4038-8E87-D8804AB5B437","PermissionId":"777B97AF-2F72-4038-8E87-D8804AB5B437","ControllerName":"EmailEscalationConfiguration","Action":"Add","Title":"Email Escalation Configuration List\r\n"},{"_id":"6A03C112-BCCC-4C39-A203-DBD576454EA0","PermissionId":"6A03C112-BCCC-4C39-A203-DBD576454EA0","ControllerName":"QCLogReportFNBRevenue","Action":"Export","Title":"QC Log FNB Revenue Report"},{"_id":"6BA20A98-F079-4029-B5FA-E6DEDF14A3E3","PermissionId":"6BA20A98-F079-4029-B5FA-E6DEDF14A3E3","ControllerName":"EmailEscalationConfiguration","Action":"View","Title":"Email Escalation Configuration List\r\n"},{"_id":"30721DBC-04B5-439D-B156-E8E008A83B60","PermissionId":"30721DBC-04B5-439D-B156-E8E008A83B60","ControllerName":"HistoryForecastReport","Action":"View","Title":"30/60/90 Report\r\n"},{"_id":"96A3CADC-9799-4D34-B233-EAE1B7D5CB41","PermissionId":"96A3CADC-9799-4D34-B233-EAE1B7D5CB41","ControllerName":"ImportLogReport","Action":"View","Title":"Import Log Report\r\n"},{"_id":"24B91C42-FD08-4923-B156-EEAE486E6C7A","PermissionId":"24B91C42-FD08-4923-B156-EEAE486E6C7A","ControllerName":"PagePermission","Action":"Edit","Title":"Sytem Permission Page\r\n"},{"_id":"C91C220D-DF95-4CC5-A5BB-F07995C65287","PermissionId":"C91C220D-DF95-4CC5-A5BB-F07995C65287","ControllerName":"MAPPEmailConfiguration","Action":"Add","Title":"MAPP Email Configuration"},{"_id":"BD9F1E99-4AA9-47FF-AA4D-F427BF073F17","PermissionId":"BD9F1E99-4AA9-47FF-AA4D-F427BF073F17","ControllerName":"STRCompSet","Action":"Add","Title":"Add STRComp Set"},{"_id":"D88EBD0D-40F1-4E77-BDD7-F5A01286AEAF","PermissionId":"D88EBD0D-40F1-4E77-BDD7-F5A01286AEAF","ControllerName":"Department","Action":"Add","Title":"Department List\r\n"},{"_id":"9AB5CD62-7E5F-4EF0-8995-F5AD33EF6949","PermissionId":"9AB5CD62-7E5F-4EF0-8995-F5AD33EF6949","ControllerName":"Hotel","Action":"Add","Title":"Hotel List\r\n"},{"_id":"AEEE4882-7D2D-436B-89E4-F7391FFBA287","PermissionId":"AEEE4882-7D2D-436B-89E4-F7391FFBA287","ControllerName":"HotelOOORoomsStats","Action":"View","Title":"Hotel OOORooms Report\r\n"},{"_id":"1CDA25E1-94C9-44C7-B88A-FBBEE2E4943F","PermissionId":"1CDA25E1-94C9-44C7-B88A-FBBEE2E4943F","ControllerName":"GLCode_RoomRevenue","Action":"Add","Title":"Hotel Revenue GL Code List\r\n"},{"_id":"67130A4E-73C0-43B2-A0F2-FC4E78A101FD","PermissionId":"67130A4E-73C0-43B2-A0F2-FC4E78A101FD","ControllerName":"UserBasedPermission","Action":"View","Title":"User Based Permission"},{"_id":"D202BCBF-6241-497A-88FD-FCFF6325DFDE","PermissionId":"D202BCBF-6241-497A-88FD-FCFF6325DFDE","ControllerName":"HotelEffectiveness","Action":"View","Title":"Hotel Effectiveness"},{"_id":"F1BDA3C8-58FC-483D-AC5B-FD6FC8332112","PermissionId":"F1BDA3C8-58FC-483D-AC5B-FD6FC8332112","ControllerName":"VRU","Action":"View","Title":"VRU Report"},{"_id":"F1BDA3C8-58FC-483D-AC5B-FD9FC8332112","PermissionId":"F1BDA3C8-58FC-483D-AC5B-FD9FC8332112","ControllerName":"HotelGroup","Action":"Add","Title":"Hotel Group List\r\n"},{"_id":"F2D59949-C43E-479B-97B3-FDFC42B22CD3","PermissionId":"F2D59949-C43E-479B-97B3-FDFC42B22CD3","ControllerName":"MissingDates","Action":"View","Title":"Missing Dates Report\r\n"}]