{"fields":[{"name":"_id","path":"_id","count":20000,"types":[{"name":"Number","bsonType":"Number","path":"_id","count":20000,"total_count":0,"probability":1}],"total_count":20000,"type":"Number","has_duplicates":false,"probability":1},{"name":"AdrChgCompCurrentWeek","path":"AdrChgCompCurrentWeek","count":20000,"types":[{"name":"Number","bsonType":"Number","path":"AdrChgCompCurrentWeek","count":20000,"total_count":0,"probability":1}],"total_count":20000,"type":"Number","has_duplicates":false,"probability":1},{"name":"AdrChgCompRun28","path":"AdrChgCompRun28","count":20000,"types":[{"name":"Number","bsonType":"Number","path":"AdrChgCompRun28","count":20000,"total_count":0,"probability":1}],"total_count":20000,"type":"Number","has_duplicates":false,"probability":1},{"name":"AdrChgCompRunMTD","path":"AdrChgCompRunMTD","count":20000,"types":[{"name":"Number","bsonType":"Number","path":"AdrChgCompRunMTD","count":20000,"total_count":0,"probability":1}],"total_count":20000,"type":"Number","has_duplicates":false,"probability":1},{"name":"AdrChgMyPropCurrentWeek","path":"AdrChgMyPropCurrentWeek","count":20000,"types":[{"name":"Number","bsonType":"Number","path":"AdrChgMyPropCurrentWeek","count":20000,"total_count":0,"probability":1}],"total_count":20000,"type":"Number","has_duplicates":false,"probability":1},{"name":"AdrChgMyPropRun28","path":"AdrChgMyPropRun28","count":20000,"types":[{"name":"Number","bsonType":"Number","path":"AdrChgMyPropRun28","count":20000,"total_count":0,"probability":1}],"total_count":20000,"type":"Number","has_duplicates":false,"probability":1},{"name":"AdrChgMyPropRunMTD","path":"AdrChgMyPropRunMTD","count":20000,"types":[{"name":"Number","bsonType":"Number","path":"AdrChgMyPropRunMTD","count":20000,"total_count":0,"probability":1}],"total_count":20000,"type":"Number","has_duplicates":false,"probability":1},{"name":"AdrCompCurrentWeek","path":"AdrCompCurrentWeek","count":20000,"types":[{"name":"Number","bsonType":"Number","path":"AdrCompCurrentWeek","count":20000,"total_count":0,"probability":1}],"total_count":20000,"type":"Number","has_duplicates":false,"probability":1},{"name":"AdrCompRun28","path":"AdrCompRun28","count":20000,"types":[{"name":"Number","bsonType":"Number","path":"AdrCompRun28","count":20000,"total_count":0,"probability":1}],"total_count":20000,"type":"Number","has_duplicates":false,"probability":1},{"name":"AdrCompRunMTD","path":"AdrCompRunMTD","count":20000,"types":[{"name":"Number","bsonType":"Number","path":"AdrCompRunMTD","count":20000,"total_count":0,"probability":1}],"total_count":20000,"type":"Number","has_duplicates":false,"probability":1},{"name":"AdrIndexChgCurrentWeek","path":"AdrIndexChgCurrentWeek","count":20000,"types":[{"name":"Number","bsonType":"Number","path":"AdrIndexChgCurrentWeek","count":20000,"total_count":0,"probability":1}],"total_count":20000,"type":"Number","has_duplicates":false,"probability":1},{"name":"AdrIndexChgRun28","path":"AdrIndexChgRun28","count":20000,"types":[{"name":"Number","bsonType":"Number","path":"AdrIndexChgRun28","count":20000,"total_count":0,"probability":1}],"total_count":20000,"type":"Number","has_duplicates":false,"probability":1},{"name":"AdrIndexChgRunMTD","path":"AdrIndexChgRunMTD","count":20000,"types":[{"name":"Number","bsonType":"Number","path":"AdrIndexChgRunMTD","count":20000,"total_count":0,"probability":1}],"total_count":20000,"type":"Number","has_duplicates":false,"probability":1},{"name":"AdrIndexCurrentWeek","path":"AdrIndexCurrentWeek","count":20000,"types":[{"name":"Number","bsonType":"Number","path":"AdrIndexCurrentWeek","count":20000,"total_count":0,"probability":1}],"total_count":20000,"type":"Number","has_duplicates":false,"probability":1},{"name":"AdrIndexRun28","path":"AdrIndexRun28","count":20000,"types":[{"name":"Number","bsonType":"Number","path":"AdrIndexRun28","count":20000,"total_count":0,"probability":1}],"total_count":20000,"type":"Number","has_duplicates":false,"probability":1},{"name":"AdrIndexRunMTD","path":"AdrIndexRunMTD","count":20000,"types":[{"name":"Number","bsonType":"Number","path":"AdrIndexRunMTD","count":20000,"total_count":0,"probability":1}],"total_count":20000,"type":"Number","has_duplicates":false,"probability":1},{"name":"AdrMyPropCurrentWeek","path":"AdrMyPropCurrentWeek","count":20000,"types":[{"name":"Number","bsonType":"Number","path":"AdrMyPropCurrentWeek","count":20000,"total_count":0,"probability":1}],"total_count":20000,"type":"Number","has_duplicates":false,"probability":1},{"name":"AdrMyPropRun28","path":"AdrMyPropRun28","count":20000,"types":[{"name":"Number","bsonType":"Number","path":"AdrMyPropRun28","count":20000,"total_count":0,"probability":1}],"total_count":20000,"type":"Number","has_duplicates":false,"probability":1},{"name":"AdrMyPropRunMTD","path":"AdrMyPropRunMTD","count":20000,"types":[{"name":"Number","bsonType":"Number","path":"AdrMyPropRunMTD","count":20000,"total_count":0,"probability":1}],"total_count":20000,"type":"Number","has_duplicates":false,"probability":1},{"name":"AdrRankChgCurrentWeek","path":"AdrRankChgCurrentWeek","count":20000,"types":[{"name":"String","bsonType":"String","path":"AdrRankChgCurrentWeek","count":20000,"total_count":0,"probability":1}],"total_count":20000,"type":"String","has_duplicates":false,"probability":1},{"name":"AdrRankChgRun28","path":"AdrRankChgRun28","count":20000,"types":[{"name":"String","bsonType":"String","path":"AdrRankChgRun28","count":20000,"total_count":0,"probability":1}],"total_count":20000,"type":"String","has_duplicates":false,"probability":1},{"name":"AdrRankChgRunMTD","path":"AdrRankChgRunMTD","count":20000,"types":[{"name":"String","bsonType":"String","path":"AdrRankChgRunMTD","count":20000,"total_count":0,"probability":1}],"total_count":20000,"type":"String","has_duplicates":false,"probability":1},{"name":"AdrRankCurrentWeek","path":"AdrRankCurrentWeek","count":20000,"types":[{"name":"String","bsonType":"String","path":"AdrRankCurrentWeek","count":20000,"total_count":0,"probability":1}],"total_count":20000,"type":"String","has_duplicates":false,"probability":1},{"name":"AdrRankRun28","path":"AdrRankRun28","count":20000,"types":[{"name":"String","bsonType":"String","path":"AdrRankRun28","count":20000,"total_count":0,"probability":1}],"total_count":20000,"type":"String","has_duplicates":false,"probability":1},{"name":"AdrRankRunMTD","path":"AdrRankRunMTD","count":20000,"types":[{"name":"String","bsonType":"String","path":"AdrRankRunMTD","count":20000,"total_count":0,"probability":1}],"total_count":20000,"type":"String","has_duplicates":false,"probability":1},{"name":"Id","path":"Id","count":20000,"types":[{"name":"Number","bsonType":"Number","path":"Id","count":20000,"total_count":0,"probability":1}],"total_count":20000,"type":"Number","has_duplicates":false,"probability":1},{"name":"IsDelete","path":"IsDelete","count":20000,"types":[{"name":"Boolean","bsonType":"Boolean","path":"IsDelete","count":20000,"total_count":0,"probability":1}],"total_count":20000,"type":"Boolean","has_duplicates":false,"probability":1},{"name":"UpdatedBy","path":"UpdatedBy","count":20000,"types":[{"name":"String","bsonType":"String","path":"UpdatedBy","count":20000,"total_count":0,"probability":1}],"total_count":20000,"type":"String","has_duplicates":false,"probability":1},{"name":"UpdatedDateTime","path":"UpdatedDateTime","count":20000,"types":[{"name":"Date","bsonType":"Date","path":"UpdatedDateTime","count":20000,"total_count":0,"probability":1}],"total_count":20000,"type":"Date","has_duplicates":false,"probability":1}],"count":20000}