[{"_id":"5e96d063d80cb655a4b4ed10","userid":"2","templateid":"5e96c89bd80cb655a4b4ed0e","graphid":"Table","updated":"2020-04-15T09:14:11.738Z","__v":0},{"_id":"5e96dc807b6ee35aac345b4a","userid":"2","templateid":"5e8fc817dc9b142b9c12bf8","graphid":"Table","updated":"2020-04-15T10:05:52.612Z","__v":0},{"_id":"5e96dcec5553d55b8e35fb17","userid":"2","templateid":"5e8fc817dc9b142b9c12bf8","graphid":"Table","updated":"2020-04-15T10:07:40.930Z","__v":0},{"_id":"5e96dd221f3ea35be4db4490","userid":"2","templateid":"5e8fc817dc9b142b9c12bf8","graphid":"Table","updated":"2020-04-15T10:08:34.879Z","__v":0},{"_id":"5e96dd9f44fdd35c701176a4","userid":"2","templateid":"5e8fc817dc9b142b9c12bf8","graphid":"Table","updated":"2020-04-15T10:10:39.087Z","__v":0},{"_id":"5e96ddfa7661f25cc15d8613","userid":"2","templateid":"5e8fc817dc9b142b9c12bf8","graphid":"Table","updated":"2020-04-15T10:12:10.164Z","__v":0},{"_id":"5e96de1f250be45cf36ab559","userid":"2","templateid":"5e8fc817dc9b142b9c12bf8","graphid":"Table","updated":"2020-04-15T10:12:47.716Z","__v":0},{"_id":"5e96ce9f58e9fc4c246f7a13","__v":0,"graphid":"Table","templateid":"5e8fc817dc9b142b9c12bf8","updated":"2020-04-15T10:13:24.106Z","userid":"2"},{"_id":"5e96f89d2c47a8760ac80525","userid":"2","templateid":"5ed78ac84b58c317da9a89b9","graphid":"[[{'type':'Trend','props':{'dataKey':'adrLY$'}}],[{'type':'Break Down','props':{'dataKey':'adr'}},{'type':'Comparison Chart','props':{'dataKey':'adr','dataKey1':'adrLY$'}}]]","updated":"2020-06-03T12:08:21.713Z","__v":0},{"_id":"5e96f89d2c47a8760ac80526","userid":"248","templateid":"5e96f7aaf633c3063a04225c","graphid":"Template: [{type: 'Trend',props: {dataKey: 'adrLY$'},},{type: 'Table',props: {dataKey: 'adrBudget$'},},{type: 'Break Down',props: {dataKey: 'occBudgetper'}},],[{type: 'Comparison Chart',props: {dataKey: 'adrLY$', dataKey1: 'adr'}},{type: 'Gauge',props: {dataKey: 'occ'}},{type: 'Comparison Numbers',props: {dataKey: 'extendetstayocc', dataKey1: 'fandbrevenue$'}}]","updated":"2020-04-15T12:05:49.610Z","__v":0},{"_id":"5e96f8d02c47a8760ac80527","userid":"248","templateid":"5e96f7aaf633c3063a04225c","graphid":"Template: [{type: 'Trend',props: {dataKey: 'adrLY$'},},{type: 'Table',props: {dataKey: 'adrBudget$'},},{type: 'Break Down',props: {dataKey: 'occBudgetper'}},],[{type: 'Comparison Chart',props: {dataKey: 'adrLY$', dataKey1: 'adr'}},{type: 'Gauge',props: {dataKey: 'occ'}},{type: 'Comparison Numbers',props: {dataKey: 'extendetstayocc', dataKey1: 'fandbrevenue$'}}]","updated":"2020-04-15T12:06:40.622Z","__v":0},{"_id":"5ed7644008b28462725f512e","__v":0,"graphid":"[[{'type':'Table','props':{'dataKey':'adr'}}],[{'type':'Trend','props':{'dataKey':'adr'}},{'type':'Trend','props':{'dataKey':'adr'}}]]","templateid":"5e140e3bbf504f0978efc3a4","updated":"2020-06-04T07:41:36.025Z","userid":"3804"},{"_id":"5e140e3bbf504f0978efc3a4","__v":0,"graphid":"[[{'type':'Break Down','props':{'dataKey':'adrBudget$'}}],[{'type':'placeholder','props':{}},{'type':'placeholder','props':{}}]]","templateid":"new","updated":"2020-06-05T02:29:25.957Z","userid":"3804"},{"_id":"5ed8b5afcc9a990fd22012e6","__v":0,"graphid":"[[{'type':'Break Down','props':{'dataKey':'adrBudget$'}}],[{'type':'Comparison Chart','props':{'dataKey':'adr','dataKey1':'adrBudget$'}},{'type':'Gauge','props':{'dataKey':'adrLY$'}}]]","templateid":"5ed764a7acfcc563179fdf8b","updated":"2020-06-05T01:32:48.433Z","userid":"3804"},{"_id":"5ed764a7acfcc563179fdf8b","__v":0,"graphid":"[[{'type':'Break Down','props':{'dataKey':'adrBudget$'}}],[{'type':'Table','props':{'dataKey':'adrforcastvarience'}},{'type':'Gauge','props':{'dataKey':'adrLY$'}}]]","templateid":"5ed764a7acfcc563179fdf8b","updated":"2020-06-08T07:57:01.032Z","userid":"3804"},{"_id":"5ed9afc5e743da319ec2f1e2","__v":0,"graphid":"[[{'type':'Break Down','props':{'dataKey':'adr'}},{'type':'Trend','props':{'dataKey':'adrBudget$'}}],[{'type':'Comparison Numbers','props':{'dataKey':'adrLY$','dataKey1':'adrvarience%'}},{'type':'Table','props':{'dataKey':'fandbrevenueforcastvarience'}}]]","templateid":"5ed9afc5e743da319ec2f1e2","updated":"2020-06-08T14:42:08.942Z","userid":"3804"},{"_id":"5edbcbfd38d26c2e6b4e4c74","userid":"3804","templateid":"5edbcba938d26c2e6b4e4c73","graphid":"[[{'type':'Table','props':{'dataKey':'adrBudget$'}}],[{'type':'Comparison Chart','props':{'dataKey':'adr','dataKey1':'adrLY$'}},{'type':'Break Down','props':{'dataKey':'adrforcastvarience'}}]]","updated":"2020-06-06T17:01:49.432Z","__v":0},{"_id":"5edbcba938d26c2e6b4e4c73","__v":0,"graphid":"[[{'type':'Table','props':{'dataKey':'adrBudget$'}}],[{'type':'Gauge','props':{'dataKey':'numberofavailablerooms'}},{'type':'Break Down','props':{'dataKey':'adrforcastvarience'}}]]","templateid":"5edbcba938d26c2e6b4e4c73","updated":"2020-06-06T17:04:15.686Z","userid":"3804"},{"_id":"5eddf0a5ac609c33e48d9a80","userid":"3804","templateid":"5eddf06fac609c33e48d9a7f","graphid":"[[{'type':'Break Down','props':{'dataKey':'adr'}}],[{'type':'Table','props':{'dataKey':'adrBudget$'}},{'type':'placeholder','props':{}}]]","updated":"2020-06-08T09:26:47.857Z","__v":0},{"_id":"5eddf06fac609c33e48d9a7f","__v":0,"graphid":"[[{'type':'Break Down','props':{'dataKey':'adr'}}],[{'type':'Trend','props':{'dataKey':'adrBudget$'}},{'type':'placeholder','props':{}}]]","templateid":"5eddf06fac609c33e48d9a7f","updated":"2020-06-08T09:01:03.048Z","userid":"3804"},{"_id":"5ede05c1e7c6c44c086119d2","userid":"3804","templateid":"5e140e3bbf504f0978efc3a4","graphid":"[[{'type':'Table','props':{'dataKey':'adrBudget$'}}],[{'type':'Comparison Chart','props':{'dataKey':'adr','dataKey1':'adrBudget$'}},{'type':'Gauge','props':{'dataKey':'adrLY$'}}]]","updated":"2020-06-08T09:32:49.625Z","__v":0},{"_id":"5ede06b39facd44df7ef4f90","userid":"3804","templateid":"5ede06769facd44df7ef4f8f","graphid":"[[{'type':'Break Down','props':{'dataKey':'adrBudget$'}}],[{'type':'Comparison Numbers','props':{'dataKey':'adrBudget$','dataKey1':'adrLY$'}},{'type':'Table','props':{'dataKey':'adrBudget$'}}]]","updated":"2020-06-08T09:38:56.156Z","__v":0},{"_id":"5ede079ac908c54f52f3ad2b","userid":"3804","templateid":"5ede0773c908c54f52f3ad2a","graphid":"[[{'type':'Table','props':{'dataKey':'adrBudget$'}}],[{'type':'Break Down','props':{'dataKey':'adrLY$'}},{'type':'Gauge','props':{'dataKey':'adrforcastvarience'}}]]","updated":"2020-06-08T09:40:42.405Z","__v":0},{"_id":"5edf8926b7a6fd7084625c30","userid":"3804","templateid":"5edf88f4b7a6fd7084625c2f","graphid":"[[{'type':'Table','props':{'dataKey':'adrforcastvarience'}},{'type':'Comparison Chart','props':{'dataKey':'adrBudget$','dataKey1':'adrBudget$'}},{'type':'Comparison Numbers','props':{'dataKey':'adr','dataKey1':'extendetstayoccLY'}}],[{'type':'Break Down','props':{'dataKey':'adrLY$'}},{'type':'Gauge','props':{'dataKey':'adrvarience%'}}]]","updated":"2020-07-22T08:20:42.117Z","__v":0},{"_id":"5eed8c0df1c59005201a7044","userid":"3804","templateid":"5eed8ad3f1c59005201a7043","graphid":"[[{'type':'Break Down','props':{'dataKey':'fandbrevenue$'}},{'type':'Comparison Numbers','props':{'dataKey':'occ','dataKey1':'occBudgetper'}}],[{'type':'Trend','props':{'dataKey':'adr'}},{'type':'placeholder','props':{}},{'type':'placeholder','props':{}}]]","updated":"2020-07-23T09:39:56.053Z","__v":0},{"_id":"5ef3f17092de8142a0caf1c1","userid":"3804","templateid":"5ef3f06392de8142a0caf1c0","graphid":"[[{'type':'Comparison Chart','props':{'dataKey':'adr','dataKey1':'adrLY$'}}],[{'type':'Trend','props':{'dataKey':'adrBudget$'}},{'type':'Break Down','props':{'dataKey':'adrvarience'}}],[{'type':'Table','props':{}},{'type':'Comparison Numbers','props':{'dataKey':'esroomsold','dataKey1':'esroomsold'}}],[{'type':'Gauge','props':{'dataKey':'extendetstayadr'}},{'type':'Comparison Chart','props':{'dataKey':'revparbudgetvarience','dataKey1':'adrBudget$'}}],[{'type':'Gauge','props':{'dataKey':'adr'}},{'type':'Gauge','props':{'dataKey':'totalrevenuebudget'}}],[{'type':'Gauge','props':{'dataKey':'adrLY$'}},{'type':'Gauge','props':{'dataKey':'adrforcastvarience'}}]]","updated":"2020-06-25T00:36:00.755Z","__v":0},{"_id":"5ef459c4d61ac7354e0679cf","userid":"3804","templateid":"5ef43e87d61ac7354e0679ce","graphid":"[[{'type':'Break Down','props':{'dataKey':'adrBudget$'}},{'type':'Comparison Chart','props':{'dataKey':'adrBudget$','dataKey1':'adr'}}],[{'type':'Comparison Chart','props':{'dataKey':'adrLY$','dataKey1':'adrforcastvarience'}}],[{'type':'Comparison Chart','props':{'dataKey':'adrLY$','dataKey1':'adr'}},{'type':'Gauge','props':{'dataKey':'adrBudget$'}}],[{'type':'Comparison Numbers','props':{'dataKey':'adrBudget$','dataKey1':'adrforcastvarience'}},{'type':'Comparison Chart','props':{'dataKey':'roomrevenuebudgetvarience','dataKey1':'adrBudget$'}},{'type':'Table','props':{'dataKey':'adrLY$'}}],[{'type':'Comparison Chart','props':{}},{'type':'placeholder','props':{}}],[{'type':'placeholder','props':{}},{'type':'placeholder','props':{}}]]","updated":"2020-06-25T08:01:08.637Z","__v":0},{"_id":"5ef45da402aa5556b6ba4bb8","userid":"3804","templateid":"5ef45d5f02aa5556b6ba4bb7","graphid":"[[{'type':'Comparison Chart','props':{'dataKey':'adrBudget$','dataKey1':''}}],[{'type':'Table','props':{'dataKey':''}},{'type':'Break Down','props':{'dataKey':'adrBudget$'}}],[{'type':'placeholder','props':{}},{'type':'placeholder','props':{}}],[{'type':'placeholder','props':{}},{'type':'placeholder','props':{}}],[{'type':'placeholder','props':{}},{'type':'placeholder','props':{}}],[{'type':'placeholder','props':{}},{'type':'placeholder','props':{}}]]","updated":"2020-06-25T08:17:40.923Z","__v":0},{"_id":"5ef45ea202aa5556b6ba4bb9","userid":"3804","templateid":"5ef45d5f02aa5556b6ba4bb7","graphid":"[[{'type':'Comparison Chart','props':{'dataKey':'adrBudget$','dataKey1':'adrBudget$'}}],[{'type':'Table','props':{'dataKey':''}},{'type':'Break Down','props':{'dataKey':'adrBudget$'}}],[{'type':'placeholder','props':{}},{'type':'placeholder','props':{}}],[{'type':'placeholder','props':{}},{'type':'placeholder','props':{}}],[{'type':'placeholder','props':{}},{'type':'placeholder','props':{}}],[{'type':'placeholder','props':{}},{'type':'placeholder','props':{}}]]","updated":"2020-06-25T08:21:54.001Z","__v":0},{"_id":"5ef471230e23cd6e4cd87387","userid":"3804","templateid":"5ef46f510e23cd6e4cd87386","graphid":"[[{'type':'Table','props':{'dataKey':'adrBudget$'}},{'type':'placeholder','props':{}}],[{'type':'placeholder','props':{}},{'type':'placeholder','props':{}}],[{'type':'placeholder','props':{}},{'type':'placeholder','props':{}}],[{'type':'placeholder','props':{}},{'type':'placeholder','props':{}}],[{'type':'placeholder','props':{}},{'type':'placeholder','props':{}}],[{'type':'placeholder','props':{}},{'type':'placeholder','props':{}}]]","updated":"2020-06-25T09:40:51.266Z","__v":0},{"_id":"5ef497db3a9923597c09a890","userid":"3804","templateid":"5ef4973d3a9923597c09a88f","graphid":"[[{'type':'placeholder','props':{}},{'type':'placeholder','props':{}},{'type':'placeholder','props':{}}],[{'type':'placeholder','props':{}}],[{'type':'placeholder','props':{}},{'type':'placeholder','props':{}}],[{'type':'placeholder','props':{}},{'type':'placeholder','props':{}}],[{'type':'placeholder','props':{}},{'type':'placeholder','props':{}}],[{'type':'placeholder','props':{}},{'type':'placeholder','props':{}}]]","updated":"2020-06-25T12:26:03.499Z","__v":0},{"_id":"5ef588bbb980c60af8f37af0","userid":"2","templateid":"5ef5758fb980c60af8f37aef","graphid":"[[{'type':'Trend','props':{'dataKey':'adr'}},{'type':'Table','props':{'dataKey':'adrLY$'}},{'type':'Break Down','props':{'dataKey':'adrBudget$'}}],[{'type':'Comparison Chart','props':{'dataKey':'adr','dataKey1':'adrBudget$'}},{'type':'Comparison Numbers','props':{'dataKey':'adr','dataKey1':'adrBudget$'}},{'type':'Gauge','props':{'dataKey':'adr'}}],[{'type':'placeholder','props':{}},{'type':'placeholder','props':{}}],[{'type':'placeholder','props':{}},{'type':'placeholder','props':{}}],[{'type':'placeholder','props':{}},{'type':'placeholder','props':{}}],[{'type':'placeholder','props':{}},{'type':'placeholder','props':{}}]]","updated":"2020-06-26T05:33:47.020Z","__v":0},{"_id":"5ef58a87b980c60af8f37af1","userid":"2","templateid":"5ef5758fb980c60af8f37aef","graphid":"[[{'type':'Trend','props':{'dataKey':'adr'}},{'type':'Table','props':{'dataKey':'adrLY$'}},{'type':'Break Down','props':{'dataKey':'adrBudget$'}}],[{'type':'Comparison Chart','props':{'dataKey':'adr','dataKey1':'adrBudget$'}},{'type':'Comparison Numbers','props':{'dataKey':'adr','dataKey1':'adrBudget$'}},{'type':'Gauge','props':{'dataKey':'adrBudget$'}}],[{'type':'placeholder','props':{}},{'type':'placeholder','props':{}}],[{'type':'placeholder','props':{}},{'type':'placeholder','props':{}}],[{'type':'placeholder','props':{}},{'type':'placeholder','props':{}}],[{'type':'placeholder','props':{}},{'type':'placeholder','props':{}}]]","updated":"2020-06-26T05:41:27.914Z","__v":0},{"_id":"5ef5ef2dcdbafa54142178ee","userid":"1054","templateid":"5ef5ee1ecdbafa54142178ed","graphid":"[[{'type':'Trend','props':{'dataKey':'adr'}},{'type':'Break Down','props':{'dataKey':'adrBudget$'}},{'type':'Table','props':{'dataKey':'adrBudget$'}}],[{'type':'Comparison Chart','props':{'dataKey':'adrBudget$','dataKey1':'adrLY$'}},{'type':'Comparison Numbers','props':{}},{'type':'Gauge','props':{'dataKey':'adrBudget$'}}],[{'type':'placeholder','props':{}},{'type':'placeholder','props':{}}],[{'type':'placeholder','props':{}},{'type':'placeholder','props':{}}],[{'type':'placeholder','props':{}},{'type':'placeholder','props':{}}],[{'type':'placeholder','props':{}},{'type':'placeholder','props':{}}]]","updated":"2020-06-26T12:50:53.611Z","__v":0},{"_id":"5ef60698742fe468619ca3d9","userid":"1054","templateid":"5ef605dc742fe468619ca3d8","graphid":"[[{'type':'Trend','props':{'dataKey':'adr'}},{'type':'Break Down','props':{'dataKey':'adrBudget$'}},{'type':'Table','props':{'dataKey':'adrBudget$'}}],[{'type':'Comparison Chart','props':{'dataKey':'adrLY$','dataKey1':'adr'}},{'type':'Comparison Numbers','props':{'dataKey':'adr','dataKey1':'adrLY$'}},{'type':'Gauge','props':{'dataKey':'adrBudget$'}}],[{'type':'placeholder','props':{}},{'type':'placeholder','props':{}}],[{'type':'placeholder','props':{}},{'type':'placeholder','props':{}}],[{'type':'placeholder','props':{}},{'type':'placeholder','props':{}}],[{'type':'placeholder','props':{}},{'type':'placeholder','props':{}}]]","updated":"2020-06-26T14:30:48.217Z","__v":0},{"_id":"5ef60ae2742fe468619ca3da","userid":"1054","templateid":"5ef605dc742fe468619ca3d8","graphid":"[[{'type':'Trend','props':{'dataKey':'adr'}},{'type':'Break Down','props':{'dataKey':'adrBudget$'}},{'type':'Table','props':{'dataKey':'adrBudget$'}}],[{'type':'Comparison Chart','props':{'dataKey':'adrLY$','dataKey1':'adr'}},{'type':'Comparison Numbers','props':{'dataKey':'adr','dataKey1':'adrLY$'}},{'type':'Gauge','props':{'dataKey':'adrBudget$'}}],[{'type':'placeholder','props':{}},{'type':'placeholder','props':{}}],[{'type':'placeholder','props':{}},{'type':'placeholder','props':{}}],[{'type':'placeholder','props':{}},{'type':'placeholder','props':{}}],[{'type':'placeholder','props':{}},{'type':'placeholder','props':{}}]]","updated":"2020-06-26T14:49:06.865Z","__v":0},{"_id":"5efc45d6ee494e3475e8dc2f","userid":"3804","templateid":"5efc45bfee494e3475e8dc2e","graphid":"[[{'type':'Table','props':{'dataKey':'adrLY$'}}],[{'type':'Break Down','props':{'dataKey':'adr'}},{'type':'Break Down','props':{'dataKey':'extendetstayocc'}}],[{'type':'Table','props':{'dataKey':'adrLY$'}},{'type':'placeholder','props':{}}],[{'type':'placeholder','props':{}},{'type':'placeholder','props':{}}],[{'type':'placeholder','props':{}},{'type':'placeholder','props':{}}],[{'type':'placeholder','props':{}},{'type':'placeholder','props':{}}]]","updated":"2020-07-31T15:23:46.676Z","__v":0},{"_id":"5efc4a3da020163943c3243d","userid":"3804","templateid":"5efc4a1da020163943c3243c","graphid":"[[{'type':'Break Down','props':{'dataKey':'adr'}}],[{'type':'placeholder','props':{}},{'type':'placeholder','props':{}}],[{'type':'placeholder','props':{}},{'type':'placeholder','props':{}}],[{'type':'placeholder','props':{}},{'type':'placeholder','props':{}}],[{'type':'placeholder','props':{}},{'type':'placeholder','props':{}}],[{'type':'placeholder','props':{}},{'type':'placeholder','props':{}}]]","updated":"2020-07-01T08:33:01.665Z","__v":0},{"_id":"5f146eb343f6b302de2fa74b","userid":"3804","templateid":"5f14679e43f6b302de2fa74a","graphid":"[[{'type':'Gauge','props':{'dataKey':'adr'}}],[{'type':'Comparison Chart','props':{'dataKey':'adr','dataKey1':'adrLY$'}},{'type':'Table','props':{'dataKey':'strarirank'}}],[{'type':'placeholder','props':{}},{'type':'placeholder','props':{}}],[{'type':'placeholder','props':{}},{'type':'placeholder','props':{}}],[{'type':'placeholder','props':{}},{'type':'placeholder','props':{}}],[{'type':'placeholder','props':{}},{'type':'placeholder','props':{}}]]","updated":"2020-07-19T16:02:59.737Z","__v":0},{"_id":"5f29786d1a1d692b3e339431","userid":"3804","templateid":"5f2978691a1d692b3e339430","graphid":"[[{'type':'placeholder','props':{}}],[{'type':'placeholder','props':{}},{'type':'placeholder','props':{}}],[{'type':'placeholder','props':{}},{'type':'placeholder','props':{}}],[{'type':'placeholder','props':{}},{'type':'placeholder','props':{}}],[{'type':'placeholder','props':{}},{'type':'placeholder','props':{}}],[{'type':'placeholder','props':{}},{'type':'placeholder','props':{}}]]","updated":"2020-08-04T15:02:05.761Z","__v":0},{"_id":"5f29798bae4e242c7b2f174b","userid":"3804","templateid":"5f29796aae4e242c7b2f174a","graphid":"[[{'type':'placeholder','props':{}}],[{'type':'placeholder','props':{}},{'type':'placeholder','props':{}}],[{'type':'placeholder','props':{}},{'type':'placeholder','props':{}}],[{'type':'placeholder','props':{}},{'type':'placeholder','props':{}}],[{'type':'placeholder','props':{}},{'type':'placeholder','props':{}}],[{'type':'placeholder','props':{}},{'type':'placeholder','props':{}}]]","updated":"2020-08-04T15:06:51.405Z","__v":0},{"_id":"5f297ae101a57c2dce381659","userid":"3804","templateid":"5f297aad01a57c2dce381658","graphid":"[[{'type':'Trend','props':{'dataKey':'adr'}}],[{'type':'placeholder','props':{}},{'type':'placeholder','props':{}}],[{'type':'placeholder','props':{}},{'type':'placeholder','props':{}}],[{'type':'placeholder','props':{}},{'type':'placeholder','props':{}}],[{'type':'placeholder','props':{}},{'type':'placeholder','props':{}}],[{'type':'placeholder','props':{}},{'type':'placeholder','props':{}}]]","updated":"2020-08-04T15:29:00.097Z","__v":0},{"_id":"5f297edeed98dd3234cc14ea","userid":"3804","templateid":"5f297ed9ed98dd3234cc14e9","graphid":"[[{'type':'placeholder','props':{}}],[{'type':'placeholder','props':{}},{'type':'placeholder','props':{}}],[{'type':'placeholder','props':{}},{'type':'placeholder','props':{}}],[{'type':'placeholder','props':{}},{'type':'placeholder','props':{}}],[{'type':'placeholder','props':{}},{'type':'placeholder','props':{}}],[{'type':'placeholder','props':{}},{'type':'placeholder','props':{}}]]","updated":"2020-08-04T15:29:34.374Z","__v":0},{"_id":"5f29ab74ad9b7f410df53db2","userid":"5442","templateid":"5f29ab5aad9b7f410df53db1","graphid":"[[{'type':'Break Down','props':{'dataKey':'adrBudget$'}}],[{'type':'Table','props':{'dataKey':'adrBudget$'}},{'type':'Comparison Chart','props':{'dataKey':'adr','dataKey1':'adrLY$'}}],[{'type':'Comparison Numbers','props':{'dataKey':'occ','dataKey1':'occBudgetper'}},{'type':'placeholder','props':{}}],[{'type':'placeholder','props':{}},{'type':'placeholder','props':{}}],[{'type':'placeholder','props':{}},{'type':'placeholder','props':{}}],[{'type':'placeholder','props':{}},{'type':'placeholder','props':{}}]]","updated":"2020-08-08T03:41:28.778Z","__v":0},{"_id":"5f29c340e034d2596285c8cd","userid":"5442","templateid":"5f29c2e9e034d2596285c8cc","graphid":"[[{'type':'Comparison Numbers','props':{'dataKey':'adr','dataKey1':'adrLY$'}}],[{'type':'Break Down','props':{'dataKey':'totalroomrevenue'}},{'type':'Trend','props':{'dataKey':'occ'}}],[{'type':'placeholder','props':{}},{'type':'placeholder','props':{}}],[{'type':'placeholder','props':{}},{'type':'placeholder','props':{}}],[{'type':'placeholder','props':{}},{'type':'placeholder','props':{}}],[{'type':'placeholder','props':{}},{'type':'placeholder','props':{}}]]","updated":"2020-08-07T19:19:37.699Z","__v":0},{"_id":"5f364164112eac5512dd2fd9","userid":"3804","templateid":"5f3640b8112eac5512dd2fd8","graphid":"[[{'type':'Trend','props':{}}],[{'type':'Comparison Chart','props':{}},{'type':'placeholder','props':{}}],[{'type':'placeholder','props':{}},{'type':'placeholder','props':{}}],[{'type':'placeholder','props':{}},{'type':'placeholder','props':{}}],[{'type':'placeholder','props':{}},{'type':'placeholder','props':{}}],[{'type':'placeholder','props':{}},{'type':'placeholder','props':{}}]]","updated":"2020-08-14T07:46:44.760Z","__v":0},{"_id":"5f3667f4c500863a74abca12","userid":"3804","templateid":"5f36679ac500863a74abca11","graphid":"[[{'type':'Break Down','props':{'dataKey':'adrBudget$'}}],[{'type':'Trend','props':{'dataKey':'adr'}},{'type':'Table','props':{'dataKey':'adrBudget$'}}],[{'type':'Comparison Chart','props':{'dataKey':'adrBudget$','dataKey1':'adrBudget$'}},{'type':'Comparison Numbers','props':{'dataKey':'adrBudget$','dataKey1':'adrforcastvarience'}}],[{'type':'Gauge','props':{'dataKey':'adrforcastvarience'}},{'type':'placeholder','props':{}}],[{'type':'placeholder','props':{}},{'type':'placeholder','props':{}}],[{'type':'placeholder','props':{}},{'type':'placeholder','props':{}}]]","updated":"2020-08-14T10:31:16.313Z","__v":0},{"_id":"5f3a14cb32561422d216ca5b","userid":"5442","templateid":"5f3a114032561422d216ca5a","graphid":"[[{'type':'Trend','props':{'dataKey':'adr'}},{'type':'Break Down','props':{'dataKey':'adrforcastvarience'}},{'type':'Table','props':{'dataKey':'adr'}}],[{'type':'Comparison Chart','props':{'dataKey':'adr','dataKey1':'adrLY$'}},{'type':'Comparison Numbers','props':{'dataKey':'adr','dataKey1':'adrvarience'}},{'type':'Gauge','props':{'dataKey':'adr'}}],[{'type':'Trend','props':{'dataKey':'adrvarience'}},{'type':'Table','props':{'dataKey':'fandbrevenuebudgetvarience'}}],[{'type':'placeholder','props':{}}],[{'type':'placeholder','props':{}},{'type':'placeholder','props':{}}],[{'type':'placeholder','props':{}},{'type':'placeholder','props':{}}]]","updated":"2020-08-25T09:54:29.808Z","__v":0},{"_id":"5f3a17596464ee26a964ffbd","userid":"3804","templateid":"5f3a15816464ee26a964ffbc","graphid":"[[{'type':'Break Down','props':{'dataKey':'adrforcastvarience'}}],[{'type':'Trend','props':{'dataKey':'adrBudget$'}},{'type':'Table','props':{'dataKey':'adrLY$'}}],[{'type':'Trend','props':{'dataKey':'extendetstayoccLY'}},{'type':'Comparison Chart','props':{'dataKey':'adrBudget$','dataKey1':'adrLY$'}}],[{'type':'Comparison Numbers','props':{'dataKey':'adrBudget$','dataKey1':'lyroomrevenuevarience'}},{'type':'Gauge','props':{'dataKey':'adrLY$'}}],[{'type':'placeholder','props':{}},{'type':'placeholder','props':{}}],[{'type':'placeholder','props':{}},{'type':'placeholder','props':{}}]]","updated":"2020-08-17T05:38:52.040Z","__v":0},{"_id":"5f3a1bc84494614ea91edfde","userid":"3804","templateid":"5f3a1ae84494614ea91edfdd","graphid":"[[{'type':'Trend','props':{'dataKey':'adrBudget$'}},{'type':'placeholder','props':{}}],[{'type':'Break Down','props':{'dataKey':'adrLY$'}},{'type':'Table','props':{'dataKey':'adrLY$'}}],[{'type':'Comparison Chart','props':{'dataKey':'adrBudget$','dataKey1':'adrvarience'}},{'type':'Comparison Numbers','props':{'dataKey':'adrBudget$','dataKey1':'adrforcastvarience'}}],[{'type':'Gauge','props':{'dataKey':'adrforcastvarience'}},{'type':'placeholder','props':{}}],[{'type':'placeholder','props':{}},{'type':'placeholder','props':{}}],[{'type':'placeholder','props':{}},{'type':'placeholder','props':{}}]]","updated":"2020-08-17T06:09:12.468Z","__v":0},{"_id":"5f3a5ea395014c15a01273bf","userid":"3804","templateid":"5f3a5e6595014c15a01273be","graphid":"[[{'type':'Trend','props':{'dataKey':'adrBudget$'}}],[{'type':'Break Down','props':{'dataKey':'adrBudget$'}},{'type':'placeholder','props':{}}],[{'type':'placeholder','props':{}},{'type':'placeholder','props':{}}],[{'type':'placeholder','props':{}},{'type':'placeholder','props':{}}],[{'type':'placeholder','props':{}},{'type':'placeholder','props':{}}],[{'type':'placeholder','props':{}},{'type':'placeholder','props':{}}]]","updated":"2020-08-17T10:53:10.446Z","__v":0},{"_id":"5f3b559429abf8481d6aab8f","userid":"3804","templateid":"5f3b4b0429abf8481d6aab8e","graphid":"[[{'type':'Trend','props':{'dataKey':'adrLY$'}}],[{'type':'Break Down','props':{'dataKey':'adrvarience'}},{'type':'Comparison Chart','props':{'dataKey':'adrLY$','dataKey1':'adrforcastvarience'}}],[{'type':'Comparison Chart','props':{'dataKey':'adrLY$','dataKey1':''}},{'type':'placeholder','props':{}}],[{'type':'placeholder','props':{}},{'type':'placeholder','props':{}}],[{'type':'placeholder','props':{}},{'type':'placeholder','props':{}}],[{'type':'placeholder','props':{}},{'type':'placeholder','props':{}}]]","updated":"2020-08-18T04:14:12.977Z","__v":0},{"_id":"5f3bdd4a1cb94a46f4b95531","userid":"3804","templateid":"5f3bdd001cb94a46f4b95530","graphid":"[[{'type':'Break Down','props':{'dataKey':'adrBudget$'}}],[{'type':'Break Down','props':{'dataKey':'adrforcastvarience'}},{'type':'Trend','props':{'dataKey':'adrLY$'}}],[{'type':'Comparison Chart','props':{'dataKey':'adrBudget$','dataKey1':'adrforcastvarience'}},{'type':'Comparison Numbers','props':{'dataKey':'adrLY$','dataKey1':'adrforcastvarience'}}],[{'type':'Comparison Numbers','props':{'dataKey':'','dataKey1':''}},{'type':'Gauge','props':{'dataKey':'adrLY$'}}],[{'type':'placeholder','props':{}},{'type':'placeholder','props':{}}],[{'type':'placeholder','props':{}},{'type':'placeholder','props':{}}]]","updated":"2020-08-18T13:53:14.752Z","__v":0},{"_id":"5f47bc501516a001da320da2","userid":"3804","templateid":"5f47bc2e1516a001da320da1","graphid":"[[{'type':'Table','props':{}}],[{'type':'placeholder','props':{}},{'type':'placeholder','props':{}}],[{'type':'placeholder','props':{}},{'type':'placeholder','props':{}}],[{'type':'placeholder','props':{}},{'type':'placeholder','props':{}}],[{'type':'placeholder','props':{}},{'type':'placeholder','props':{}}],[{'type':'placeholder','props':{}},{'type':'placeholder','props':{}}]]","updated":"2020-08-27T13:59:44.503Z","__v":0},{"_id":"5f4e6d765a72ac42a572c382","userid":"5553","templateid":"5f4e6d515a72ac42a572c381","graphid":"[[{'type':'Trend','props':{'dataKey':'occ'}}],[{'type':'Table','props':{'dataKey':'noofroomsold'}},{'type':'Comparison Chart','props':{'dataKey':'adr','dataKey1':'revpar'}}],[{'type':'placeholder','props':{}},{'type':'placeholder','props':{}}],[{'type':'placeholder','props':{}},{'type':'placeholder','props':{}}],[{'type':'placeholder','props':{}},{'type':'placeholder','props':{}}],[{'type':'placeholder','props':{}},{'type':'placeholder','props':{}}]]","updated":"2020-09-01T17:01:33.874Z","__v":0},{"_id":"5f4fcf5d7a0247718bf1cc34","userid":"3804","templateid":"5f4fce5a7a0247718bf1cc33","graphid":"[[{'type':'Table','props':{'dataKey':'adr'}},{'type':'Trend','props':{'dataKey':'occ'}},{'type':'Break Down','props':{'dataKey':'totalroomrevenue'}}],[{'type':'Comparison Numbers','props':{'dataKey':'adr','dataKey1':'adrBudget$'}},{'type':'Comparison Chart','props':{'dataKey':'noofroomsold','dataKey1':'lyroomsold'}},{'type':'placeholder','props':{}}],[{'type':'placeholder','props':{}},{'type':'placeholder','props':{}},{'type':'placeholder','props':{}}],[{'type':'placeholder','props':{}},{'type':'placeholder','props':{}}],[{'type':'placeholder','props':{}},{'type':'placeholder','props':{}}],[{'type':'placeholder','props':{}},{'type':'placeholder','props':{}}]]","updated":"2020-09-16T08:39:14.104Z","__v":0},{"_id":"5f5a7d474d98e321291f6ff3","userid":"3862","templateid":"5f5a7d0b4d98e321291f6ff2","graphid":"[[{'type':'Trend','props':{'dataKey':'adr'}},{'type':'Table','props':{'dataKey':'occ'}}],[{'type':'placeholder','props':{}},{'type':'placeholder','props':{}}],[{'type':'placeholder','props':{}},{'type':'placeholder','props':{}}],[{'type':'placeholder','props':{}},{'type':'placeholder','props':{}}],[{'type':'placeholder','props':{}},{'type':'placeholder','props':{}}],[{'type':'placeholder','props':{}},{'type':'placeholder','props':{}}]]","updated":"2020-09-10T19:23:51.122Z","__v":0},{"_id":"5f5b0090b331431253554912","userid":"3804","templateid":"5f5b0001b331431253554911","graphid":"[[{'type':'Table','props':{'dataKey':'extendetstayadr'}}],[{'type':'Gauge','props':{'dataKey':'occvarience'}},{'type':'Gauge','props':{'dataKey':'roomrevenuebudgetvarience'}},{'type':'Comparison Numbers','props':{'dataKey':'adrLY$','dataKey1':'extendetstayocc'}}],[{'type':'Trend','props':{'dataKey':'revparexcludingooo'}},{'type':'Break Down','props':{'dataKey':'adrLY$'}}],[{'type':'placeholder','props':{}},{'type':'placeholder','props':{}}],[{'type':'placeholder','props':{}},{'type':'placeholder','props':{}}],[{'type':'placeholder','props':{}},{'type':'placeholder','props':{}}]]","updated":"2020-09-11T04:44:42.277Z","__v":0},{"_id":"5f5ee7eeb071c26c16df47ba","userid":"3804","templateid":"5f5ee79db071c26c16df47b9","graphid":"[[{'type':'Table','props':{'dataKey':'adrBudget$'}}],[{'type':'placeholder','props':{}},{'type':'placeholder','props':{}}],[{'type':'placeholder','props':{}},{'type':'placeholder','props':{}}],[{'type':'placeholder','props':{}},{'type':'placeholder','props':{}}],[{'type':'placeholder','props':{}},{'type':'placeholder','props':{}}],[{'type':'placeholder','props':{}},{'type':'placeholder','props':{}}]]","updated":"2020-09-14T03:47:58.307Z","__v":0},{"_id":"5f64e01697a19f112d807b37","userid":"3862","templateid":"5f64dfec97a19f112d807b36","graphid":"[[{'type':'Trend','props':{'dataKey':'adr'}},{'type':'Comparison Numbers','props':{'dataKey':'adr','dataKey1':'adrLY$'}}],[{'type':'placeholder','props':{}},{'type':'placeholder','props':{}}],[{'type':'placeholder','props':{}},{'type':'placeholder','props':{}}],[{'type':'placeholder','props':{}},{'type':'placeholder','props':{}}],[{'type':'placeholder','props':{}},{'type':'placeholder','props':{}}],[{'type':'placeholder','props':{}},{'type':'placeholder','props':{}}]]","updated":"2020-09-18T16:28:06.450Z","__v":0},{"_id":"5f673a1666cc9414ea476ae1","userid":"5444","templateid":"5f67379866cc9414ea476ae0","graphid":"[[{'type':'Trend','props':{'dataKey':'adrBudget$'}},{'type':'Comparison Chart','props':{'dataKey':'adr','dataKey1':'adrBudget$'}},{'type':'Comparison Numbers','props':{'dataKey':'adrBudget$','dataKey1':'adrvarience'}}],[{'type':'Break Down','props':{'dataKey':'totalrevenuebudget'}},{'type':'Gauge','props':{'dataKey':'revpar'}},{'type':'Table','props':{'dataKey':'totalpropertyforcastvarience'}}],[{'type':'placeholder','props':{}},{'type':'placeholder','props':{}}],[{'type':'placeholder','props':{}},{'type':'placeholder','props':{}}],[{'type':'placeholder','props':{}},{'type':'placeholder','props':{}}],[{'type':'placeholder','props':{}},{'type':'placeholder','props':{}}]]","updated":"2020-09-20T11:16:38.685Z","__v":0},{"_id":"5f84b629b89a886bdd0af975","userid":"3804","templateid":"5f84b5f7b89a886bdd0af974","graphid":"[[{'type':'Trend','props':{'dataKey':'adr'}},{'type':'Comparison Chart','props':{'dataKey':'adr','dataKey1':'adrLY$'}}],[{'type':'placeholder','props':{}},{'type':'placeholder','props':{}}],[{'type':'placeholder','props':{}},{'type':'placeholder','props':{}}],[{'type':'placeholder','props':{}},{'type':'placeholder','props':{}}],[{'type':'placeholder','props':{}},{'type':'placeholder','props':{}}],[{'type':'placeholder','props':{}},{'type':'placeholder','props':{}}]]","updated":"2020-10-12T20:01:45.600Z","__v":0},{"_id":"5fd8d989acb4d7173b7cf2a5","userid":"5444","templateid":"5fd8d94dacb4d7173b7cf2a4","graphid":"[[{'type':'Comparison Chart','props':{'dataKey':'adrBudget$','dataKey1':'adr'}}],[{'type':'placeholder','props':{}},{'type':'placeholder','props':{}}],[{'type':'placeholder','props':{}},{'type':'placeholder','props':{}}],[{'type':'placeholder','props':{}},{'type':'placeholder','props':{}}],[{'type':'placeholder','props':{}},{'type':'placeholder','props':{}}],[{'type':'placeholder','props':{}},{'type':'placeholder','props':{}}]]","updated":"2020-12-15T15:43:05.101Z","__v":0},{"_id":"60111f804856253d45e6811e","userid":"5442","templateid":"60111eed4856253d45e6811d","graphid":"[[{'type':'Break Down','props':{'dataKey':'adrLY$'}}],[{'type':'Comparison Numbers','props':{'dataKey':'adr','dataKey1':'adrforcastvarience'}},{'type':'Table','props':{'dataKey':'adrLY$'}}],[{'type':'Gauge','props':{'dataKey':'adrBudget$'}},{'type':'Comparison Numbers','props':{'dataKey':'adrLY$','dataKey1':''}}],[{'type':'placeholder','props':{}},{'type':'placeholder','props':{}}],[{'type':'placeholder','props':{}},{'type':'placeholder','props':{}}],[{'type':'placeholder','props':{}},{'type':'placeholder','props':{}}]]","updated":"2021-01-27T08:08:32.698Z","__v":0}]