{"fields":[{"name":"_id","path":"_id","count":6,"types":[{"name":"ObjectID","bsonType":"ObjectID","path":"_id","count":6,"total_count":0,"probability":1}],"total_count":6,"type":"ObjectID","has_duplicates":false,"probability":1},{"name":"ID","path":"ID","count":6,"types":[{"name":"Number","bsonType":"Number","path":"ID","count":6,"total_count":0,"probability":1}],"total_count":6,"type":"Number","has_duplicates":false,"probability":1},{"name":"name","path":"name","count":6,"types":[{"name":"String","bsonType":"String","path":"name","count":6,"total_count":0,"probability":1}],"total_count":6,"type":"String","has_duplicates":false,"probability":1}],"count":6}