{"fields":[{"name":"_id","path":"_id","count":996,"types":[{"name":"Number","bsonType":"Number","path":"_id","count":996,"total_count":0,"probability":1}],"total_count":996,"type":"Number","has_duplicates":false,"probability":1},{"name":"HotelID","path":"HotelID","count":996,"types":[{"name":"Number","bsonType":"Number","path":"HotelID","count":996,"total_count":0,"probability":1}],"total_count":996,"type":"Number","has_duplicates":false,"probability":1},{"name":"ID","path":"ID","count":996,"types":[{"name":"Number","bsonType":"Number","path":"ID","count":996,"total_count":0,"probability":1}],"total_count":996,"type":"Number","has_duplicates":false,"probability":1},{"name":"YelpID","path":"YelpID","count":996,"types":[{"name":"String","bsonType":"String","path":"YelpID","count":996,"total_count":0,"probability":1}],"total_count":996,"type":"String","has_duplicates":false,"probability":1}],"count":996}