[{"_id":13,"ID":13,"LocationID":"230181","HotelID":31},{"_id":14,"ID":14,"LocationID":"141924","HotelID":32},{"_id":15,"ID":15,"LocationID":"224472","HotelID":33},{"_id":16,"ID":16,"LocationID":"7021436","HotelID":45},{"_id":18,"ID":18,"LocationID":"107982","HotelID":72},{"_id":19,"ID":19,"LocationID":"108171","HotelID":78},{"_id":20,"ID":20,"LocationID":"126415","HotelID":79},{"_id":21,"ID":21,"LocationID":"101733","HotelID":80},{"_id":22,"ID":22,"LocationID":"257022","HotelID":81},{"_id":23,"ID":23,"LocationID":"2554690","HotelID":82},{"_id":24,"ID":24,"LocationID":"108522","HotelID":83},{"_id":25,"ID":25,"LocationID":"182112","HotelID":84},{"_id":29,"ID":29,"LocationID":"671288","HotelID":109},{"_id":30,"ID":30,"LocationID":"155205","HotelID":110},{"_id":31,"ID":31,"LocationID":"1945966","HotelID":113},{"_id":33,"ID":33,"LocationID":"224303","HotelID":118},{"_id":34,"ID":34,"LocationID":"83209","HotelID":145},{"_id":36,"ID":36,"LocationID":"95005","HotelID":153},{"_id":59,"ID":59,"LocationID":"584988","HotelID":183},{"_id":60,"ID":60,"LocationID":"487316","HotelID":184},{"_id":61,"ID":61,"LocationID":"1147362","HotelID":185},{"_id":62,"ID":62,"LocationID":"5585309","HotelID":71},{"_id":63,"ID":63,"LocationID":"224272","HotelID":67},{"_id":64,"ID":64,"LocationID":"96510","HotelID":68},{"_id":65,"ID":65,"LocationID":"240074","HotelID":69},{"_id":69,"ID":69,"LocationID":"73427","HotelID":85},{"_id":74,"ID":74,"LocationID":"505788","HotelID":148},{"_id":75,"ID":75,"LocationID":"93457","HotelID":149},{"_id":76,"ID":76,"LocationID":"630950","HotelID":150},{"_id":77,"ID":77,"LocationID":"3529145","HotelID":151},{"_id":79,"ID":79,"LocationID":"1176288","HotelID":187},{"_id":80,"ID":80,"LocationID":"7397990","HotelID":127},{"_id":81,"ID":81,"LocationID":"657716","HotelID":128},{"_id":82,"ID":82,"LocationID":"8777682","HotelID":129},{"_id":83,"ID":83,"LocationID":"295336","HotelID":130},{"_id":84,"ID":84,"LocationID":"1027506","HotelID":131},{"_id":85,"ID":85,"LocationID":"4859751","HotelID":132},{"_id":86,"ID":86,"LocationID":"1676156","HotelID":133},{"_id":87,"ID":87,"LocationID":"5272077","HotelID":134},{"_id":88,"ID":88,"LocationID":"8796649","HotelID":135},{"_id":90,"ID":90,"LocationID":"6822925","HotelID":137},{"_id":91,"ID":91,"LocationID":"1307586","HotelID":120},{"_id":92,"ID":92,"LocationID":"1099017","HotelID":121},{"_id":93,"ID":93,"LocationID":"223865","HotelID":122},{"_id":94,"ID":94,"LocationID":"596025","HotelID":123},{"_id":96,"ID":96,"LocationID":"1216777","HotelID":126},{"_id":97,"ID":97,"LocationID":"7359233","HotelID":138},{"_id":98,"ID":98,"LocationID":"1657871","HotelID":139},{"_id":99,"ID":99,"LocationID":"657724","HotelID":125},{"_id":103,"ID":103,"LocationID":"1390172","HotelID":117},{"_id":106,"ID":106,"LocationID":"596575","HotelID":108},{"_id":107,"ID":107,"LocationID":"618172","HotelID":189},{"_id":116,"ID":116,"LocationID":"97264","HotelID":199},{"_id":117,"ID":117,"LocationID":"124388","HotelID":200},{"_id":118,"ID":118,"LocationID":"10588062","HotelID":201},{"_id":120,"ID":120,"LocationID":"11666340","HotelID":188},{"_id":121,"ID":121,"LocationID":"647570","HotelID":115},{"_id":122,"ID":122,"LocationID":"309171","HotelID":182},{"_id":124,"ID":124,"LocationID":"1632914","HotelID":211},{"_id":125,"ID":125,"LocationID":"110682","HotelID":210},{"_id":126,"ID":126,"LocationID":"86368","HotelID":209},{"_id":127,"ID":127,"LocationID":"226578","HotelID":207},{"_id":129,"ID":129,"LocationID":"551355","HotelID":205},{"_id":132,"ID":132,"LocationID":"87983","HotelID":212},{"_id":134,"ID":134,"LocationID":"626210","HotelID":206},{"_id":148,"ID":148,"LocationID":"1158743","HotelID":238},{"_id":149,"ID":149,"LocationID":"1502091","HotelID":229},{"_id":150,"ID":150,"LocationID":"239954","HotelID":227},{"_id":151,"ID":151,"LocationID":"216746","HotelID":224},{"_id":152,"ID":152,"LocationID":"1025732","HotelID":223},{"_id":153,"ID":153,"LocationID":"222997","HotelID":232},{"_id":155,"ID":155,"LocationID":"84052","HotelID":77},{"_id":156,"ID":156,"LocationID":"858413","HotelID":74},{"_id":157,"ID":157,"LocationID":"7399001","HotelID":75},{"_id":158,"ID":158,"LocationID":"110480","HotelID":76},{"_id":170,"ID":170,"LocationID":"73935","HotelID":247},{"_id":171,"ID":171,"LocationID":"115754","HotelID":246},{"_id":172,"ID":172,"LocationID":"223681","HotelID":242},{"_id":174,"ID":174,"LocationID":"12239172","HotelID":240},{"_id":175,"ID":175,"LocationID":"3237669","HotelID":146},{"_id":178,"ID":178,"LocationID":"7399233","HotelID":230},{"_id":179,"ID":179,"LocationID":"8460739","HotelID":228},{"_id":193,"ID":193,"LocationID":"89404","HotelID":319},{"_id":195,"ID":195,"LocationID":"223791","HotelID":261},{"_id":196,"ID":196,"LocationID":"85921","HotelID":260},{"_id":197,"ID":197,"LocationID":"105188","HotelID":262},{"_id":198,"ID":198,"LocationID":"10238273","HotelID":303},{"_id":199,"ID":199,"LocationID":"1237029","HotelID":294},{"_id":200,"ID":200,"LocationID":"1485614","HotelID":299},{"_id":201,"ID":201,"LocationID":"104184","HotelID":275},{"_id":202,"ID":202,"LocationID":"217356","HotelID":300},{"_id":203,"ID":203,"LocationID":"89471","HotelID":295},{"_id":204,"ID":204,"LocationID":"112137","HotelID":296},{"_id":205,"ID":205,"LocationID":"236412","HotelID":257},{"_id":206,"ID":206,"LocationID":"7827679","HotelID":276},{"_id":207,"ID":207,"LocationID":"94954","HotelID":279},{"_id":208,"ID":208,"LocationID":"102325","HotelID":264},{"_id":209,"ID":209,"LocationID":"102880","HotelID":291},{"_id":210,"ID":210,"LocationID":"86683","HotelID":310},{"_id":211,"ID":211,"LocationID":"108979","HotelID":270},{"_id":212,"ID":212,"LocationID":"223150","HotelID":263},{"_id":213,"ID":213,"LocationID":"72533","HotelID":314},{"_id":214,"ID":214,"LocationID":"102280","HotelID":273},{"_id":215,"ID":215,"LocationID":"95747","HotelID":313},{"_id":216,"ID":216,"LocationID":"224620","HotelID":311},{"_id":217,"ID":217,"LocationID":"1576648","HotelID":312},{"_id":218,"ID":218,"LocationID":"526841","HotelID":308},{"_id":219,"ID":219,"LocationID":"1657223","HotelID":309},{"_id":220,"ID":220,"LocationID":"2018751","HotelID":297},{"_id":221,"ID":221,"LocationID":"252820","HotelID":269},{"_id":222,"ID":222,"LocationID":"116194","HotelID":301},{"_id":223,"ID":223,"LocationID":"89421","HotelID":292},{"_id":224,"ID":224,"LocationID":"239908","HotelID":307},{"_id":225,"ID":225,"LocationID":"1027198","HotelID":278},{"_id":226,"ID":226,"LocationID":"108976","HotelID":272},{"_id":227,"ID":227,"LocationID":"224446","HotelID":271},{"_id":228,"ID":228,"LocationID":"1013048","HotelID":315},{"_id":229,"ID":229,"LocationID":"83072","HotelID":316},{"_id":230,"ID":230,"LocationID":"12633700","HotelID":317},{"_id":231,"ID":231,"LocationID":"8507812","HotelID":325},{"_id":232,"ID":232,"LocationID":"94313","HotelID":326},{"_id":233,"ID":233,"LocationID":"226099","HotelID":323},{"_id":234,"ID":234,"LocationID":"75846","HotelID":324},{"_id":235,"ID":235,"LocationID":"83983","HotelID":327},{"_id":236,"ID":236,"LocationID":"74307","HotelID":328},{"_id":237,"ID":237,"LocationID":"88460","HotelID":329},{"_id":243,"ID":243,"LocationID":"291397","HotelID":306},{"_id":244,"ID":244,"LocationID":"1485445","HotelID":274},{"_id":245,"ID":245,"LocationID":"104294","HotelID":280},{"_id":247,"ID":247,"LocationID":"97742","HotelID":286},{"_id":248,"ID":248,"LocationID":"104214","HotelID":298},{"_id":249,"ID":249,"LocationID":"111371","HotelID":293},{"_id":250,"ID":250,"LocationID":"99116","HotelID":302},{"_id":252,"ID":252,"LocationID":"1785652","HotelID":338},{"_id":253,"ID":253,"LocationID":"1200666","HotelID":339},{"_id":254,"ID":254,"LocationID":"12633764","HotelID":322},{"_id":255,"ID":255,"LocationID":"672227","HotelID":340},{"_id":256,"ID":256,"LocationID":"84517","HotelID":341},{"_id":257,"ID":257,"LocationID":"182248","HotelID":342},{"_id":258,"ID":258,"LocationID":"182131","HotelID":343},{"_id":260,"ID":260,"LocationID":"12436426","HotelID":345},{"_id":261,"ID":261,"LocationID":"183873","HotelID":347},{"_id":262,"ID":262,"LocationID":"12919212","HotelID":346},{"_id":263,"ID":263,"LocationID":"283942","HotelID":350},{"_id":264,"ID":264,"LocationID":"109111","HotelID":351},{"_id":265,"ID":265,"LocationID":"10409312","HotelID":348},{"_id":266,"ID":266,"LocationID":"677644","HotelID":352},{"_id":267,"ID":267,"LocationID":"224252","HotelID":353},{"_id":268,"ID":268,"LocationID":"1572860","HotelID":354},{"_id":269,"ID":269,"LocationID":"634997","HotelID":356},{"_id":270,"ID":270,"LocationID":"103986","HotelID":357},{"_id":271,"ID":271,"LocationID":"1465131","HotelID":358},{"_id":272,"ID":272,"LocationID":"89449","HotelID":359},{"_id":273,"ID":273,"LocationID":"115483","HotelID":360},{"_id":274,"ID":274,"LocationID":"188309","HotelID":361},{"_id":275,"ID":275,"LocationID":"919395","HotelID":335},{"_id":276,"ID":276,"LocationID":"223009","HotelID":363},{"_id":280,"ID":280,"LocationID":"1673696","HotelID":366},{"_id":281,"ID":281,"LocationID":"650677","HotelID":367},{"_id":282,"ID":282,"LocationID":"5522589","HotelID":368},{"_id":283,"ID":283,"LocationID":"86670","HotelID":369},{"_id":284,"ID":284,"LocationID":"92615","HotelID":371},{"_id":285,"ID":285,"LocationID":"224050","HotelID":372},{"_id":286,"ID":286,"LocationID":"7180170","HotelID":373},{"_id":287,"ID":287,"LocationID":"1145281","HotelID":374},{"_id":288,"ID":288,"LocationID":"88398","HotelID":375},{"_id":289,"ID":289,"LocationID":"92738","HotelID":376},{"_id":290,"ID":290,"LocationID":"817297","HotelID":377},{"_id":291,"ID":291,"LocationID":"2038685","HotelID":378},{"_id":292,"ID":292,"LocationID":"1462107","HotelID":379},{"_id":293,"ID":293,"LocationID":"678683","HotelID":382},{"_id":294,"ID":294,"LocationID":"1230790","HotelID":381},{"_id":295,"ID":295,"LocationID":"279190","HotelID":380},{"_id":296,"ID":296,"LocationID":"224175","HotelID":385},{"_id":297,"ID":297,"LocationID":"259549","HotelID":386},{"_id":298,"ID":298,"LocationID":"103094","HotelID":383},{"_id":300,"ID":300,"LocationID":"1174692","HotelID":387},{"_id":302,"ID":302,"LocationID":"3400053","HotelID":389},{"_id":303,"ID":303,"LocationID":"1175038","HotelID":390},{"_id":304,"ID":304,"LocationID":"1098346","HotelID":391},{"_id":305,"ID":305,"LocationID":"72779","HotelID":392},{"_id":306,"ID":306,"LocationID":"1383266","HotelID":393},{"_id":307,"ID":307,"LocationID":"91327","HotelID":394},{"_id":308,"ID":308,"LocationID":"92719","HotelID":395},{"_id":309,"ID":309,"LocationID":"231909","HotelID":397},{"_id":311,"ID":311,"LocationID":"814405","HotelID":398},{"_id":312,"ID":312,"LocationID":"72992","HotelID":400},{"_id":313,"ID":313,"LocationID":"88778","HotelID":399},{"_id":314,"ID":314,"LocationID":"11664084","HotelID":401},{"_id":315,"ID":315,"LocationID":"281757","HotelID":124},{"_id":316,"ID":316,"LocationID":"858341","HotelID":258},{"_id":319,"ID":319,"LocationID":"224433","HotelID":114},{"_id":320,"ID":320,"LocationID":"10632715","HotelID":147},{"_id":321,"ID":321,"LocationID":"225079","HotelID":336},{"_id":322,"ID":322,"LocationID":"5274388","HotelID":355},{"_id":323,"ID":323,"LocationID":"7179307","HotelID":402},{"_id":324,"ID":324,"LocationID":"7785169","HotelID":403},{"_id":325,"ID":325,"LocationID":"1869869","HotelID":404},{"_id":326,"ID":326,"LocationID":"1732530","HotelID":405},{"_id":327,"ID":327,"LocationID":"6419805","HotelID":406},{"_id":328,"ID":328,"LocationID":"1028309","HotelID":407},{"_id":329,"ID":329,"LocationID":"5535133","HotelID":408},{"_id":330,"ID":330,"LocationID":"1027033","HotelID":410},{"_id":331,"ID":331,"LocationID":"75580","HotelID":411},{"_id":332,"ID":332,"LocationID":"217211","HotelID":412},{"_id":333,"ID":333,"LocationID":"comfort-inn-i-17-and-i-40-flagstaff","HotelID":412},{"_id":334,"ID":334,"LocationID":"647796","HotelID":413},{"_id":335,"ID":335,"LocationID":"74031","HotelID":414},{"_id":336,"ID":336,"LocationID":"92880","HotelID":415},{"_id":337,"ID":337,"LocationID":"74038","HotelID":416},{"_id":338,"ID":338,"LocationID":"72783","HotelID":417},{"_id":339,"ID":339,"LocationID":"1479294","HotelID":418},{"_id":340,"ID":340,"LocationID":"3836077","HotelID":419},{"_id":341,"ID":341,"LocationID":"12541165","HotelID":420},{"_id":342,"ID":342,"LocationID":"84632","HotelID":421},{"_id":343,"ID":343,"LocationID":"7099680","HotelID":423},{"_id":344,"ID":344,"LocationID":"96187","HotelID":426},{"_id":346,"ID":346,"LocationID":"104903","HotelID":427},{"_id":347,"ID":347,"LocationID":"104767","HotelID":428},{"_id":348,"ID":348,"LocationID":"1175502","HotelID":429},{"_id":349,"ID":349,"LocationID":"12140084","HotelID":430},{"_id":350,"ID":350,"LocationID":"13489017","HotelID":256},{"_id":351,"ID":351,"LocationID":"624733","HotelID":396},{"_id":352,"ID":352,"LocationID":"3692257","HotelID":431},{"_id":353,"ID":353,"LocationID":"92809","HotelID":432},{"_id":354,"ID":354,"LocationID":"96186","HotelID":433},{"_id":356,"ID":356,"LocationID":"1200910","HotelID":438},{"_id":360,"ID":360,"LocationID":"246818","HotelID":440},{"_id":361,"ID":361,"LocationID":"8834090","HotelID":441},{"_id":362,"ID":362,"LocationID":"99584","HotelID":442},{"_id":363,"ID":363,"LocationID":"224103","HotelID":443},{"_id":365,"ID":365,"LocationID":"615701","HotelID":444},{"_id":366,"ID":366,"LocationID":"9452192","HotelID":445},{"_id":367,"ID":367,"LocationID":"99599","HotelID":446},{"_id":368,"ID":368,"LocationID":"99592","HotelID":447},{"_id":369,"ID":369,"LocationID":"99071","HotelID":448},{"_id":370,"ID":370,"LocationID":"93741","HotelID":449},{"_id":371,"ID":371,"LocationID":"126453","HotelID":450},{"_id":372,"ID":372,"LocationID":"217611","HotelID":452},{"_id":373,"ID":373,"LocationID":"99159","HotelID":451},{"_id":374,"ID":374,"LocationID":"12213877","HotelID":453},{"_id":375,"ID":375,"LocationID":"626025","HotelID":454},{"_id":376,"ID":376,"LocationID":"99588","HotelID":455},{"_id":377,"ID":377,"LocationID":"498857","HotelID":456},{"_id":378,"ID":378,"LocationID":"93157","HotelID":457},{"_id":379,"ID":379,"LocationID":"93188","HotelID":459},{"_id":380,"ID":380,"LocationID":"1589994","HotelID":459},{"_id":382,"ID":382,"LocationID":"4228591","HotelID":461},{"_id":384,"ID":384,"LocationID":"5884807","HotelID":463},{"_id":385,"ID":385,"LocationID":"2271909","HotelID":464},{"_id":386,"ID":386,"LocationID":"285442","HotelID":465},{"_id":388,"ID":388,"LocationID":"86792","HotelID":467},{"_id":389,"ID":389,"LocationID":"12940730","HotelID":468},{"_id":390,"ID":390,"LocationID":"6564936","HotelID":465},{"_id":391,"ID":391,"LocationID":"6564936","HotelID":469},{"_id":398,"ID":398,"LocationID":"10621261","HotelID":476},{"_id":399,"ID":399,"LocationID":"238131","HotelID":477},{"_id":400,"ID":400,"LocationID":"295342","HotelID":478},{"_id":401,"ID":401,"LocationID":"3529134","HotelID":479},{"_id":402,"ID":402,"LocationID":"48327","HotelID":480},{"_id":403,"ID":403,"LocationID":"93128","HotelID":481},{"_id":404,"ID":404,"LocationID":"7183479","HotelID":482},{"_id":405,"ID":405,"LocationID":"124758","HotelID":483},{"_id":406,"ID":406,"LocationID":"93082","HotelID":484},{"_id":407,"ID":407,"LocationID":"6468268","HotelID":485},{"_id":408,"ID":408,"LocationID":"7159710","HotelID":487},{"_id":409,"ID":409,"LocationID":"277869","HotelID":486},{"_id":412,"ID":412,"LocationID":"12502135","HotelID":491},{"_id":413,"ID":413,"LocationID":"1141084","HotelID":492},{"_id":415,"ID":415,"LocationID":"1879027","HotelID":495},{"_id":416,"ID":416,"LocationID":"292556","HotelID":494},{"_id":417,"ID":417,"LocationID":"99148","HotelID":496},{"_id":418,"ID":418,"LocationID":"109533","HotelID":497},{"_id":419,"ID":419,"LocationID":"842088","HotelID":498},{"_id":422,"ID":422,"LocationID":"d86024","HotelID":504},{"_id":423,"ID":423,"LocationID":"13451300","HotelID":505},{"_id":424,"ID":424,"LocationID":"7023839","HotelID":506},{"_id":425,"ID":425,"LocationID":"12736509","HotelID":507},{"_id":427,"ID":427,"LocationID":"8071143","HotelID":508},{"_id":428,"ID":428,"LocationID":"1863434","HotelID":509},{"_id":429,"ID":429,"LocationID":"94554","HotelID":510},{"_id":430,"ID":430,"LocationID":"12816186","HotelID":511},{"_id":431,"ID":431,"LocationID":"9853395","HotelID":512},{"_id":432,"ID":432,"LocationID":"223565","HotelID":513},{"_id":433,"ID":433,"LocationID":"1200920","HotelID":514},{"_id":434,"ID":434,"LocationID":"259589","HotelID":515},{"_id":435,"ID":435,"LocationID":"7014966","HotelID":516},{"_id":436,"ID":436,"LocationID":"98490","HotelID":518},{"_id":438,"ID":438,"LocationID":"12301520","HotelID":519},{"_id":439,"ID":439,"LocationID":"8500806","HotelID":520},{"_id":440,"ID":440,"LocationID":"223130","HotelID":521},{"_id":441,"ID":441,"LocationID":"12712292","HotelID":522},{"_id":442,"ID":442,"LocationID":"6440842","HotelID":523},{"_id":443,"ID":443,"LocationID":"12553312","HotelID":524},{"_id":444,"ID":444,"LocationID":"8500811","HotelID":525},{"_id":445,"ID":445,"LocationID":"11998089","HotelID":526},{"_id":446,"ID":446,"LocationID":"14793667","HotelID":527},{"_id":447,"ID":447,"LocationID":"220110","HotelID":528},{"_id":448,"ID":448,"LocationID":"652847","HotelID":529},{"_id":449,"ID":449,"LocationID":"106481","HotelID":531},{"_id":450,"ID":450,"LocationID":"7180177","HotelID":532},{"_id":451,"ID":451,"LocationID":"1880417","HotelID":533},{"_id":452,"ID":452,"LocationID":"8674937","HotelID":534},{"_id":453,"ID":453,"LocationID":"6484709","HotelID":536},{"_id":454,"ID":454,"LocationID":"109104","HotelID":535},{"_id":455,"ID":455,"LocationID":"12832566","HotelID":537},{"_id":456,"ID":456,"LocationID":"4799065","HotelID":538},{"_id":457,"ID":457,"LocationID":"4584625","HotelID":539},{"_id":458,"ID":458,"LocationID":"7085468","HotelID":540},{"_id":459,"ID":459,"LocationID":"123060","HotelID":90},{"_id":460,"ID":460,"LocationID":"14159893","HotelID":208},{"_id":461,"ID":461,"LocationID":"8574014","HotelID":541},{"_id":462,"ID":462,"LocationID":"5039870","HotelID":542},{"_id":463,"ID":463,"LocationID":"8632101","HotelID":543},{"_id":464,"ID":464,"LocationID":"225479","HotelID":544},{"_id":465,"ID":465,"LocationID":"1887018","HotelID":545},{"_id":466,"ID":466,"LocationID":"12204513","HotelID":546},{"_id":468,"ID":468,"LocationID":"12204410","HotelID":548},{"_id":469,"ID":469,"LocationID":"226578","HotelID":547},{"_id":470,"ID":470,"LocationID":"106865","HotelID":549},{"_id":471,"ID":471,"LocationID":"108703","HotelID":550},{"_id":474,"ID":474,"LocationID":"238150","HotelID":555},{"_id":475,"ID":475,"LocationID":"14095356","HotelID":556},{"_id":476,"ID":476,"LocationID":"15019066","HotelID":557},{"_id":477,"ID":477,"LocationID":"182297","HotelID":558},{"_id":478,"ID":478,"LocationID":"15115978","HotelID":559},{"_id":479,"ID":479,"LocationID":"14935810","HotelID":560},{"_id":480,"ID":480,"LocationID":"248172","HotelID":561},{"_id":481,"ID":481,"LocationID":"188345","HotelID":562},{"_id":484,"ID":484,"LocationID":"184105","HotelID":566},{"_id":485,"ID":485,"LocationID":"286809","HotelID":567},{"_id":486,"ID":486,"LocationID":"2298904","HotelID":568},{"_id":487,"ID":487,"LocationID":"5270397","HotelID":569},{"_id":488,"ID":488,"LocationID":"1723693","HotelID":570},{"_id":489,"ID":489,"LocationID":"12811750","HotelID":571},{"_id":490,"ID":490,"LocationID":"12811378","HotelID":572},{"_id":491,"ID":491,"LocationID":"13942037","HotelID":573},{"_id":492,"ID":492,"LocationID":"6779494","HotelID":574},{"_id":493,"ID":493,"LocationID":"6468924","HotelID":576},{"_id":494,"ID":494,"LocationID":"877887","HotelID":577},{"_id":495,"ID":495,"LocationID":"224818","HotelID":578},{"_id":496,"ID":496,"LocationID":"14017209","HotelID":579},{"_id":499,"ID":499,"LocationID":"8778798","HotelID":584},{"_id":500,"ID":500,"LocationID":"1449336","HotelID":585},{"_id":501,"ID":501,"LocationID":"1390006","HotelID":582},{"_id":502,"ID":502,"LocationID":"116003","HotelID":583},{"_id":503,"ID":503,"LocationID":"80138","HotelID":586},{"_id":504,"ID":504,"LocationID":"79981","HotelID":587},{"_id":505,"ID":505,"LocationID":"231919","HotelID":588},{"_id":506,"ID":506,"LocationID":"235138","HotelID":589},{"_id":508,"ID":508,"LocationID":"2086039","HotelID":591},{"_id":509,"ID":509,"LocationID":"224387","HotelID":593},{"_id":510,"ID":510,"LocationID":"582487","HotelID":592},{"_id":512,"ID":512,"LocationID":"1150279","HotelID":594},{"_id":513,"ID":513,"LocationID":"90470","HotelID":595},{"_id":514,"ID":514,"LocationID":"90080","HotelID":596},{"_id":515,"ID":515,"LocationID":"575648","HotelID":597},{"_id":516,"ID":516,"LocationID":"92435","HotelID":598},{"_id":517,"ID":517,"LocationID":"12591938","HotelID":599},{"_id":518,"ID":518,"LocationID":"72978","HotelID":602},{"_id":519,"ID":519,"LocationID":"658681","HotelID":603},{"_id":520,"ID":520,"LocationID":"225404","HotelID":604},{"_id":522,"ID":522,"LocationID":"224392","HotelID":606},{"_id":523,"ID":523,"LocationID":"86590","HotelID":607},{"_id":524,"ID":524,"LocationID":"4028658","HotelID":609},{"_id":525,"ID":525,"LocationID":"1026673","HotelID":610},{"_id":526,"ID":526,"LocationID":"1724250","HotelID":608},{"_id":527,"ID":527,"LocationID":"87186","HotelID":611},{"_id":528,"ID":528,"LocationID":"84714","HotelID":614},{"_id":529,"ID":529,"LocationID":"6420746","HotelID":612},{"_id":530,"ID":530,"LocationID":"6434667","HotelID":613},{"_id":531,"ID":531,"LocationID":"12906143","HotelID":615},{"_id":532,"ID":532,"LocationID":"6510508","HotelID":617},{"_id":533,"ID":533,"LocationID":"4752464","HotelID":616},{"_id":534,"ID":534,"LocationID":"182772","HotelID":619},{"_id":535,"ID":535,"LocationID":"6503641","HotelID":618},{"_id":536,"ID":536,"LocationID":"225299","HotelID":620},{"_id":537,"ID":537,"LocationID":"7182800","HotelID":621},{"_id":538,"ID":538,"LocationID":"6506200","HotelID":622},{"_id":539,"ID":539,"LocationID":"225768","HotelID":623},{"_id":540,"ID":540,"LocationID":"13142954","HotelID":624},{"_id":541,"ID":541,"LocationID":"6885068","HotelID":625},{"_id":542,"ID":542,"LocationID":"15088380","HotelID":626},{"_id":543,"ID":543,"LocationID":"182756","HotelID":627},{"_id":544,"ID":544,"LocationID":"444345","HotelID":630},{"_id":545,"ID":545,"LocationID":"268505","HotelID":628},{"_id":546,"ID":546,"LocationID":"596536","HotelID":629},{"_id":547,"ID":547,"LocationID":"98433","HotelID":631},{"_id":548,"ID":548,"LocationID":"33101","HotelID":632},{"_id":549,"ID":549,"LocationID":"488790","HotelID":633},{"_id":550,"ID":550,"LocationID":"1027191","HotelID":634},{"_id":551,"ID":551,"LocationID":"299785","HotelID":635},{"_id":552,"ID":552,"LocationID":"4859747","HotelID":636},{"_id":553,"ID":553,"LocationID":"182004","HotelID":637},{"_id":554,"ID":554,"LocationID":"188412","HotelID":638},{"_id":555,"ID":555,"LocationID":"182770","HotelID":639},{"_id":556,"ID":556,"LocationID":"502094","HotelID":634},{"_id":557,"ID":557,"LocationID":"15156776","HotelID":565},{"_id":558,"ID":558,"LocationID":"91186","HotelID":642},{"_id":560,"ID":560,"LocationID":"1724372","HotelID":643},{"_id":561,"ID":561,"LocationID":"239929","HotelID":644},{"_id":562,"ID":562,"LocationID":"1023867","HotelID":645},{"_id":563,"ID":563,"LocationID":"11044950","HotelID":646},{"_id":564,"ID":564,"LocationID":"108983","HotelID":647},{"_id":565,"ID":565,"LocationID":"224266","HotelID":648},{"_id":566,"ID":566,"LocationID":"288605","HotelID":649},{"_id":567,"ID":567,"LocationID":"103504","HotelID":650},{"_id":568,"ID":568,"LocationID":"99067","HotelID":651},{"_id":569,"ID":569,"LocationID":"85452","HotelID":653},{"_id":570,"ID":570,"LocationID":"647547","HotelID":654},{"_id":571,"ID":571,"LocationID":"270898","HotelID":655},{"_id":572,"ID":572,"LocationID":"259579","HotelID":656},{"_id":573,"ID":573,"LocationID":"1200103","HotelID":657},{"_id":574,"ID":574,"LocationID":"256800","HotelID":658},{"_id":575,"ID":575,"LocationID":"589642","HotelID":662},{"_id":576,"ID":576,"LocationID":"3505865","HotelID":663},{"_id":577,"ID":577,"LocationID":"15145224","HotelID":664},{"_id":578,"ID":578,"LocationID":"11014354","HotelID":665},{"_id":579,"ID":579,"LocationID":"10755160","HotelID":666},{"_id":580,"ID":580,"LocationID":"12718577","HotelID":667},{"_id":581,"ID":581,"LocationID":"258651","HotelID":668},{"_id":582,"ID":582,"LocationID":"84051","HotelID":703},{"_id":583,"ID":583,"LocationID":"84015","HotelID":696},{"_id":584,"ID":584,"LocationID":"1200766","HotelID":705},{"_id":585,"ID":585,"LocationID":"83998","HotelID":691},{"_id":586,"ID":586,"LocationID":"1589994","HotelID":706},{"_id":587,"ID":587,"LocationID":"223578","HotelID":707},{"_id":588,"ID":588,"LocationID":"77663","HotelID":687},{"_id":589,"ID":589,"LocationID":"4859731","HotelID":688},{"_id":590,"ID":590,"LocationID":"276170","HotelID":697},{"_id":591,"ID":591,"LocationID":"110707","HotelID":700},{"_id":592,"ID":592,"LocationID":"84073","HotelID":708},{"_id":594,"ID":594,"LocationID":"258814","HotelID":686},{"_id":595,"ID":595,"LocationID":"635085","HotelID":709},{"_id":596,"ID":596,"LocationID":"110414","HotelID":698},{"_id":597,"ID":597,"LocationID":"1465052","HotelID":693},{"_id":598,"ID":598,"LocationID":"4786615","HotelID":710},{"_id":599,"ID":599,"LocationID":"4563441","HotelID":712},{"_id":600,"ID":600,"LocationID":"1589994","HotelID":634},{"_id":601,"ID":601,"LocationID":"1589994","HotelID":689},{"_id":602,"ID":602,"LocationID":"3530277","HotelID":500},{"_id":603,"ID":603,"LocationID":"207829","HotelID":634},{"_id":604,"ID":604,"LocationID":"7939016","HotelID":717},{"_id":605,"ID":605,"LocationID":"247814","HotelID":718},{"_id":606,"ID":606,"LocationID":"644851","HotelID":714},{"_id":607,"ID":607,"LocationID":"4584969","HotelID":719},{"_id":608,"ID":608,"LocationID":"12373730","HotelID":720},{"_id":609,"ID":609,"LocationID":"109748","HotelID":721},{"_id":610,"ID":610,"LocationID":"120638","HotelID":722},{"_id":611,"ID":611,"LocationID":"12689864","HotelID":723},{"_id":612,"ID":612,"LocationID":"226208","HotelID":724},{"_id":613,"ID":613,"LocationID":"103524","HotelID":725},{"_id":614,"ID":614,"LocationID":"12549246","HotelID":726},{"_id":615,"ID":615,"LocationID":"1138709","HotelID":728},{"_id":616,"ID":616,"LocationID":"224272","HotelID":729},{"_id":617,"ID":617,"LocationID":"16714612","HotelID":730},{"_id":618,"ID":618,"LocationID":"13880360","HotelID":731},{"_id":619,"ID":619,"LocationID":"258969","HotelID":732},{"_id":620,"ID":620,"LocationID":"1176406","HotelID":733},{"_id":621,"ID":621,"LocationID":"5269993","HotelID":734},{"_id":622,"ID":622,"LocationID":"3505203","HotelID":735},{"_id":623,"ID":623,"LocationID":"13535916","HotelID":736},{"_id":624,"ID":624,"LocationID":"6429762","HotelID":737},{"_id":625,"ID":625,"LocationID":"8460769","HotelID":738},{"_id":626,"ID":626,"LocationID":"7738255","HotelID":739},{"_id":627,"ID":627,"LocationID":"8629263","HotelID":740},{"_id":628,"ID":628,"LocationID":"7615999","HotelID":741},{"_id":629,"ID":629,"LocationID":"188359","HotelID":742},{"_id":630,"ID":630,"LocationID":"15333507","HotelID":743},{"_id":631,"ID":631,"LocationID":"13962321","HotelID":744},{"_id":633,"ID":633,"LocationID":"487483","HotelID":745},{"_id":634,"ID":634,"LocationID":"557379","HotelID":746},{"_id":635,"ID":635,"LocationID":"585096","HotelID":747},{"_id":636,"ID":636,"LocationID":"89346","HotelID":748},{"_id":637,"ID":637,"LocationID":"83966","HotelID":749},{"_id":638,"ID":638,"LocationID":"83950","HotelID":750},{"_id":639,"ID":639,"LocationID":"287273","HotelID":751},{"_id":640,"ID":640,"LocationID":"124884","HotelID":752},{"_id":641,"ID":641,"LocationID":"96818","HotelID":753},{"_id":642,"ID":642,"LocationID":"1583937","HotelID":754},{"_id":643,"ID":643,"LocationID":"12998457","HotelID":756},{"_id":644,"ID":644,"LocationID":"13991602","HotelID":758},{"_id":645,"ID":645,"LocationID":"3522780","HotelID":759},{"_id":646,"ID":646,"LocationID":"90005","HotelID":760},{"_id":647,"ID":647,"LocationID":"279801","HotelID":761},{"_id":648,"ID":648,"LocationID":"503042","HotelID":762},{"_id":649,"ID":649,"LocationID":"120023","HotelID":763},{"_id":650,"ID":650,"LocationID":"12896985","HotelID":764},{"_id":651,"ID":651,"LocationID":"114892","HotelID":766},{"_id":652,"ID":652,"LocationID":"489077","HotelID":767},{"_id":653,"ID":653,"LocationID":"7350603","HotelID":768},{"_id":654,"ID":654,"LocationID":"7331820","HotelID":769},{"_id":655,"ID":655,"LocationID":"224046","HotelID":605},{"_id":656,"ID":656,"LocationID":"96431","HotelID":770},{"_id":657,"ID":657,"LocationID":"81559","HotelID":771},{"_id":658,"ID":658,"LocationID":"254110","HotelID":772},{"_id":659,"ID":659,"LocationID":"1176198","HotelID":773},{"_id":660,"ID":660,"LocationID":"1986190","HotelID":775},{"_id":661,"ID":661,"LocationID":"77279","HotelID":774},{"_id":662,"ID":662,"LocationID":"611832","HotelID":776},{"_id":663,"ID":663,"LocationID":"224656","HotelID":777},{"_id":664,"ID":664,"LocationID":"14008092","HotelID":779},{"_id":665,"ID":665,"LocationID":"181990","HotelID":778},{"_id":666,"ID":666,"LocationID":"1769960","HotelID":780},{"_id":667,"ID":667,"LocationID":"5994362","HotelID":781},{"_id":668,"ID":668,"LocationID":"84769","HotelID":782},{"_id":669,"ID":669,"LocationID":"12164683","HotelID":783},{"_id":670,"ID":670,"LocationID":"182904","HotelID":784},{"_id":671,"ID":671,"LocationID":"7839627","HotelID":785},{"_id":672,"ID":672,"LocationID":"183067","HotelID":786},{"_id":673,"ID":673,"LocationID":"186883","HotelID":787},{"_id":674,"ID":674,"LocationID":"224989","HotelID":788},{"_id":675,"ID":675,"LocationID":"647813","HotelID":789},{"_id":676,"ID":676,"LocationID":"2290149","HotelID":790},{"_id":677,"ID":677,"LocationID":"634746","HotelID":791},{"_id":679,"ID":679,"LocationID":"1465307","HotelID":792},{"_id":680,"ID":680,"LocationID":"181984","HotelID":793},{"_id":681,"ID":681,"LocationID":"188213","HotelID":794},{"_id":682,"ID":682,"LocationID":"2624626","HotelID":795},{"_id":683,"ID":683,"LocationID":"10542485","HotelID":796},{"_id":684,"ID":684,"LocationID":"80106","HotelID":797},{"_id":685,"ID":685,"LocationID":"142005","HotelID":798},{"_id":686,"ID":686,"LocationID":"77657","HotelID":799},{"_id":687,"ID":687,"LocationID":"75819","HotelID":800},{"_id":688,"ID":688,"LocationID":"81531","HotelID":801},{"_id":689,"ID":689,"LocationID":"1674932","HotelID":802},{"_id":690,"ID":690,"LocationID":"12553230","HotelID":803},{"_id":691,"ID":691,"LocationID":"16787716","HotelID":804},{"_id":692,"ID":692,"LocationID":"15827984","HotelID":805},{"_id":693,"ID":693,"LocationID":"95341","HotelID":806},{"_id":694,"ID":694,"LocationID":"115312","HotelID":809},{"_id":696,"ID":696,"LocationID":"183112","HotelID":807},{"_id":697,"ID":697,"LocationID":"16644085","HotelID":810},{"_id":698,"ID":698,"LocationID":"75671","HotelID":812},{"_id":699,"ID":699,"LocationID":"80733","HotelID":813},{"_id":700,"ID":700,"LocationID":"235423","HotelID":814},{"_id":701,"ID":701,"LocationID":"596103","HotelID":815},{"_id":702,"ID":702,"LocationID":"1022962","HotelID":816},{"_id":703,"ID":703,"LocationID":"2412931","HotelID":817},{"_id":704,"ID":704,"LocationID":"119439","HotelID":818},{"_id":705,"ID":705,"LocationID":"1786395","HotelID":821},{"_id":706,"ID":706,"LocationID":"612263","HotelID":822},{"_id":707,"ID":707,"LocationID":"4945551","HotelID":823},{"_id":708,"ID":708,"LocationID":"1237124","HotelID":824},{"_id":709,"ID":709,"LocationID":"224530","HotelID":825},{"_id":710,"ID":710,"LocationID":"222959","HotelID":826},{"_id":711,"ID":711,"LocationID":"1456411","HotelID":827},{"_id":712,"ID":712,"LocationID":"92598","HotelID":828},{"_id":714,"ID":714,"LocationID":"93517","HotelID":830},{"_id":715,"ID":715,"LocationID":"15530629","HotelID":831},{"_id":716,"ID":716,"LocationID":"87111","HotelID":832},{"_id":717,"ID":717,"LocationID":"121996","HotelID":833},{"_id":718,"ID":718,"LocationID":"93589","HotelID":834},{"_id":720,"ID":720,"LocationID":"14969029","HotelID":835},{"_id":721,"ID":721,"LocationID":"224223","HotelID":836},{"_id":722,"ID":722,"LocationID":"114027","HotelID":837},{"_id":723,"ID":723,"LocationID":"99288","HotelID":838},{"_id":724,"ID":724,"LocationID":"80747","HotelID":839},{"_id":725,"ID":725,"LocationID":"93545","HotelID":840},{"_id":726,"ID":726,"LocationID":"17157535","HotelID":841},{"_id":727,"ID":727,"LocationID":"93520","HotelID":843},{"_id":728,"ID":728,"LocationID":"115625","HotelID":844},{"_id":729,"ID":729,"LocationID":"96970","HotelID":846},{"_id":730,"ID":730,"LocationID":"10367555","HotelID":136},{"_id":731,"ID":731,"LocationID":"14120767","HotelID":847},{"_id":732,"ID":732,"LocationID":"14914763","HotelID":851},{"_id":733,"ID":733,"LocationID":"7182804","HotelID":853},{"_id":734,"ID":734,"LocationID":"101391","HotelID":854},{"_id":735,"ID":735,"LocationID":"94107","HotelID":855},{"_id":736,"ID":736,"LocationID":"226481","HotelID":856},{"_id":737,"ID":737,"LocationID":"93311","HotelID":857},{"_id":738,"ID":738,"LocationID":"217577","HotelID":858},{"_id":739,"ID":739,"LocationID":"95230","HotelID":859},{"_id":740,"ID":740,"LocationID":"182700","HotelID":860},{"_id":741,"ID":741,"LocationID":"4928161","HotelID":861},{"_id":742,"ID":742,"LocationID":"8680787","HotelID":862},{"_id":743,"ID":743,"LocationID":"182690","HotelID":863},{"_id":744,"ID":744,"LocationID":"13884675","HotelID":864},{"_id":745,"ID":745,"LocationID":"100239","HotelID":872},{"_id":746,"ID":746,"LocationID":"15530684","HotelID":865},{"_id":747,"ID":747,"LocationID":"14095443","HotelID":870},{"_id":748,"ID":748,"LocationID":"8956551","HotelID":869},{"_id":749,"ID":749,"LocationID":"223931","HotelID":867},{"_id":750,"ID":750,"LocationID":"1513457","HotelID":866},{"_id":751,"ID":751,"LocationID":"1852834","HotelID":868},{"_id":752,"ID":752,"LocationID":"224079","HotelID":871},{"_id":753,"ID":753,"LocationID":"103951","HotelID":873},{"_id":754,"ID":754,"LocationID":"92292","HotelID":905},{"_id":755,"ID":755,"LocationID":"2151833","HotelID":874},{"_id":756,"ID":756,"LocationID":"11426344","HotelID":875},{"_id":757,"ID":757,"LocationID":"259200","HotelID":877},{"_id":758,"ID":758,"LocationID":"86218","HotelID":889},{"_id":759,"ID":759,"LocationID":"85271","HotelID":878},{"_id":760,"ID":760,"LocationID":"13533613","HotelID":879},{"_id":761,"ID":761,"LocationID":"12497244","HotelID":880},{"_id":762,"ID":762,"LocationID":"11676340","HotelID":881},{"_id":763,"ID":763,"LocationID":"10170383","HotelID":882},{"_id":764,"ID":764,"LocationID":"15113879","HotelID":883},{"_id":765,"ID":765,"LocationID":"12913794","HotelID":906},{"_id":766,"ID":766,"LocationID":"1940957","HotelID":884},{"_id":767,"ID":767,"LocationID":"12913794","HotelID":906},{"_id":768,"ID":768,"LocationID":"89018","HotelID":895},{"_id":769,"ID":769,"LocationID":"2049087","HotelID":907},{"_id":770,"ID":770,"LocationID":"110539","HotelID":885},{"_id":771,"ID":771,"LocationID":"232196","HotelID":876},{"_id":772,"ID":772,"LocationID":"1045347","HotelID":886},{"_id":773,"ID":773,"LocationID":"73033","HotelID":887},{"_id":774,"ID":774,"LocationID":"8777675","HotelID":888},{"_id":775,"ID":775,"LocationID":"14031048","HotelID":890},{"_id":776,"ID":776,"LocationID":"489024","HotelID":891},{"_id":777,"ID":777,"LocationID":"1657258","HotelID":892},{"_id":778,"ID":778,"LocationID":"154920","HotelID":555},{"_id":779,"ID":779,"LocationID":"1657258","HotelID":892},{"_id":780,"ID":780,"LocationID":"10199249","HotelID":893},{"_id":782,"ID":782,"LocationID":"10199105","HotelID":894},{"_id":783,"ID":783,"LocationID":"223890","HotelID":909},{"_id":784,"ID":784,"LocationID":"12375752","HotelID":896},{"_id":785,"ID":785,"LocationID":"107957","HotelID":912},{"_id":786,"ID":786,"LocationID":"17701595","HotelID":908},{"_id":787,"ID":787,"LocationID":"88487","HotelID":904},{"_id":788,"ID":788,"LocationID":"d223912","HotelID":903},{"_id":789,"ID":789,"LocationID":"11638838","HotelID":902},{"_id":790,"ID":790,"LocationID":"99066","HotelID":898},{"_id":791,"ID":791,"LocationID":"8529159","HotelID":899},{"_id":792,"ID":792,"LocationID":"249853","HotelID":900},{"_id":793,"ID":793,"LocationID":"96505","HotelID":897},{"_id":794,"ID":794,"LocationID":"585046","HotelID":901},{"_id":795,"ID":795,"LocationID":"72628","HotelID":913},{"_id":796,"ID":796,"LocationID":"83939","HotelID":914},{"_id":797,"ID":797,"LocationID":"86504","HotelID":915},{"_id":798,"ID":798,"LocationID":"7242155","HotelID":916},{"_id":799,"ID":799,"LocationID":"102472","HotelID":917},{"_id":800,"ID":800,"LocationID":"102168","HotelID":918},{"_id":801,"ID":801,"LocationID":"86831","HotelID":919},{"_id":802,"ID":802,"LocationID":"15358021","HotelID":920},{"_id":803,"ID":803,"LocationID":"13431473","HotelID":921},{"_id":804,"ID":804,"LocationID":"16742915","HotelID":922},{"_id":805,"ID":805,"LocationID":"7791696","HotelID":923},{"_id":806,"ID":806,"LocationID":"15812042","HotelID":924},{"_id":807,"ID":807,"LocationID":"1138076","HotelID":925},{"_id":808,"ID":808,"LocationID":"270898","HotelID":935},{"_id":809,"ID":809,"LocationID":"125709","HotelID":936},{"_id":810,"ID":810,"LocationID":"225654","HotelID":937},{"_id":811,"ID":811,"LocationID":"266174","HotelID":938},{"_id":812,"ID":812,"LocationID":"675798","HotelID":926},{"_id":813,"ID":813,"LocationID":"676814","HotelID":927},{"_id":814,"ID":814,"LocationID":"677968","HotelID":928},{"_id":815,"ID":815,"LocationID":"85574","HotelID":929},{"_id":816,"ID":816,"LocationID":"1146451","HotelID":930},{"_id":817,"ID":817,"LocationID":"1465140","HotelID":931},{"_id":818,"ID":818,"LocationID":"186759","HotelID":932},{"_id":819,"ID":819,"LocationID":"595487","HotelID":933},{"_id":820,"ID":820,"LocationID":"17154779","HotelID":934},{"_id":821,"ID":821,"LocationID":"189570","HotelID":943},{"_id":822,"ID":822,"LocationID":"9020704","HotelID":944},{"_id":823,"ID":823,"LocationID":"1486181","HotelID":945},{"_id":824,"ID":824,"LocationID":"3584963","HotelID":946},{"_id":826,"ID":826,"LocationID":"1308385","HotelID":940},{"_id":827,"ID":827,"LocationID":"1546662","HotelID":941},{"_id":828,"ID":828,"LocationID":"230515","HotelID":942},{"_id":829,"ID":829,"LocationID":"183098","HotelID":948},{"_id":830,"ID":830,"LocationID":"3868924","HotelID":947},{"_id":832,"ID":832,"LocationID":"78815","HotelID":950},{"_id":833,"ID":833,"LocationID":"96721","HotelID":951},{"_id":834,"ID":834,"LocationID":"15327417","HotelID":952},{"_id":835,"ID":835,"LocationID":"259449","HotelID":953},{"_id":836,"ID":836,"LocationID":"183771","HotelID":956},{"_id":837,"ID":837,"LocationID":"181964","HotelID":954},{"_id":838,"ID":838,"LocationID":"555020","HotelID":955},{"_id":839,"ID":839,"LocationID":"16859065","HotelID":957},{"_id":840,"ID":840,"LocationID":"219292","HotelID":958},{"_id":841,"ID":841,"LocationID":"8538179","HotelID":960},{"_id":842,"ID":842,"LocationID":"8537978","HotelID":961},{"_id":843,"ID":843,"LocationID":"7940209","HotelID":964},{"_id":844,"ID":844,"LocationID":"98392","HotelID":965},{"_id":845,"ID":845,"LocationID":"73033","HotelID":966},{"_id":846,"ID":846,"LocationID":"1879003","HotelID":967},{"_id":847,"ID":847,"LocationID":"224285","HotelID":968},{"_id":848,"ID":848,"LocationID":"17410275","HotelID":969},{"_id":849,"ID":849,"LocationID":"86516","HotelID":970},{"_id":850,"ID":850,"LocationID":"85576","HotelID":971},{"_id":851,"ID":851,"LocationID":"183098","HotelID":972},{"_id":852,"ID":852,"LocationID":"223912","HotelID":973},{"_id":853,"ID":853,"LocationID":"1961716","HotelID":974},{"_id":854,"ID":854,"LocationID":"223309","HotelID":975},{"_id":855,"ID":855,"LocationID":"10533687","HotelID":976},{"_id":856,"ID":856,"LocationID":"655862","HotelID":977},{"_id":857,"ID":857,"LocationID":"575732","HotelID":979},{"_id":858,"ID":858,"LocationID":"89157","HotelID":980},{"_id":859,"ID":859,"LocationID":"224686","HotelID":981},{"_id":860,"ID":860,"LocationID":"17790916","HotelID":982},{"_id":861,"ID":861,"LocationID":"565977","HotelID":983},{"_id":862,"ID":862,"LocationID":"72761","HotelID":984},{"_id":863,"ID":863,"LocationID":"18720974","HotelID":985},{"_id":864,"ID":864,"LocationID":"7307269","HotelID":986},{"_id":865,"ID":865,"LocationID":"7816364","HotelID":987},{"_id":866,"ID":866,"LocationID":"100547","HotelID":988},{"_id":867,"ID":867,"LocationID":"182611","HotelID":989},{"_id":868,"ID":868,"LocationID":"1026908","HotelID":990},{"_id":869,"ID":869,"LocationID":"14913949","HotelID":991},{"_id":870,"ID":870,"LocationID":"156275","HotelID":992},{"_id":871,"ID":871,"LocationID":"81302","HotelID":993},{"_id":872,"ID":872,"LocationID":"93526","HotelID":994},{"_id":873,"ID":873,"LocationID":"182910","HotelID":995},{"_id":874,"ID":874,"LocationID":"676098","HotelID":996},{"_id":875,"ID":875,"LocationID":"18856140","HotelID":997},{"_id":876,"ID":876,"LocationID":"208453","HotelID":998},{"_id":877,"ID":877,"LocationID":"119818","HotelID":999},{"_id":878,"ID":878,"LocationID":"184309","HotelID":1000},{"_id":879,"ID":879,"LocationID":"1519981","HotelID":1004},{"_id":880,"ID":880,"LocationID":"240051","HotelID":1005},{"_id":881,"ID":881,"LocationID":"184165","HotelID":1006},{"_id":882,"ID":882,"LocationID":"182746","HotelID":1007},{"_id":883,"ID":883,"LocationID":"259461","HotelID":1008},{"_id":884,"ID":884,"LocationID":"183621","HotelID":1009},{"_id":885,"ID":885,"LocationID":"182807","HotelID":1010},{"_id":886,"ID":886,"LocationID":"183758","HotelID":1011},{"_id":887,"ID":887,"LocationID":"182639","HotelID":1012},{"_id":888,"ID":888,"LocationID":"1210235","HotelID":1013},{"_id":889,"ID":889,"LocationID":"1156457","HotelID":1014},{"_id":890,"ID":890,"LocationID":"183483","HotelID":1015},{"_id":891,"ID":891,"LocationID":"183760","HotelID":1016},{"_id":892,"ID":892,"LocationID":"182824","HotelID":1017},{"_id":893,"ID":893,"LocationID":"182724","HotelID":1018},{"_id":894,"ID":894,"LocationID":"183761","HotelID":1019},{"_id":895,"ID":895,"LocationID":"182836","HotelID":1020},{"_id":896,"ID":896,"LocationID":"189566","HotelID":1021},{"_id":897,"ID":897,"LocationID":"182682","HotelID":1022},{"_id":898,"ID":898,"LocationID":"182686","HotelID":1023},{"_id":899,"ID":899,"LocationID":"183762","HotelID":1024},{"_id":900,"ID":900,"LocationID":"182851","HotelID":1025},{"_id":901,"ID":901,"LocationID":"184068","HotelID":1026},{"_id":902,"ID":902,"LocationID":"262701","HotelID":1027},{"_id":903,"ID":903,"LocationID":"184061","HotelID":1028},{"_id":904,"ID":904,"LocationID":"183598","HotelID":1029},{"_id":905,"ID":905,"LocationID":"184409","HotelID":1030},{"_id":906,"ID":906,"LocationID":"182699","HotelID":1031},{"_id":907,"ID":907,"LocationID":"182698","HotelID":1032},{"_id":908,"ID":908,"LocationID":"262650","HotelID":1033},{"_id":909,"ID":909,"LocationID":"182959","HotelID":1034},{"_id":910,"ID":910,"LocationID":"186885","HotelID":1035},{"_id":911,"ID":911,"LocationID":"183000","HotelID":1036},{"_id":912,"ID":912,"LocationID":"183373","HotelID":1037},{"_id":913,"ID":913,"LocationID":"184063","HotelID":1038},{"_id":914,"ID":914,"LocationID":"183380","HotelID":1039},{"_id":915,"ID":915,"LocationID":"183390","HotelID":1040},{"_id":916,"ID":916,"LocationID":"90179","HotelID":1041},{"_id":917,"ID":917,"LocationID":"183622","HotelID":1042},{"_id":918,"ID":918,"LocationID":"262846","HotelID":1043},{"_id":919,"ID":919,"LocationID":"184066","HotelID":1044},{"_id":920,"ID":920,"LocationID":"186888","HotelID":1045},{"_id":921,"ID":921,"LocationID":"186886","HotelID":1046},{"_id":922,"ID":922,"LocationID":"183401","HotelID":1047},{"_id":923,"ID":923,"LocationID":"182786","HotelID":1048},{"_id":924,"ID":924,"LocationID":"183766","HotelID":1049},{"_id":925,"ID":925,"LocationID":"183040","HotelID":1050},{"_id":926,"ID":926,"LocationID":"184067","HotelID":1051},{"_id":927,"ID":927,"LocationID":"182790","HotelID":1052},{"_id":928,"ID":928,"LocationID":"262847","HotelID":1053},{"_id":929,"ID":929,"LocationID":"183146","HotelID":1054},{"_id":930,"ID":930,"LocationID":"182655","HotelID":1055},{"_id":931,"ID":931,"LocationID":"182656","HotelID":1056},{"_id":932,"ID":932,"LocationID":"182795","HotelID":1057},{"_id":933,"ID":933,"LocationID":"18721054","HotelID":1058},{"_id":934,"ID":934,"LocationID":"240449","HotelID":1059},{"_id":935,"ID":935,"LocationID":"10390910","HotelID":1060},{"_id":936,"ID":936,"LocationID":"13511733","HotelID":1061},{"_id":937,"ID":937,"LocationID":"223285","HotelID":1062},{"_id":938,"ID":938,"LocationID":"11236004","HotelID":1063},{"_id":939,"ID":939,"LocationID":"609752","HotelID":1064},{"_id":940,"ID":940,"LocationID":"653206","HotelID":1066},{"_id":941,"ID":941,"LocationID":"10250","HotelID":1065},{"_id":942,"ID":942,"LocationID":"1940859","HotelID":1069},{"_id":943,"ID":943,"LocationID":"2554351","HotelID":1069},{"_id":944,"ID":944,"LocationID":"9759116","HotelID":1070},{"_id":945,"ID":945,"LocationID":"77733","HotelID":1071},{"_id":946,"ID":946,"LocationID":"1485623","HotelID":1072},{"_id":947,"ID":947,"LocationID":"639444","HotelID":1073},{"_id":948,"ID":948,"LocationID":"220058","HotelID":1074},{"_id":949,"ID":949,"LocationID":"84060","HotelID":1075},{"_id":950,"ID":950,"LocationID":"208191","HotelID":1076},{"_id":951,"ID":951,"LocationID":"12349375","HotelID":1077},{"_id":952,"ID":952,"LocationID":"86978","HotelID":1078},{"_id":953,"ID":953,"LocationID":"1026370","HotelID":1080},{"_id":954,"ID":954,"LocationID":"564851","HotelID":1081},{"_id":955,"ID":955,"LocationID":"93454","HotelID":1082},{"_id":956,"ID":956,"LocationID":"93466","HotelID":1083},{"_id":957,"ID":957,"LocationID":"93457","HotelID":1084},{"_id":958,"ID":958,"LocationID":"6407567","HotelID":1085},{"_id":959,"ID":959,"LocationID":"99352","HotelID":1086},{"_id":960,"ID":960,"LocationID":"87090","HotelID":1087},{"_id":961,"ID":961,"LocationID":"93610","HotelID":1088},{"_id":962,"ID":962,"LocationID":"94238","HotelID":1089},{"_id":963,"ID":963,"LocationID":"7255276","HotelID":1090},{"_id":964,"ID":964,"LocationID":"81985","HotelID":1091},{"_id":965,"ID":965,"LocationID":"112066","HotelID":1092},{"_id":966,"ID":966,"LocationID":"240165","HotelID":1093},{"_id":967,"ID":967,"LocationID":"4091412","HotelID":1094},{"_id":968,"ID":968,"LocationID":"1938661","HotelID":1096},{"_id":969,"ID":969,"LocationID":"1218812","HotelID":1098},{"_id":970,"ID":970,"LocationID":"254352","HotelID":1099},{"_id":971,"ID":971,"LocationID":"12598956","HotelID":1100},{"_id":972,"ID":972,"LocationID":"181939","HotelID":1101},{"_id":973,"ID":973,"LocationID":"589326","HotelID":1107},{"_id":975,"ID":975,"LocationID":"1139061","HotelID":1106},{"_id":976,"ID":976,"LocationID":"181979","HotelID":1109},{"_id":977,"ID":977,"LocationID":"181987","HotelID":1108},{"_id":978,"ID":978,"LocationID":"676832","HotelID":1111},{"_id":979,"ID":979,"LocationID":"224386","HotelID":1110},{"_id":980,"ID":980,"LocationID":"186918","HotelID":1112},{"_id":981,"ID":981,"LocationID":"671728","HotelID":1105},{"_id":982,"ID":982,"LocationID":"671513","HotelID":1113},{"_id":983,"ID":983,"LocationID":"74383","HotelID":1114},{"_id":984,"ID":984,"LocationID":"276212","HotelID":1115},{"_id":985,"ID":985,"LocationID":"15035558","HotelID":1116},{"_id":986,"ID":986,"LocationID":"224160","HotelID":1117},{"_id":987,"ID":987,"LocationID":"4350760","HotelID":1119},{"_id":988,"ID":988,"LocationID":"124692","HotelID":1120},{"_id":989,"ID":989,"LocationID":"7158340","HotelID":1118},{"_id":990,"ID":990,"LocationID":"181961","HotelID":1121},{"_id":991,"ID":991,"LocationID":"101207","HotelID":1123},{"_id":992,"ID":992,"LocationID":"182808","HotelID":1124},{"_id":993,"ID":993,"LocationID":"623264","HotelID":1125},{"_id":994,"ID":994,"LocationID":"17431456","HotelID":1126},{"_id":995,"ID":995,"LocationID":"1469355","HotelID":1127},{"_id":996,"ID":996,"LocationID":"13451297","HotelID":1128},{"_id":997,"ID":997,"LocationID":"13448589","HotelID":1129},{"_id":998,"ID":998,"LocationID":"223935","HotelID":1130},{"_id":999,"ID":999,"LocationID":"223935","HotelID":1130},{"_id":1000,"ID":1000,"LocationID":"278079","HotelID":1132},{"_id":1001,"ID":1001,"LocationID":"101069","HotelID":1131},{"_id":1002,"ID":1002,"LocationID":"1485127","HotelID":1133},{"_id":1003,"ID":1003,"LocationID":"183277","HotelID":1134},{"_id":1004,"ID":1004,"LocationID":"1138574","HotelID":1135},{"_id":1005,"ID":1005,"LocationID":"625171","HotelID":1136},{"_id":1006,"ID":1006,"LocationID":"74588","HotelID":1137},{"_id":1007,"ID":1007,"LocationID":"9761666","HotelID":1138},{"_id":1008,"ID":1008,"LocationID":"17768161","HotelID":1139},{"_id":1009,"ID":1009,"LocationID":"2306647","HotelID":1140},{"_id":1010,"ID":1010,"LocationID":"182545","HotelID":1141},{"_id":1011,"ID":1011,"LocationID":"10680521","HotelID":1142},{"_id":1012,"ID":1012,"LocationID":"74449","HotelID":1143},{"_id":1013,"ID":1013,"LocationID":"3507454","HotelID":1144},{"_id":1014,"ID":1014,"LocationID":"109775","HotelID":1145},{"_id":1015,"ID":1015,"LocationID":"7736527","HotelID":1146},{"_id":1016,"ID":1016,"LocationID":"16714524","HotelID":1147},{"_id":1017,"ID":1017,"LocationID":"235215","HotelID":1148},{"_id":1018,"ID":1018,"LocationID":"184900","HotelID":1149},{"_id":1019,"ID":1019,"LocationID":"1755673","HotelID":1150},{"_id":1020,"ID":1020,"LocationID":"94308","HotelID":1152},{"_id":1021,"ID":1021,"LocationID":"1102476","HotelID":1154},{"_id":1022,"ID":1022,"LocationID":"12392416","HotelID":1155},{"_id":1023,"ID":1023,"LocationID":"223049","HotelID":1156},{"_id":1024,"ID":1024,"LocationID":"672868","HotelID":1157},{"_id":1025,"ID":1025,"LocationID":"88168","HotelID":1158},{"_id":1026,"ID":1026,"LocationID":"82819","HotelID":1159},{"_id":1027,"ID":1027,"LocationID":"13341145","HotelID":1160},{"_id":1028,"ID":1028,"LocationID":"19673887","HotelID":1161},{"_id":1029,"ID":1029,"LocationID":"183077","HotelID":1294},{"_id":1030,"ID":1030,"LocationID":"101119","HotelID":949},{"_id":1031,"ID":1031,"LocationID":"15074145","HotelID":1341},{"_id":1032,"ID":1032,"LocationID":"99518","HotelID":1338},{"_id":1033,"ID":1033,"LocationID":"10276193","HotelID":1557},{"_id":1034,"ID":1034,"LocationID":"10333804","HotelID":1558},{"_id":1035,"ID":1035,"LocationID":"1026710","HotelID":1863},{"_id":1036,"ID":1036,"LocationID":"12392417","HotelID":1862},{"_id":1037,"ID":1037,"LocationID":"184085","HotelID":1864},{"_id":1038,"ID":1038,"LocationID":"20001551","HotelID":1865},{"_id":1039,"ID":1039,"LocationID":"309173","HotelID":2866},{"_id":1040,"ID":1040,"LocationID":"19368179","HotelID":2867},{"_id":1041,"ID":1041,"LocationID":"1308385","HotelID":939},{"_id":1042,"ID":1042,"LocationID":"1156770","HotelID":1295},{"_id":1043,"ID":1043,"LocationID":"6776721","HotelID":1296},{"_id":1044,"ID":1044,"LocationID":"501348","HotelID":1297},{"_id":1045,"ID":1045,"LocationID":"6776721","HotelID":1322},{"_id":1046,"ID":1046,"LocationID":"11638807","HotelID":1308},{"_id":1047,"ID":1047,"LocationID":"1236725","HotelID":1298},{"_id":1048,"ID":1048,"LocationID":"107452","HotelID":1299},{"_id":1049,"ID":1049,"LocationID":"104875","HotelID":1300},{"_id":1050,"ID":1050,"LocationID":"4156036","HotelID":1301},{"_id":1051,"ID":1051,"LocationID":"259597","HotelID":1302},{"_id":1052,"ID":1052,"LocationID":"223694","HotelID":1303},{"_id":1053,"ID":1053,"LocationID":"627977","HotelID":1304},{"_id":1054,"ID":1054,"LocationID":"1138996","HotelID":1321},{"_id":1055,"ID":1055,"LocationID":"1769950","HotelID":2868},{"_id":1056,"ID":1056,"LocationID":"20912850","HotelID":2869},{"_id":1057,"ID":1057,"LocationID":"1950140","HotelID":1544},{"_id":1058,"ID":1058,"LocationID":"15530651","HotelID":1548},{"_id":1059,"ID":1059,"LocationID":"608315","HotelID":1545},{"_id":1060,"ID":1060,"LocationID":"7786959","HotelID":1549},{"_id":1061,"ID":1061,"LocationID":"14095436","HotelID":1554},{"_id":1062,"ID":1062,"LocationID":"12949081","HotelID":1550},{"_id":1063,"ID":1063,"LocationID":"673760","HotelID":1546},{"_id":1064,"ID":1064,"LocationID":"10632696","HotelID":1547},{"_id":1065,"ID":1065,"LocationID":"12729140","HotelID":1551},{"_id":1066,"ID":1066,"LocationID":"13110005","HotelID":1541},{"_id":1067,"ID":1067,"LocationID":"13083036","HotelID":1542},{"_id":1068,"ID":1068,"LocationID":"13964272","HotelID":1543},{"_id":1069,"ID":1069,"LocationID":"15555380","HotelID":2870},{"_id":1070,"ID":1070,"LocationID":"673790","HotelID":1552},{"_id":1071,"ID":1071,"LocationID":"1672209","HotelID":1553},{"_id":1072,"ID":1072,"LocationID":"18721020","HotelID":2874},{"_id":1073,"ID":1073,"LocationID":"73291","HotelID":2877},{"_id":1074,"ID":1074,"LocationID":"73287","HotelID":2876},{"_id":1075,"ID":1075,"LocationID":"20020803","HotelID":2903},{"_id":1109,"ID":1109,"LocationID":"107957","HotelID":2996},{"_id":1110,"ID":1110,"LocationID":"100239","HotelID":2997},{"_id":1111,"ID":1111,"LocationID":"103951","HotelID":2998},{"_id":1112,"ID":1112,"LocationID":"73287","HotelID":2999},{"_id":1113,"ID":1113,"LocationID":"225654","HotelID":3000},{"_id":1114,"ID":1114,"LocationID":"270898","HotelID":3001},{"_id":1115,"ID":1115,"LocationID":"270898","HotelID":3002},{"_id":1116,"ID":1116,"LocationID":"125709","HotelID":3002},{"_id":1117,"ID":1117,"LocationID":"266174","HotelID":3003},{"_id":1118,"ID":1118,"LocationID":"20001551","HotelID":3004},{"_id":1119,"ID":1119,"LocationID":"224285","HotelID":3005},{"_id":1120,"ID":1120,"LocationID":"15358021","HotelID":3006},{"_id":1121,"ID":1121,"LocationID":"7242155","HotelID":3007},{"_id":1123,"ID":1123,"LocationID":"101182","HotelID":3024},{"_id":1122,"ID":1122,"LocationID":"18720949","HotelID":3023},{"_id":1125,"ID":1125,"LocationID":"268485","HotelID":3026},{"_id":1124,"ID":1124,"LocationID":"91638","HotelID":3025},{"_id":1126,"ID":1126,"LocationID":"1147403","HotelID":70},{"_id":1127,"ID":1127,"LocationID":"3380559","HotelID":3028},{"_id":1128,"ID":1128,"LocationID":"1778098","HotelID":3029},{"_id":1129,"ID":1129,"LocationID":"281419","HotelID":3030},{"_id":1130,"ID":1130,"LocationID":"11932006","HotelID":3031},{"_id":1132,"ID":1132,"LocationID":"596405","HotelID":555},{"_id":1135,"ID":1135,"LocationID":"1091061","HotelID":3033},{"_id":1136,"ID":1136,"LocationID":"596405","HotelID":3032},{"_id":1137,"ID":1137,"LocationID":"1091061","HotelID":3033},{"_id":1138,"ID":1138,"LocationID":"8674936","HotelID":3034},{"_id":1139,"ID":1139,"LocationID":"6853036","HotelID":3036},{"_id":1140,"ID":1140,"LocationID":"3471334","HotelID":3037},{"_id":1141,"ID":1141,"LocationID":"1211016","HotelID":3038},{"_id":1142,"ID":1142,"LocationID":"101428","HotelID":3039},{"_id":1143,"ID":1143,"LocationID":"1802277","HotelID":3040},{"_id":1144,"ID":1144,"LocationID":"2151296","HotelID":3041},{"_id":1145,"ID":1145,"LocationID":"8318374","HotelID":3042},{"_id":1146,"ID":1146,"LocationID":"13140679","HotelID":3043},{"_id":1147,"ID":1147,"LocationID":"15035558","HotelID":3044},{"_id":1148,"ID":1148,"LocationID":"12672780","HotelID":3045},{"_id":1149,"ID":1149,"LocationID":"20020170","HotelID":3046},{"_id":1150,"ID":1150,"LocationID":"6833970","HotelID":3053},{"_id":1151,"ID":1151,"LocationID":"110700","HotelID":3047},{"_id":1152,"ID":1152,"LocationID":"6731718","HotelID":3048},{"_id":1153,"ID":1153,"LocationID":"846138","HotelID":3049},{"_id":1154,"ID":1154,"LocationID":"15100933","HotelID":3050},{"_id":1155,"ID":1155,"LocationID":"11619712","HotelID":3051},{"_id":1156,"ID":1156,"LocationID":"611293","HotelID":3052},{"_id":1157,"ID":1157,"LocationID":"8776712","HotelID":3056},{"_id":1158,"ID":1158,"LocationID":"119355","HotelID":3057},{"_id":1159,"ID":1159,"LocationID":"73892","HotelID":3058},{"_id":1160,"ID":1160,"LocationID":"1902906","HotelID":3059},{"_id":1161,"ID":1161,"LocationID":"2554318","HotelID":3060},{"_id":1162,"ID":1162,"LocationID":"9603119","HotelID":3061},{"_id":1163,"ID":1163,"LocationID":"73821","HotelID":3062},{"_id":1164,"ID":1164,"LocationID":"75164","HotelID":3063},{"_id":1165,"ID":1165,"LocationID":"73787","HotelID":3064},{"_id":1166,"ID":1166,"LocationID":"118778","HotelID":3065},{"_id":1167,"ID":1167,"LocationID":"600446","HotelID":3066},{"_id":1168,"ID":1168,"LocationID":"285523","HotelID":3067},{"_id":1169,"ID":1169,"LocationID":"253174","HotelID":3068},{"_id":1170,"ID":1170,"LocationID":"209383","HotelID":3069},{"_id":1171,"ID":1171,"LocationID":"249656","HotelID":3072},{"_id":1172,"ID":1172,"LocationID":"218748","HotelID":3070},{"_id":1173,"ID":1173,"LocationID":"218748","HotelID":3070},{"_id":1174,"ID":1174,"LocationID":"217667","HotelID":3100},{"_id":1175,"ID":1175,"LocationID":"20020824","HotelID":3101},{"_id":1176,"ID":1176,"LocationID":"111045","HotelID":3103},{"_id":1177,"ID":1177,"LocationID":"659374","HotelID":3112},{"_id":1178,"ID":1178,"LocationID":"294848","HotelID":3114},{"_id":1180,"ID":1180,"LocationID":"106084","HotelID":3116},{"_id":1179,"ID":1179,"LocationID":"223926","HotelID":3115},{"_id":1181,"ID":1181,"LocationID":"240053","HotelID":3119},{"_id":1194,"ID":1194,"LocationID":"12822153","HotelID":3269},{"_id":1195,"ID":1195,"LocationID":"112021","HotelID":3336},{"_id":1196,"ID":1196,"LocationID":"12197432","HotelID":3337},{"_id":1197,"ID":1197,"LocationID":"89615","HotelID":3338},{"_id":1198,"ID":1198,"LocationID":"21387554","HotelID":3339},{"_id":1199,"ID":1199,"LocationID":"218939","HotelID":3318},{"_id":1200,"ID":1200,"LocationID":"649823","HotelID":3314},{"_id":1201,"ID":1201,"LocationID":"15035557","HotelID":3295},{"_id":1202,"ID":1202,"LocationID":"11668480","HotelID":3331},{"_id":1203,"ID":1203,"LocationID":"106910","HotelID":3312},{"_id":1204,"ID":1204,"LocationID":"10625235","HotelID":3327},{"_id":1205,"ID":1205,"LocationID":"15100974","HotelID":3316},{"_id":1206,"ID":1206,"LocationID":"102063","HotelID":3309},{"_id":1207,"ID":1207,"LocationID":"9853304","HotelID":3293},{"_id":1208,"ID":1208,"LocationID":"7856451","HotelID":3313},{"_id":1209,"ID":1209,"LocationID":"102066","HotelID":3303},{"_id":1210,"ID":1210,"LocationID":"20002899","HotelID":3406},{"_id":1211,"ID":1211,"LocationID":"587556","HotelID":3298},{"_id":1212,"ID":1212,"LocationID":"17764461","HotelID":3330},{"_id":1213,"ID":1213,"LocationID":"12297910","HotelID":3290},{"_id":1215,"ID":1215,"LocationID":"224856","HotelID":3322},{"_id":1216,"ID":1216,"LocationID":"217729","HotelID":3328},{"_id":1214,"ID":1214,"LocationID":"18978162","HotelID":3335},{"_id":1217,"ID":1217,"LocationID":"607837","HotelID":3334},{"_id":1218,"ID":1218,"LocationID":"106932","HotelID":3307},{"_id":1219,"ID":1219,"LocationID":"75213","HotelID":3297},{"_id":1220,"ID":1220,"LocationID":"295454","HotelID":3306},{"_id":1221,"ID":1221,"LocationID":"20002597","HotelID":3329},{"_id":1222,"ID":1222,"LocationID":"10006444","HotelID":3320},{"_id":1223,"ID":1223,"LocationID":"939155","HotelID":3310},{"_id":1224,"ID":1224,"LocationID":"224169","HotelID":3302},{"_id":1225,"ID":1225,"LocationID":"74439","HotelID":3435},{"_id":1226,"ID":1226,"LocationID":"1099101","HotelID":3333},{"_id":1227,"ID":1227,"LocationID":"90249","HotelID":3289},{"_id":1229,"ID":1229,"LocationID":"6160286","HotelID":3323},{"_id":1228,"ID":1228,"LocationID":"223839","HotelID":3321},{"_id":1236,"ID":1236,"LocationID":"19838538","HotelID":3483},{"_id":1237,"ID":1237,"LocationID":"19247922","HotelID":3291},{"_id":1238,"ID":1238,"LocationID":"1383477","HotelID":3491},{"_id":1246,"ID":1246,"LocationID":"96022","HotelID":3304},{"_id":1245,"ID":1245,"LocationID":"21280594","HotelID":3507},{"_id":1239,"ID":1239,"LocationID":"1231084","HotelID":3504},{"_id":1244,"ID":1244,"LocationID":"8632063","HotelID":3506},{"_id":1240,"ID":1240,"LocationID":"596918","HotelID":3311},{"_id":1243,"ID":1243,"LocationID":"8678201","HotelID":3505},{"_id":1242,"ID":1242,"LocationID":"102017","HotelID":3332},{"_id":1241,"ID":1241,"LocationID":"223840","HotelID":3326}]