{"fields":[{"name":"_id","path":"_id","count":161,"types":[{"name":"String","bsonType":"String","path":"_id","count":161,"total_count":0,"probability":1}],"total_count":161,"type":"String","has_duplicates":false,"probability":1},{"name":"Action","path":"Action","count":161,"types":[{"name":"String","bsonType":"String","path":"Action","count":161,"total_count":0,"probability":1}],"total_count":161,"type":"String","has_duplicates":false,"probability":1},{"name":"ControllerName","path":"ControllerName","count":161,"types":[{"name":"String","bsonType":"String","path":"ControllerName","count":161,"total_count":0,"probability":1}],"total_count":161,"type":"String","has_duplicates":false,"probability":1},{"name":"PermissionId","path":"PermissionId","count":161,"types":[{"name":"String","bsonType":"String","path":"PermissionId","count":161,"total_count":0,"probability":1}],"total_count":161,"type":"String","has_duplicates":false,"probability":1},{"name":"Title","path":"Title","count":161,"types":[{"name":"String","bsonType":"String","path":"Title","count":159,"total_count":0,"probability":0.9875776397515528},{"name":"Null","bsonType":"Null","path":"Title","count":2,"total_count":0,"probability":0.012422360248447204,"unique":1,"has_duplicates":true}],"total_count":161,"type":["String","Null"],"has_duplicates":true,"probability":1}],"count":161}