{"fields":[{"name":"_id","path":"_id","count":1022,"types":[{"name":"Number","bsonType":"Number","path":"_id","count":1022,"total_count":0,"probability":1}],"total_count":1022,"type":"Number","has_duplicates":false,"probability":1},{"name":"HotelID","path":"HotelID","count":1022,"types":[{"name":"Number","bsonType":"Number","path":"HotelID","count":1022,"total_count":0,"probability":1}],"total_count":1022,"type":"Number","has_duplicates":false,"probability":1},{"name":"ID","path":"ID","count":1022,"types":[{"name":"Number","bsonType":"Number","path":"ID","count":1022,"total_count":0,"probability":1}],"total_count":1022,"type":"Number","has_duplicates":false,"probability":1},{"name":"LocationID","path":"LocationID","count":1022,"types":[{"name":"String","bsonType":"String","path":"LocationID","count":1022,"total_count":0,"probability":1}],"total_count":1022,"type":"String","has_duplicates":false,"probability":1}],"count":1022}