[{"_id":1,"ID":1,"UserID":483,"DashboardDayButton":true,"DashboardMonthButton":true,"DashboardYearButton":true,"AddComment":false,"AddEvent":false,"StatsByDateRange":false,"STRReport":false,"PickupReport":false,"SessionReport":false,"ImportLogReport":false,"QCLogReport":false,"HotelDashboardCalculation":false,"Organization":false,"PayRoll":false,"HotelReview":false,"AddHotel":false,"AddHotelGroup":false,"ImportHotel":false,"UserList":false,"AddUser":false,"UserHotelMapping":false,"UserHotelMappingList":false,"ImportUser":false,"Department":false,"ExpenseFormVendorList":false,"AddExpenseFormVendor":false,"ImportExpenseFormVendor":false,"RoomRevenue":false,"FoodBeverageRevenue":false,"OtherIncome":false,"HotelBudgetForecast":false,"HotelRevenueGLCode":false,"SetRevenueSourceTitle":false,"ImportReport":false,"ExportReport":false,"Configuration":false,"EmailConfigurationList":false,"AddEmailConfiguration":false,"ContactSupport":false,"UpdatedBy":"superadmin@mydigitaloffice.ca","UpdateDateTime":"2017-06-01T10:13:25.003Z","IsActive":true,"AddOrganization":false,"EmailEscalationConfigurationList":null,"AddEmailEscalationConfiguration":null,"Labor":null},{"_id":2,"ID":2,"UserID":516,"DashboardDayButton":true,"DashboardMonthButton":true,"DashboardYearButton":true,"AddComment":true,"AddEvent":true,"StatsByDateRange":true,"STRReport":true,"PickupReport":true,"SessionReport":true,"ImportLogReport":true,"QCLogReport":true,"HotelDashboardCalculation":true,"Organization":true,"PayRoll":true,"HotelReview":true,"AddHotel":true,"AddHotelGroup":true,"ImportHotel":true,"UserList":true,"AddUser":true,"UserHotelMapping":true,"UserHotelMappingList":true,"ImportUser":true,"Department":true,"ExpenseFormVendorList":true,"AddExpenseFormVendor":true,"ImportExpenseFormVendor":true,"RoomRevenue":true,"FoodBeverageRevenue":true,"OtherIncome":true,"HotelBudgetForecast":true,"HotelRevenueGLCode":true,"SetRevenueSourceTitle":true,"ImportReport":true,"ExportReport":true,"Configuration":true,"EmailConfigurationList":true,"AddEmailConfiguration":true,"ContactSupport":true,"UpdatedBy":"nibaya@mydigitaloffice.ca","UpdateDateTime":"2017-07-07T14:23:41.170Z","IsActive":true,"AddOrganization":true,"EmailEscalationConfigurationList":null,"AddEmailEscalationConfiguration":null,"Labor":null},{"_id":3,"ID":3,"UserID":1148,"DashboardDayButton":true,"DashboardMonthButton":true,"DashboardYearButton":true,"AddComment":true,"AddEvent":true,"StatsByDateRange":true,"STRReport":true,"PickupReport":true,"SessionReport":true,"ImportLogReport":true,"QCLogReport":true,"HotelDashboardCalculation":true,"Organization":true,"PayRoll":true,"HotelReview":true,"AddHotel":true,"AddHotelGroup":true,"ImportHotel":true,"UserList":true,"AddUser":true,"UserHotelMapping":true,"UserHotelMappingList":true,"ImportUser":true,"Department":true,"ExpenseFormVendorList":true,"AddExpenseFormVendor":true,"ImportExpenseFormVendor":true,"RoomRevenue":true,"FoodBeverageRevenue":true,"OtherIncome":true,"HotelBudgetForecast":true,"HotelRevenueGLCode":true,"SetRevenueSourceTitle":true,"ImportReport":true,"ExportReport":true,"Configuration":true,"EmailConfigurationList":true,"AddEmailConfiguration":true,"ContactSupport":true,"UpdatedBy":"ali@mydigitaloffice.ca","UpdateDateTime":"2018-08-21T19:37:12.790Z","IsActive":true,"AddOrganization":true,"EmailEscalationConfigurationList":null,"AddEmailEscalationConfiguration":null,"Labor":null},{"_id":5,"ID":5,"UserID":1377,"DashboardDayButton":true,"DashboardMonthButton":true,"DashboardYearButton":true,"AddComment":true,"AddEvent":true,"StatsByDateRange":true,"STRReport":true,"PickupReport":true,"SessionReport":false,"ImportLogReport":false,"QCLogReport":true,"HotelDashboardCalculation":true,"Organization":true,"PayRoll":true,"HotelReview":true,"AddHotel":true,"AddHotelGroup":true,"ImportHotel":true,"UserList":true,"AddUser":true,"UserHotelMapping":true,"UserHotelMappingList":true,"ImportUser":true,"Department":true,"ExpenseFormVendorList":true,"AddExpenseFormVendor":true,"ImportExpenseFormVendor":true,"RoomRevenue":true,"FoodBeverageRevenue":true,"OtherIncome":true,"HotelBudgetForecast":true,"HotelRevenueGLCode":true,"SetRevenueSourceTitle":true,"ImportReport":true,"ExportReport":true,"Configuration":true,"EmailConfigurationList":true,"AddEmailConfiguration":true,"ContactSupport":true,"UpdatedBy":"superadmin@mydigitaloffice.ca","UpdateDateTime":"2019-04-01T04:10:36.107Z","IsActive":true,"AddOrganization":true,"EmailEscalationConfigurationList":true,"AddEmailEscalationConfiguration":true,"Labor":null},{"_id":6,"ID":6,"UserID":845,"DashboardDayButton":true,"DashboardMonthButton":true,"DashboardYearButton":true,"AddComment":true,"AddEvent":true,"StatsByDateRange":true,"STRReport":true,"PickupReport":true,"SessionReport":false,"ImportLogReport":true,"QCLogReport":true,"HotelDashboardCalculation":true,"Organization":true,"PayRoll":true,"HotelReview":true,"AddHotel":true,"AddHotelGroup":true,"ImportHotel":true,"UserList":true,"AddUser":true,"UserHotelMapping":true,"UserHotelMappingList":true,"ImportUser":true,"Department":true,"ExpenseFormVendorList":true,"AddExpenseFormVendor":true,"ImportExpenseFormVendor":true,"RoomRevenue":true,"FoodBeverageRevenue":true,"OtherIncome":true,"HotelBudgetForecast":true,"HotelRevenueGLCode":true,"SetRevenueSourceTitle":true,"ImportReport":true,"ExportReport":true,"Configuration":true,"EmailConfigurationList":true,"AddEmailConfiguration":true,"ContactSupport":true,"UpdatedBy":"josh@mydigitaloffice.ca","UpdateDateTime":"2019-04-05T17:05:15.997Z","IsActive":true,"AddOrganization":true,"EmailEscalationConfigurationList":true,"AddEmailEscalationConfiguration":true,"Labor":null},{"_id":7,"ID":7,"UserID":846,"DashboardDayButton":true,"DashboardMonthButton":true,"DashboardYearButton":true,"AddComment":true,"AddEvent":true,"StatsByDateRange":true,"STRReport":true,"PickupReport":true,"SessionReport":false,"ImportLogReport":false,"QCLogReport":true,"HotelDashboardCalculation":true,"Organization":true,"PayRoll":true,"HotelReview":true,"AddHotel":true,"AddHotelGroup":true,"ImportHotel":true,"UserList":true,"AddUser":true,"UserHotelMapping":true,"UserHotelMappingList":true,"ImportUser":true,"Department":true,"ExpenseFormVendorList":true,"AddExpenseFormVendor":true,"ImportExpenseFormVendor":true,"RoomRevenue":true,"FoodBeverageRevenue":true,"OtherIncome":true,"HotelBudgetForecast":true,"HotelRevenueGLCode":true,"SetRevenueSourceTitle":true,"ImportReport":true,"ExportReport":true,"Configuration":true,"EmailConfigurationList":true,"AddEmailConfiguration":true,"ContactSupport":true,"UpdatedBy":"josh@mydigitaloffice.ca","UpdateDateTime":"2019-04-05T15:58:46.110Z","IsActive":true,"AddOrganization":true,"EmailEscalationConfigurationList":true,"AddEmailEscalationConfiguration":true,"Labor":null},{"_id":8,"ID":8,"UserID":2472,"DashboardDayButton":true,"DashboardMonthButton":true,"DashboardYearButton":true,"AddComment":true,"AddEvent":true,"StatsByDateRange":true,"STRReport":true,"PickupReport":true,"SessionReport":false,"ImportLogReport":false,"QCLogReport":false,"HotelDashboardCalculation":false,"Organization":false,"PayRoll":true,"HotelReview":false,"AddHotel":false,"AddHotelGroup":false,"ImportHotel":false,"UserList":false,"AddUser":false,"UserHotelMapping":false,"UserHotelMappingList":false,"ImportUser":false,"Department":false,"ExpenseFormVendorList":false,"AddExpenseFormVendor":false,"ImportExpenseFormVendor":true,"RoomRevenue":true,"FoodBeverageRevenue":true,"OtherIncome":true,"HotelBudgetForecast":true,"HotelRevenueGLCode":true,"SetRevenueSourceTitle":true,"ImportReport":true,"ExportReport":true,"Configuration":true,"EmailConfigurationList":false,"AddEmailConfiguration":false,"ContactSupport":true,"UpdatedBy":"josh@mydigitaloffice.ca","UpdateDateTime":"2019-04-15T18:34:26.433Z","IsActive":true,"AddOrganization":false,"EmailEscalationConfigurationList":false,"AddEmailEscalationConfiguration":false,"Labor":true}]