{"fields":[{"name":"_id","path":"_id","count":20000,"types":[{"name":"String","bsonType":"String","path":"_id","count":20000,"total_count":0,"probability":1}],"total_count":20000,"type":"String","has_duplicates":false,"probability":1},{"name":"Id","path":"Id","count":20000,"types":[{"name":"String","bsonType":"String","path":"Id","count":20000,"total_count":0,"probability":1}],"total_count":20000,"type":"String","has_duplicates":false,"probability":1},{"name":"PermissionId","path":"PermissionId","count":20000,"types":[{"name":"String","bsonType":"String","path":"PermissionId","count":20000,"total_count":0,"probability":1}],"total_count":20000,"type":"String","has_duplicates":false,"probability":1},{"name":"PKId","path":"PKId","count":20000,"types":[{"name":"Number","bsonType":"Number","path":"PKId","count":20000,"total_count":0,"probability":1}],"total_count":20000,"type":"Number","has_duplicates":false,"probability":1},{"name":"RoleId","path":"RoleId","count":20000,"types":[{"name":"Number","bsonType":"Number","path":"RoleId","count":20000,"total_count":0,"probability":1}],"total_count":20000,"type":"Number","has_duplicates":false,"probability":1},{"name":"UserId","path":"UserId","count":20000,"types":[{"name":"Number","bsonType":"Number","path":"UserId","count":20000,"total_count":0,"probability":1}],"total_count":20000,"type":"Number","has_duplicates":false,"probability":1}],"count":20000}