{"fields":[{"name":"_id","path":"_id","count":20000,"types":[{"name":"Number","bsonType":"Number","path":"_id","count":19999,"total_count":0,"probability":0.99995},{"name":"Null","bsonType":"Null","path":"_id","count":1,"total_count":0,"probability":0.00005,"unique":1,"has_duplicates":false}],"total_count":20000,"type":["Number","Null"],"has_duplicates":false,"probability":1},{"name":"Category","path":"Category","count":20000,"types":[{"name":"String","bsonType":"String","path":"Category","count":19999,"total_count":0,"probability":0.99995},{"name":"Null","bsonType":"Null","path":"Category","count":1,"total_count":0,"probability":0.00005,"unique":1,"has_duplicates":false}],"total_count":20000,"type":["String","Null"],"has_duplicates":false,"probability":1},{"name":"CategoryValue","path":"CategoryValue","count":20000,"types":[{"name":"Number","bsonType":"Number","path":"CategoryValue","count":19999,"total_count":0,"probability":0.99995},{"name":"Null","bsonType":"Null","path":"CategoryValue","count":1,"total_count":0,"probability":0.00005,"unique":1,"has_duplicates":false}],"total_count":20000,"type":["Number","Null"],"has_duplicates":false,"probability":1},{"name":"Date","path":"Date","count":20000,"types":[{"name":"Date","bsonType":"Date","path":"Date","count":19999,"total_count":0,"probability":0.99995},{"name":"Null","bsonType":"Null","path":"Date","count":1,"total_count":0,"probability":0.00005,"unique":1,"has_duplicates":false}],"total_count":20000,"type":["Date","Null"],"has_duplicates":false,"probability":1},{"name":"Description","path":"Description","count":20000,"types":[{"name":"String","bsonType":"String","path":"Description","count":19999,"total_count":0,"probability":0.99995},{"name":"Null","bsonType":"Null","path":"Description","count":1,"total_count":0,"probability":0.00005,"unique":1,"has_duplicates":false}],"total_count":20000,"type":["String","Null"],"has_duplicates":false,"probability":1},{"name":"HotelID","path":"HotelID","count":20000,"types":[{"name":"Number","bsonType":"Number","path":"HotelID","count":19225,"total_count":0,"probability":0.96125},{"name":"Null","bsonType":"Null","path":"HotelID","count":775,"total_count":0,"probability":0.03875,"unique":1,"has_duplicates":true}],"total_count":20000,"type":["Number","Null"],"has_duplicates":true,"probability":1},{"name":"ID","path":"ID","count":20000,"types":[{"name":"Number","bsonType":"Number","path":"ID","count":19999,"total_count":0,"probability":0.99995},{"name":"Null","bsonType":"Null","path":"ID","count":1,"total_count":0,"probability":0.00005,"unique":1,"has_duplicates":false}],"total_count":20000,"type":["Number","Null"],"has_duplicates":false,"probability":1},{"name":"OrganisationID","path":"OrganisationID","count":20000,"types":[{"name":"Number","bsonType":"Number","path":"OrganisationID","count":19999,"total_count":0,"probability":0.99995},{"name":"Null","bsonType":"Null","path":"OrganisationID","count":1,"total_count":0,"probability":0.00005,"unique":1,"has_duplicates":false}],"total_count":20000,"type":["Number","Null"],"has_duplicates":false,"probability":1},{"name":"SubCategory","path":"SubCategory","count":20000,"types":[{"name":"String","bsonType":"String","path":"SubCategory","count":19999,"total_count":0,"probability":0.99995},{"name":"Null","bsonType":"Null","path":"SubCategory","count":1,"total_count":0,"probability":0.00005,"unique":1,"has_duplicates":false}],"total_count":20000,"type":["String","Null"],"has_duplicates":false,"probability":1},{"name":"UpdateDateTime","path":"UpdateDateTime","count":20000,"types":[{"name":"Date","bsonType":"Date","path":"UpdateDateTime","count":19999,"total_count":0,"probability":0.99995},{"name":"Null","bsonType":"Null","path":"UpdateDateTime","count":1,"total_count":0,"probability":0.00005,"unique":1,"has_duplicates":false}],"total_count":20000,"type":["Date","Null"],"has_duplicates":false,"probability":1},{"name":"UpdatedBy","path":"UpdatedBy","count":20000,"types":[{"name":"String","bsonType":"String","path":"UpdatedBy","count":19999,"total_count":0,"probability":0.99995},{"name":"Null","bsonType":"Null","path":"UpdatedBy","count":1,"total_count":0,"probability":0.00005,"unique":1,"has_duplicates":false}],"total_count":20000,"type":["String","Null"],"has_duplicates":false,"probability":1}],"count":20000}