{"fields":[{"name":"_id","path":"_id","count":3632,"types":[{"name":"Number","bsonType":"Number","path":"_id","count":3632,"total_count":0,"probability":1}],"total_count":3632,"type":"Number","has_duplicates":false,"probability":1},{"name":"Hotel_Group_Id","path":"Hotel_Group_Id","count":3632,"types":[{"name":"Number","bsonType":"Number","path":"Hotel_Group_Id","count":3632,"total_count":0,"probability":1}],"total_count":3632,"type":"Number","has_duplicates":false,"probability":1},{"name":"Id","path":"Id","count":3632,"types":[{"name":"Number","bsonType":"Number","path":"Id","count":3632,"total_count":0,"probability":1}],"total_count":3632,"type":"Number","has_duplicates":false,"probability":1},{"name":"User_Id","path":"User_Id","count":3632,"types":[{"name":"Number","bsonType":"Number","path":"User_Id","count":3632,"total_count":0,"probability":1}],"total_count":3632,"type":"Number","has_duplicates":false,"probability":1}],"count":3632}