{"fields":[{"name":"_id","path":"_id","count":7,"types":[{"name":"Number","bsonType":"Number","path":"_id","count":7,"total_count":0,"probability":1}],"total_count":7,"type":"Number","has_duplicates":false,"probability":1},{"name":"AddComment","path":"AddComment","count":7,"types":[{"name":"Boolean","bsonType":"Boolean","path":"AddComment","count":7,"total_count":0,"probability":1}],"total_count":7,"type":"Boolean","has_duplicates":false,"probability":1},{"name":"AddEmailConfiguration","path":"AddEmailConfiguration","count":7,"types":[{"name":"Boolean","bsonType":"Boolean","path":"AddEmailConfiguration","count":7,"total_count":0,"probability":1}],"total_count":7,"type":"Boolean","has_duplicates":false,"probability":1},{"name":"AddEmailEscalationConfiguration","path":"AddEmailEscalationConfiguration","count":7,"types":[{"name":"Boolean","bsonType":"Boolean","path":"AddEmailEscalationConfiguration","count":4,"total_count":0,"probability":0.5714285714285714},{"name":"Null","bsonType":"Null","path":"AddEmailEscalationConfiguration","count":3,"total_count":0,"probability":0.42857142857142855,"unique":1,"has_duplicates":true}],"total_count":7,"type":["Boolean","Null"],"has_duplicates":true,"probability":1},{"name":"AddEvent","path":"AddEvent","count":7,"types":[{"name":"Boolean","bsonType":"Boolean","path":"AddEvent","count":7,"total_count":0,"probability":1}],"total_count":7,"type":"Boolean","has_duplicates":false,"probability":1},{"name":"AddExpenseFormVendor","path":"AddExpenseFormVendor","count":7,"types":[{"name":"Boolean","bsonType":"Boolean","path":"AddExpenseFormVendor","count":7,"total_count":0,"probability":1}],"total_count":7,"type":"Boolean","has_duplicates":false,"probability":1},{"name":"AddHotel","path":"AddHotel","count":7,"types":[{"name":"Boolean","bsonType":"Boolean","path":"AddHotel","count":7,"total_count":0,"probability":1}],"total_count":7,"type":"Boolean","has_duplicates":false,"probability":1},{"name":"AddHotelGroup","path":"AddHotelGroup","count":7,"types":[{"name":"Boolean","bsonType":"Boolean","path":"AddHotelGroup","count":7,"total_count":0,"probability":1}],"total_count":7,"type":"Boolean","has_duplicates":false,"probability":1},{"name":"AddOrganization","path":"AddOrganization","count":7,"types":[{"name":"Boolean","bsonType":"Boolean","path":"AddOrganization","count":7,"total_count":0,"probability":1}],"total_count":7,"type":"Boolean","has_duplicates":false,"probability":1},{"name":"AddUser","path":"AddUser","count":7,"types":[{"name":"Boolean","bsonType":"Boolean","path":"AddUser","count":7,"total_count":0,"probability":1}],"total_count":7,"type":"Boolean","has_duplicates":false,"probability":1},{"name":"Configuration","path":"Configuration","count":7,"types":[{"name":"Boolean","bsonType":"Boolean","path":"Configuration","count":7,"total_count":0,"probability":1}],"total_count":7,"type":"Boolean","has_duplicates":false,"probability":1},{"name":"ContactSupport","path":"ContactSupport","count":7,"types":[{"name":"Boolean","bsonType":"Boolean","path":"ContactSupport","count":7,"total_count":0,"probability":1}],"total_count":7,"type":"Boolean","has_duplicates":false,"probability":1},{"name":"DashboardDayButton","path":"DashboardDayButton","count":7,"types":[{"name":"Boolean","bsonType":"Boolean","path":"DashboardDayButton","count":7,"total_count":0,"probability":1}],"total_count":7,"type":"Boolean","has_duplicates":false,"probability":1},{"name":"DashboardMonthButton","path":"DashboardMonthButton","count":7,"types":[{"name":"Boolean","bsonType":"Boolean","path":"DashboardMonthButton","count":7,"total_count":0,"probability":1}],"total_count":7,"type":"Boolean","has_duplicates":false,"probability":1},{"name":"DashboardYearButton","path":"DashboardYearButton","count":7,"types":[{"name":"Boolean","bsonType":"Boolean","path":"DashboardYearButton","count":7,"total_count":0,"probability":1}],"total_count":7,"type":"Boolean","has_duplicates":false,"probability":1},{"name":"Department","path":"Department","count":7,"types":[{"name":"Boolean","bsonType":"Boolean","path":"Department","count":7,"total_count":0,"probability":1}],"total_count":7,"type":"Boolean","has_duplicates":false,"probability":1},{"name":"EmailConfigurationList","path":"EmailConfigurationList","count":7,"types":[{"name":"Boolean","bsonType":"Boolean","path":"EmailConfigurationList","count":7,"total_count":0,"probability":1}],"total_count":7,"type":"Boolean","has_duplicates":false,"probability":1},{"name":"EmailEscalationConfigurationList","path":"EmailEscalationConfigurationList","count":7,"types":[{"name":"Boolean","bsonType":"Boolean","path":"EmailEscalationConfigurationList","count":4,"total_count":0,"probability":0.5714285714285714},{"name":"Null","bsonType":"Null","path":"EmailEscalationConfigurationList","count":3,"total_count":0,"probability":0.42857142857142855,"unique":1,"has_duplicates":true}],"total_count":7,"type":["Boolean","Null"],"has_duplicates":true,"probability":1},{"name":"ExpenseFormVendorList","path":"ExpenseFormVendorList","count":7,"types":[{"name":"Boolean","bsonType":"Boolean","path":"ExpenseFormVendorList","count":7,"total_count":0,"probability":1}],"total_count":7,"type":"Boolean","has_duplicates":false,"probability":1},{"name":"ExportReport","path":"ExportReport","count":7,"types":[{"name":"Boolean","bsonType":"Boolean","path":"ExportReport","count":7,"total_count":0,"probability":1}],"total_count":7,"type":"Boolean","has_duplicates":false,"probability":1},{"name":"FoodBeverageRevenue","path":"FoodBeverageRevenue","count":7,"types":[{"name":"Boolean","bsonType":"Boolean","path":"FoodBeverageRevenue","count":7,"total_count":0,"probability":1}],"total_count":7,"type":"Boolean","has_duplicates":false,"probability":1},{"name":"HotelBudgetForecast","path":"HotelBudgetForecast","count":7,"types":[{"name":"Boolean","bsonType":"Boolean","path":"HotelBudgetForecast","count":7,"total_count":0,"probability":1}],"total_count":7,"type":"Boolean","has_duplicates":false,"probability":1},{"name":"HotelDashboardCalculation","path":"HotelDashboardCalculation","count":7,"types":[{"name":"Boolean","bsonType":"Boolean","path":"HotelDashboardCalculation","count":7,"total_count":0,"probability":1}],"total_count":7,"type":"Boolean","has_duplicates":false,"probability":1},{"name":"HotelRevenueGLCode","path":"HotelRevenueGLCode","count":7,"types":[{"name":"Boolean","bsonType":"Boolean","path":"HotelRevenueGLCode","count":7,"total_count":0,"probability":1}],"total_count":7,"type":"Boolean","has_duplicates":false,"probability":1},{"name":"HotelReview","path":"HotelReview","count":7,"types":[{"name":"Boolean","bsonType":"Boolean","path":"HotelReview","count":7,"total_count":0,"probability":1}],"total_count":7,"type":"Boolean","has_duplicates":false,"probability":1},{"name":"ID","path":"ID","count":7,"types":[{"name":"Number","bsonType":"Number","path":"ID","count":7,"total_count":0,"probability":1}],"total_count":7,"type":"Number","has_duplicates":false,"probability":1},{"name":"ImportExpenseFormVendor","path":"ImportExpenseFormVendor","count":7,"types":[{"name":"Boolean","bsonType":"Boolean","path":"ImportExpenseFormVendor","count":7,"total_count":0,"probability":1}],"total_count":7,"type":"Boolean","has_duplicates":false,"probability":1},{"name":"ImportHotel","path":"ImportHotel","count":7,"types":[{"name":"Boolean","bsonType":"Boolean","path":"ImportHotel","count":7,"total_count":0,"probability":1}],"total_count":7,"type":"Boolean","has_duplicates":false,"probability":1},{"name":"ImportLogReport","path":"ImportLogReport","count":7,"types":[{"name":"Boolean","bsonType":"Boolean","path":"ImportLogReport","count":7,"total_count":0,"probability":1}],"total_count":7,"type":"Boolean","has_duplicates":false,"probability":1},{"name":"ImportReport","path":"ImportReport","count":7,"types":[{"name":"Boolean","bsonType":"Boolean","path":"ImportReport","count":7,"total_count":0,"probability":1}],"total_count":7,"type":"Boolean","has_duplicates":false,"probability":1},{"name":"ImportUser","path":"ImportUser","count":7,"types":[{"name":"Boolean","bsonType":"Boolean","path":"ImportUser","count":7,"total_count":0,"probability":1}],"total_count":7,"type":"Boolean","has_duplicates":false,"probability":1},{"name":"IsActive","path":"IsActive","count":7,"types":[{"name":"Boolean","bsonType":"Boolean","path":"IsActive","count":7,"total_count":0,"probability":1}],"total_count":7,"type":"Boolean","has_duplicates":false,"probability":1},{"name":"Labor","path":"Labor","count":7,"types":[{"name":"Null","bsonType":"Null","path":"Labor","count":6,"total_count":0,"probability":0.8571428571428571,"unique":1,"has_duplicates":true},{"name":"Boolean","bsonType":"Boolean","path":"Labor","count":1,"total_count":0,"probability":0.14285714285714285}],"total_count":7,"type":["Null","Boolean"],"has_duplicates":true,"probability":1},{"name":"Organization","path":"Organization","count":7,"types":[{"name":"Boolean","bsonType":"Boolean","path":"Organization","count":7,"total_count":0,"probability":1}],"total_count":7,"type":"Boolean","has_duplicates":false,"probability":1},{"name":"OtherIncome","path":"OtherIncome","count":7,"types":[{"name":"Boolean","bsonType":"Boolean","path":"OtherIncome","count":7,"total_count":0,"probability":1}],"total_count":7,"type":"Boolean","has_duplicates":false,"probability":1},{"name":"PayRoll","path":"PayRoll","count":7,"types":[{"name":"Boolean","bsonType":"Boolean","path":"PayRoll","count":7,"total_count":0,"probability":1}],"total_count":7,"type":"Boolean","has_duplicates":false,"probability":1},{"name":"PickupReport","path":"PickupReport","count":7,"types":[{"name":"Boolean","bsonType":"Boolean","path":"PickupReport","count":7,"total_count":0,"probability":1}],"total_count":7,"type":"Boolean","has_duplicates":false,"probability":1},{"name":"QCLogReport","path":"QCLogReport","count":7,"types":[{"name":"Boolean","bsonType":"Boolean","path":"QCLogReport","count":7,"total_count":0,"probability":1}],"total_count":7,"type":"Boolean","has_duplicates":false,"probability":1},{"name":"RoomRevenue","path":"RoomRevenue","count":7,"types":[{"name":"Boolean","bsonType":"Boolean","path":"RoomRevenue","count":7,"total_count":0,"probability":1}],"total_count":7,"type":"Boolean","has_duplicates":false,"probability":1},{"name":"SessionReport","path":"SessionReport","count":7,"types":[{"name":"Boolean","bsonType":"Boolean","path":"SessionReport","count":7,"total_count":0,"probability":1}],"total_count":7,"type":"Boolean","has_duplicates":false,"probability":1},{"name":"SetRevenueSourceTitle","path":"SetRevenueSourceTitle","count":7,"types":[{"name":"Boolean","bsonType":"Boolean","path":"SetRevenueSourceTitle","count":7,"total_count":0,"probability":1}],"total_count":7,"type":"Boolean","has_duplicates":false,"probability":1},{"name":"StatsByDateRange","path":"StatsByDateRange","count":7,"types":[{"name":"Boolean","bsonType":"Boolean","path":"StatsByDateRange","count":7,"total_count":0,"probability":1}],"total_count":7,"type":"Boolean","has_duplicates":false,"probability":1},{"name":"STRReport","path":"STRReport","count":7,"types":[{"name":"Boolean","bsonType":"Boolean","path":"STRReport","count":7,"total_count":0,"probability":1}],"total_count":7,"type":"Boolean","has_duplicates":false,"probability":1},{"name":"UpdateDateTime","path":"UpdateDateTime","count":7,"types":[{"name":"Date","bsonType":"Date","path":"UpdateDateTime","count":7,"total_count":0,"probability":1}],"total_count":7,"type":"Date","has_duplicates":false,"probability":1},{"name":"UpdatedBy","path":"UpdatedBy","count":7,"types":[{"name":"String","bsonType":"String","path":"UpdatedBy","count":7,"total_count":0,"probability":1}],"total_count":7,"type":"String","has_duplicates":false,"probability":1},{"name":"UserHotelMapping","path":"UserHotelMapping","count":7,"types":[{"name":"Boolean","bsonType":"Boolean","path":"UserHotelMapping","count":7,"total_count":0,"probability":1}],"total_count":7,"type":"Boolean","has_duplicates":false,"probability":1},{"name":"UserHotelMappingList","path":"UserHotelMappingList","count":7,"types":[{"name":"Boolean","bsonType":"Boolean","path":"UserHotelMappingList","count":7,"total_count":0,"probability":1}],"total_count":7,"type":"Boolean","has_duplicates":false,"probability":1},{"name":"UserID","path":"UserID","count":7,"types":[{"name":"Number","bsonType":"Number","path":"UserID","count":7,"total_count":0,"probability":1}],"total_count":7,"type":"Number","has_duplicates":false,"probability":1},{"name":"UserList","path":"UserList","count":7,"types":[{"name":"Boolean","bsonType":"Boolean","path":"UserList","count":7,"total_count":0,"probability":1}],"total_count":7,"type":"Boolean","has_duplicates":false,"probability":1}],"count":7}