{"fields":[{"name":"_id","path":"_id","count":4766,"types":[{"name":"Number","bsonType":"Number","path":"_id","count":4766,"total_count":0,"probability":1}],"total_count":4766,"type":"Number","has_duplicates":false,"probability":1},{"name":"AccessFailedCount","path":"AccessFailedCount","count":4766,"types":[{"name":"Number","bsonType":"Number","path":"AccessFailedCount","count":2834,"total_count":0,"probability":0.5946286193873269},{"name":"Null","bsonType":"Null","path":"AccessFailedCount","count":1932,"total_count":0,"probability":0.4053713806126731,"unique":1,"has_duplicates":true}],"total_count":4766,"type":["Number","Null"],"has_duplicates":true,"probability":1},{"name":"Address1","path":"Address1","count":4766,"types":[{"name":"String","bsonType":"String","path":"Address1","count":4144,"total_count":0,"probability":0.8694922366764583},{"name":"Null","bsonType":"Null","path":"Address1","count":622,"total_count":0,"probability":0.13050776332354175,"unique":1,"has_duplicates":true}],"total_count":4766,"type":["String","Null"],"has_duplicates":true,"probability":1},{"name":"Address2","path":"Address2","count":4766,"types":[{"name":"String","bsonType":"String","path":"Address2","count":3350,"total_count":0,"probability":0.702895509861519},{"name":"Null","bsonType":"Null","path":"Address2","count":1416,"total_count":0,"probability":0.2971044901384809,"unique":1,"has_duplicates":true}],"total_count":4766,"type":["String","Null"],"has_duplicates":true,"probability":1},{"name":"AltPhoneNumber","path":"AltPhoneNumber","count":4766,"types":[{"name":"Null","bsonType":"Null","path":"AltPhoneNumber","count":4410,"total_count":0,"probability":0.9253042383550147,"unique":1,"has_duplicates":true},{"name":"String","bsonType":"String","path":"AltPhoneNumber","count":356,"total_count":0,"probability":0.07469576164498531}],"total_count":4766,"type":["Null","String"],"has_duplicates":true,"probability":1},{"name":"BusineePhoneNumber","path":"BusineePhoneNumber","count":4766,"types":[{"name":"String","bsonType":"String","path":"BusineePhoneNumber","count":4255,"total_count":0,"probability":0.8927822073017205},{"name":"Null","bsonType":"Null","path":"BusineePhoneNumber","count":511,"total_count":0,"probability":0.10721779269827948,"unique":1,"has_duplicates":true}],"total_count":4766,"type":["String","Null"],"has_duplicates":true,"probability":1},{"name":"City","path":"City","count":4766,"types":[{"name":"String","bsonType":"String","path":"City","count":4766,"total_count":0,"probability":1}],"total_count":4766,"type":"String","has_duplicates":false,"probability":1},{"name":"Cmp_Id","path":"Cmp_Id","count":4766,"types":[{"name":"Null","bsonType":"Null","path":"Cmp_Id","count":4766,"total_count":0,"probability":1,"unique":1,"has_duplicates":true}],"total_count":4766,"type":"Null","has_duplicates":true,"probability":1},{"name":"Cmp_OrgUser_Id","path":"Cmp_OrgUser_Id","count":4766,"types":[{"name":"Null","bsonType":"Null","path":"Cmp_OrgUser_Id","count":4766,"total_count":0,"probability":1,"unique":1,"has_duplicates":true}],"total_count":4766,"type":"Null","has_duplicates":true,"probability":1},{"name":"CompanyName","path":"CompanyName","count":4766,"types":[{"name":"String","bsonType":"String","path":"CompanyName","count":4766,"total_count":0,"probability":1}],"total_count":4766,"type":"String","has_duplicates":false,"probability":1},{"name":"Country","path":"Country","count":4766,"types":[{"name":"String","bsonType":"String","path":"Country","count":4766,"total_count":0,"probability":1}],"total_count":4766,"type":"String","has_duplicates":false,"probability":1},{"name":"FaxNumber","path":"FaxNumber","count":4766,"types":[{"name":"Null","bsonType":"Null","path":"FaxNumber","count":4636,"total_count":0,"probability":0.9727234578262695,"unique":1,"has_duplicates":true},{"name":"String","bsonType":"String","path":"FaxNumber","count":130,"total_count":0,"probability":0.027276542173730593}],"total_count":4766,"type":["Null","String"],"has_duplicates":true,"probability":1},{"name":"FirstName","path":"FirstName","count":4766,"types":[{"name":"String","bsonType":"String","path":"FirstName","count":4766,"total_count":0,"probability":1}],"total_count":4766,"type":"String","has_duplicates":false,"probability":1},{"name":"Gender","path":"Gender","count":4766,"types":[{"name":"String","bsonType":"String","path":"Gender","count":4766,"total_count":0,"probability":1}],"total_count":4766,"type":"String","has_duplicates":false,"probability":1},{"name":"ID","path":"ID","count":4766,"types":[{"name":"Number","bsonType":"Number","path":"ID","count":4766,"total_count":0,"probability":1}],"total_count":4766,"type":"Number","has_duplicates":false,"probability":1},{"name":"IsActive","path":"IsActive","count":4766,"types":[{"name":"Boolean","bsonType":"Boolean","path":"IsActive","count":4766,"total_count":0,"probability":1}],"total_count":4766,"type":"Boolean","has_duplicates":false,"probability":1},{"name":"IsFirstTimeLogin","path":"IsFirstTimeLogin","count":4766,"types":[{"name":"Boolean","bsonType":"Boolean","path":"IsFirstTimeLogin","count":4694,"total_count":0,"probability":0.9848929920268569},{"name":"Null","bsonType":"Null","path":"IsFirstTimeLogin","count":72,"total_count":0,"probability":0.015107007973143098,"unique":1,"has_duplicates":true}],"total_count":4766,"type":["Boolean","Null"],"has_duplicates":true,"probability":1},{"name":"IsLockout","path":"IsLockout","count":4766,"types":[{"name":"Boolean","bsonType":"Boolean","path":"IsLockout","count":4753,"total_count":0,"probability":0.9972723457826269},{"name":"Null","bsonType":"Null","path":"IsLockout","count":13,"total_count":0,"probability":0.002727654217373059,"unique":1,"has_duplicates":true}],"total_count":4766,"type":["Boolean","Null"],"has_duplicates":true,"probability":1},{"name":"IsMAPP","path":"IsMAPP","count":4766,"types":[{"name":"Boolean","bsonType":"Boolean","path":"IsMAPP","count":4751,"total_count":0,"probability":0.9968527066722619},{"name":"Null","bsonType":"Null","path":"IsMAPP","count":15,"total_count":0,"probability":0.003147293327738145,"unique":1,"has_duplicates":true}],"total_count":4766,"type":["Boolean","Null"],"has_duplicates":true,"probability":1},{"name":"IsRegisterForExpenseForm","path":"IsRegisterForExpenseForm","count":4766,"types":[{"name":"Boolean","bsonType":"Boolean","path":"IsRegisterForExpenseForm","count":4713,"total_count":0,"probability":0.9888795635753252},{"name":"Null","bsonType":"Null","path":"IsRegisterForExpenseForm","count":53,"total_count":0,"probability":0.011120436424674779,"unique":1,"has_duplicates":true}],"total_count":4766,"type":["Boolean","Null"],"has_duplicates":true,"probability":1},{"name":"IsRegisterForPoForm","path":"IsRegisterForPoForm","count":4766,"types":[{"name":"Boolean","bsonType":"Boolean","path":"IsRegisterForPoForm","count":4764,"total_count":0,"probability":0.9995803608896349},{"name":"Null","bsonType":"Null","path":"IsRegisterForPoForm","count":2,"total_count":0,"probability":0.000419639110365086,"unique":1,"has_duplicates":true}],"total_count":4766,"type":["Boolean","Null"],"has_duplicates":true,"probability":1},{"name":"LastName","path":"LastName","count":4766,"types":[{"name":"String","bsonType":"String","path":"LastName","count":4766,"total_count":0,"probability":1}],"total_count":4766,"type":"String","has_duplicates":false,"probability":1},{"name":"OrganizationId","path":"OrganizationId","count":4766,"types":[{"name":"Number","bsonType":"Number","path":"OrganizationId","count":4651,"total_count":0,"probability":0.9758707511540076},{"name":"Null","bsonType":"Null","path":"OrganizationId","count":115,"total_count":0,"probability":0.024129248845992445,"unique":1,"has_duplicates":true}],"total_count":4766,"type":["Number","Null"],"has_duplicates":true,"probability":1},{"name":"Password","path":"Password","count":4766,"types":[{"name":"String","bsonType":"String","path":"Password","count":4766,"total_count":0,"probability":1}],"total_count":4766,"type":"String","has_duplicates":false,"probability":1},{"name":"PasswordLockOutTime","path":"PasswordLockOutTime","count":191,"types":[{"name":"Undefined","type":"Undefined","path":"PasswordLockOutTime","count":4575,"total_count":0,"probability":0.9599244649601343,"unique":1,"has_duplicates":true},{"name":"Date","bsonType":"Date","path":"PasswordLockOutTime","count":180,"total_count":0,"probability":0.03776751993285774},{"name":"Null","bsonType":"Null","path":"PasswordLockOutTime","count":11,"total_count":0,"probability":0.0023080151070079733,"unique":1,"has_duplicates":true}],"total_count":4766,"type":["Undefined","Date","Null"],"has_duplicates":true,"probability":0.04007553503986572},{"name":"PasswordRecoveryToken","path":"PasswordRecoveryToken","count":4766,"types":[{"name":"Null","bsonType":"Null","path":"PasswordRecoveryToken","count":3934,"total_count":0,"probability":0.8254301300881242,"unique":1,"has_duplicates":true},{"name":"String","bsonType":"String","path":"PasswordRecoveryToken","count":832,"total_count":0,"probability":0.17456986991187579}],"total_count":4766,"type":["Null","String"],"has_duplicates":true,"probability":1},{"name":"RoleID","path":"RoleID","count":4766,"types":[{"name":"Number","bsonType":"Number","path":"RoleID","count":4766,"total_count":0,"probability":1}],"total_count":4766,"type":"Number","has_duplicates":false,"probability":1},{"name":"SecondaryOrganizationId","path":"SecondaryOrganizationId","count":4766,"types":[{"name":"Null","bsonType":"Null","path":"SecondaryOrganizationId","count":4745,"total_count":0,"probability":0.9955937893411666,"unique":1,"has_duplicates":true},{"name":"Number","bsonType":"Number","path":"SecondaryOrganizationId","count":21,"total_count":0,"probability":0.0044062106588334034}],"total_count":4766,"type":["Null","Number"],"has_duplicates":true,"probability":1},{"name":"SecreAnswer","path":"SecreAnswer","count":4766,"types":[{"name":"String","bsonType":"String","path":"SecreAnswer","count":4766,"total_count":0,"probability":1}],"total_count":4766,"type":"String","has_duplicates":false,"probability":1},{"name":"SecretQuestion","path":"SecretQuestion","count":4766,"types":[{"name":"String","bsonType":"String","path":"SecretQuestion","count":4766,"total_count":0,"probability":1}],"total_count":4766,"type":"String","has_duplicates":false,"probability":1},{"name":"State","path":"State","count":4766,"types":[{"name":"String","bsonType":"String","path":"State","count":4766,"total_count":0,"probability":1}],"total_count":4766,"type":"String","has_duplicates":false,"probability":1},{"name":"UpdateDateTime","path":"UpdateDateTime","count":4766,"types":[{"name":"Date","bsonType":"Date","path":"UpdateDateTime","count":4766,"total_count":0,"probability":1}],"total_count":4766,"type":"Date","has_duplicates":false,"probability":1},{"name":"UpdatedBy","path":"UpdatedBy","count":4766,"types":[{"name":"String","bsonType":"String","path":"UpdatedBy","count":4293,"total_count":0,"probability":0.9007553503986572},{"name":"Null","bsonType":"Null","path":"UpdatedBy","count":473,"total_count":0,"probability":0.09924464960134284,"unique":1,"has_duplicates":true}],"total_count":4766,"type":["String","Null"],"has_duplicates":true,"probability":1},{"name":"UserName","path":"UserName","count":4766,"types":[{"name":"String","bsonType":"String","path":"UserName","count":4766,"total_count":0,"probability":1}],"total_count":4766,"type":"String","has_duplicates":false,"probability":1}],"count":4766}