[{"_id":1,"ID":1,"YelpID":"best-western-sonora-inn-sonora","HotelID":79},{"_id":2,"ID":2,"YelpID":"best-western-galleria-inn-and-suites-houston","HotelID":81},{"_id":3,"ID":3,"YelpID":"best-western-plus-birmingham-inn-and-suites-birmingham","HotelID":85},{"_id":5,"ID":5,"YelpID":"holiday-inn-hotel-and-suites-charleston-west-charleston-3","HotelID":32},{"_id":6,"ID":6,"YelpID":"hampton-inn-charleston-2","HotelID":33},{"_id":7,"ID":7,"YelpID":"saint-james-hotel-toronto","HotelID":45},{"_id":8,"ID":8,"YelpID":"hampton-inn-and-suites-st-louis-chesterfield-chesterfield","HotelID":67},{"_id":9,"ID":9,"YelpID":"hampton-inn-st-louis-chesterfield-chesterfield","HotelID":68},{"_id":10,"ID":10,"YelpID":"hampton-inn-and-suites-steamboat-springs","HotelID":69},{"_id":12,"ID":12,"YelpID":"the-broadway-a-doubletree-by-hilton-columbia","HotelID":71},{"_id":13,"ID":13,"YelpID":"wyndham-garden-houston-willowbrook-houston","HotelID":72},{"_id":14,"ID":14,"YelpID":"country-inn-and-suites-san-antonio-2","HotelID":78},{"_id":15,"ID":15,"YelpID":"best-western-airport-inn-and-suites-cleveland-cleveland","HotelID":80},{"_id":16,"ID":16,"YelpID":"travelodge-inn-and-suites-san-antonio-airport-san-antonio","HotelID":83},{"_id":17,"ID":17,"YelpID":"best-western-plus-regency-inn-and-conference-centre-abbotsford","HotelID":84},{"_id":18,"ID":18,"YelpID":"holiday-inn-milwaukee-riverfront-milwaukee","HotelID":90},{"_id":22,"ID":22,"YelpID":"econolodge-inn-and-suites-downtown-toronto","HotelID":108},{"_id":23,"ID":23,"YelpID":"super-8-downtown-toronto-toronto-2","HotelID":109},{"_id":24,"ID":24,"YelpID":"comfort-suites-downtown-montréal","HotelID":110},{"_id":25,"ID":25,"YelpID":"holiday-inn-express-and-suites-alvarado-alvarado-2","HotelID":113},{"_id":27,"ID":27,"YelpID":"comfort-inn-and-suites-washington-3","HotelID":115},{"_id":29,"ID":29,"YelpID":"fairfield-inn-and-suites-new-york-manhattan-times-square-new-york","HotelID":117},{"_id":30,"ID":30,"YelpID":"hampton-inn-dallas-irving-las-colinas-irving-2","HotelID":118},{"_id":31,"ID":31,"YelpID":"fort-collins-marriott-fort-collins-2","HotelID":145},{"_id":32,"ID":32,"YelpID":"comfort-inn-boston","HotelID":146},{"_id":34,"ID":34,"YelpID":"comfort-suites-michigan-avenue-loop-chicago","HotelID":148},{"_id":35,"ID":35,"YelpID":"hampton-inn-manhattan-times-square-north-new-york","HotelID":149},{"_id":36,"ID":36,"YelpID":"holiday-inn-express-new-york-city-chelsea-new-york","HotelID":150},{"_id":37,"ID":37,"YelpID":"holiday-inn-express-manhattan-times-square-south-new-york","HotelID":151},{"_id":39,"ID":39,"YelpID":"radisson-hotel-fargo","HotelID":153},{"_id":60,"ID":60,"YelpID":"holiday-inn-express-and-suites-clifton-park-clifton-park","HotelID":183},{"_id":61,"ID":61,"YelpID":"doubletree-by-hilton-hotel-bristol-bristol","HotelID":184},{"_id":62,"ID":62,"YelpID":"hyatt-place-saratoga-malta-malta","HotelID":185},{"_id":63,"ID":63,"YelpID":"towneplace-suites-marriott-carlsbad","HotelID":127},{"_id":64,"ID":64,"YelpID":"holiday-inn-express-and-suites-sulphur-springs-sulphur-springs","HotelID":128},{"_id":65,"ID":65,"YelpID":"fairfield-inn-and-suites-fort-stockton","HotelID":129},{"_id":66,"ID":66,"YelpID":"hampton-inn-and-suites-hobbs-hobbs","HotelID":130},{"_id":67,"ID":67,"YelpID":"fairfield-inn-and-suites-hobbs","HotelID":131},{"_id":68,"ID":68,"YelpID":"towneplace-suites-hobbs-hobbs","HotelID":132},{"_id":69,"ID":69,"YelpID":"courtyard-by-marriott-kingwood","HotelID":134},{"_id":71,"ID":71,"YelpID":"courtyard-lubbock-downtown-university-area-lubbock","HotelID":137},{"_id":72,"ID":72,"YelpID":"holiday-inn-midland-midland","HotelID":120},{"_id":73,"ID":73,"YelpID":"spring-hill-suites-midland-midland","HotelID":121},{"_id":74,"ID":74,"YelpID":"fairfield-inn-and-suites-by-mariott-odessa","HotelID":122},{"_id":75,"ID":75,"YelpID":"holiday-inn-express-and-suites-midland-loop-250-midland","HotelID":123},{"_id":77,"ID":77,"YelpID":"holiday-inn-odessa-odessa","HotelID":125},{"_id":78,"ID":78,"YelpID":"holiday-inn-express-and-suites-odessa-odessa","HotelID":126},{"_id":79,"ID":79,"YelpID":"courtyard-san-angelo-san-angelo","HotelID":138},{"_id":80,"ID":80,"YelpID":"springhill-suites-san-angelo-san-angelo","HotelID":139},{"_id":81,"ID":81,"YelpID":"holiday-inn-express-and-suites-allen-north-event-center-allen-5","HotelID":189},{"_id":90,"ID":90,"YelpID":"holiday-inn-charleston-mount-pleasant-mount-pleasant-2","HotelID":199},{"_id":91,"ID":91,"YelpID":"holiday-inn-resort-jekyll-island-jekyll-island-2","HotelID":200},{"_id":92,"ID":92,"YelpID":"home-2-suites-stafford","HotelID":201},{"_id":95,"ID":95,"YelpID":"hilton-garden-inn-albany-albany-3","HotelID":205},{"_id":97,"ID":97,"YelpID":"the-beachview-club-jekyll-island","HotelID":207},{"_id":98,"ID":98,"YelpID":"the-partridge-inn-augusta-3","HotelID":209},{"_id":99,"ID":99,"YelpID":"comfort-inn-chester","HotelID":210},{"_id":100,"ID":100,"YelpID":"hilton-richmond-hotel-and-spa-short-pump-richmond","HotelID":211},{"_id":101,"ID":101,"YelpID":"studio-6-san-antonio-3","HotelID":82},{"_id":102,"ID":102,"YelpID":"comfort-inn-and-suites-east-greenbush-albany-castleton","HotelID":182},{"_id":103,"ID":103,"YelpID":"holiday-inn-orlando-international-airport-orlando-2","HotelID":212},{"_id":105,"ID":105,"YelpID":"holiday-inn-express-charleston-dwtn-ashley-river-charleston","HotelID":206},{"_id":128,"ID":128,"YelpID":"aloft-richmond-west-glen-allen","HotelID":238},{"_id":129,"ID":129,"YelpID":"la-quinta-inn-and-suites-grand-forks-grand-forks","HotelID":230},{"_id":130,"ID":130,"YelpID":"residence-inn-richmond-chester-chester","HotelID":229},{"_id":131,"ID":131,"YelpID":"microtel-inn-and-suites-by-wyndham-west-fargo-fargo","HotelID":228},{"_id":132,"ID":132,"YelpID":"courtyard-richmond-chester-chester","HotelID":227},{"_id":133,"ID":133,"YelpID":"renaissance-portsmouth-norfolk-waterfront-hotel-portsmouth","HotelID":224},{"_id":135,"ID":135,"YelpID":"holiday-inn-petersburg-north-fort-lee-colonial-heights-8","HotelID":223},{"_id":136,"ID":136,"YelpID":"microtel-inn-and-suites-by-wyndham-rochester-south-rochester","HotelID":232},{"_id":138,"ID":138,"YelpID":"courtyard-by-marriott-katy-mills-katy","HotelID":135},{"_id":139,"ID":139,"YelpID":"courtyard-by-marriott-washington-dc-dupont-circle-washington","HotelID":77},{"_id":140,"ID":140,"YelpID":"hampton-inn-santa-rosa-2","HotelID":74},{"_id":141,"ID":141,"YelpID":"holiday-inn-bismarck-bismarck-3","HotelID":75},{"_id":142,"ID":142,"YelpID":"wingate-by-wyndham-springfield-springfield-2","HotelID":76},{"_id":153,"ID":153,"YelpID":"best-western-plus-cedar-bluff-inn-knoxville","HotelID":247},{"_id":154,"ID":154,"YelpID":"springhill-suites-seattle-downtown-south-lake-union-seattle","HotelID":246},{"_id":155,"ID":155,"YelpID":"embassy-suites-nashville-3","HotelID":242},{"_id":157,"ID":157,"YelpID":"hyatt-place-north-charleston-north-charleston","HotelID":240},{"_id":171,"ID":171,"YelpID":"holiday-inn-columbia-east-jessup-jessup-4?osq=Holiday+Inn+Columbia-Jessup","HotelID":319},{"_id":173,"ID":173,"YelpID":"courtyard-by-marriott-lyndhurst-meadowlands-lyndhurst","HotelID":261},{"_id":174,"ID":174,"YelpID":"courtyard-by-marriott-waterbury-2","HotelID":260},{"_id":175,"ID":175,"YelpID":"crowne-plaza-memphis-downtown-memphis","HotelID":262},{"_id":176,"ID":176,"YelpID":"crowne-plaza-chicago-sw-burr-ridge-burr-ridge","HotelID":303},{"_id":177,"ID":177,"YelpID":"crowne-plaza-tampa-westshore-tampa-2","HotelID":294},{"_id":178,"ID":178,"YelpID":"days-inn-and-suites-rochester-south-rochester","HotelID":299},{"_id":179,"ID":179,"YelpID":"days-inn-yankton-sd-yankton","HotelID":275},{"_id":180,"ID":180,"YelpID":"doubletree-resort-hollywood","HotelID":300},{"_id":181,"ID":181,"YelpID":"doubletree-by-hilton-laurel-laurel-3","HotelID":295},{"_id":182,"ID":182,"YelpID":"doubletree-by-hilton-hotel-philadelphia-airport-philadelphia","HotelID":296},{"_id":183,"ID":183,"YelpID":"doubletree-by-hilton-hotel-syracuse-east-syracuse","HotelID":257},{"_id":184,"ID":184,"YelpID":"econo-lodge-yankton","HotelID":276},{"_id":185,"ID":185,"YelpID":"embassy-suites-by-hilton-winston-salem-winston-salem","HotelID":279},{"_id":186,"ID":186,"YelpID":"fairfield-inn-and-suites-butler-butler","HotelID":264},{"_id":187,"ID":187,"YelpID":"fairfield-inn-and-suites-simpsonville","HotelID":291},{"_id":188,"ID":188,"YelpID":"hampton-inn-gainesville-gainesville","HotelID":310},{"_id":189,"ID":189,"YelpID":"hampton-inn-austin","HotelID":270},{"_id":190,"ID":190,"YelpID":"hampton-inn-houston-i10w-energy-corridor-houston","HotelID":263},{"_id":191,"ID":191,"YelpID":"hampton-inn-madison-huntsville-airport-madison","HotelID":314},{"_id":192,"ID":192,"YelpID":"hampton-inn-philadelphia-great-valley-malvern-malvern","HotelID":273},{"_id":193,"ID":193,"YelpID":"hampton-inn-hotel-rochester","HotelID":313},{"_id":194,"ID":194,"YelpID":"hampton-inn-st-charles-saint-charles","HotelID":311},{"_id":195,"ID":195,"YelpID":"radisson-hotel-fargo","HotelID":153},{"_id":196,"ID":196,"YelpID":"hampton-inn-and-suites-tomball-tomball-2","HotelID":312},{"_id":197,"ID":197,"YelpID":"holiday-inn-austin-11","HotelID":308},{"_id":198,"ID":198,"YelpID":"holiday-inn-express-and-suites-dallas-w-i-30-cockrell-hill-dallas","HotelID":309},{"_id":199,"ID":199,"YelpID":"hilton-garden-inn-columbia-northeast-columbia-2","HotelID":297},{"_id":200,"ID":200,"YelpID":"hilton-garden-inn-austin-nw-arboretum-austin-2","HotelID":269},{"_id":201,"ID":201,"YelpID":"hilton-wilmington-riverside-wilmington","HotelID":301},{"_id":202,"ID":202,"YelpID":"holiday-inn-express-and-suites-atlanta-n-perimeter-mall-area-sandy-springs","HotelID":292},{"_id":203,"ID":203,"YelpID":"holiday-inn-express-louisville-northeast-louisville","HotelID":307},{"_id":204,"ID":204,"YelpID":"holiday-inn-express-and-suites-sheldon-sheldon-2","HotelID":278},{"_id":205,"ID":205,"YelpID":"homewood-suites-by-hilton-austin-south-airport-austin","HotelID":272},{"_id":206,"ID":206,"YelpID":"homewood-suites-by-hilton-houston-woodlands-the-woodlands","HotelID":271},{"_id":207,"ID":207,"YelpID":"springhill-suites-ridgecrest-ridgecrest","HotelID":315},{"_id":208,"ID":208,"YelpID":"quality-inn-and-suites-denver-stapleton-denver","HotelID":316},{"_id":209,"ID":209,"YelpID":"hotel-indigo-frisco-frisco","HotelID":317},{"_id":210,"ID":210,"YelpID":"baymont-inn-and-suites-fayetteville-fort-bragg-area-fayetteville","HotelID":325},{"_id":211,"ID":211,"YelpID":"ramada-plaza-fayetteville-fort-bragg-area-fayetteville","HotelID":326},{"_id":212,"ID":212,"YelpID":"baymont-inn-and-suites-lawndale-lawndale","HotelID":323},{"_id":213,"ID":213,"YelpID":"days-inn-and-suites-artesia-artesia-2","HotelID":324},{"_id":214,"ID":214,"YelpID":"holiday-inn-washington-college-pk-i-95-college-park-2","HotelID":327},{"_id":215,"ID":215,"YelpID":"holiday-inn-wilkes-barre-east-mountain-wilkes-barre-3","HotelID":328},{"_id":216,"ID":216,"YelpID":"doubletree-by-hilton-hotel-jacksonville-jacksonville-2","HotelID":329},{"_id":223,"ID":223,"YelpID":"hotel-indigo-baltimore-downtown-baltimore","HotelID":306},{"_id":224,"ID":224,"YelpID":"hyatt-place-memphis-germantown-germantown","HotelID":274},{"_id":225,"ID":225,"YelpID":"quality-inn-aberdeen","HotelID":280},{"_id":227,"ID":227,"YelpID":"redrock-inn-sioux-falls","HotelID":286},{"_id":228,"ID":228,"YelpID":"sleep-inn-airport-sioux-falls","HotelID":298},{"_id":229,"ID":229,"YelpID":"the-georgian-terrace-atlanta","HotelID":293},{"_id":230,"ID":230,"YelpID":"the-whitehall-houston-houston","HotelID":302},{"_id":231,"ID":231,"YelpID":"clarion-inn-and-suites-west-knoxville-knoxville","HotelID":336},{"_id":233,"ID":233,"YelpID":"hampton-inn-and-suites-riverside-corona-east-riverside","HotelID":338},{"_id":235,"ID":235,"YelpID":"hampton-inn-and-suites-thibodaux-thibodaux","HotelID":339},{"_id":236,"ID":236,"YelpID":"holiday-inn-express-and-suites-scott-lafayette-west-scott","HotelID":340},{"_id":237,"ID":237,"YelpID":"century-park-hotel-los-angeles","HotelID":341},{"_id":238,"ID":238,"YelpID":"aloft-calgary-university-calgary","HotelID":342},{"_id":239,"ID":239,"YelpID":"best-western-plus-village-park-inn-calgary","HotelID":343},{"_id":241,"ID":241,"YelpID":"staybridge-suites-pittsburgh-cranberry-township-warrendale","HotelID":345},{"_id":242,"ID":242,"YelpID":"four-points-by-sheraton-hotel-and-suites-calgary-west-calgary","HotelID":347},{"_id":243,"ID":243,"YelpID":"DoubleTree+by+Hilton+Toronto+Airport+West","HotelID":350},{"_id":244,"ID":244,"YelpID":"towneplace-suites-fort-worth-southwest-tcu-area-fort-worth","HotelID":351},{"_id":245,"ID":245,"YelpID":"home2-suites-by-hilton-cincinnati-liberty-township-liberty-township","HotelID":348},{"_id":246,"ID":246,"YelpID":"sheraton-atlanta-perimeter-north-hotel-atlanta","HotelID":352},{"_id":247,"ID":247,"YelpID":"hampton-inn-and-suites-atlanta-airport-north-i-85-atlanta","HotelID":353},{"_id":248,"ID":248,"YelpID":"hampton-inn-and-suites-scottsboro-scottsboro","HotelID":354},{"_id":249,"ID":249,"YelpID":"residence-inn-grapevine?osq=Residence+Inn+Grapevine","HotelID":356},{"_id":250,"ID":250,"YelpID":"hampton-inn-spartanburg-spartanburg","HotelID":357},{"_id":251,"ID":251,"YelpID":"holiday-inn-express-and-suites-newberry-newberry","HotelID":358},{"_id":252,"ID":252,"YelpID":"clarion-hotel-and-conference-center-north-atlanta-atlanta","HotelID":359},{"_id":253,"ID":253,"YelpID":"greentree-inn-and-suites-phoenix-phoenix","HotelID":360},{"_id":254,"ID":254,"YelpID":"ramada-edmonton-south-edmonton","HotelID":361},{"_id":255,"ID":255,"YelpID":"hampton-inn-grenada-grenada?osq=Hampton+Inn+%26+Suites+Grenada","HotelID":335},{"_id":256,"ID":256,"YelpID":"hampton-inn-and-suites-atlanta-galleria-atlanta?osq=Hampton+Inn+%26+Suites+Atlanta+-+Galleria","HotelID":363},{"_id":257,"ID":257,"YelpID":"hampton-inn-and-suites-atlanta-galleria-atlanta","HotelID":363},{"_id":266,"ID":266,"YelpID":"hampton-inn-and-suites-ridgecrest-ridgecrest","HotelID":366},{"_id":267,"ID":267,"YelpID":"residence-inn-o-fallon","HotelID":367},{"_id":268,"ID":268,"YelpID":"homewood-suites-by-hilton-lackland-afb-seaworld-san-antonio","HotelID":368},{"_id":270,"ID":270,"YelpID":"hampton-inn-atlanta-southlake-morrow","HotelID":369},{"_id":274,"ID":274,"YelpID":"residence-inn-cincinnati-airport-erlanger?osq=Residence+Inn+Cincinnati+Airport","HotelID":371},{"_id":275,"ID":275,"YelpID":"courtyard-cincinnati-airport-erlanger?osq=Courtyard+Cincinnati+Airport","HotelID":372},{"_id":279,"ID":279,"YelpID":"fairfield-inn-and-suites-canton-south-canton","HotelID":373},{"_id":280,"ID":280,"YelpID":"residence-inn-gulfport-gulfport","HotelID":374},{"_id":282,"ID":282,"YelpID":"crowne-plaza-jacksonville-airport-jacksonville-2","HotelID":375},{"_id":283,"ID":283,"YelpID":"residence-inn-louisville-airport-louisville?osq=Residence+Inn+Louisville+Airport","HotelID":376},{"_id":285,"ID":285,"YelpID":"springhill-suites-louisville-airport-louisville","HotelID":377},{"_id":289,"ID":289,"YelpID":"springhill-suites-denver-at-anschutz-medical-campus-aurora","HotelID":378},{"_id":290,"ID":290,"YelpID":"springhill-suites-cincinnati-midtown-cincinnati-2?osq=Springhill+Suites+Cincinnati+Midtown","HotelID":379},{"_id":291,"ID":291,"YelpID":"hilton-garden-inn-reno-reno-2?osq=Hilton+Garden+Inn+Reno","HotelID":382},{"_id":292,"ID":292,"YelpID":"fairfield-inn-and-suites-tampa","HotelID":381},{"_id":294,"ID":294,"YelpID":"homewood-suites-by-hilton-lexington-lexington","HotelID":380},{"_id":296,"ID":296,"YelpID":"courtyard-dayton-beavercreek-beavercreek","HotelID":385},{"_id":305,"ID":305,"YelpID":"residence-inn-by-marriott-beavercreek?osq=Residence+Inn","HotelID":386},{"_id":306,"ID":306,"YelpID":"hampton-inn-gaffney-gaffney-2?osq=Hampton+Inn+Gaffney","HotelID":383},{"_id":314,"ID":314,"YelpID":"la-quinta-inn-and-suites-minot-minot","HotelID":389},{"_id":316,"ID":316,"YelpID":"hilton-garden-inn-gulfport-gulfport","HotelID":391},{"_id":317,"ID":317,"YelpID":"hampton-inn-daphne-mobile-east-bay-daphne?osq=Hampton+Inn+Mobile+East+Bay+Daphne","HotelID":392},{"_id":318,"ID":318,"YelpID":"hilton-garden-inn-riverview-3","HotelID":393},{"_id":319,"ID":319,"YelpID":"hampton-inn-louisville-north-clarksville-clarksville","HotelID":394},{"_id":324,"ID":324,"YelpID":"hampton-inn-panama-city-beach-panama-city","HotelID":397},{"_id":325,"ID":325,"YelpID":"hilton-garden-inn-panama-city-panama-city","HotelID":396},{"_id":326,"ID":326,"YelpID":"hampton-inn-and-suites-rohnert-park-sonoma-county-rohnert-park","HotelID":398},{"_id":328,"ID":328,"YelpID":"hampton-inn-cincinnati-airport-south-florence-2","HotelID":399},{"_id":329,"ID":329,"YelpID":"hampton-inn-mobile?osq=Hampton+Inn","HotelID":400},{"_id":330,"ID":330,"YelpID":"hampton-inn-atlanta-kennesaw-kennesaw?osq=Hampton+Inn+Atlanta+Kennesaw","HotelID":401},{"_id":331,"ID":331,"YelpID":"residence-inn-by-marriot-katy","HotelID":133},{"_id":332,"ID":332,"YelpID":"towneplace-suites-by-marriott-big-spring-big-spring?osq=TownePlace+Suites+Big+Spring","HotelID":188},{"_id":333,"ID":333,"YelpID":"hampton-inn-odessa-odessa","HotelID":124},{"_id":334,"ID":334,"YelpID":"hampton-inn-and-suites-lubbock-southwest-lubbock","HotelID":258},{"_id":337,"ID":337,"YelpID":"hampton-inn-toledo","HotelID":114},{"_id":340,"ID":340,"YelpID":"homewood-suites-daphne","HotelID":390},{"_id":341,"ID":341,"YelpID":"hampton-inn-louisville-airport-louisville","HotelID":395},{"_id":342,"ID":342,"YelpID":"aloft-phoenix-airport-phoenix","HotelID":387},{"_id":343,"ID":343,"YelpID":"https://www.facebook.com/hotelindigo/","HotelID":317},{"_id":344,"ID":344,"YelpID":"holiday-inn-express-and-suites-cincinnati?osq=Hotels","HotelID":322},{"_id":352,"ID":352,"YelpID":"residence-inn-austin-university-area-austin","HotelID":355},{"_id":356,"ID":356,"YelpID":"holiday-inn-express-and-suites-wilder","HotelID":346},{"_id":358,"ID":358,"YelpID":"candlewood-suites-carrollton-carrollton","HotelID":402},{"_id":359,"ID":359,"YelpID":"candlewood-suites-st-clairsville-st-clairsville?osq=Candlewood+Suites+St+Clairsville","HotelID":403},{"_id":360,"ID":360,"YelpID":"hyatt-house-chicago-naperville-warrenville-warrenville?osq=Hyatt+House+Chicago+Naperville+Warrenville","HotelID":404},{"_id":361,"ID":361,"YelpID":"hyatt-place-chicago-warrenville-warrenville?osq=Hyatt+Place+Chicago+Naperville+Warrenville","HotelID":405},{"_id":362,"ID":362,"YelpID":"hyatt-place-portland-old-port-portland?osq=Hyatt+Place+Portland+Old+Port","HotelID":406},{"_id":363,"ID":363,"YelpID":"candlewood-suites-indianapolis-south-greenwood-6?osq=Candlewood+Suites+Indianapolis+South","HotelID":407},{"_id":364,"ID":364,"YelpID":"cambria-hotel-and-suites-indianapolis-airport-plainfield?osq=Indianapolis+Airport+Suites","HotelID":410},{"_id":365,"ID":365,"YelpID":"sleep-inn-flagstaff","HotelID":411},{"_id":367,"ID":367,"YelpID":"residence-inn-by-marriott-prescott?osq=Prescott+Residence+Inn","HotelID":413},{"_id":368,"ID":368,"YelpID":"comfort-inn-i-17-and-i-40-flagstaff","HotelID":412},{"_id":369,"ID":369,"YelpID":"springhill-suites-by-marriott-prescott-prescott?osq=Prescott+Springhill+Suites","HotelID":414},{"_id":370,"ID":370,"YelpID":"best-western-plus-cincinnati-riverfront-downtown-area-covington","HotelID":415},{"_id":371,"ID":371,"YelpID":"quality-inn-prescott","HotelID":416},{"_id":372,"ID":372,"YelpID":"hilton-garden-inn-mobile-daphne-daphne","HotelID":417},{"_id":373,"ID":373,"YelpID":"hyatt-place-salt-lake-city-airport-salt-lake-city-2","HotelID":418},{"_id":374,"ID":374,"YelpID":"hotel-petaluma-an-ascend-hotel-collection-member-petaluma-2?osq=Hotel+Petaluma","HotelID":419},{"_id":375,"ID":375,"YelpID":"htl587-san-francisco","HotelID":420},{"_id":376,"ID":376,"YelpID":"hampton-inn-jacksonville-downtown-i-95-jacksonville-2","HotelID":421},{"_id":377,"ID":377,"YelpID":"hampton-inn-hernando-hernando","HotelID":423},{"_id":379,"ID":379,"YelpID":"comfort-inn-columbia-3?osq=Comfort+Inn+Columbia","HotelID":427},{"_id":380,"ID":380,"YelpID":"days-inn-franklin-nashville-franklin-2","HotelID":428},{"_id":381,"ID":381,"YelpID":"hampton-inn-white-house-white-house?osq=Hampton+Inn+White+House","HotelID":429},{"_id":382,"ID":382,"YelpID":"la-quinta-inn-and-suites-san-marcos-outlet-mall-san-marcos","HotelID":430},{"_id":383,"ID":383,"YelpID":"holiday-inn-express-and-suites-natchez-south-natchez?osq=Holiday+Inn+Express+-+Natchez","HotelID":431},{"_id":384,"ID":384,"YelpID":"best-western-bowling-green-bowling-green","HotelID":432},{"_id":386,"ID":386,"YelpID":"holiday-inn-express-and-suites-jackson-downtown-coliseum-jackson-2?osq=Holiday+Inn+Express+-","HotelID":433},{"_id":388,"ID":388,"YelpID":"hampton-inn-and-suites-ocala-belleview-ocala?osq=Hampton+Inn+%26+Suites+Ocala+Belleview","HotelID":438},{"_id":392,"ID":392,"YelpID":"fairfield-inn-and-suites-by-marriott-olean?osq=Fairfield+Inn+%26+Suites+by+Marriott+Olean","HotelID":440},{"_id":393,"ID":393,"YelpID":"fairfield-inn-by-marriott-utica","HotelID":441},{"_id":394,"ID":394,"YelpID":"fairfield-inn-rochester","HotelID":442},{"_id":395,"ID":395,"YelpID":"fairfield-inn-binghamton?osq=Fairfield+Inn+Binghamton","HotelID":443},{"_id":396,"ID":396,"YelpID":"fairfield-inn-and-suites-albany-downtown-albany","HotelID":444},{"_id":397,"ID":397,"YelpID":"courtyard-elmira-horseheads-horseheads","HotelID":445},{"_id":398,"ID":398,"YelpID":"fairfield-inn-by-marriott-rochester-2","HotelID":446},{"_id":399,"ID":399,"YelpID":"fairfield-inn-henrietta","HotelID":447},{"_id":400,"ID":400,"YelpID":"best-western-maple-city-inn-hornell","HotelID":448},{"_id":401,"ID":401,"YelpID":"holiday-inn-express-rochester-rochester","HotelID":449},{"_id":402,"ID":402,"YelpID":"best-western-watertown-fort-drum-watertown-2?osq=Best+Western+Watertown+Fort+Drum","HotelID":450},{"_id":403,"ID":403,"YelpID":"best-western-rochester-marketplace-inn-rochester","HotelID":452},{"_id":404,"ID":404,"YelpID":"fairfield-inn-by-marriott-corning-riverside-corning-2","HotelID":451},{"_id":405,"ID":405,"YelpID":"towneplace-suites-by-marriott-new-hartford-new-hartford","HotelID":453},{"_id":406,"ID":406,"YelpID":"holiday-inn-hotel-and-suites-rochester-marketplace-rochester","HotelID":454},{"_id":407,"ID":407,"YelpID":"country-inn-and-suites-by-radisson-rochester-south-rochester","HotelID":455},{"_id":408,"ID":408,"YelpID":"best-western-plus-university-inn-olean","HotelID":456},{"_id":409,"ID":409,"YelpID":"comfort-inn-corning","HotelID":457},{"_id":410,"ID":410,"YelpID":"hawthorn-suites-by-wyndham-fishkill-poughkeepsie-area-fishkilll","HotelID":459},{"_id":412,"ID":412,"YelpID":"fairfield-inn-and-suites-horseheads?osq=Fairfield+Inn+%26+Suites","HotelID":461},{"_id":414,"ID":414,"YelpID":"home2-suites-by-hilton-rochester-henrietta-ny-rochester","HotelID":463},{"_id":415,"ID":415,"YelpID":"candlewood-suites-horseheads-elmira-horseheads","HotelID":464},{"_id":416,"ID":416,"YelpID":"hampton-inn-cortland-cortland","HotelID":465},{"_id":418,"ID":418,"YelpID":"the-desoto-savannah","HotelID":467},{"_id":419,"ID":419,"YelpID":"hampton-inn-painted-post-3","HotelID":469},{"_id":427,"ID":427,"YelpID":"hampton-by-hilton-hotel-east-greenbush","HotelID":476},{"_id":428,"ID":428,"YelpID":"doubletree-by-hilton-hotel-utica-utica-2","HotelID":477},{"_id":429,"ID":429,"YelpID":"country-inn-and-suites-cortland?osq=Country+Inn+%26+Suites+Cortland","HotelID":342},{"_id":430,"ID":430,"YelpID":"holiday-inn-express-canandaigua-finger-lakes-canandaigua-4","HotelID":479},{"_id":431,"ID":431,"YelpID":"holiday-inn-express-olean-olean","HotelID":480},{"_id":432,"ID":432,"YelpID":"holiday-inn-express-and-suites-buffalo-downtown-buffalo","HotelID":481},{"_id":433,"ID":433,"YelpID":"hampton-inn-rome-rome","HotelID":482},{"_id":434,"ID":434,"YelpID":"embassy-suites-by-hilton-syracuse-east-syracuse-2","HotelID":483},{"_id":435,"ID":435,"YelpID":"holiday-inn-auburn-finger-lakes-region-auburn","HotelID":484},{"_id":436,"ID":436,"YelpID":"candlewood-suites-sayre-sayre","HotelID":485},{"_id":437,"ID":437,"YelpID":"hampton-inn-potsdam","HotelID":487},{"_id":438,"ID":438,"YelpID":"hampton-inn-east-aurora-east-aurora","HotelID":486},{"_id":441,"ID":441,"YelpID":"home2-suites-by-hilton-long-island-city","HotelID":491},{"_id":442,"ID":442,"YelpID":"wingate-by-wyndham-rome-rome?osq=Wingate+by+Wyndham+Rome","HotelID":492},{"_id":444,"ID":444,"YelpID":"four-points-by-sheraton-houston-hobby-airport-houston-2","HotelID":495},{"_id":445,"ID":445,"YelpID":"fairfield-inn-and-suites-houston","HotelID":494},{"_id":446,"ID":446,"YelpID":"holiday-inn-express-corning-painted-post-painted-post","HotelID":496},{"_id":447,"ID":447,"YelpID":"four-points-by-sheraton-dallas-arlington-entertainment-district-arlington","HotelID":497},{"_id":448,"ID":448,"YelpID":"hampton-inn-utica","HotelID":498},{"_id":450,"ID":450,"YelpID":"holiday-inn-express-and-suites-utica-utica","HotelID":500},{"_id":451,"ID":451,"YelpID":"holiday-inn-palm-beach-airport-west-palm-beach","HotelID":504},{"_id":452,"ID":452,"YelpID":"fairfield-inn-and-suites-columbus-airport-columbus","HotelID":505},{"_id":453,"ID":453,"YelpID":"aloft-denver-downtown-denver","HotelID":506},{"_id":454,"ID":454,"YelpID":"sheraton-redding-hotel-at-the-sundial-bridge-redding","HotelID":507},{"_id":455,"ID":455,"YelpID":"courtyard-by-marriott-san-diego-gaslamp-convention-center-san-diego","HotelID":508},{"_id":456,"ID":456,"YelpID":"koloa-landing-resort-at-poipu-autograph-collection-koloa-3","HotelID":509},{"_id":457,"ID":457,"YelpID":"detroit-metro-airport-marriott-romulus","HotelID":510},{"_id":458,"ID":458,"YelpID":"aloft-south-bend-south-bend","HotelID":511},{"_id":459,"ID":459,"YelpID":"hyatt-place-salt-lake-city-farmington-station-park-farmington","HotelID":512},{"_id":460,"ID":460,"YelpID":"holiday-inn-express-onalaska-onalaska-2","HotelID":513},{"_id":461,"ID":461,"YelpID":"springhill-suites-las-vegas-convention-center-las-vegas","HotelID":514},{"_id":463,"ID":463,"YelpID":"holiday-inn-express-and-suites-winner-winner","HotelID":515},{"_id":464,"ID":464,"YelpID":"holiday-inn-manhattan-financial-district-new-york","HotelID":516},{"_id":465,"ID":465,"YelpID":"doubletree-by-hilton-hotel-newark-airport-newark","HotelID":518},{"_id":466,"ID":466,"YelpID":"ac-hotel-seattle-bellevue-downtown-bellevue","HotelID":519},{"_id":467,"ID":467,"YelpID":"homewood-suites-by-hilton-katy-3","HotelID":520},{"_id":468,"ID":468,"YelpID":"springhill-suites-new-orleans-downtown-convention-center-new-orleans","HotelID":521},{"_id":469,"ID":469,"YelpID":"towneplace-suites-by-marriott-new-orleans-downtown-canal-street-new-orleans?osq=TownePlace+Suites+by+Marriott+New+Orleans+Downtown%2FCanal+Street","HotelID":522},{"_id":470,"ID":470,"YelpID":"residence-inn-by-marriott-texarkana-texarkana","HotelID":523},{"_id":471,"ID":471,"YelpID":"ac-hotels-by-marriott-oklahoma-city-bricktown-oklahoma-city","HotelID":524},{"_id":472,"ID":472,"YelpID":"hilton-garden-inn-longview-longview-2","HotelID":525},{"_id":473,"ID":473,"YelpID":"embassy-suites-by-hilton-amarillo","HotelID":526},{"_id":474,"ID":474,"YelpID":"tru-by-hilton-amarillo","HotelID":527},{"_id":475,"ID":475,"YelpID":"holiday-inn-express-and-suites-dfw-grapevine-grapevine","HotelID":528},{"_id":476,"ID":476,"YelpID":"holiday-inn-el-paso-airport-el-paso","HotelID":529},{"_id":477,"ID":477,"YelpID":"hyatt-place-dallas-plano-plano-2","HotelID":531},{"_id":478,"ID":478,"YelpID":"holiday-inn-express-and-suites-oklahoma-city-dwtn-bricktown-oklahoma-city","HotelID":532},{"_id":479,"ID":479,"YelpID":"la-quinta-inn-and-suites-columbus-edinburgh-columbus","HotelID":533},{"_id":480,"ID":480,"YelpID":"hyatt-house-dallas-frisco-frisco","HotelID":534},{"_id":481,"ID":481,"YelpID":"hyatt-place-fort-worth-cityview-fort-worth","HotelID":535},{"_id":482,"ID":482,"YelpID":"homewood-suites-midland-3","HotelID":536},{"_id":483,"ID":483,"YelpID":"hyatt-place-oklahoma-city-bricktown-oklahoma-city-2","HotelID":537},{"_id":485,"ID":485,"YelpID":"towneplace-suites-dallas-dfw-airport-north-grapevine-grapevine-2","HotelID":539},{"_id":486,"ID":486,"YelpID":"towneplace-suites-dallas-dfw-airport-north-grapevine-grapevine-2","HotelID":539},{"_id":487,"ID":487,"YelpID":"residence-inn-tyler-tyler","HotelID":540},{"_id":489,"ID":489,"YelpID":"hotel-indigo-mount-pleasant-mount-pleasant","HotelID":208},{"_id":490,"ID":490,"YelpID":"hampton-inn-and-suites-dallas-downtown-dallas","HotelID":541},{"_id":491,"ID":491,"YelpID":"hilton-garden-inn-college-station-bryan-2","HotelID":542},{"_id":492,"ID":492,"YelpID":"hyatt-place-lubbock-lubbock","HotelID":543},{"_id":493,"ID":493,"YelpID":"hyatt-place-dallas-grapevine-grapevine","HotelID":544},{"_id":494,"ID":494,"YelpID":"courtyard-by-marriott-amarillo-downtown-amarillo-2","HotelID":545},{"_id":495,"ID":495,"YelpID":"ac-hotel-by-marriott-dallas-downtown-dallas-3","HotelID":546},{"_id":496,"ID":496,"YelpID":"residence-inn-by-marriott-dallas-downtown-dallas","HotelID":548},{"_id":497,"ID":497,"YelpID":"beachview-club-hotel-jekyll-island","HotelID":547},{"_id":498,"ID":498,"YelpID":"hyatt-place-fort-worth-hurst-hurst","HotelID":549},{"_id":499,"ID":499,"YelpID":"hyatt-place-san-antonio-northwest-medical-san-antonio","HotelID":550},{"_id":503,"ID":503,"YelpID":"sleep-inn-and-suites-columbus-2","HotelID":555},{"_id":504,"ID":504,"YelpID":"quality-hotel-and-conference-centre-fort-mcmurray-2?osq=Quality+Hotel+%26+Conference+Centre","HotelID":558},{"_id":505,"ID":505,"YelpID":"tru-by-hilton-louisville-east-louisville","HotelID":559},{"_id":506,"ID":506,"YelpID":"hampton-inn-and-suites-dallas-downtown-dallas","HotelID":560},{"_id":507,"ID":507,"YelpID":"mountain-retreat-hotel-and-suites-squamish","HotelID":562},{"_id":510,"ID":510,"YelpID":"four-points-by-sheraton-mississauga-meadowvale-mississauga?start=20","HotelID":566},{"_id":511,"ID":511,"YelpID":"four-points-by-sheraton-louisville-airport-louisville-2","HotelID":567},{"_id":512,"ID":512,"YelpID":"microtel-inn-and-suites-by-wyndham-buckhannon-buckhannon","HotelID":568},{"_id":513,"ID":513,"YelpID":"microtel-inn-and-suites-by-wyndham-steubenville-steubenville","HotelID":569},{"_id":514,"ID":514,"YelpID":"microtel-inn-and-suites-by-wyndham-waynesburg-waynesburg","HotelID":570},{"_id":515,"ID":515,"YelpID":"my-place-hotel-altoona-des-moines-ia-altoona","HotelID":571},{"_id":516,"ID":516,"YelpID":"my-place-hotel-ankeny-ia-ankeny-2","HotelID":572},{"_id":517,"ID":517,"YelpID":"my-place-hotel-davenport?osq=My+Place+Hotels","HotelID":573},{"_id":518,"ID":518,"YelpID":"microtel-inn-and-suites-by-wyndham-lynchburg-lynchburg","HotelID":574},{"_id":519,"ID":519,"YelpID":"microtel-inn-and-suites-by-wyndham-fairmont-fairmont","HotelID":576},{"_id":520,"ID":520,"YelpID":"microtel-inn-and-suites-by-wyndham-morgantown-morgantown","HotelID":577},{"_id":521,"ID":521,"YelpID":"holiday-inn-express-and-suites-irving-dfw-airport-north-irving","HotelID":578},{"_id":522,"ID":522,"YelpID":"my-place-hotel-north-aurora","HotelID":579},{"_id":525,"ID":525,"YelpID":"courtyard-by-marriott-dallas-plano-the-colony-the-colony","HotelID":584},{"_id":526,"ID":526,"YelpID":"residence-inn-by-marriott-dallas-plano-the-colony-the-colony","HotelID":585},{"_id":527,"ID":527,"YelpID":"fairfield-inn-and-suites-by-marriott-dallas-plano-the-colony-the-colony","HotelID":582},{"_id":528,"ID":528,"YelpID":"sheraton-bay-point-resort-panama-city-beach-3","HotelID":583},{"_id":529,"ID":529,"YelpID":"four-points-by-sheraton-san-diego-downtown-little-italy-san-diego","HotelID":586},{"_id":530,"ID":530,"YelpID":"comfort-inn-and-suites-san-diego-zoo-seaworld-area-san-diego","HotelID":587},{"_id":531,"ID":531,"YelpID":"quality-inn-and-suites-destin","HotelID":588},{"_id":532,"ID":532,"YelpID":"super-8-by-wyndham-clear-lake-clear-lake","HotelID":589},{"_id":534,"ID":534,"YelpID":"microtel-inn-and-suites-by-wyndham-keyser-keyser","HotelID":591},{"_id":535,"ID":535,"YelpID":"hilton-garden-inn-chicago-st-charles-saint-charles","HotelID":593},{"_id":536,"ID":536,"YelpID":"hampton-inn-and-suites-hemet-hemet","HotelID":592},{"_id":537,"ID":537,"YelpID":"staybridge-suites-reno-reno-2","HotelID":594},{"_id":538,"ID":538,"YelpID":"fairfield-inn-and-suites-by-marriott-chicago-naperville-naperville","HotelID":595},{"_id":539,"ID":539,"YelpID":"courtyard-lansing-lansing-2","HotelID":596},{"_id":540,"ID":540,"YelpID":"hampton-inn-and-suites-albany-downtown-albany","HotelID":597},{"_id":541,"ID":541,"YelpID":"comfort-suites-newport","HotelID":598},{"_id":542,"ID":542,"YelpID":"hampton-inn-and-suites-by-hilton-mission-viejo","HotelID":599},{"_id":543,"ID":543,"YelpID":"homewood-suites-by-hilton-mobile-mobile-2","HotelID":602},{"_id":544,"ID":544,"YelpID":"hampton-inn-and-suites-murfreesboro-murfreesboro","HotelID":603},{"_id":545,"ID":545,"YelpID":"holiday-inn-express-and-suites-alpharetta-windward-parkway-alpharetta-6","HotelID":604},{"_id":546,"ID":546,"YelpID":"fairfield-inn-and-suites-by-marriott-chicago-st-charles-st-charles","HotelID":605},{"_id":547,"ID":547,"YelpID":"hampton-inn-terre-haute","HotelID":606},{"_id":548,"ID":548,"YelpID":"holiday-inn-express-atlanta-kennesaw-kennesaw-3","HotelID":607},{"_id":549,"ID":549,"YelpID":"hampton-inn-and-suites-pensacola-gulf-breeze-gulf-breeze","HotelID":609},{"_id":550,"ID":550,"YelpID":"homewood-suites-by-hilton-columbus-columbus","HotelID":610},{"_id":551,"ID":551,"YelpID":"courtyard-by-marriott-seattle-downtown-pioneer-square-seattle-2","HotelID":608},{"_id":552,"ID":552,"YelpID":"https://www.yelp.com/biz/sheraton-suites-fort-lauderdale-plantation-plantation","HotelID":611},{"_id":553,"ID":553,"YelpID":"days-inn-by-wyndham-encinitas-moonlight-beach-encinitas","HotelID":614},{"_id":554,"ID":554,"YelpID":"residence-inn-by-marriott-los-angeles-l-a-live-los-angeles","HotelID":612},{"_id":555,"ID":555,"YelpID":"courtyard-by-marriott-los-angeles-l-a-live-los-angeles","HotelID":613},{"_id":556,"ID":556,"YelpID":"fairfield-inn-and-suites-by-marriott-world-trade-center-area-new-york","HotelID":615},{"_id":557,"ID":557,"YelpID":"towne-place-suites-marriott-lancaster","HotelID":617},{"_id":558,"ID":558,"YelpID":"hampton-inn-and-suites-buffalo-airport-cheektowaga-2","HotelID":616},{"_id":559,"ID":559,"YelpID":"the-hollis-a-doubletree-suites-by-hilton-halifax","HotelID":619},{"_id":560,"ID":560,"YelpID":"homewood-suites-by-hilton-halifax-downtown-halifax-3","HotelID":618},{"_id":561,"ID":561,"YelpID":"homewood-suites-by-hilton-halifax-downtown-halifax-3","HotelID":618},{"_id":562,"ID":562,"YelpID":"holiday-inn-express-and-suites-denver-tech-center-englewood-englewood","HotelID":620},{"_id":563,"ID":563,"YelpID":"aloft-buffalo-airport-buffalo","HotelID":621},{"_id":564,"ID":564,"YelpID":"hampton-inn-by-hilton-halifax-downtown-halifax-2","HotelID":622},{"_id":565,"ID":565,"YelpID":"hyatt-regency-north-dallas-richardson","HotelID":623},{"_id":566,"ID":566,"YelpID":"https://www.facebook.com/HyattRegencyNorthDallas/","HotelID":623},{"_id":567,"ID":567,"YelpID":"embassy-suites-by-hilton-seattle-downtown-pioneer-square-seattle","HotelID":624},{"_id":568,"ID":568,"YelpID":"homewood-suites-by-hilton-east-point","HotelID":625},{"_id":569,"ID":569,"YelpID":"towneplace-suites-vidalia-vidalia","HotelID":626},{"_id":570,"ID":570,"YelpID":"hilton-garden-inn-columbus-ga-columbus","HotelID":630},{"_id":571,"ID":571,"YelpID":"hampton-inn-mississauga-2?hrid=qOcYz-ia710DB3t6Nxay3w&rh_ident=us&rh_type=phrase","HotelID":628},{"_id":572,"ID":572,"YelpID":"hilton-garden-inn-halifax-airport-enfield","HotelID":629},{"_id":573,"ID":573,"YelpID":"doubletree-by-hilton-hotel-austin-northwest-arboretum-austin","HotelID":632},{"_id":574,"ID":574,"YelpID":"courtyard-san-diego-del-mar-solana-beach-solana-beach","HotelID":632},{"_id":575,"ID":575,"YelpID":"residence-inn-halifax-downtown-halifax","HotelID":633},{"_id":576,"ID":576,"YelpID":"holiday-inn-express-and-suites-halifax-airport-enfield","HotelID":634},{"_id":577,"ID":577,"YelpID":"fairfield-inn-and-suites-toronto-airport-mississauga","HotelID":635},{"_id":578,"ID":578,"YelpID":"crowne-plaza-toronto-airport-toronto-2","HotelID":637},{"_id":579,"ID":579,"YelpID":"doubletree-by-hilton-toronto-airport-toronto","HotelID":638},{"_id":580,"ID":580,"YelpID":"atlantica-hotel-halifax-halifax","HotelID":639},{"_id":581,"ID":581,"YelpID":"residence-inn-whitby-whitby-2","HotelID":634},{"_id":582,"ID":582,"YelpID":"sheraton-louisville-riverside-hotel-jeffersonville","HotelID":642},{"_id":584,"ID":584,"YelpID":"hampton-inn-and-suites-syracuse-syracuse","HotelID":643},{"_id":585,"ID":585,"YelpID":"holiday-inn-express-and-suites-bluffton-hilton-head-area-bluffton","HotelID":644},{"_id":586,"ID":586,"YelpID":"the-westin-huntsville-huntsville","HotelID":645},{"_id":587,"ID":587,"YelpID":"element-huntsville-huntsville","HotelID":646},{"_id":588,"ID":588,"YelpID":"doubletree-by-hilton-austin-university-area-austin","HotelID":647},{"_id":589,"ID":589,"YelpID":"hampton-inn-lexington-2","HotelID":648},{"_id":590,"ID":590,"YelpID":"hilton-garden-inn-detroit-downtown-detroit-2","HotelID":649},{"_id":591,"ID":591,"YelpID":"days-inn-by-wyndham-charleston-historic-district-charleston","HotelID":650},{"_id":592,"ID":592,"YelpID":"four-points-by-sheraton-houston-west-houston","HotelID":651},{"_id":593,"ID":593,"YelpID":"doubletree-by-hilton-hotel-orlando-at-seaworld-orlando","HotelID":653},{"_id":594,"ID":594,"YelpID":"the-heathman-hotel-kirkland-kirkland","HotelID":654},{"_id":595,"ID":595,"YelpID":"four-point-by-sheraton-atlanta-airport-west-atlanta","HotelID":655},{"_id":596,"ID":596,"YelpID":"homewood-suites-by-hilton-charleston-mt-pleasant-mount-pleasant","HotelID":656},{"_id":597,"ID":597,"YelpID":"hotel-sorella-citycentre-houston","HotelID":657},{"_id":598,"ID":598,"YelpID":"hotel-valencia-santana-row-san-jose","HotelID":658},{"_id":599,"ID":599,"YelpID":"hilton-garden-inn-niagara-on-the-lake","HotelID":662},{"_id":600,"ID":600,"YelpID":"lone-star-court-austin","HotelID":663},{"_id":601,"ID":601,"YelpID":"texican-court-irving-2","HotelID":664},{"_id":602,"ID":602,"YelpID":"the-george-college-station","HotelID":665},{"_id":603,"ID":603,"YelpID":"https://www.yelp.com/biz/cavalry-court-college-station","HotelID":666},{"_id":604,"ID":604,"YelpID":"hotel-alessandra-houston","HotelID":667},{"_id":605,"ID":605,"YelpID":"hotel-valencia-riverwalk-san-antonio","HotelID":668},{"_id":606,"ID":606,"YelpID":"days-inn-washington-dc-connecticut-avenue-washington-2?osq=Days+Inn+Washington+DC","HotelID":703},{"_id":607,"ID":607,"YelpID":"hilton-springfield-springfield-2","HotelID":696},{"_id":608,"ID":608,"YelpID":"hilton-garden-inn-dover-dover-2?osq=Hilton+Garden+Inn+Dover","HotelID":705},{"_id":609,"ID":609,"YelpID":"holiday-inn-washington-d-c-greenbelt-md-greenbelt-3","HotelID":691},{"_id":611,"ID":611,"YelpID":"best-western-plus-myrtle-beach-hotel-myrtle-beach","HotelID":707},{"_id":612,"ID":612,"YelpID":"best-western-plus-rockville-hotel-and-suites-rockville-4","HotelID":687},{"_id":613,"ID":613,"YelpID":"holiday-inn-express-and-suites-peekskill-lower-hudson-valley-peekskill-4","HotelID":688},{"_id":614,"ID":614,"YelpID":"quality-inn-dutch-inn-collinsville","HotelID":697},{"_id":615,"ID":615,"YelpID":"country-inn-and-suites-by-radisson-abingdon-abingdon","HotelID":700},{"_id":616,"ID":616,"YelpID":"holiday-inn-washington-dc-central-white-house-washington-10","HotelID":708},{"_id":618,"ID":618,"YelpID":"holiday-inn-express-and-suites-elgin-elgin?osq=Holiday+Inn+Express+%26+Suites+Elgin","HotelID":686},{"_id":619,"ID":619,"YelpID":"niagara-crossing-hotel-and-spa-lewiston","HotelID":709},{"_id":620,"ID":620,"YelpID":"hampton-inn-virginia-beach-oceanfront-north-virginia-beach","HotelID":698},{"_id":621,"ID":621,"YelpID":"holiday-inn-express-and-suites-lebanon-lebanon-2","HotelID":693},{"_id":622,"ID":622,"YelpID":"crowne-plaza-jfk-airport-jamaica-3","HotelID":710},{"_id":623,"ID":623,"YelpID":"semiahmoo-resort-golf-and-spa-blaine","HotelID":712},{"_id":625,"ID":625,"YelpID":"holiday-inn-express-blowing-rock-south-blowing-rock-2","HotelID":689},{"_id":626,"ID":626,"YelpID":"bakers-cay-resort-key-largo-curio-collection-by-hilton-key-largo","HotelID":634},{"_id":627,"ID":627,"YelpID":"orchard-street-hotel-new-york","HotelID":717},{"_id":628,"ID":628,"YelpID":"gatsby-hotel-an-ascend-hotel-collection-member-new-york","HotelID":718},{"_id":629,"ID":629,"YelpID":"hampton-inn-and-suites-jackson-jackson","HotelID":714},{"_id":630,"ID":630,"YelpID":"home2-suites-by-hilton-memphis-southaven-ms-southaven","HotelID":719},{"_id":631,"ID":631,"YelpID":"homewood-suites-by-hilton-southaven-southaven","HotelID":720},{"_id":632,"ID":632,"YelpID":"residence-inn-by-marriott-houston-medical-center-nrg-park-houston","HotelID":721},{"_id":633,"ID":633,"YelpID":"econo-lodge-inn-and-suites-columbus-3","HotelID":722},{"_id":634,"ID":634,"YelpID":"hampton-inn-kirksville-kirksville?osq=Hampton+Inn+-+Kirksville%2F+48377","HotelID":723},{"_id":635,"ID":635,"YelpID":"the-andrew-hotel-great-neck-4","HotelID":724},{"_id":636,"ID":636,"YelpID":"days-inn-by-wyndham-mt-pleasant-charleston-patriots-point-mount-pleasant","HotelID":725},{"_id":637,"ID":637,"YelpID":"watt-hotel-rahway","HotelID":726},{"_id":638,"ID":638,"YelpID":"holiday-inn-express-and-suites-boston-garden-boston-4","HotelID":728},{"_id":640,"ID":640,"YelpID":"hotel-interurban-tukwila","HotelID":731},{"_id":641,"ID":641,"YelpID":"holiday-inn-express-and-suites-elk-grove-ctrl-sacramento-s-elk-grove","HotelID":732},{"_id":642,"ID":642,"YelpID":"comfort-suites-turlock","HotelID":733},{"_id":643,"ID":643,"YelpID":"microtel-inn-and-suites-by-wyndham-weyburn-weyburn","HotelID":734},{"_id":644,"ID":644,"YelpID":"microtel-inn-and-suites-by-wyndham-estevan-estevan","HotelID":735},{"_id":645,"ID":645,"YelpID":"microtel-inn-and-suites-by-wyndham-oyster-bay-ladysmith","HotelID":736},{"_id":646,"ID":646,"YelpID":"microtel-inn-and-suites-by-wyndham-lloydminster-lloydminster","HotelID":737},{"_id":647,"ID":647,"YelpID":"microtel-inn-and-suites-by-wyndham-kitimat-kitimat","HotelID":738},{"_id":648,"ID":648,"YelpID":"microtel-inn-and-suites-by-wyndham-fort-st-john-fort-st-john","HotelID":739},{"_id":649,"ID":649,"YelpID":"microtel-inn-and-suites-by-wyndham-bonnyville-bonnyville","HotelID":740},{"_id":650,"ID":650,"YelpID":"super-8-by-wyndham-calgary-shawnessy-area-calgary","HotelID":742},{"_id":651,"ID":651,"YelpID":"microtel-inn-and-suites-by-wyndham-val-d-or-val-d-or","HotelID":744},{"_id":652,"ID":652,"YelpID":"super-8-by-wyndham-port-elgin-port-elgin","HotelID":745},{"_id":653,"ID":653,"YelpID":"the-westin-arlington-gateway-arlington-2","HotelID":746},{"_id":654,"ID":654,"YelpID":"towneplace-suites-ontario-airport-rancho-cucamonga-2","HotelID":747},{"_id":655,"ID":655,"YelpID":"radisson-hotel-baltimore-downtown-inner-harbor-baltimore-3","HotelID":748},{"_id":656,"ID":656,"YelpID":"hyatt-regency-bethesda-bethesda-6","HotelID":749},{"_id":657,"ID":657,"YelpID":"hyatt-centric-arlington-arlington","HotelID":750},{"_id":658,"ID":658,"YelpID":"best-western-plus-the-charles-hotel-saint-charles-4","HotelID":751},{"_id":659,"ID":659,"YelpID":"palmer-house-resort-manchester-center","HotelID":752},{"_id":660,"ID":660,"YelpID":"comfort-inn-st-louis-westport-saint-louis-2","HotelID":753},{"_id":661,"ID":661,"YelpID":"redford-hotel-new-york","HotelID":754},{"_id":662,"ID":662,"YelpID":"microtel-inn-and-suites-by-wyndham-fort-mcmurray-fort-mcmurray","HotelID":756},{"_id":663,"ID":663,"YelpID":"journey-east-hampton-east-hampton","HotelID":758},{"_id":664,"ID":664,"YelpID":"walker-hotel-greenwich-village-new-york-2","HotelID":759},{"_id":665,"ID":665,"YelpID":"sheraton-detroit-metro-airport-romulus-4","HotelID":760},{"_id":666,"ID":666,"YelpID":"el-caribe-resort-and-conference-center-daytona-beach","HotelID":761},{"_id":667,"ID":667,"YelpID":"beaver-run-resort-and-conference-center-breckenridge-2","HotelID":762},{"_id":668,"ID":668,"YelpID":"surestay-plus-by-best-western-thornton-denver-north-thornton-2","HotelID":763},{"_id":669,"ID":669,"YelpID":"comfort-suites-denver-near-anschutz-medical-campus-aurora","HotelID":764},{"_id":670,"ID":670,"YelpID":"the-westin-las-vegas-hotel-and-spa-las-vegas-2","HotelID":766},{"_id":671,"ID":671,"YelpID":"renaissance-las-vegas-hotel-las-vegas-2","HotelID":767},{"_id":672,"ID":672,"YelpID":"the-lark-bozeman","HotelID":768},{"_id":673,"ID":673,"YelpID":"holiday-inn-express-and-suites-san-diego-hotel-circle-san-diego-2","HotelID":769},{"_id":674,"ID":674,"YelpID":"wingate-by-wyndham-independence-independence","HotelID":770},{"_id":675,"ID":675,"YelpID":"hotel-v-south-san-francisco","HotelID":771},{"_id":676,"ID":676,"YelpID":"embassy-suites-by-hilton-montreal-airport-pointe-claire","HotelID":772},{"_id":677,"ID":677,"YelpID":"hilton-garden-inn-toronto-downtown-toronto","HotelID":773},{"_id":678,"ID":678,"YelpID":"palm-mountain-resort-and-spa-palm-springs","HotelID":774},{"_id":679,"ID":679,"YelpID":"homewood-suites-by-hilton-toronto-vaughan-vaughan-4","HotelID":775},{"_id":680,"ID":680,"YelpID":"hilton-garden-inn-toronto-vaughan-vaughan","HotelID":776},{"_id":681,"ID":681,"YelpID":"holiday-inn-hotel-and-suites-pointe-claire-montreal-airport-pointe-claire","HotelID":777},{"_id":682,"ID":682,"YelpID":"holiday-inn-toronto-mississauga-mississauga-2","HotelID":778},{"_id":683,"ID":683,"YelpID":"sage-lodge-pray","HotelID":779},{"_id":684,"ID":684,"YelpID":"courtyard-by-marriott-kingston-highway-401-division-street-kingston","HotelID":780},{"_id":685,"ID":685,"YelpID":"towneplace-suites-by-marriott-thunder-bay-thunder-bay","HotelID":781},{"_id":686,"ID":686,"YelpID":"hotel-ereal-santa-clara","HotelID":782},{"_id":687,"ID":687,"YelpID":"holiday-inn-express-kansas-city-downtown-kansas-city","HotelID":783},{"_id":688,"ID":688,"YelpID":"courtyard-by-marriott-toronto-northeast-markham-markham-3","HotelID":784},{"_id":689,"ID":689,"YelpID":"towneplace-suites-by-marriott-toronto-northeast-markham-markham","HotelID":785},{"_id":690,"ID":690,"YelpID":"holiday-inn-toronto-yorkdale-toronto?osq=Holiday+Inn+Toronto-Yorkdale","HotelID":786},{"_id":691,"ID":691,"YelpID":"embassy-suites-by-hilton-toronto-airport-toronto-2","HotelID":787},{"_id":692,"ID":692,"YelpID":"comfort-inn-and-suites-kansas-city-downtown-kansas-city","HotelID":788},{"_id":693,"ID":693,"YelpID":"residence-inn-toronto-downtown-entertainment-district-toronto","HotelID":789},{"_id":694,"ID":694,"YelpID":"springhill-suites-by-marriott-toronto-vaughan-vaughan-2","HotelID":790},{"_id":695,"ID":695,"YelpID":"travelodge-sylmar-california-los-angeles","HotelID":791},{"_id":696,"ID":696,"YelpID":"candlewood-suites-watertown-fort-drum-evans-mills-2","HotelID":792},{"_id":697,"ID":697,"YelpID":"holiday-inn-toronto-international-airport-toronto","HotelID":793},{"_id":698,"ID":698,"YelpID":"four-points-by-sheraton-toronto-airport-mississauga","HotelID":794},{"_id":699,"ID":699,"YelpID":"fairfield-inn-and-suites-watertown-thousand-islands-watertown","HotelID":795},{"_id":700,"ID":700,"YelpID":"the-troubadour-hotel-new-orleans-tapestry-collection-by-hilton-new-orleans","HotelID":796},{"_id":701,"ID":701,"YelpID":"pacific-inn-san-diego","HotelID":797},{"_id":702,"ID":702,"YelpID":"travelodge-by-wyndham-ocean-front-sunset-beach","HotelID":798},{"_id":703,"ID":703,"YelpID":"fairfield-inn-ontario-ontario","HotelID":799},{"_id":704,"ID":704,"YelpID":"hampton-inn-los-angeles-arcadia-pasadena-arcadia-2","HotelID":800},{"_id":705,"ID":705,"YelpID":"executive-hotel-vintage-court-san-francisco","HotelID":801},{"_id":706,"ID":706,"YelpID":"holiday-inn-express-and-suites-twentynine-palms-joshua-tree-twentynine-palms?osq=Holiday+Inn+Express+%26+Suites+Twentynine+Palms-+Joshua+Tree","HotelID":802},{"_id":707,"ID":707,"YelpID":"fairfield-inn-and-suites-by-marriott-ontario-rancho-cucamonga-rancho-cucamonga","HotelID":803},{"_id":709,"ID":709,"YelpID":"home2-suites-by-hilton-amherst-buffalo-amherst","HotelID":804},{"_id":710,"ID":710,"YelpID":"hilton-garden-inn-sacramento-south-natomas-sacramento","HotelID":805},{"_id":711,"ID":711,"YelpID":"courtyard-by-marriott-columbus-dublin-dublin","HotelID":806},{"_id":712,"ID":712,"YelpID":"winston-salem-marriott-winston-salem","HotelID":809},{"_id":713,"ID":713,"YelpID":"the-westin-toronto-airport-toronto","HotelID":807},{"_id":714,"ID":714,"YelpID":"home2-suites-by-hilton-bismarck-bismarck","HotelID":810},{"_id":715,"ID":715,"YelpID":"comfort-inn-anaheim-resort-anaheim","HotelID":812},{"_id":716,"ID":716,"YelpID":"hotel-iris-san-diego","HotelID":813},{"_id":717,"ID":717,"YelpID":"travelodge-by-wyndham-commerce-los-angeles-area-commerce","HotelID":814},{"_id":718,"ID":718,"YelpID":"holiday-inn-express-and-suites-ontario-airport-mills-mall-rancho-cucamonga","HotelID":815},{"_id":719,"ID":719,"YelpID":"aloft-ontario-rancho-cucamonga-rancho-cucamonga-3","HotelID":816},{"_id":720,"ID":720,"YelpID":"days-inn-by-wyndham-kansas-city-kansas-city","HotelID":817},{"_id":721,"ID":721,"YelpID":"comfort-inn-lone-pine","HotelID":818},{"_id":722,"ID":722,"YelpID":"nomo-soho-new-york-3","HotelID":821},{"_id":723,"ID":723,"YelpID":"hotel-mela-new-york","HotelID":822},{"_id":724,"ID":724,"YelpID":"westhouse-hotel-new-york-new-york","HotelID":823},{"_id":725,"ID":725,"YelpID":"allegria-hotel-long-beach","HotelID":824},{"_id":726,"ID":726,"YelpID":"the-southernmost-beach-resort-key-west?osq=southernmost+beach+resort","HotelID":825},{"_id":727,"ID":727,"YelpID":"the-wagner-at-the-battery-new-york-4","HotelID":826},{"_id":728,"ID":728,"YelpID":"royalton-park-avenue-new-york","HotelID":827},{"_id":729,"ID":729,"YelpID":"holiday-inn-secaucus-meadowlands-secaucus","HotelID":828},{"_id":731,"ID":731,"YelpID":"paramount-hotel-new-york-3","HotelID":830},{"_id":732,"ID":732,"YelpID":"alohilani-resort-waikiki-beach-honolulu-2","HotelID":832},{"_id":733,"ID":733,"YelpID":"https://www.yelp.com/biz/the-gregory-hotel-new-york-new-york-3","HotelID":833},{"_id":734,"ID":734,"YelpID":"the-michelangelo-new-york-2","HotelID":834},{"_id":735,"ID":735,"YelpID":"hilton-garden-inn-gallatin-gallatin?osq=Hilton+Garden+Inn+Gallatin","HotelID":835},{"_id":736,"ID":736,"YelpID":"nyma-the-new-york-manhattan-hotel-new-york-2","HotelID":836},{"_id":737,"ID":737,"YelpID":"ambassador-hotel-honolulu","HotelID":837},{"_id":738,"ID":738,"YelpID":"arthouse-hotel-new-york-city-new-york","HotelID":838},{"_id":739,"ID":739,"YelpID":"stanford-court-san-francisco-san-francisco","HotelID":839},{"_id":740,"ID":740,"YelpID":"the-manhattan-at-times-square-hotel-new-york","HotelID":840},{"_id":741,"ID":741,"YelpID":"park-central-hotel-new-york-new-york","HotelID":843},{"_id":742,"ID":742,"YelpID":"huntington-hotel-san-francisco-2","HotelID":844},{"_id":743,"ID":743,"YelpID":"https://www.yelp.com/biz/graduate-providence-providence","HotelID":846},{"_id":744,"ID":744,"YelpID":"residence-inn-houston-9?osq=10421+Clay+Rd%2C","HotelID":136},{"_id":745,"ID":745,"YelpID":"hampton-inn-and-suites-jackson-ridgeland-ridgeland","HotelID":847},{"_id":746,"ID":746,"YelpID":"comfort-suites-columbia-7","HotelID":851},{"_id":747,"ID":747,"YelpID":"residence-inn-new-york-downtown-manhattan-new-york","HotelID":853},{"_id":748,"ID":748,"YelpID":"cloverleaf-suites-dublin-dublin","HotelID":854},{"_id":749,"ID":749,"YelpID":"hero-beach-club-montauk?osq=Hero+Beach+Club","HotelID":856},{"_id":750,"ID":750,"YelpID":"hotel-indigo-boston-newton-riverside-newton-3","HotelID":855},{"_id":752,"ID":752,"YelpID":"atlantic-terrace-motel-montauk","HotelID":857},{"_id":753,"ID":753,"YelpID":"cloverleaf-suites-overland-park-overland-park-2?osq=Cloverleaf+Suites","HotelID":858},{"_id":754,"ID":754,"YelpID":"courtyard-by-marriott-columbus-worthington-columbus","HotelID":859},{"_id":755,"ID":755,"YelpID":"crowne-plaza-moncton-downtown-moncton-2","HotelID":860},{"_id":756,"ID":756,"YelpID":"hilton-cabana-miami-beach-miami-beach","HotelID":861},{"_id":757,"ID":757,"YelpID":"the-renwick-hotel-new-york-curio-collection-by-hilton-new-york?osq=The+Renwick+Hotel+New+York+City","HotelID":862},{"_id":758,"ID":758,"YelpID":"crowne-plaza-fredericton-lord-beaverbrook-fredericton?osq=Crowne+Plaza+Fredericton-Lord+Beaverbrook","HotelID":863},{"_id":759,"ID":759,"YelpID":"hilton-garden-inn-fredericton-fredericton","HotelID":864},{"_id":760,"ID":760,"YelpID":"fairfield-inn-charlotte-gastonia-gastonia-2?osq=Fairfield+Inn+by+Marriott","HotelID":872},{"_id":761,"ID":761,"YelpID":"courtyard-by-marriott-atlanta-alpharetta-avalon-area-alpharetta?osq=Courtyard+by+Marriott+Atlanta+Alpharetta%2FAvalon+Area","HotelID":865},{"_id":762,"ID":762,"YelpID":"fairfield-inn-charlotte-gastonia-gastonia-2?osq=Fairfield+Inn+by+Marriott","HotelID":872},{"_id":763,"ID":763,"YelpID":"courtyard-by-marriott-tampa-northwest-veterans-expressway-tampa?osq=Courtyard+by+Marriott+Tampa+Northwest%2FVeterans+Expressway","HotelID":870},{"_id":764,"ID":764,"YelpID":"courtyard-dallas-midlothian-at-midlothian-conference-center-midlothian-2","HotelID":869},{"_id":765,"ID":765,"YelpID":"courtyard-by-marriott-greenville-spartanburg-airport-greenville?osq=Courtyard+by+Marriott+Greenville-Spartanburg+Airport","HotelID":867},{"_id":766,"ID":766,"YelpID":"courtyard-by-marriott-atlanta-buford-mall-of-georgia-buford?osq=Courtyard+by+Marriott+Atlanta+Buford+Mall+of+Georgia","HotelID":866},{"_id":767,"ID":767,"YelpID":"courtyard-by-marriott-mcdonough-2","HotelID":868},{"_id":768,"ID":768,"YelpID":"fairfield-inn-battle-creek?osq=Fairfield+Inn+by+Marriott","HotelID":871},{"_id":769,"ID":769,"YelpID":"fairfield-inn-by-marriott-greenville-spartanburg-airport-greenville?osq=Fairfield+Inn+by+Marriott+Greenville-Spartanburg+Airport","HotelID":873},{"_id":770,"ID":770,"YelpID":"fairfield-inn-by-marriott-hays?osq=Fairfield+Inn+by+Marriott+Hays","HotelID":905},{"_id":771,"ID":771,"YelpID":"fairfield-inn-and-suites-alamogordo-alamogordo?osq=Fairfield+Inn+%26+Suites+by+Marriott+Alamogordo","HotelID":874},{"_id":772,"ID":772,"YelpID":"fairfield-inn-aransas-pass","HotelID":875},{"_id":773,"ID":773,"YelpID":"fairfield-inn-and-suites-north-charleston?osq=Fairfield+Inn+%26+Suites+by+Marriott+Charleston+North%2FUniversity+A","HotelID":877},{"_id":774,"ID":774,"YelpID":"fairfield-inn-st-petersburg-clearwater-clearwater","HotelID":889},{"_id":775,"ID":775,"YelpID":"fairfield-inn-and-suites-colorado-springs-air-force-academy-colorado-springs","HotelID":878},{"_id":776,"ID":776,"YelpID":"fairfield-inn-and-suites-decatur-at-decatur-conference-center-decatur","HotelID":879},{"_id":777,"ID":777,"YelpID":"fairfield-inn-and-suites-by-marriott-dublin-dublin?osq=Fairfield+Inn+%26+Suites+by+Marriott+Dublin","HotelID":880},{"_id":778,"ID":778,"YelpID":"fairfield-inn-and-suites-tacoma-dupont-dupont-3?osq=Fairfield+Inn+%26+Suites+by+Marriott+Tacoma+DuPont","HotelID":881},{"_id":779,"ID":779,"YelpID":"fairfield-inn-and-suites-by-marriott-edmonton-north-edmonton-2?osq=Fairfield+Inn+%26+Suites+by+Marriott+Edmonton+North","HotelID":882},{"_id":780,"ID":780,"YelpID":"fairfield-inn-and-suites-by-marriott-gainesville-i-75-gainesville?osq=Fairfield+Inn+%26+Suites+by+Marriott+Gainesville+I-75","HotelID":906},{"_id":781,"ID":781,"YelpID":"biz/fairfield-inn-and-suites-gainesville-gainesville","HotelID":884},{"_id":782,"ID":782,"YelpID":"hampton-inn-gainesville-gainesville-2","HotelID":895},{"_id":783,"ID":783,"YelpID":"fairfield-inn-and-suites-holiday-tarpon-springs-holiday-2?osq=Fairfield+Inn+%26+Suites+by+Marriott+Holiday+Tarpon+Springs","HotelID":907},{"_id":784,"ID":784,"YelpID":"fairfield-inn-and-suites-by-marriott-lynchburg-liberty-university-lynchburg?osq=Fairfield+Inn+%26+Suites+by+Marriott+Lynchburg+Liberty+University","HotelID":885},{"_id":785,"ID":785,"YelpID":"fairfield-inn-and-suites-atlanta-buford-mall-of-georgia-buford-2","HotelID":876},{"_id":786,"ID":786,"YelpID":"fairfield-inn-and-suites-marianna-marianna?osq=Fairfield+Inn+%26+Suites+by+Marriott","HotelID":886},{"_id":787,"ID":787,"YelpID":"fairfield-inn-and-suites-mobile-3?osq=Fairfield+Inn+%26+Suites+by+Marriott+Mobile","HotelID":887},{"_id":788,"ID":788,"YelpID":"fairfield-inn-and-suites-by-marriott-scottsbluff-scottsbluff?osq=Fairfield+Inn+%26+Suites+by+Marriott+Scottsbluff","HotelID":888},{"_id":789,"ID":789,"YelpID":"fairfield-by-marriott-terrell","HotelID":890},{"_id":790,"ID":790,"YelpID":"fairfield-inn-and-suites-by-marriott-tifton-tifton?osq=Fairfield+Inn+%26+Suites+by+Marriott+Tifton","HotelID":891},{"_id":792,"ID":792,"YelpID":"fairfield-inn-and-suites-tulsa","HotelID":892},{"_id":793,"ID":793,"YelpID":"fairfield-inn-and-suites-by-marriott-uncasville-uncasville?osq=Fairfield+Inn+%26+Suites+by+Marriott+Uncasville","HotelID":893},{"_id":794,"ID":794,"YelpID":"towneplace-suites-by-marriott-medicine-hat-medicine-hat","HotelID":555},{"_id":795,"ID":795,"YelpID":"fairfield-inn-and-suites-dallas-waxahachie-waxahachie","HotelID":894},{"_id":797,"ID":797,"YelpID":"residence-inn-by-marriott-atlanta-perimeter-center-dunwoody-dunwoody-2?osq=Residence+Inn+by+Marriott+Atlanta+Perimeter+Center%2FDunwoody","HotelID":896},{"_id":798,"ID":798,"YelpID":"residence-inn-fort-worth-alliance-airport-fort-worth","HotelID":909},{"_id":799,"ID":799,"YelpID":"fairfield-by-marriott-edmonton-international-airport-edmonton-2","HotelID":908},{"_id":800,"ID":800,"YelpID":"towneplace-suites-tallahassee-north-capital-circle-tallahassee","HotelID":904},{"_id":801,"ID":801,"YelpID":"towneplace-suites-mobile-mobile","HotelID":903},{"_id":802,"ID":802,"YelpID":"towneplace-suites-by-marriott-edmonton-south-edmonton-2","HotelID":902},{"_id":803,"ID":803,"YelpID":"springhill-suites-houston-medical-center-nrg-park-houston-2?osq=SpringHill+Suites+by+Marriott+Houston+Medical+Center%2FNRG+Park","HotelID":898},{"_id":804,"ID":804,"YelpID":"springhill-suites-marriott-houston","HotelID":899},{"_id":805,"ID":805,"YelpID":"springhill-suites-by-marriott-pensacola-beach-pensacola-beach-3?osq=SpringHill+Suites+by+Marriott+Pensacola+Beach","HotelID":900},{"_id":806,"ID":806,"YelpID":"springhill-suites-by-marriott-st-louis-chesterfield-chesterfield?osq=SpringHill+Suites+by+Marriott+St.+Louis+Chesterfield","HotelID":897},{"_id":807,"ID":807,"YelpID":"springhill-suites-st-petersburg-clearwater-clearwater","HotelID":901},{"_id":808,"ID":808,"YelpID":"island-house-hotel-orange-beach-a-doubletree-by-hilton-orange-beach?osq=Island+House+Hotel+Orange+Beach+-+a+DoubleTree+by+Hilton","HotelID":913},{"_id":809,"ID":809,"YelpID":"doubletree-by-hilton-hotel-washington-dc-crystal-city-arlington","HotelID":914},{"_id":810,"ID":810,"YelpID":"hampton-inn-dalton-dalton?osq=Hampton+Inn+Dalton","HotelID":915},{"_id":811,"ID":811,"YelpID":"hampton-inn-philadelphia-international-airport-philadelphia?osq=Hampton+Inn+Philadelphia-International+Airport","HotelID":917},{"_id":812,"ID":812,"YelpID":"hampton-inn-philadelphia-plymouth-meeting-plymouth-meeting-2","HotelID":918},{"_id":813,"ID":813,"YelpID":"fairfield-inn-and-suites-by-marriott-gainesville-i-75-gainesville","HotelID":555},{"_id":814,"ID":814,"YelpID":"fairfield-inn-and-suites-by-marriott-gainesville-i-75-gainesville","HotelID":906},{"_id":815,"ID":815,"YelpID":"hampton-inn-atlanta-stone-mountain-stone-mountain?osq=Hampton+Inn+Atlanta%2FStone+Mountain","HotelID":919},{"_id":816,"ID":816,"YelpID":"hampton-inn-and-suites-snellville-atlanta-ne-snellville","HotelID":920},{"_id":817,"ID":817,"YelpID":"home2-suites-by-hilton-carbondale-carbondale?osq=Home2+Suites+by+Hilton","HotelID":921},{"_id":818,"ID":818,"YelpID":"home2-suites-by-hilton-rosenberg-sugar-land-area-richmond?osq=Home2+Suites+by+Hilton+Rosenberg+Sugar+Land+Area","HotelID":922},{"_id":819,"ID":819,"YelpID":"home2-suites-by-hilton-st-louis-forest-park-st-louis?osq=Home2+Suites+by+Hilton+St.+Louis%2FForest+Park","HotelID":923},{"_id":820,"ID":820,"YelpID":"tru-by-hilton-cypress-houston-cypress?osq=Tru+By+Hilton","HotelID":924},{"_id":821,"ID":821,"YelpID":"candlewood-suites-macon-macon?osq=Candlewood+Suites+Macon","HotelID":925},{"_id":822,"ID":822,"YelpID":"four-points-by-sheraton-atlanta-airport-atlanta?osq=Four+Points+by+Sheraton+Atlanta+Airport+West","HotelID":935},{"_id":823,"ID":823,"YelpID":"four-points-by-sheraton-bakersfield-bakersfield?osq=Four+Points+by+Sheraton+Bakersfield","HotelID":936},{"_id":824,"ID":824,"YelpID":"four-points-by-sheraton-charlotte-lake-norman-huntersville?osq=Four+Points+by+Sheraton+Charlotte+-+Lake+Norman","HotelID":937},{"_id":825,"ID":825,"YelpID":"four-points-by-sheraton-st-louis-fairview-heights-fairview-heights?osq=Four+Points+by+Sheraton+St.+Louis+-+Fairview+Heights","HotelID":938},{"_id":826,"ID":826,"YelpID":"holiday-inn-hotel-and-suites-lloydminster-lloydminster?osq=Holiday+Inn+%26+Suites+Lloydminster","HotelID":555},{"_id":827,"ID":827,"YelpID":"holiday-inn-hotel-and-suites-lloydminster-lloydminster?osq=Holiday+Inn+%26+Suites+Lloydminster","HotelID":926},{"_id":828,"ID":828,"YelpID":"holiday-inn-hotel-and-suites-west-edmonton-west-edmonton?osq=Holiday+Inn+%26+Suites+West+Edmonton","HotelID":927},{"_id":829,"ID":829,"YelpID":"holiday-inn-express-and-suites-drayton-valley-drayton-valley?osq=Holiday+Inn+Express+%26+Suites","HotelID":928},{"_id":830,"ID":830,"YelpID":"holiday-inn-express-pensacola-beach-pensacola-beach?osq=Holiday+Inn+Express+Pensacola+Beach","HotelID":929},{"_id":831,"ID":831,"YelpID":"holiday-inn-express-and-suites-slave-lake-slave-lake?osq=Holiday+Inn+Express+%26+Suites+Slave+Lake","HotelID":930},{"_id":832,"ID":832,"YelpID":"holiday-inn-express-and-suites-whitecourt-southeast-whitecourt?osq=Holiday+Inn+Express+%26+Suites+Whitecourt+Southeast","HotelID":931},{"_id":833,"ID":833,"YelpID":"holiday-inn-canmore-canmore?osq=Holiday+Inn+Canmore","HotelID":932},{"_id":834,"ID":834,"YelpID":"ramada-by-wyndham-edson-edson?osq=Ramada+by+Wyndham+Edson","HotelID":933},{"_id":835,"ID":835,"YelpID":"comfort-inn-and-suites-medicine-hat-2","HotelID":943},{"_id":836,"ID":836,"YelpID":"comfort-suites-regina","HotelID":944},{"_id":837,"ID":837,"YelpID":"comfort-suites-kelowna?osq=Comfort+Suites+Kelowna","HotelID":945},{"_id":838,"ID":838,"YelpID":"comfort-suites-saskatoon?osq=Comfort+Suites","HotelID":946},{"_id":840,"ID":840,"YelpID":"best-western-plus-wine-country-hotel-and-suites-west-kelowna?osq=Best+Western+Plus+Wine+Country+Hotel+%26+Suites","HotelID":940},{"_id":841,"ID":841,"YelpID":"best-western-wainwright-inn-and-suites-wainwright","HotelID":941},{"_id":842,"ID":842,"YelpID":"la-quinta-by-wyndham-houston-north-spring-the-woodlands","HotelID":942},{"_id":843,"ID":843,"YelpID":"la-quinta-by-wyndham-houston-north-spring-the-woodlands","HotelID":942},{"_id":844,"ID":844,"YelpID":"the-westin-prince-toronto-toronto","HotelID":948},{"_id":845,"ID":845,"YelpID":"super-8-by-wyndham-fox-creek-fox-creek?osq=Super+8+by+Wyndham+Fox+Creek","HotelID":947},{"_id":847,"ID":847,"YelpID":"motel-6-ontario-3","HotelID":950},{"_id":848,"ID":848,"YelpID":"renaissance-philadelphia-airport-hotel-philadelphia-2","HotelID":951},{"_id":849,"ID":849,"YelpID":"comfort-inn-pickering","HotelID":953},{"_id":850,"ID":850,"YelpID":"delta-hotels-london-armouries-london","HotelID":956},{"_id":851,"ID":851,"YelpID":"holiday-inn-burlington-south-burlington","HotelID":954},{"_id":852,"ID":852,"YelpID":"hilton-garden-inn-toronto-burlington-burlington-2","HotelID":955},{"_id":853,"ID":853,"YelpID":"the-candler-hotel-atlanta-curio-collection-by-hilton-atlanta","HotelID":957},{"_id":854,"ID":854,"YelpID":"courtyard-by-marriott-waikiki-beach-honolulu-3","HotelID":958},{"_id":855,"ID":855,"YelpID":"rodeway-inn-and-suites-longview?osq=Rodeway+Inn+%26+Suites","HotelID":959},{"_id":856,"ID":856,"YelpID":"courtyard-by-marriott-calgary-south-calgary-3","HotelID":960},{"_id":857,"ID":857,"YelpID":"residence-inn-by-marriott-calgary-south-calgary-4","HotelID":961},{"_id":858,"ID":858,"YelpID":"the-gates-hotel-south-beach-a-doubletree-by-hilton-miami-beach","HotelID":964},{"_id":859,"ID":859,"YelpID":"doubletree-by-hilton-arlington-dfw-south-arlington","HotelID":965},{"_id":860,"ID":860,"YelpID":"fairfield-inn-and-suites-mobile-3","HotelID":966},{"_id":861,"ID":861,"YelpID":"four-points-by-sheraton-long-island-city-queensboro-bridge-long-island-city","HotelID":967},{"_id":862,"ID":862,"YelpID":"hampton-inn-and-suites-n-ft-worth-alliance-airport-fort-worth-2","HotelID":968},{"_id":863,"ID":863,"YelpID":"home2-suites-by-hilton-atlanta-downtown-atlanta","HotelID":969},{"_id":864,"ID":864,"YelpID":"the-island-by-hotel-rl-fort-walton","HotelID":970},{"_id":865,"ID":865,"YelpID":"pensacola-grand-hotel-pensacola","HotelID":971},{"_id":866,"ID":866,"YelpID":"the-westin-prince-toronto-toronto","HotelID":972},{"_id":867,"ID":867,"YelpID":"towneplace-suites-mobile-mobile","HotelID":973},{"_id":868,"ID":868,"YelpID":"wingate-by-wyndham-saint-charles-saint-charles","HotelID":974},{"_id":869,"ID":869,"YelpID":"baymont-by-wyndham-modesto-salida-modesto","HotelID":975},{"_id":870,"ID":870,"YelpID":"woodspring-suites-fargo","HotelID":976},{"_id":871,"ID":871,"YelpID":"holiday-inn-express-hotel-and-suites-modesto-salida-modesto-5","HotelID":977},{"_id":872,"ID":872,"YelpID":"renaissance-new-york-hotel-57-new-york","HotelID":979},{"_id":873,"ID":873,"YelpID":"the-westin-new-orleans-canal-place-new-orleans","HotelID":980},{"_id":874,"ID":874,"YelpID":"executive-hotel-vintage-park-vancouver","HotelID":981},{"_id":875,"ID":875,"YelpID":"executive-hotel-cosmopolitan-toronto","HotelID":983},{"_id":876,"ID":876,"YelpID":"courtyard-mobile-mobile","HotelID":984},{"_id":878,"ID":878,"YelpID":"towneplace-suites-by-marriott-gainesville-northwest-gainesville","HotelID":986},{"_id":879,"ID":879,"YelpID":"executive-hotel-le-soleil-new-york-new-york-2","HotelID":987},{"_id":880,"ID":880,"YelpID":"executive-hotel-pacific-seattle","HotelID":988},{"_id":881,"ID":881,"YelpID":"executive-whistler?rh_ident=loft_suite&rh_type=phrase","HotelID":989},{"_id":882,"ID":882,"YelpID":"executive-suites-hotel-and-resort-squamish-squamish","HotelID":990},{"_id":883,"ID":883,"YelpID":"exchange-hotel-vancouver-vancouver","HotelID":991},{"_id":884,"ID":884,"YelpID":"executive-hotel-lesoleil-vancouver","HotelID":992},{"_id":885,"ID":885,"YelpID":"la-quinta-by-wyndham-san-jose-airport-san-jose?osq=La+Quinta+Inn+%26+Suites","HotelID":993},{"_id":886,"ID":886,"YelpID":"the-lexington-hotel-autograph-collection-new-york?osq=The+Lexington+Hotel%2C+Autograph+Collection","HotelID":994},{"_id":887,"ID":887,"YelpID":"comfort-inn-newmarket","HotelID":995},{"_id":888,"ID":888,"YelpID":"springhill-suites-erie-erie-2","HotelID":996},{"_id":889,"ID":889,"YelpID":"tru-by-hilton-vestal-vestal","HotelID":997},{"_id":890,"ID":890,"YelpID":"hilton-times-square-new-york?osq=Hilton+Times+Square","HotelID":998},{"_id":891,"ID":891,"YelpID":"fairfield-inn-by-marriott-wallingford?osq=fairfield+inn","HotelID":999},{"_id":892,"ID":892,"YelpID":"executive-airport-plaza-hotel-richmond?hrid=ZIPeo5hyRouPYqAc2DGLKw&rh_type=phrase&rh_ident=irish_pub","HotelID":1000},{"_id":893,"ID":893,"YelpID":"stadium-grill-columbia","HotelID":1004},{"_id":894,"ID":894,"YelpID":"jefferson-clinton-hotel-syracuse","HotelID":1005},{"_id":895,"ID":895,"YelpID":"comfort-inn-alma-2","HotelID":1006},{"_id":896,"ID":896,"YelpID":"comfort-inn-amherst?osq=Comfort+Inn+Amherst","HotelID":1007},{"_id":897,"ID":897,"YelpID":"comfort-inn-airport-east-ancienne-lorette?osq=Comfort+Inn+Airport+East","HotelID":1008},{"_id":898,"ID":898,"YelpID":"comfort-inn-baie-comeau","HotelID":1009},{"_id":899,"ID":899,"YelpID":"comfort-inn-belleville-2","HotelID":1010},{"_id":900,"ID":900,"YelpID":"comfort-inn-south-shore-boucherville","HotelID":1011},{"_id":901,"ID":901,"YelpID":"biz/comfort-inn-brandon-2","HotelID":1012},{"_id":902,"ID":902,"YelpID":"comfort-inn-south-brossard","HotelID":1013},{"_id":903,"ID":903,"YelpID":"comfort-inn-and-suites-cambridge-cambridge-2","HotelID":1014},{"_id":904,"ID":904,"YelpID":"comfort-inn-charlottetown","HotelID":1015},{"_id":905,"ID":905,"YelpID":"comfort-inn-chicoutimi?hrid=b8D4jG8NOYhvvBA7MnK0GQ","HotelID":1016},{"_id":906,"ID":906,"YelpID":"comfort-inn-cobourg","HotelID":1017},{"_id":907,"ID":907,"YelpID":"comfort-inn-corner-brook","HotelID":1018},{"_id":908,"ID":908,"YelpID":"comfort-inn-drummondville","HotelID":1019},{"_id":909,"ID":909,"YelpID":"comfort-inn-dryden","HotelID":1020},{"_id":910,"ID":910,"YelpID":"comfort-inn-and-suites-edmonton","HotelID":1021},{"_id":911,"ID":911,"YelpID":"comfort-inn-edmundston","HotelID":1022},{"_id":912,"ID":912,"YelpID":"comfort-inn-fredericton","HotelID":1023},{"_id":913,"ID":913,"YelpID":"comfort-inn-gatineau?osq=Comfort+Inn","HotelID":1024},{"_id":914,"ID":914,"YelpID":"comfort-inn-hamilton","HotelID":1025},{"_id":915,"ID":915,"YelpID":"comfort-inn-west-kanata","HotelID":1026},{"_id":916,"ID":916,"YelpID":"comfort-inn-kapuskasing","HotelID":1027},{"_id":917,"ID":917,"YelpID":"comfort-inn-kenora?hrid=JF46oIknjaWAW9WqbbG7eA","HotelID":1028},{"_id":918,"ID":918,"YelpID":"comfort-inn-hwy-401-kingston","HotelID":1029},{"_id":919,"ID":919,"YelpID":"comfort-inn-laval-2","HotelID":1030},{"_id":920,"ID":920,"YelpID":"comfort-inn-magnetic-hill-moncton","HotelID":1031},{"_id":921,"ID":921,"YelpID":"comfort-inn-east-moncton","HotelID":1032},{"_id":922,"ID":922,"YelpID":"comfort-inn-new-glasgow","HotelID":1033},{"_id":923,"ID":923,"YelpID":"comfort-inn-orillia","HotelID":1034},{"_id":924,"ID":924,"YelpID":"comfort-inn-ottawa-7","HotelID":1035},{"_id":925,"ID":925,"YelpID":"comfort-inn-parry-sound","HotelID":1036},{"_id":926,"ID":926,"YelpID":"comfort-inn-prince-albert","HotelID":1037},{"_id":927,"ID":927,"YelpID":"comfort-inn-pembroke","HotelID":1038},{"_id":928,"ID":928,"YelpID":"comfort-inn-regina","HotelID":1039},{"_id":929,"ID":929,"YelpID":"comfort-inn-saskatoon?sort_by=rating_asc","HotelID":1040},{"_id":930,"ID":930,"YelpID":"comfort-inn-sault-sainte-marie-4","HotelID":1041},{"_id":931,"ID":931,"YelpID":"comfort-inn-sept-iles","HotelID":1042},{"_id":932,"ID":932,"YelpID":"comfort-inn-sherbrooke","HotelID":1043},{"_id":933,"ID":933,"YelpID":"comfort-inn-simcoe","HotelID":1044},{"_id":934,"ID":934,"YelpID":"comfort-inn-sudbury","HotelID":1045},{"_id":935,"ID":935,"YelpID":"comfort-inn-east-sudbury","HotelID":1046},{"_id":936,"ID":936,"YelpID":"comfort-inn-swift-current","HotelID":1047},{"_id":937,"ID":937,"YelpID":"comfort-inn-sydney","HotelID":1048},{"_id":938,"ID":938,"YelpID":"comfort-inn-thetford-mines","HotelID":1049},{"_id":939,"ID":939,"YelpID":"comfort-inn-thunder-bay","HotelID":1050},{"_id":940,"ID":940,"YelpID":"comfort-inn-timmins","HotelID":1051},{"_id":941,"ID":941,"YelpID":"comfort-inn-truro","HotelID":1052},{"_id":942,"ID":942,"YelpID":"comfort-inn-val-d-or","HotelID":1053},{"_id":943,"ID":943,"YelpID":"comfort-inn-waterloo-2","HotelID":1054},{"_id":944,"ID":944,"YelpID":"comfort-inn-south-winnipeg","HotelID":1055},{"_id":945,"ID":945,"YelpID":"comfort-inn-airport-winnipeg","HotelID":1056},{"_id":946,"ID":946,"YelpID":"comfort-inn-yarmouth-2","HotelID":1057},{"_id":947,"ID":947,"YelpID":"towneplace-suites-by-marriott-medicine-hat-medicine-hat","HotelID":1058},{"_id":948,"ID":948,"YelpID":"days-inn-and-suites-by-wyndham-page-lake-powell-page?start=40","HotelID":1059},{"_id":949,"ID":949,"YelpID":"hampton-inn-and-suites-page-lake-powell-page","HotelID":1060},{"_id":950,"ID":950,"YelpID":"aloft-dublin-pleasanton-dublin","HotelID":1061},{"_id":951,"ID":951,"YelpID":"crowne-plaza-los-angeles-commerce-casino-commerce","HotelID":1062},{"_id":952,"ID":952,"YelpID":"doubletree-by-hilton-hotel-new-york-times-square-west-new-york","HotelID":1063},{"_id":953,"ID":953,"YelpID":"fairfax-marriott-at-fair-oaks-fairfax-3","HotelID":1064},{"_id":954,"ID":954,"YelpID":"fairfax-marriott-at-fair-oaks-fairfax-3","HotelID":1064},{"_id":955,"ID":955,"YelpID":"hampton-inn-and-suites-nashville-downtown-nashville-2","HotelID":1066},{"_id":956,"ID":956,"YelpID":"hawthorn-suites-by-wyndham-philadelphia-airport-philadelphia-2","HotelID":1065},{"_id":957,"ID":957,"YelpID":"homewood-suites-by-hilton-columbus-osu-oh-columbus","HotelID":1067},{"_id":958,"ID":958,"YelpID":"hyatt-herald-square-new-york-new-york","HotelID":1069},{"_id":959,"ID":959,"YelpID":"hyatt-place-new-york-2","HotelID":1069},{"_id":960,"ID":960,"YelpID":"marriott-syracuse-downtown-syracuse","HotelID":1070},{"_id":961,"ID":961,"YelpID":"miramonte-indian-wells-resort-and-spa-curio-collection-by-hilton-indian-wells","HotelID":1071},{"_id":962,"ID":962,"YelpID":"residence-inn-birmingham-downtown-at-uab-birmingham","HotelID":1072},{"_id":963,"ID":963,"YelpID":"residence-inn-by-marriott-sacramento-downtown-at-capitol-park-sacramento","HotelID":1073},{"_id":964,"ID":964,"YelpID":"sheraton-suites-philadelphia-airport-philadelphia","HotelID":1074},{"_id":965,"ID":965,"YelpID":"the-embassy-row-hotel-washington-4","HotelID":1075},{"_id":966,"ID":966,"YelpID":"four-points-by-sheraton-los-angeles-international-airport-los-angeles-2","HotelID":1076},{"_id":967,"ID":967,"YelpID":"ac-hotel-san-juan-condado-san-juan","HotelID":1077},{"_id":968,"ID":968,"YelpID":"aston-waikiki-beach-hotel-honolulu-2","HotelID":1078},{"_id":969,"ID":969,"YelpID":"courtyard-by-marriott-boston-cambridge-cambridge-3","HotelID":1080},{"_id":970,"ID":970,"YelpID":"courtyard-by-marriott-new-york-manhattan-upper-east-side-new-york","HotelID":1081},{"_id":971,"ID":971,"YelpID":"crowne-plaza-times-square-manhattan-new-york-3","HotelID":1082},{"_id":972,"ID":972,"YelpID":"doubletree-by-hilton-hotel-metropolitan-new-york-city-new-york","HotelID":1083},{"_id":973,"ID":973,"YelpID":"hampton-inn-manhattan-times-square-north-new-york","HotelID":1084},{"_id":974,"ID":974,"YelpID":"hilton-garden-inn-new-york-times-square-central-new-york?osq=Hilton+Garden+Inn+New+York%2FTimes+Square+Central","HotelID":1085},{"_id":975,"ID":975,"YelpID":"hilton-garden-inn-times-square-new-york?osq=Hilton+Garden+Inn+Times+Square","HotelID":1086},{"_id":976,"ID":976,"YelpID":"hilton-garden-inn-waikiki-beach-honolulu?osq=Hilton+Garden+Inn+Waikiki+Beach","HotelID":1087},{"_id":977,"ID":977,"YelpID":"royalton-hotel-new-york?osq=Royalton+New+York","HotelID":1088},{"_id":978,"ID":978,"YelpID":"inn-at-brookline-brookline?osq=The+Inn+at+Brookline","HotelID":1089},{"_id":979,"ID":979,"YelpID":"the-knickerbocker-hotel-new-york-2?osq=The+Knickerbocker","HotelID":1090},{"_id":980,"ID":980,"YelpID":"the-marker-san-francisco-3?osq=The+Marker+San+Francisco","HotelID":1091},{"_id":981,"ID":981,"YelpID":"the-maxwell-new-york-city-new-york?osq=The+Maxwell+New+York+City","HotelID":1092},{"_id":982,"ID":982,"YelpID":"sagamore-hotel-miami-beach?osq=The+Sagamore+Hotel+South+Beach","HotelID":1093},{"_id":983,"ID":983,"YelpID":"yve-hotel-miami-miami","HotelID":1094},{"_id":984,"ID":984,"YelpID":"row-nyc-new-york-2","HotelID":1096},{"_id":985,"ID":985,"YelpID":"hampton-inn-and-suites-prescott-valley-prescott-valley","HotelID":1098},{"_id":986,"ID":986,"YelpID":"hôtel-faubourg-montréal-montréal","HotelID":1099},{"_id":987,"ID":987,"YelpID":"home2-suites-by-hilton-iowa-city-coralville-coralville","HotelID":1100},{"_id":988,"ID":988,"YelpID":"holiday-inn-hotel-and-suites-ottawa-kanata-kanata","HotelID":1101},{"_id":989,"ID":989,"YelpID":"homewood-suites-by-hilton-burlington-burlington?page_src=related_bizes","HotelID":1107},{"_id":990,"ID":990,"YelpID":"holiday-inn-barrie-hotel-and-conference-ctr-barrie","HotelID":1109},{"_id":991,"ID":991,"YelpID":"holiday-inn-guelph-hotel-and-conference-ctr-guelph","HotelID":1108},{"_id":992,"ID":992,"YelpID":"clarkson-inn-potsdam","HotelID":1111},{"_id":993,"ID":993,"YelpID":"hampton-inn-lincoln-south-heritage-park-lincoln","HotelID":1110},{"_id":994,"ID":994,"YelpID":"ottawa-marriott-hotel-ottawa","HotelID":1112},{"_id":995,"ID":995,"YelpID":"best-western-plus-chocolate-lake-hotel-halifax-2","HotelID":1105},{"_id":996,"ID":996,"YelpID":"embassy-suites-by-hilton-montreal-montreal-3","HotelID":1113},{"_id":997,"ID":997,"YelpID":"four-points-by-sheraton-tucson-airport-tucson","HotelID":1114},{"_id":998,"ID":998,"YelpID":"marriott-myrtle-beach-resort-and-spa-at-grande-dunes-myrtle-beach","HotelID":1115},{"_id":999,"ID":999,"YelpID":"home2-suites-by-hilton-dayton-centerville-centerville","HotelID":1116},{"_id":1000,"ID":1000,"YelpID":"marriott-anchorage-downtown-anchorage","HotelID":1117},{"_id":1001,"ID":1001,"YelpID":"candlewood-suites-odessa-odessa-3","HotelID":1119},{"_id":1002,"ID":1002,"YelpID":"hilton-anchorage-anchorage","HotelID":1120},{"_id":1003,"ID":1003,"YelpID":"embassy-suites-by-hilton-oklahoma-city-downtown-medical-center-oklahoma-city","HotelID":1118},{"_id":1004,"ID":1004,"YelpID":"holiday-inn-kingston-waterfront-kingston-2","HotelID":1121},{"_id":1005,"ID":1005,"YelpID":"holiday-inn-express-cincinnati-north-monroe-monroe","HotelID":1123},{"_id":1006,"ID":1006,"YelpID":"hilton-baton-rouge-capitol-center-baton-rouge","HotelID":1125},{"_id":1007,"ID":1007,"YelpID":"hampton-inn-and-suites-tucson-tech-park-tucson","HotelID":1126},{"_id":1008,"ID":1008,"YelpID":"nylo-las-colinas-hotel-tapestry-collection-by-hilton-irving","HotelID":1127},{"_id":1009,"ID":1009,"YelpID":"home2-suites-by-hilton-winston-salem-hanes-mall-winston-salem","HotelID":1129},{"_id":1010,"ID":1010,"YelpID":"marriott-dallas-las-colinas-irving","HotelID":1130},{"_id":1011,"ID":1011,"YelpID":"marriott-dallas-las-colinas-irving","HotelID":1130},{"_id":1012,"ID":1012,"YelpID":"holiday-inn-express-and-suites-dayton-centerville-dayton-2","HotelID":1132},{"_id":1013,"ID":1013,"YelpID":"hampton-inn-springfield-springfield-5","HotelID":1003},{"_id":1014,"ID":1014,"YelpID":"hampton-inn-springfield-springfield-5","HotelID":1131},{"_id":1015,"ID":1015,"YelpID":"springhill-suites-winston-salem","HotelID":1133},{"_id":1016,"ID":1016,"YelpID":"holiday-inn-laval-2","HotelID":1134},{"_id":1017,"ID":1017,"YelpID":"holiday-inn-calgary-macleod-trail-south-calgary","HotelID":1135},{"_id":1018,"ID":1018,"YelpID":"candlewood-suites-montreal-downtown-centre-ville-montréal-4","HotelID":1136},{"_id":1019,"ID":1019,"YelpID":"el-conquistador-tucson-a-hilton-resort-tucson-2","HotelID":1137},{"_id":1020,"ID":1020,"YelpID":"embassy-suites-by-hilton-des-moines","HotelID":1138},{"_id":1021,"ID":1021,"YelpID":"moxy-boston-downtown-boston-2","HotelID":1139},{"_id":1022,"ID":1022,"YelpID":"hilton-garden-inn-fort-worth-alliance-airport-fort-worth","HotelID":1140},{"_id":1023,"ID":1023,"YelpID":"atrium-inn-vancouver-5","HotelID":1141},{"_id":1024,"ID":1024,"YelpID":"fairfield-inn-and-suites-by-marriott-cambridge-cambridge","HotelID":1142},{"_id":1025,"ID":1025,"YelpID":"doubletree-suites-by-hilton-hotel-tucson-williams-center-tucson-2","HotelID":1143},{"_id":1026,"ID":1026,"YelpID":"homewood-suites-by-hilton-coralville-iowa-river-landing-ia-coralville","HotelID":1144},{"_id":1027,"ID":1027,"YelpID":"holiday-inn-irving-las-colinas-irving","HotelID":1145},{"_id":1028,"ID":1028,"YelpID":"hyatt-house-seattle-downtown-seattle","HotelID":1146},{"_id":1029,"ID":1029,"YelpID":"hyatt-house-san-jose-cupertino-cupertino","HotelID":1147},{"_id":1030,"ID":1030,"YelpID":"red-roof-inn-springfield-springfield","HotelID":1148},{"_id":1031,"ID":1031,"YelpID":"highliner-plaza-hotel-and-conference-centre-prince-rupert","HotelID":1149},{"_id":1032,"ID":1032,"YelpID":"hyatt-place-seattle-downtown-seattle","HotelID":1150},{"_id":1033,"ID":1033,"YelpID":"red-lion-inn-and-suites-fayetteville-at-cross-creek-mall-fayetteville","HotelID":1152},{"_id":1034,"ID":1034,"YelpID":"nylo-providence-warwick-hotel-tapestry-collection-by-hilton-warwick","HotelID":1154},{"_id":1035,"ID":1035,"YelpID":"home2-suites-by-hilton-baytown-baytown","HotelID":1155},{"_id":1036,"ID":1036,"YelpID":"hyatt-regency-los-angeles-international-airport-los-angeles-2","HotelID":1156},{"_id":1037,"ID":1037,"YelpID":"holiday-inn-express-and-suites-north-bay-north-bay","HotelID":1157},{"_id":1038,"ID":1038,"YelpID":"hyatt-regency-indianapolis-indianapolis?start=100","HotelID":1158},{"_id":1039,"ID":1039,"YelpID":"the-clifton-inn-charlottesville","HotelID":1159},{"_id":1040,"ID":1040,"YelpID":"even-hotel-miami","HotelID":1160},{"_id":1041,"ID":1041,"YelpID":"hampton-inn-and-suites-tampa-riverview-brandon-tampa","HotelID":1161},{"_id":1042,"ID":1042,"YelpID":"holiday-inn-express-toronto-downtown-toronto","HotelID":1294},{"_id":1043,"ID":1043,"YelpID":"chula-vista-resort-wisconsin-dells","HotelID":949},{"_id":1044,"ID":1044,"YelpID":"hotel-indigo-winston-salem-downtown-winston-salem","HotelID":1341},{"_id":1045,"ID":1045,"YelpID":"hilton-san-antonio-airport-san-antonio","HotelID":1338},{"_id":1046,"ID":1046,"YelpID":"hilton-garden-inn-calgary-downtown-calgary","HotelID":1557},{"_id":1047,"ID":1047,"YelpID":"homewood-suites-by-hilton-calgary-downtown-calgary","HotelID":1558},{"_id":1048,"ID":1048,"YelpID":"hilton-garden-inn-albuquerque-uptown-albuquerque-2","HotelID":1863},{"_id":1049,"ID":1049,"YelpID":"hampton-inn-and-suites-seattle-renton-renton","HotelID":1862},{"_id":1050,"ID":1050,"YelpID":"les-suites-hotel-ottawa-ottawa","HotelID":1864},{"_id":1051,"ID":1051,"YelpID":"hampton-inn-and-suites-keller-town-center-keller","HotelID":1865},{"_id":1052,"ID":1052,"YelpID":"hilton-garden-inn-albuquerque-journal-center-albuquerque","HotelID":2866},{"_id":1053,"ID":1053,"YelpID":"courtyard-seattle-northgate-seattle","HotelID":2867},{"_id":1054,"ID":1054,"YelpID":"best-western-plus-wine-country-inn-and-suites-santa-rosa","HotelID":939},{"_id":1055,"ID":1055,"YelpID":"courtyard-midland-midland","HotelID":1295},{"_id":1056,"ID":1056,"YelpID":"courtyard-san-marcos-san-marcos-5","HotelID":1296},{"_id":1057,"ID":1057,"YelpID":"fairfield-inn-and-suites-murfreesboro","HotelID":1297},{"_id":1058,"ID":1058,"YelpID":"courtyard-san-marcos-san-marcos-5","HotelID":1322},{"_id":1059,"ID":1059,"YelpID":"springhill-suites-by-marriott-amarillo","HotelID":1308},{"_id":1060,"ID":1060,"YelpID":"hampton-inn-and-suites-lebanon-lebano","HotelID":1298},{"_id":1061,"ID":1061,"YelpID":"hampton-inn-houston-baytown-baytown","HotelID":1299},{"_id":1062,"ID":1062,"YelpID":"hampton-inn-cookeville-cookeville","HotelID":1300},{"_id":1063,"ID":1063,"YelpID":"hampton-inn-and-suites-destin-destin","HotelID":1301},{"_id":1064,"ID":1064,"YelpID":"hampton-inn-midland-midland","HotelID":1302},{"_id":1065,"ID":1065,"YelpID":"hilton-garden-inn-nashville-airport-nashville","HotelID":1303},{"_id":1066,"ID":1066,"YelpID":"holiday-inn-express-and-suites-cookeville-cookeville","HotelID":1304},{"_id":1067,"ID":1067,"YelpID":"holiday-inn-express-murfreesboro-central-murfreesboro-2","HotelID":1321},{"_id":1068,"ID":1068,"YelpID":"hyatt-place-santa-fe-santa-fe","HotelID":2868},{"_id":1069,"ID":1069,"YelpID":"courtyard-warner-robins-warner-robins-2","HotelID":1544},{"_id":1070,"ID":1070,"YelpID":"fairfield-inn-and-suites-augusta-4","HotelID":1548},{"_id":1071,"ID":1071,"YelpID":"fairfield-inn-and-suites-warner-robins-warner-robins","HotelID":1545},{"_id":1072,"ID":1072,"YelpID":"residence-inn-by-marriott-augusta","HotelID":1549},{"_id":1073,"ID":1073,"YelpID":"residence-inn-mcdonough","HotelID":1554},{"_id":1074,"ID":1074,"YelpID":"springhill-suites-by-marriott-augusta","HotelID":1550},{"_id":1075,"ID":1075,"YelpID":"candlewood-suites-warner-robins-robins-afb-warner-robins","HotelID":1546},{"_id":1076,"ID":1076,"YelpID":"fairfield-inn-and-suites-by-marriott-atlanta-stockbridge-stockbridge","HotelID":1547},{"_id":1077,"ID":1077,"YelpID":"towneplace-suites-albany-downtown-medical-center-albany","HotelID":1551},{"_id":1078,"ID":1078,"YelpID":"courtyard-by-marriott-atlanta-lithia-springs-lithia-springs","HotelID":1541},{"_id":1079,"ID":1079,"YelpID":"fairfield-inn-and-suites-lithia-springs-3","HotelID":1542},{"_id":1080,"ID":1080,"YelpID":"aloft-alpharetta-alpharetta","HotelID":1543},{"_id":1081,"ID":1081,"YelpID":"hilton-garden-inn-seattle-airport-seatac","HotelID":2870},{"_id":1082,"ID":1082,"YelpID":"fairfield-inn-and-suites-charleston-charleston","HotelID":31},{"_id":1083,"ID":1083,"YelpID":"fairfield-inn-and-suites-cordele-cordele","HotelID":1552},{"_id":1084,"ID":1084,"YelpID":"holiday-inn-express-and-suites-cordele-north-cordele-3","HotelID":1553},{"_id":1085,"ID":1085,"YelpID":"courtyard-by-marriott-tuscaloosa-tuscaloosa-3","HotelID":2877},{"_id":1086,"ID":1086,"YelpID":"fairfield-inn-by-marriott-tuscaloosa-tuscaloosa","HotelID":2876},{"_id":1119,"ID":1119,"YelpID":"fairfield-inn-charlotte-gastonia-gastonia-2?osq=Fairfield+Inn+by+Marriott","HotelID":2997},{"_id":1118,"ID":1118,"YelpID":"fairfield-inn-charlotte-gastonia-gastonia-2?osq=Fairfield+Inn+by+Marriott","HotelID":2997},{"_id":1120,"ID":1120,"YelpID":"fairfield-inn-by-marriott-greenville-spartanburg-airport-greenville?osq=Fairfield+Inn+by+Marriott+Greenville-Spartanburg+Airport","HotelID":2998},{"_id":1121,"ID":1121,"YelpID":"fairfield-inn-by-marriott-tuscaloosa-tuscaloosa","HotelID":2999},{"_id":1122,"ID":1122,"YelpID":"four-points-by-sheraton-charlotte-lake-norman-huntersville?osq=Four+Points+by+Sheraton+Charlotte+-+Lake+Norman","HotelID":3000},{"_id":1123,"ID":1123,"YelpID":"four-points-by-sheraton-atlanta-airport-atlanta?osq=Four+Points+by+Sheraton+Atlanta+Airport+West","HotelID":3001},{"_id":1124,"ID":1124,"YelpID":"four-points-by-sheraton-bakersfield-bakersfield?osq=Four+Points+by+Sheraton+Bakersfield","HotelID":3002},{"_id":1125,"ID":1125,"YelpID":"four-points-by-sheraton-charlotte-lake-norman-huntersville?osq=Four+Points+by+Sheraton+Charlotte+-+Lake+Norman","HotelID":3002},{"_id":1126,"ID":1126,"YelpID":"four-points-by-sheraton-st-louis-fairview-heights-fairview-heights?osq=Four+Points+by+Sheraton+St.+Louis+-+Fairview+Heights","HotelID":3003},{"_id":1127,"ID":1127,"YelpID":"hampton-inn-and-suites-keller-town-center-keller","HotelID":3004},{"_id":1128,"ID":1128,"YelpID":"hampton-inn-and-suites-n-ft-worth-alliance-airport-fort-worth-2","HotelID":3005},{"_id":1129,"ID":1129,"YelpID":"hampton-inn-and-suites-snellville-atlanta-ne-snellville","HotelID":3006},{"_id":1130,"ID":1130,"YelpID":"best-western-dutch-valley-inn-new-philadelphia-2","HotelID":3024},{"_id":1131,"ID":1131,"YelpID":"courtyard-kokomo-kokomo-2","HotelID":3025},{"_id":1132,"ID":1132,"YelpID":"fairfield-inn-youngstown-2","HotelID":3026},{"_id":1133,"ID":1133,"YelpID":"hampton-inn-and-suites-columbia-columbia","HotelID":70},{"_id":1134,"ID":1134,"YelpID":"hampton-inn-dayton-dayton-mall-dayton","HotelID":3028},{"_id":1135,"ID":1135,"YelpID":"hampton-inn-kent-akron-area-kent","HotelID":3029},{"_id":1136,"ID":1136,"YelpID":"hampton-inn-middletown-middletown-6","HotelID":3030},{"_id":1137,"ID":1137,"YelpID":"hampton-inn-and-suites-ashland-ashland","HotelID":3031},{"_id":1138,"ID":1138,"YelpID":"hampton-inn-and-suites-dayton-vandalia-dayton","HotelID":3032},{"_id":1139,"ID":1139,"YelpID":"hampton-inn-and-suites-muncie-muncie","HotelID":555},{"_id":1140,"ID":1140,"YelpID":"hampton-inn-and-suites-muncie-muncie","HotelID":3033},{"_id":1141,"ID":1141,"YelpID":"hampton-inn-and-suites-richmond-downtown-richmond-2","HotelID":3034},{"_id":1142,"ID":1142,"YelpID":"hilton-garden-inn-cincinnati-west-chester-west-chester","HotelID":3036},{"_id":1143,"ID":1143,"YelpID":"holiday-inn-richmond-richmond","HotelID":3037},{"_id":1144,"ID":1144,"YelpID":"holiday-inn-express-and-suites-akron-regional-airport-area-akron-6","HotelID":3038},{"_id":1145,"ID":1145,"YelpID":"holiday-inn-express-chillicothe-east-chillicothe","HotelID":3039},{"_id":1146,"ID":1146,"YelpID":"holiday-inn-express-and-suites-new-philadelphia-new-philadelphia-6","HotelID":3040},{"_id":1147,"ID":1147,"YelpID":"holiday-inn-express-and-suites-columbus-polaris-parkway-columbus","HotelID":3041},{"_id":1148,"ID":1148,"YelpID":"holiday-inn-express-and-suites-los-angeles-downtown-west-los-angeles","HotelID":3042},{"_id":1149,"ID":1149,"YelpID":"home2-suites-by-hilton-columbus-downtown-columbus","HotelID":3043},{"_id":1150,"ID":1150,"YelpID":"home2-suites-by-hilton-dayton-vandalia-dayton","HotelID":3044},{"_id":1151,"ID":1151,"YelpID":"home2-suites-by-hilton-lafayette-lafayette","HotelID":3045},{"_id":1152,"ID":1152,"YelpID":"homewood-suites-by-hilton-indianapolis-carmel-carmel","HotelID":3046},{"_id":1153,"ID":1153,"YelpID":"homewood-suites-by-hilton-columbus-polaris-oh-columbus","HotelID":3053},{"_id":1154,"ID":1154,"YelpID":"red-lion-hotel-rosslyn-iwo-jima-arlington","HotelID":3047},{"_id":1155,"ID":1155,"YelpID":"residence-inn-akron-green-akron","HotelID":3048},{"_id":1156,"ID":1156,"YelpID":"residence-inn-lafayette","HotelID":3049},{"_id":1157,"ID":1157,"YelpID":"residence-inn-cleveland-airport-middleburg-heights-middleburg-heights","HotelID":3050},{"_id":1158,"ID":1158,"YelpID":"springhill-suites-by-marriott-dayton-south-miamisburg-dayton","HotelID":3052},{"_id":1159,"ID":1159,"YelpID":"24-north-hotel-key-west-key-west","HotelID":3056},{"_id":1160,"ID":1160,"YelpID":"crowne-plaza-phoenix-airport-phoenix-5","HotelID":3057},{"_id":1161,"ID":1161,"YelpID":"edgewater-inn-restaurant-and-marina-ketchikan-2","HotelID":3058},{"_id":1162,"ID":1162,"YelpID":"the-gates-hotel-key-west","HotelID":3059},{"_id":1163,"ID":1163,"YelpID":"hampton-inn-and-suites-scottsdale-riverwalk-scottsdale-3","HotelID":3060},{"_id":1164,"ID":1164,"YelpID":"hilton-garden-inn-at-the-keys-collection-key-west","HotelID":3061},{"_id":1165,"ID":1165,"YelpID":"hilton-phoenix-airport-phoenix","HotelID":3062},{"_id":1166,"ID":1166,"YelpID":"hilton-tucson-east-tucson-3","HotelID":3063},{"_id":1167,"ID":1167,"YelpID":"holiday-inn-phoenix-airport-north-phoenix","HotelID":3064},{"_id":1168,"ID":1168,"YelpID":"holiday-inn-express-and-suites-phoenix-chandler-phoenix","HotelID":3065},{"_id":1169,"ID":1169,"YelpID":"oyo-hotel-and-casino-las-vegas-las-vegas-3","HotelID":3066},{"_id":1170,"ID":1170,"YelpID":"pacific-edge-laguna-beach","HotelID":3067},{"_id":1171,"ID":1171,"YelpID":"pacific-edge-laguna-beach","HotelID":3067},{"_id":1172,"ID":1172,"YelpID":"salmon-falls-resort-ketchikan","HotelID":3068},{"_id":1173,"ID":1173,"YelpID":"fairfield-inn-and-suites-key-west-key-west","HotelID":3069},{"_id":1174,"ID":1174,"YelpID":"millennium-premier-new-york-times-square-new-york","HotelID":3072},{"_id":1175,"ID":1175,"YelpID":"the-westin-long-beach-long-beach","HotelID":3070},{"_id":1176,"ID":1176,"YelpID":"the-westin-long-beach-long-beach","HotelID":3070},{"_id":1177,"ID":1177,"YelpID":"radisson-hotel-portland-airport-portland","HotelID":3100},{"_id":1178,"ID":1178,"YelpID":"tru-by-hilton-orlando-convention-center-area-orlando","HotelID":3101},{"_id":1179,"ID":1179,"YelpID":"the-heathman-lodge-vancouver","HotelID":3103},{"_id":1180,"ID":1180,"YelpID":"fairfield-inn-and-suites-by-marriott-mcdonough","HotelID":3112},{"_id":1181,"ID":1181,"YelpID":"courtyard-by-marriott-fort-worth-fort-worth","HotelID":3114},{"_id":1183,"ID":1183,"YelpID":"courtyard-by-marriott-harlingen-harlingen-9","HotelID":3116},{"_id":1182,"ID":1182,"YelpID":"residence-inn-by-marriott-brownsville-brownsville","HotelID":3115},{"_id":1184,"ID":1184,"YelpID":"red-roof-inn-syracuse-syracuse","HotelID":3119},{"_id":1194,"ID":1194,"YelpID":"home2-suites-by-hilton-el-reno-el-reno","HotelID":3269},{"_id":1195,"ID":1195,"YelpID":"biz/nycasa-46-new-york","HotelID":3336},{"_id":1196,"ID":1196,"YelpID":"the-james-new-york-nomad-new-york","HotelID":3337},{"_id":1197,"ID":1197,"YelpID":"the-newbury-boston-boston","HotelID":3338},{"_id":1198,"ID":1198,"YelpID":"crowne-plaza-north-augusta-north-augusta-2","HotelID":565},{"_id":1199,"ID":1199,"YelpID":"courtyard-san-diego-rancho-bernardo-san-diego","HotelID":3318},{"_id":1200,"ID":1200,"YelpID":"springhill-suites-portland-vancouver-vancouver","HotelID":3314},{"_id":1201,"ID":1201,"YelpID":"home2-suites-by-hilton-daytona-beach-speedway-daytona-beach","HotelID":3295},{"_id":1202,"ID":1202,"YelpID":"homewood-suites-by-hilton-salt-lake-city-draper-draper","HotelID":3331},{"_id":1203,"ID":1203,"YelpID":"towneplace-suites-by-marriott-hillsboro","HotelID":3312},{"_id":1204,"ID":1204,"YelpID":"springhill-suites-seattle-issaquah-issaquah","HotelID":3327},{"_id":1205,"ID":1205,"YelpID":"residence-inn-by-marriott-bend-bend","HotelID":3316},{"_id":1206,"ID":1206,"YelpID":"courtyard-marriott-portland-north-portland","HotelID":3309},{"_id":1207,"ID":1207,"YelpID":"holiday-inn-hillsboro-hillsboro","HotelID":3293},{"_id":1208,"ID":1208,"YelpID":"home2-suites-by-hilton-summerville-summerville","HotelID":3296},{"_id":1209,"ID":1209,"YelpID":"towneplace-suites-marriott-vancouver","HotelID":3313},{"_id":1210,"ID":1210,"YelpID":"homewood-suites-by-hilton-hillsboro-beaverton-beaverton","HotelID":3303},{"_id":1211,"ID":1211,"YelpID":"home2-suites-by-hilton-carlsbad-opening-soon-carlsbad","HotelID":3406},{"_id":1212,"ID":1212,"YelpID":"residence-inn-san-bernardino-san-bernardino","HotelID":3298},{"_id":1213,"ID":1213,"YelpID":"springhill-suites-by-marriott-springfield-north-springfield","HotelID":3330},{"_id":1217,"ID":1217,"YelpID":"hyatt-place-dallas-north-arlington-grand-prairie-grand-prairie-4","HotelID":3328},{"_id":1216,"ID":1216,"YelpID":"residence-inn-seattle-downtown-lake-union-seattle-4","HotelID":3322},{"_id":1214,"ID":1214,"YelpID":"springhill-suites-bozeman-bozeman","HotelID":3290},{"_id":1215,"ID":1215,"YelpID":"courtyard-portland-east-portland","HotelID":3335},{"_id":1218,"ID":1218,"YelpID":"hilton-garden-inn-yakima-yakima","HotelID":3334},{"_id":1219,"ID":1219,"YelpID":"courtyard-by-marriott-hillsboro-hillsboro","HotelID":3307},{"_id":1220,"ID":1220,"YelpID":"four-points-by-sheraton-little-rock-midtown-little-rock","HotelID":3297},{"_id":1221,"ID":1221,"YelpID":"springhill-suites-portland-hillsboro-hillsboro","HotelID":3306},{"_id":1222,"ID":1222,"YelpID":"home2-suites-by-hilton-denver-northfield-denver","HotelID":3329},{"_id":1225,"ID":1225,"YelpID":"residence-inn-palo-alto-los-altos-los-altos","HotelID":3302},{"_id":1224,"ID":1224,"YelpID":"fairfield-inn-and-suites-portland-north-portland-2","HotelID":3310},{"_id":1223,"ID":1223,"YelpID":"courtyard-seattle-everett-downtown-everett","HotelID":3320},{"_id":1226,"ID":1226,"YelpID":"doubletree-suites-by-hilton-hotel-tucson-airport-tucson","HotelID":3435},{"_id":1227,"ID":1227,"YelpID":"hampton-inn-and-suites-tulare-tulare","HotelID":3333},{"_id":1228,"ID":1228,"YelpID":"residence-inn-boise-downtown-university-boise","HotelID":3289},{"_id":1229,"ID":1229,"YelpID":"towneplace-suites-seattle-southcenter-kent","HotelID":3321},{"_id":1230,"ID":1230,"YelpID":"homewood-suites-by-hilton-lynnwood-seattle-everett-wa-lynnwood","HotelID":555},{"_id":1237,"ID":1237,"YelpID":"element-toronto-airport-mississauga","HotelID":3483},{"_id":1238,"ID":1238,"YelpID":"element-sedona-sedona","HotelID":3291},{"_id":1239,"ID":1239,"YelpID":"embassy-suites-by-hilton-atlanta-kennesaw-town-center-kennesaw","HotelID":3491},{"_id":1240,"ID":1240,"YelpID":"hyatt-place-jacksonville-airport-jacksonville-2","HotelID":3504},{"_id":1241,"ID":1241,"YelpID":"residence-inn-portland-north-portland","HotelID":3311},{"_id":1242,"ID":1242,"YelpID":"towneplace-suites-seattle-everett-mukilteo-mukilteo","HotelID":3326},{"_id":1243,"ID":1243,"YelpID":"doubletree-by-hilton-hotel-salem-oregon-salem-2","HotelID":3332},{"_id":1244,"ID":1244,"YelpID":"hyatt-regency-aurora-denver-conference-center-aurora","HotelID":3505},{"_id":1245,"ID":1245,"YelpID":"embassy-suites-by-hilton-akron-canton-airport-north-canton","HotelID":3506},{"_id":1247,"ID":1247,"YelpID":"crowne-plaza-portland-lake-oswego-lake-oswego-4","HotelID":3304},{"_id":1246,"ID":1246,"YelpID":"tru-by-hilton-spokane-valley-spokane-valley","HotelID":3507}]